timestamp,x,y,z,compass_hdg,bearing,yaw_error,vel_x,vel_y,vel_z,yaw_rate,estimated_state_x,estimated_state_y,desired_radius,distance_error
1757309992.3222523,0.0,0.0,0.0,0.0,0.0,0.0,0.0,0.0,0.0,0.0,0.0,0.0,5.0,0.0
1757309992.4636204,-0.0007986498530954123,-0.5435622334480286,0.11999406665563583,35.87,0.0,0.0,0.0,0.0,0.0,0.0,0.0,0.0,5.0,0.0
1757309992.6142247,-0.0007986498530954123,-0.5435622334480286,0.11999406665563583,35.87,0.0,0.0,0.0,0.0,0.0,0.0,0.0,0.0,5.0,0.0
1757309992.7637084,-0.0007986498530954123,-0.5435622334480286,0.11999406665563583,35.87,0.0,0.0,0.0,0.0,0.0,0.0,0.0,0.0,5.0,0.0
1757309992.9141235,-0.0007986498530954123,-0.5435622334480286,0.11999406665563583,35.87,0.0,0.0,0.0,0.0,0.0,0.0,0.0,0.0,5.0,0.0
1757309993.0637708,-0.0007986498530954123,-0.5435622334480286,0.11999406665563583,35.87,0.0,0.0,0.0,0.0,0.0,0.0,0.0,0.0,5.0,0.0
1757309993.2145112,-0.0029706829227507114,-0.5510330200195312,0.1189153715968132,35.97,0.0,0.0,0.0,0.0,0.0,0.0,0.0,0.0,5.0,0.0
1757309993.3637562,-0.0029706829227507114,-0.5510330200195312,0.1189153715968132,35.97,0.0,0.0,0.0,0.0,0.0,0.0,0.0,0.0,5.0,0.0
1757309993.5136714,-0.0029706829227507114,-0.5510330200195312,0.1189153715968132,35.97,0.0,0.0,0.0,0.0,0.0,0.0,0.0,0.0,5.0,0.0
1757309993.6640644,-0.0029706829227507114,-0.5510330200195312,0.1189153715968132,35.97,0.0,0.0,0.0,0.0,0.0,0.0,0.0,0.0,5.0,0.0
1757309993.8156903,-0.0033605312928557396,-0.5505701303482056,0.11594653874635696,35.99,0.0,0.0,0.0,0.0,0.0,0.0,0.0,0.0,5.0,0.0
1757309993.9714265,-0.0037702135741710663,-0.549504280090332,0.07382742315530777,36.07,0.0,0.0,0.0,0.0,0.0,0.0,0.0,0.0,5.0,0.0
1757309994.115176,-0.0037702135741710663,-0.549504280090332,0.07382742315530777,36.07,0.0,0.0,0.0,0.0,0.0,0.0,0.0,0.0,5.0,0.0
1757309994.2653244,-0.0037702135741710663,-0.549504280090332,0.07382742315530777,36.07,0.6156855569423604,-0.012109375,0.0,0.0,0.0,0.0,0.0,0.0,5.0,0.0
1757309994.4147031,-0.0037702135741710663,-0.549504280090332,0.07382742315530777,36.07,0.6156439977927592,-0.0125,0.0,0.0,0.0,0.0,0.0,0.0,5.0,0.0
1757309994.5636818,-0.010845801793038845,-0.5596122145652771,0.05311375856399536,36.15,0.6174308861943547,-0.012109375,0.0,0.0,0.0,0.0,3.53093743150346,4.297858705987518,5.0,0.0
1757309994.7142715,-0.010845801793038845,-0.5596122145652771,0.05311375856399536,36.15,0.617954484969953,-0.012109375,0.0,0.0,0.0,0.0,3.53093743150346,4.297858705987518,5.0,0.0
1757309994.8663645,-0.010845801793038845,-0.5596122145652771,0.05311375856399536,36.15,0.61902246209595,-0.011914062500000001,0.0,0.0,0.0,0.0,3.53093743150346,4.297858705987518,5.0,0.0
1757309995.015695,-0.010845801793038845,-0.5596122145652771,0.05311375856399536,36.15,0.61960839959595,-0.011328125000000001,0.0,0.0,0.0,0.0,3.53093743150346,4.297858705987518,5.0,0.0
1757309995.1637566,-0.010845801793038845,-0.5596122145652771,0.05311375856399536,36.15,0.6198037120959501,-0.0111328125,0.0,0.0,0.0,0.0,3.53093743150346,4.297858705987518,5.0,0.0
1757309995.3161814,-0.010024886578321457,-0.5602148771286011,0.05316036939620972,36.25,0.6198037120959501,-0.0111328125,0.0,0.0,0.0,0.0,3.53093743150346,4.297858705987518,5.0,0.0
1757309995.4651704,-0.010024886578321457,-0.5602148771286011,0.05316036939620972,36.25,0.6183534062967478,-0.013281250000000001,0.0,0.0,0.0,0.0,3.53093743150346,4.297858705987518,5.0,0.0
1757309995.6158726,-0.010024886578321457,-0.5602148771286011,0.05316036939620972,36.25,0.621569820922745,-0.010937500000000001,0.0,0.0,0.0,0.0,3.53093743150346,4.297858705987518,5.0,0.0
1757309995.764389,-0.010024886578321457,-0.5602148771286011,0.05316036939620972,36.25,0.6223302913479445,-0.010351562500000001,0.0,0.0,0.0,0.0,3.53093743150346,4.297858705987518,5.0,0.0
1757309995.91471,-0.010024886578321457,-0.5602148771286011,0.05316036939620972,36.25,0.6223302913479445,-0.010351562500000001,0.0,0.0,0.0,0.0,3.53093743150346,4.297858705987518,5.0,0.0
1757309996.0675433,0.0006156926974654198,-0.5518913865089417,0.0633806362748146,36.34,0.6223302913479445,-0.010351562500000001,0.0,0.0,0.0,0.0,3.53093743150346,4.297858705987518,5.0,0.0
1757309996.2163844,0.0006156926974654198,-0.5518913865089417,0.0633806362748146,36.34,0.6223302913479445,-0.010351562500000001,0.0,0.0,0.0,0.0,3.53093743150346,4.297858705987518,5.0,0.0
1757309996.3649013,0.0006156926974654198,-0.5518913865089417,0.0633806362748146,36.34,0.6223302913479445,-0.010351562500000001,0.0,0.0,0.0,0.0,3.53093743150346,4.297858705987518,5.0,0.0
1757309996.5185354,0.0006156926974654198,-0.5518913865089417,0.0633806362748146,36.34,0.6223302913479445,-0.010351562500000001,0.0,0.0,0.0,0.0,3.53093743150346,4.297858705987518,5.0,0.0
1757309996.6677265,0.0050439974293112755,-0.5426928997039795,0.060098472982645035,36.35,0.6223302913479445,-0.010351562500000001,0.0,0.0,0.0,0.0,3.53093743150346,4.297858705987518,5.0,0.0
1757309996.8164783,0.009050936438143253,-0.5311000943183899,0.04527970775961876,36.43,0.6223302913479445,-0.010351562500000001,0.0,0.0,0.0,0.0,3.53093743150346,4.297858705987518,5.0,0.0
1757309996.9648592,0.009050936438143253,-0.5311000943183899,0.04527970775961876,36.43,0.6223302913479445,-0.010351562500000001,0.0,0.0,0.0,0.0,3.53093743150346,4.297858705987518,5.0,0.0
1757309997.1140518,0.009050936438143253,-0.5311000943183899,0.04527970775961876,36.43,0.6223302913479445,-0.010351562500000001,0.0,0.0,0.0,0.0,3.53093743150346,4.297858705987518,5.0,0.0
1757309997.2654984,0.009050936438143253,-0.5311000943183899,0.04527970775961876,36.43,0.6223302913479445,-0.010351562500000001,0.0,0.0,0.0,0.0,3.53093743150346,4.297858705987518,5.0,0.0
1757309997.4136446,-0.0048074196092784405,-0.5274515748023987,0.016063205897808075,36.51,0.6223302913479445,-0.010351562500000001,0.0,0.0,0.0,0.0,3.53093743150346,4.297858705987518,5.0,0.0
1757309997.5648305,-0.005522544030100107,-0.5273683667182922,0.016481690108776093,36.51,0.6223302913479445,-0.010351562500000001,0.0,0.0,0.0,0.0,3.53093743150346,4.297858705987518,5.0,0.0
1757309997.713776,-0.005522544030100107,-0.5273683667182922,0.016481690108776093,36.51,0.6223302913479445,-0.010351562500000001,0.0,0.0,0.0,0.0,3.53093743150346,4.297858705987518,5.0,0.0
1757309997.8686683,-0.005522544030100107,-0.5273683667182922,0.016481690108776093,36.51,0.6223302913479445,-0.010351562500000001,0.0,0.0,0.0,0.0,3.53093743150346,4.297858705987518,5.0,0.0
1757309998.015414,-0.005522544030100107,-0.5273683667182922,0.016481690108776093,36.51,0.6223302913479445,-0.010351562500000001,0.0,0.0,0.0,0.0,3.53093743150346,4.297858705987518,5.0,0.0
1757309998.1650128,-0.015250683762133121,-0.5227948427200317,0.018531611189246178,36.61,0.6223302913479445,-0.010351562500000001,0.0,0.0,0.0,0.0,3.53093743150346,4.297858705987518,5.0,0.0
1757309998.3151994,-0.015250683762133121,-0.5227948427200317,0.018531611189246178,36.61,0.6223302913479445,-0.010351562500000001,0.0,0.0,0.0,0.0,3.53093743150346,4.297858705987518,5.0,0.0
1757309998.4646256,-0.015250683762133121,-0.5227948427200317,0.018531611189246178,36.61,0.6223302913479445,-0.010351562500000001,0.0,0.0,0.0,0.0,3.53093743150346,4.297858705987518,5.0,0.0
1757309998.6148996,-0.015250683762133121,-0.5227948427200317,0.018531611189246178,36.61,0.6223302913479445,-0.010351562500000001,0.0,0.0,0.0,0.0,3.53093743150346,4.297858705987518,5.0,0.0
1757309998.7639005,-0.015250683762133121,-0.5227948427200317,0.018531611189246178,36.61,0.6223302913479445,-0.010351562500000001,0.0,0.0,0.0,0.0,3.53093743150346,4.297858705987518,5.0,0.0
1757309998.9149778,-0.018972504884004593,-0.5211582183837891,0.022787030786275864,36.7,0.6223302913479445,-0.010351562500000001,0.0,0.0,0.0,0.0,3.53093743150346,4.297858705987518,5.0,0.0
1757309999.0666623,-0.018972504884004593,-0.5211582183837891,0.022787030786275864,36.7,0.6223302913479445,-0.010351562500000001,0.0,0.0,0.0,0.0,3.53093743150346,4.297858705987518,5.0,0.0
1757309999.2172368,-0.018972504884004593,-0.5211582183837891,0.022787030786275864,36.7,0.6223302913479445,-0.010351562500000001,0.0,0.0,0.0,0.0,3.53093743150346,4.297858705987518,5.0,0.0
1757309999.3640287,-0.018972504884004593,-0.5211582183837891,0.022787030786275864,36.7,0.6223302913479445,-0.010351562500000001,0.0,0.0,0.0,0.0,3.53093743150346,4.297858705987518,5.0,0.0
1757309999.5238848,-0.018039505928754807,-0.5177670121192932,0.024488389492034912,36.74,0.6223302913479445,-0.010351562500000001,0.0,0.0,0.0,0.0,3.53093743150346,4.297858705987518,5.0,0.0
1757309999.664271,-0.0208254624158144,-0.5155483484268188,0.026328446343541145,36.79,0.6223302913479445,-0.010351562500000001,0.0,0.0,0.0,0.0,3.53093743150346,4.297858705987518,5.0,0.0
1757309999.8162243,-0.0208254624158144,-0.5155483484268188,0.026328446343541145,36.79,0.6223302913479445,-0.010351562500000001,0.0,0.0,0.0,0.0,3.53093743150346,4.297858705987518,5.0,0.0
1757309999.9638531,-0.0208254624158144,-0.5155483484268188,0.026328446343541145,36.79,0.6223302913479445,-0.010351562500000001,0.0,0.0,0.0,0.0,3.53093743150346,4.297858705987518,5.0,0.0
1757310000.1200967,-0.0208254624158144,-0.5155483484268188,0.026328446343541145,36.79,0.6223302913479445,-0.010351562500000001,0.0,0.0,0.0,0.0,3.53093743150346,4.297858705987518,5.0,0.0
1757310000.2647052,-0.0208832249045372,-0.5188814401626587,0.02804351970553398,36.89,0.6223302913479445,-0.010351562500000001,0.0,0.0,0.0,0.0,3.53093743150346,4.297858705987518,5.0,0.0
1757310000.4152377,-0.0208832249045372,-0.5188814401626587,0.02804351970553398,36.89,0.6223302913479445,-0.010351562500000001,0.0,0.0,0.0,0.0,3.53093743150346,4.297858705987518,5.0,0.0
1757310000.5672076,-0.0208832249045372,-0.5188814401626587,0.02804351970553398,36.89,0.6223302913479445,-0.010351562500000001,0.0,0.0,0.0,0.0,3.53093743150346,4.297858705987518,5.0,0.0
1757310000.717404,-0.0208832249045372,-0.5188814401626587,0.02804351970553398,36.89,0.6223302913479445,-0.010351562500000001,0.0,0.0,0.0,0.0,3.53093743150346,4.297858705987518,5.0,0.0
1757310000.8653688,-0.0208832249045372,-0.5188814401626587,0.02804351970553398,36.89,0.6223302913479445,-0.010351562500000001,0.0,0.0,0.0,0.0,3.53093743150346,4.297858705987518,5.0,0.0
1757310001.015034,-0.02023029327392578,-0.5264554023742676,0.0942416787147522,44.85,0.6223302913479445,-0.010351562500000001,0.0,0.0,0.0,0.0,3.53093743150346,4.297858705987518,5.0,0.0
1757310001.1646903,-0.02023029327392578,-0.5264554023742676,0.0942416787147522,44.85,0.6223302913479445,-0.010351562500000001,0.0,0.0,0.0,0.0,3.53093743150346,4.297858705987518,5.0,0.0
1757310001.3154352,-0.02023029327392578,-0.5264554023742676,0.0942416787147522,44.85,0.48492860701945684,-0.2978515625,0.0,0.0,0.0,0.0,3.53093743150346,4.297858705987518,5.0,0.0
1757310001.465634,-0.02023029327392578,-0.5264554023742676,0.0942416787147522,44.85,0.48492860701945684,-0.2978515625,0.0,0.0,0.0,0.0,3.53093743150346,4.297858705987518,5.0,0.0
1757310001.6187594,-0.02023029327392578,-0.5264554023742676,0.0942416787147522,44.85,0.48492860701945684,-0.2978515625,0.0,0.0,0.0,0.0,3.53093743150346,4.297858705987518,5.0,0.0
1757310001.7706447,-0.021437764167785645,-0.5692511796951294,0.504269003868103,72.03,0.48492860701945684,-0.2978515625,0.0,0.0,0.0,0.0,3.53093743150346,4.297858705987518,5.0,0.0
1757310001.9168468,-0.021437764167785645,-0.5692511796951294,0.504269003868103,72.03,0.48492860701945684,-0.2978515625,0.0,0.0,0.0,0.0,3.53093743150346,4.297858705987518,5.0,0.0
1757310002.0671008,-0.021437764167785645,-0.5692511796951294,0.504269003868103,72.03,0.48492860701945684,-0.2978515625,0.0,0.0,0.0,0.0,3.53093743150346,4.297858705987518,5.0,0.0
1757310002.2147205,-0.021437764167785645,-0.5692511796951294,0.504269003868103,72.03,1.0040356602115155,-0.253125,0.0,0.0,0.0,0.0,3.53093743150346,4.297858705987518,5.0,0.0
1757310002.3646395,0.0013767499476671219,-0.5608577728271484,1.1540484428405762,89.97,1.0040356602115155,-0.253125,0.0,0.0,0.0,0.0,3.53093743150346,4.297858705987518,5.0,0.0
1757310002.515863,0.012159889563918114,-0.5368703603744507,1.4006476402282715,92.58,1.0040356602115155,-0.253125,0.0,0.0,0.0,0.0,3.53093743150346,4.297858705987518,5.0,0.0
1757310002.6647797,0.012159889563918114,-0.5368703603744507,1.4006476402282715,92.58,1.0040356602115155,-0.253125,0.0,0.0,0.0,0.0,3.53093743150346,4.297858705987518,5.0,0.0
1757310002.813845,0.012159889563918114,-0.5368703603744507,1.4006476402282715,92.58,1.0040356602115155,-0.253125,0.0,0.0,0.0,0.0,3.53093743150346,4.297858705987518,5.0,0.0
1757310002.9707756,0.012159889563918114,-0.5368703603744507,1.4006476402282715,92.58,1.0040356602115155,-0.253125,0.0,0.0,0.0,0.0,3.53093743150346,4.297858705987518,5.0,0.0
1757310003.114137,-0.014191189780831337,-0.42968830466270447,2.50860333442688,101.76,1.0040356602115155,-0.253125,0.0,0.0,0.0,0.0,3.53093743150346,4.297858705987518,5.0,0.0
1757310003.2638373,-0.014191189780831337,-0.42968830466270447,2.50860333442688,101.76,1.0040356602115155,-0.253125,0.0,0.0,0.0,0.0,3.53093743150346,4.297858705987518,5.0,0.0
1757310003.414116,-0.014191189780831337,-0.42968830466270447,2.50860333442688,101.76,1.0040356602115155,-0.253125,0.0,0.0,0.0,0.0,3.53093743150346,4.297858705987518,5.0,0.0
1757310003.5655887,-0.014191189780831337,-0.42968830466270447,2.50860333442688,101.76,1.0040356602115155,-0.253125,0.0,0.0,0.0,0.0,3.53093743150346,4.297858705987518,5.0,0.0
1757310003.7141583,-0.014191189780831337,-0.42968830466270447,2.50860333442688,101.76,1.0040356602115155,-0.253125,0.0,0.0,0.0,0.0,3.53093743150346,4.297858705987518,5.0,0.0
1757310003.8648884,-0.0971670001745224,-0.3544003963470459,3.251560688018799,99.26,1.0040356602115155,-0.253125,0.0,0.0,0.0,0.0,3.53093743150346,4.297858705987518,5.0,0.0
1757310004.0140986,-0.0971670001745224,-0.3544003963470459,3.251560688018799,99.26,1.0040356602115155,-0.253125,0.0,0.0,0.0,0.0,3.53093743150346,4.297858705987518,5.0,0.0
1757310004.163909,-0.0971670001745224,-0.3544003963470459,3.251560688018799,99.26,1.0040356602115155,-0.253125,0.0,0.0,0.0,0.0,3.53093743150346,4.297858705987518,5.0,0.0
1757310004.3146443,-0.0971670001745224,-0.3544003963470459,3.251560688018799,99.26,1.0040356602115155,-0.253125,0.0,0.0,0.0,0.0,3.53093743150346,4.297858705987518,5.0,0.0
1757310004.471774,-0.0971670001745224,-0.3544003963470459,3.251560688018799,99.26,1.0040356602115155,-0.253125,0.0,0.0,0.0,0.0,3.53093743150346,4.297858705987518,5.0,0.0
1757310004.65587,-0.15332430601119995,-0.3200330436229706,3.827434778213501,93.53,1.0040356602115155,-0.253125,0.7347208588732994,-0.48068449925594525,0.0,0.37968749999999996,3.5360857094918745,4.289769116558484,5.0,0.9044070166705138
1757310004.7807367,-0.15332430601119995,-0.3200330436229706,3.827434778213501,93.53,1.0040356602115155,-0.253125,0.733682662867298,-0.48134521531480656,0.0,0.37968749999999996,3.541208246090347,4.281719975076596,5.0,0.901330496053288
1757310004.93335,-0.15332430601119995,-0.3200330436229706,3.827434778213501,93.53,1.0040356602115155,-0.253125,0.7326542894232217,-0.48199968021842776,0.0,0.37968749999999996,3.546305170005827,4.273711079302117,5.0,0.8982830829592103
1757310005.0944965,-0.15332430601119995,-0.3200330436229706,3.827434778213501,93.53,1.0040356602115155,-0.253125,0.7316356503392755,-0.4826479500991213,0.0,0.37968749999999996,3.55137660930173,4.265742228006511,5.0,0.8952645160169785
1757310005.2296526,-0.050932660698890686,-0.36734533309936523,4.081882953643799,87.91,1.0040356602115155,-0.253125,0.7215669153407755,-0.4890557718085785,0.0,0.37968749999999996,3.5566774219876076,4.257412957837833,5.0,0.8654275000458096
1757310005.3745005,-0.050932660698890686,-0.36734533309936523,4.081882953643799,87.91,1.0040356602115155,-0.253125,0.7204589521917217,-0.48976088822298847,0.0,0.37968749999999996,3.561951730610056,4.249125334019998,5.0,0.8621442361423783
1757310005.526289,-0.050932660698890686,-0.36734533309936523,4.081882953643799,87.91,1.0040356602115155,-0.253125,0.7193614293430042,-0.4904593603486016,0.0,0.37968749999999996,3.5671996676893922,4.240879148321253,5.0,0.8588919103267934
1757310005.687704,-0.050932660698890686,-0.36734533309936523,4.081882953643799,87.91,1.0040356602115155,-0.253125,0.7182742537948996,-0.49115124737116933,0.0,0.37968749999999996,3.5724213650833314,4.232674193551001,5.0,0.8556702470098925
1757310005.825855,-0.050932660698890686,-0.36734533309936523,4.081882953643799,87.91,1.0040356602115155,-0.253125,0.7171973332810924,-0.4918366080096966,0.0,0.37968749999999996,3.577616953990301,4.224510263554601,5.0,0.852478972775847
1757310005.9758177,0.40197762846946716,-0.4899546205997467,4.139327526092529,89.97,1.0040356602115155,-0.253125,0.6589026055981158,-0.5289358286813625,0.0,0.37968749999999996,3.5837170352604817,4.214925087099377,5.0,0.6797322750853168
1757310006.1231449,0.40197762846946716,-0.4899546205997467,4.139327526092529,89.97,1.0040356602115155,-0.253125,0.6573871835482272,-0.5299002551273573,0.0,0.37968749999999996,3.5897866161243113,4.205387836526429,5.0,0.6752415747230245
1757310006.2936418,0.40197762846946716,-0.4899546205997467,4.139327526092529,89.97,1.0040356602115155,-0.253125,0.6558856956671532,-0.5308558137593271,0.0,0.37968749999999996,3.595825849083822,4.195898272206346,5.0,0.670792165944782
1757310006.4244373,0.40197762846946716,-0.4899546205997467,4.139327526092529,89.97,1.0040356602115155,-0.253125,0.6543980236985331,-0.5318025798365449,0.0,0.37968749999999996,3.601834885878535,4.186456155707863,5.0,0.6663836983175981
1757310006.5889046,0.40197762846946716,-0.4899546205997467,4.139327526092529,89.97,1.0040356602115155,-0.253125,0.652924050224483,-0.5327406280846703,0.0,0.37968749999999996,3.6078138774892747,4.177061249791873,5.0,0.6620158238931682
1757310006.7425096,0.8257549405097961,-0.7122495174407959,4.170624256134033,63.74,1.0040356602115155,-0.253125,0.638497937882762,-0.5419215188182253,0.0,0.37968749999999996,3.614877219762898,4.1659624825693315,5.0,0.6192664472926381
1757310006.886586,0.8257549405097961,-0.7122495174407959,4.170624256134033,63.74,1.0040356602115155,-0.253125,0.6364439652576059,-0.5432286830627968,0.0,0.37968749999999996,3.621905245325153,4.154919209182903,5.0,0.6131798421699237
1757310007.0530844,0.8257549405097961,-0.7122495174407959,4.170624256134033,63.74,0.7300265761586857,-0.3824462890625,0.7593743749540387,-0.35110334470116406,0.0,0.57366943359375,3.626235698567996,4.151043603404135,5.0,0.6119793705529482
1757310007.1800773,0.8257549405097961,-0.7122495174407959,4.170624256134033,63.74,0.7652560683461858,-0.347216796875,0.7460882281297041,-0.3780990866083198,0.0,0.5208251953125,3.631100904050108,4.1463705445348,5.0,0.610361386023512
1757310007.3367088,0.8792386054992676,-0.7649512887001038,4.1748552322387695,57.93,0.8847384902211857,-0.22773437500000002,0.700533500715745,-0.46037870746290555,0.0,0.3416015625,3.6376158917915116,4.13841311399049,5.0,0.6259779344667047
1757310007.4954267,1.3699215650558472,-1.3315536975860596,4.164473056793213,32.95,0.6990446068076771,-0.1390625,0.8488390508293262,-0.2334934708315316,0.0,0.20859375000000002,3.644443876326415,4.132673124432884,5.0,0.9187183162352683
1757310007.6368463,1.3699215650558472,-1.3315536975860596,4.164473056793213,32.95,0.5002813010321316,-0.07480468750000001,0.8781684416047474,-0.0614026427782815,0.0,0.11220703125,3.647187060350289,4.131173514056712,5.0,0.918388862256438
1757310007.7743168,1.3699215650558472,-1.3315536975860596,4.164473056793213,32.95,0.5588750510321316,-0.0162109375,0.8728989391196712,-0.11298957689976558,0.0,0.024316406250000002,3.651281051847027,4.128613199280298,5.0,0.9176028634580824
1757310007.9218981,1.3699215650558472,-1.3315536975860596,4.164473056793213,32.95,0.6196172385321317,0.04453125,0.8640922271930025,-0.16624402989871045,0.0,-0.066796875,3.6566280299950216,4.124799032286683,5.0,0.9161483728507305
1757310008.0970566,1.638981819152832,-1.6290758848190308,4.133543491363525,8.2,0.6672734885321316,0.0921875,0.8992613115558881,-0.1512807260217484,0.0,-0.13828125000000002,3.6643884190462224,4.118685196973343,5.0,1.0941799569965722
1757310008.2220032,1.8964202404022217,-1.889509677886963,4.095310688018799,8.2,0.6384176366179142,0.11953125,0.9425868410998137,-0.07226627359818427,0.0,-0.17929687500000002,3.673064009675125,4.112247152431782,5.0,1.2591970837459607
1757310008.3901842,1.8964202404022217,-1.889509677886963,4.095310688018799,8.2,0.3857941369756872,0.16640625,0.9306867771754178,0.16551162667049213,0.0,-0.24960937500000002,3.6759008178242336,4.111094991709659,5.0,1.2588982677630218
1757310008.525347,1.8964202404022217,-1.889509677886963,4.095310688018799,8.2,0.321241998663535,0.178125,0.9180673839055358,0.2251901501663206,0.0,-0.2671875,3.676879137955137,4.110769437717167,5.0,1.2588643819011152
1757310008.686386,1.8964202404022217,-1.889509677886963,4.095310688018799,8.2,0.326710748663535,0.18359375,0.919279295747919,0.22014882651938056,0.0,-0.275390625,3.6780127660089996,4.110385303505743,5.0,1.2588187156235255
1757310008.8285446,2.3046987056732178,-2.1766085624694824,4.101533889770508,1.7,0.31616387366353504,0.17304687500000002,0.9388067324264995,0.29677751292927923,0.0,-0.2595703125,3.6810994192112862,4.109375543851526,5.0,1.4349106527712125
1757310008.9833713,2.3046987056732178,-2.1766085624694824,4.101533889770508,1.7,0.17875629599267867,0.14140625,0.889303571560735,0.42255671493448743,0.0,-0.21210937500000002,3.6799343643108995,4.109586051717487,5.0,1.4348671970928724
1757310009.121404,2.3046987056732178,-2.1766085624694824,4.101533889770508,1.7,0.10623309728390361,0.0765625,0.8563314398644377,0.4857331101258456,0.0,-0.11484375000000001,3.6764494401761096,4.109957664998651,5.0,1.4344863827621976
1757310009.2911577,2.3046987056732178,-2.1766085624694824,4.101533889770508,1.7,0.0558424722839036,0.026171875,0.8307604666466426,0.5279280728560015,0.0,-0.0392578125,3.671363692666165,4.1102419612892565,5.0,1.4336818925680461
1757310009.4444132,2.3046987056732178,-2.1766085624694824,4.101533889770508,1.7,0.0355299722839036,0.005859375,0.8198519074540772,0.5442883083129929,0.0,-0.0087890625,3.6656549087768533,4.110444879616412,5.0,1.432669956589593
1757310009.599368,2.796071767807007,-2.146897554397583,4.106174468994141,14.44,-0.0029465902160963967,-0.0326171875,0.7984444377683781,0.5290965405283979,0.0,0.048925781249999994,3.6612148422358515,4.110431796521919,5.0,1.3168538961345995
1757310009.7316852,2.796071767807007,-2.146897554397583,4.106174468994141,14.44,0.02232292413129776,-0.070703125,0.8115544102746598,0.5085873809549356,0.0,0.10605468750000001,3.6575894595129412,4.110512739110749,5.0,1.3164385783783539
1757310009.8847938,2.796071767807007,-2.146897554397583,4.106174468994141,14.44,0.10085366898798115,-0.151171875,0.8489503025913226,0.4433372414500618,0.0,0.22675781250000002,3.6564595978123813,4.110627077735509,5.0,1.316397845273344
1757310010.0342042,2.796071767807007,-2.146897554397583,4.106174468994141,14.44,0.06921304398798114,-0.18281250000000002,0.8344963005539943,0.46991511092722027,0.0,0.27421875,3.654336836398211,4.110774235573588,5.0,1.3162548364489588
1757310010.1821742,2.892376661300659,-2.0463809967041016,4.098566055297852,19.71,0.04645913773798116,-0.20556640625,0.8215023624660958,0.4439030666344129,0.0,0.308349609375,3.6519634762540556,4.110884579241338,5.0,1.2039416101518698
1757310010.3361564,3.0892934799194336,-1.7655941247940063,4.070191860198975,23.44,0.09344365711097369,-0.2224609375,0.8302258484526095,0.2851193225036105,0.0,0.33369140625000004,3.6519042639002293,4.110890128420924,5.0,0.9033548150635946
1757310010.4732928,3.0892934799194336,-1.7655941247940063,4.070191860198975,23.44,0.17765986416747087,-0.2314453125,0.8512527127522916,0.21419481000358273,0.0,0.34716796875,3.654289995574149,4.110461763310684,5.0,0.9031562627827983
1757310010.6380107,3.0892934799194336,-1.7655941247940063,4.070191860198975,23.44,0.17258173916747085,-0.23652343750000002,0.8501421518747316,0.21844663498548203,0.0,0.35478515625,3.6565187379035526,4.110073258265448,5.0,0.9029832872577144
1757310010.7765265,3.0892934799194336,-1.7655941247940063,4.070191860198975,23.44,0.18840205166747087,-0.220703125,0.8534728346375715,0.20487236341654277,0.0,0.3310546875,3.6591869846753586,4.109564521547504,5.0,0.9027339196718325
1757310010.9340346,3.3372130393981934,-1.4707343578338623,4.039745807647705,18.97,0.20451533291747087,-0.20458984375,0.8311748392348198,0.06820910887195547,0.0,0.306884765625,3.6631920098086934,4.108733818265171,5.0,0.5889826817813422
1757310011.0854797,3.5847713947296143,-1.2702049016952515,4.0266594886779785,18.97,0.2342547430966589,-0.178515625,0.8132682659543643,-0.038532286491680445,0.0,0.26777343750000004,3.6688932748622487,4.107373291939852,5.0,0.3782361159934986
1757310011.2295904,3.5847713947296143,-1.2702049016952515,4.0266594886779785,18.97,0.1875342716033243,-0.1435546875,0.8141218871377712,-0.0008162202727072521,0.0,0.21533203125,3.6734122906719047,4.106515744898524,5.0,0.37745126616143665
1757310011.38117,3.5847713947296143,-1.2702049016952515,4.0266594886779785,18.97,0.2232764591033243,-0.1078125,0.8134726008828431,-0.030349079762301584,0.0,0.16171875000000002,3.67879577982013,4.105293357702579,5.0,0.3763205002846286
1757310011.5224462,3.5847713947296143,-1.2702049016952515,4.0266594886779785,18.97,0.2535498966033243,-0.0775390625,0.812034051632285,-0.055526012581445794,0.0,0.11630859375000001,3.684881685722169,4.103716336893064,5.0,0.3748536304641066
1757310011.6751537,4.49459981918335,-0.9804002046585083,4.018671035766602,357.64,0.2822608341033243,-0.048828125,0.7843331551010057,-0.16768287013504074,0.0,0.0732421875,3.6954163514204486,4.10066124487194,5.0,0.14352793995036084
1757310011.8363535,4.49459981918335,-0.9804002046585083,4.018671035766602,357.64,0.1295904256558857,-0.028710937500000002,0.8006057828348426,-0.047260437247123206,0.0,0.04306640625,3.702601085893384,4.099724924776257,5.0,0.14149135215138653
1757310011.9763713,4.49459981918335,-0.9804002046585083,4.018671035766602,357.64,0.048220942831439524,-0.0011718750000000002,0.801778083038161,0.01755296777873725,0.0,0.0017578125000000003,3.7077748229654,4.09947524874617,5.0,0.14045019397880854
1757310012.1298723,4.49459981918335,-0.9804002046585083,4.018671035766602,357.64,6.26387053683252,0.021875000000000002,0.7987692966646696,0.07143647298181428,0.0,-0.0328125,3.711217019326372,4.099541742247274,5.0,0.13999015515055824
1757310012.2755048,4.49459981918335,-0.9804002046585083,4.018671035766602,357.64,6.28222991183252,0.040234375,0.7999463612888407,0.05652508894934085,0.0,-0.060351562500000004,3.715109663000646,4.09954546126206,5.0,0.13940199559159794
1757310012.4290736,5.260716915130615,-0.9599144458770752,4.0098090171813965,343.48,6.270312127505069,0.07421875,0.7984496770315398,0.12557315182420442,0.0,-0.111328125,3.722510797946376,4.0996407426653745,5.0,0.28821111197821203
1757310012.5858777,5.260716915130615,-0.9599144458770752,4.0098090171813965,343.48,6.138581638191606,0.107421875,0.7750721526908365,0.2291266153120974,0.0,-0.1611328125,3.7264347563058817,4.100212149753722,5.0,0.28761788584406034
1757310012.7274547,5.260716915130615,-0.9599144458770752,4.0098090171813965,343.48,6.1136069147501235,0.11875000000000001,0.7691362604129132,0.24824919977419535,0.0,-0.178125,3.729679008725458,4.100767639811096,5.0,0.2872091166564106
1757310012.8825908,5.260716915130615,-0.9599144458770752,4.0098090171813965,343.48,6.118294414750123,0.1234375,0.7703200799370066,0.24446925237308315,0.0,-0.18515625000000002,3.733030855834486,4.101325392976658,5.0,0.2867734396480337
1757310013.0273483,5.5487446784973145,-0.9774199724197388,4.014302730560303,338.28,6.115950664750123,0.12109375,0.7626899751965854,0.2880663241652336,0.0,-0.181640625,3.737689906122234,4.102111893423748,5.0,0.39273245810154833
1757310013.1834626,6.242659568786621,-1.0072712898254395,4.027355670928955,335.54,6.012693543646417,0.10859375,0.697223117657356,0.4795120502949516,0.0,-0.162890625,3.742742429821994,4.103512895787283,5.0,0.6894376430011242
1757310013.3207214,6.242659568786621,-1.0072712898254395,4.027355670928955,335.54,5.940652772141774,0.084375,0.660948062332061,0.5283188512624186,0.0,-0.12656250000000002,3.745747642100627,4.1045845210368785,5.0,0.6890806815050192
1757310013.4852955,6.242659568786621,-1.0072712898254395,4.027355670928955,335.54,5.913309022141774,0.057031250000000006,0.6462857920109004,0.5461165351045693,0.0,-0.08554687500000001,3.747985869512816,4.105452328453969,5.0,0.6888785944824427
1757310013.6293983,6.242659568786621,-1.0072712898254395,4.027355670928955,335.54,5.878543397141774,0.022265625,0.6269238607083172,0.5682251972213288,0.0,-0.0333984375,3.749274585503296,4.106004254181881,5.0,0.6888096702039661
1757310013.7862303,6.830282211303711,-0.970223605632782,4.0233378410339355,343.38,5.846121522141774,-0.01015625,0.5660302461197263,0.6784557705911956,0.0,0.015234375000000001,3.7521860873439272,4.107364503438349,5.0,0.9377248802648976
1757310013.9271257,6.830282211303711,-0.970223605632782,4.0233378410339355,343.38,5.826665016598555,-0.035546875,0.5527643187426174,0.6892566568666652,0.0,0.053320312499999994,3.754540174659413,4.1085206483060235,5.0,0.9374937703459736
1757310014.0769446,6.830282211303711,-0.970223605632782,4.0233378410339355,343.38,5.897213147998129,-0.0958984375,0.6000859544995905,0.6483043706051987,0.0,0.14384765625,3.758882943514879,4.110285350943163,5.0,0.9367554034187879
1757310014.2238874,6.830282211303711,-0.970223605632782,4.0233378410339355,343.38,5.862056897998129,-0.13105468750000002,0.5770003390143896,0.6688344669569701,0.0,0.19658203125,3.762196613363611,4.111769632056278,5.0,0.9363123657877708
1757310014.3867822,6.830282211303711,-0.970223605632782,4.0233378410339355,343.38,5.837642835498129,-0.15546875000000002,0.5605495126917988,0.682619180513091,0.0,0.233203125,3.7648067293218674,4.11301614300432,5.0,0.9360311886609898
1757310014.533795,7.179027557373047,-0.7342221140861511,4.050225257873535,352.39,5.829244397998129,-0.1638671875,0.5561675526713631,0.6844935969815971,0.0,0.24580078125000002,3.769043695990788,4.115083464334551,5.0,0.9282168084331728
1757310014.6795716,7.179027557373047,-0.7342221140861511,4.050225257873535,352.39,5.885256983739141,-0.16562500000000002,0.5938240342932167,0.6517879903295525,0.0,0.24843750000000003,3.774871713135998,4.117533290894836,5.0,0.9268716471352301
1757310014.8360965,7.179027557373047,-0.7342221140861511,4.050225257873535,352.39,5.956009344090523,-0.16171875000000002,0.638715131117996,0.60729472930081,0.0,0.24257812500000003,3.782752114275831,4.12020768269475,5.0,0.9245401118786809
1757310014.9781954,7.179027557373047,-0.7342221140861511,4.050225257873535,352.39,6.008568876102818,-0.14179687500000002,0.6700857869629026,0.5716649000109387,0.0,0.2126953125,3.7921492932973915,4.12285519275586,5.0,0.9213296091593959
1757310015.133232,7.179027557373047,-0.7342221140861511,4.050225257873535,352.39,6.033959501102818,-0.11640625,0.6847442756986054,0.5530497890886575,0.0,0.174609375,3.8022484184843446,4.125425595972724,5.0,0.917669576675805
1757310015.275105,7.421121597290039,-0.32865458726882935,4.048314094543457,346.81,6.038061063602818,-0.1123046875,0.7048576078581081,0.47887785648642744,0.0,0.16845703125,3.814034215140348,4.128373868221018,5.0,0.7337755480581656
1757310015.4504292,7.421121597290039,-0.32865458726882935,4.048314094543457,346.81,6.016531640172646,-0.063671875,0.6948724694152414,0.49215664815944976,0.0,0.09550781250000001,3.8251526582854063,4.131410968922646,5.0,0.7291515406569298
1757310015.5795991,7.421121597290039,-0.32865458726882935,4.048314094543457,346.81,6.016531640172646,-0.063671875,0.6953553749671146,0.49038879175611827,0.0,0.09550781250000001,3.836215509214739,4.134432884120765,5.0,0.7245699783996109
1757310015.7332478,7.421121597290039,-0.32865458726882935,4.048314094543457,346.81,6.020945128841534,-0.032031250000000004,0.6979932570098979,0.4855255995051108,0.0,0.048046875,3.847347994522118,4.137421084597939,5.0,0.7199379079392996
1757310015.8831205,7.5893354415893555,-0.05544012784957886,4.063860893249512,336.38,6.038523253841534,-0.014453125,0.7167069332955222,0.43197708891446807,0.0,0.021679687500000003,3.8600332129190464,4.14058812225393,5.0,0.6137641728551477
1757310016.0304356,7.751850128173828,0.1391567438840866,4.069116592407227,336.38,5.987036273454581,0.01015625,0.6979256697950491,0.45386941198393643,0.0,-0.015234375000000001,3.872250277755479,4.14431581492295,5.0,0.5760733660606521
1757310016.1783028,7.751850128173828,0.1391567438840866,4.069116592407227,336.38,5.888907287858525,0.017968750000000002,0.650675849840934,0.518683099774264,0.0,-0.026953125,3.881683303340899,4.14824056308164,5.0,0.5723374199153666
1757310016.3274336,7.751850128173828,0.1391567438840866,4.069116592407227,336.38,5.890079162858526,0.019140625,0.6518537358826487,0.5165445054917923,0.0,-0.028710937500000002,3.8911018079246538,4.152146327893287,5.0,0.568614099906112
1757310016.4857445,7.751850128173828,0.1391567438840866,4.069116592407227,336.38,5.888907287858525,0.017968750000000002,0.6518113541896904,0.5159539459174853,0.0,-0.026953125,3.9004405988092192,4.156031868327444,5.0,0.5649475404762221
1757310016.6263285,8.243736267089844,0.6260237097740173,4.088858127593994,329.39,5.884219787858526,0.013281250000000001,0.6453812447536986,0.5285023672800196,0.0,-0.019921875000000002,3.9125619977766264,4.161141939255223,5.0,0.5907183301943606
1757310016.7913067,8.243736267089844,0.6260237097740173,4.088858127593994,329.39,5.786281772810006,0.0015625,0.5913771219931154,0.5876628772422362,0.0,-0.0023437500000000003,3.921889571373434,4.166200176755271,5.0,0.5866992292983451
1757310016.9243774,8.243736267089844,0.6260237097740173,4.088858127593994,329.39,5.734486898144121,-0.014453125,0.5607911347786125,0.6164585465011004,0.0,0.021679687500000003,3.9297430691109643,4.1710011438807,5.0,0.5836728343030302
1757310017.0885746,8.243736267089844,0.6260237097740173,4.088858127593994,329.39,5.709291585644121,-0.0396484375,0.5456425066304044,0.6295251176489297,0.0,0.059472656250000006,3.936874062894599,4.175611158398799,5.0,0.5810960483905045
1757310017.2231002,8.243736267089844,0.6260237097740173,4.088858127593994,329.39,5.706361898144121,-0.042578125,0.5443423902537603,0.6302809776130025,0.0,0.0638671875,3.943890592536668,4.1801763773448934,5.0,0.5785906830824956
1757310017.4074163,8.73961067199707,1.1330859661102295,4.066400051116943,331.16,5.683119710644122,-0.0658203125,0.507210883371151,0.6754061797138811,0.0,0.09873046875000001,3.9531224620981464,4.186493128177226,5.0,0.6774787257076911
1757310017.5243683,8.73961067199707,1.1330859661102295,4.066400051116943,331.16,5.683210970238866,-0.0830078125,0.5082564402445762,0.6739216154908989,0.0,0.12451171875,3.9623107127852193,4.192778802520043,5.0,0.6731221697988383
1757310017.6809428,8.73961067199707,1.1330859661102295,4.066400051116943,331.16,5.695066725904422,-0.08476562500000001,0.5172224482810928,0.6663309144295287,0.0,0.12714843750000002,3.9717834511626284,4.199095548466221,5.0,0.6685616488513766
1757310017.8282225,8.73961067199707,1.1330859661102295,4.066400051116943,331.16,5.6952620384044215,-0.08457031250000001,0.5183559581675402,0.6647245574782898,0.0,0.12685546875,3.9812142753297772,4.205381683912612,5.0,0.6640389516177532
1757310017.9767332,8.73961067199707,1.1330859661102295,4.066400051116943,331.16,5.703269850904422,-0.0765625,0.5246809748735126,0.6589972321410058,0.0,0.11484375000000001,3.9908214428799647,4.211674836167626,5.0,0.6593911839896629
1757310018.1311853,9.216121673583984,1.6262463331222534,4.053370952606201,326.08,5.719285475904422,-0.060546875,0.50039028046345,0.7055027862512082,0.0,0.0908203125,4.003644589436919,4.219784137622458,5.0,0.8220576857439355
1757310018.2731655,9.216121673583984,1.6262463331222534,4.053370952606201,326.08,5.724687777774436,-0.05078125,0.5058802969166336,0.7000910374582359,0.0,0.076171875,4.016560868158252,4.227854983691084,5.0,0.8141035542922745
1757310018.4303734,9.216121673583984,1.6262463331222534,4.053370952606201,326.08,5.6893990966082235,-0.028125,0.4824298141215408,0.7151855288756754,0.0,0.0421875,4.02838797574331,4.2358389104595355,5.0,0.8071123925239743
1757310018.5723147,9.216121673583984,1.6262463331222534,4.053370952606201,326.08,5.675544624903109,-0.015625,0.47398028109824697,0.7196363526794425,0.0,0.0234375,4.039755567576397,4.2437440795756824,5.0,0.800522434756453
1757310018.736829,9.65407657623291,2.0601043701171875,4.066479206085205,318.38,5.6966383749031095,0.0054687500000000005,0.44177651260264716,0.780618674940595,0.0,-0.008203125,4.054194418068556,4.253339649665376,5.0,1.0140636159573742
1757310018.8774834,9.65407657623291,2.0601043701171875,4.066479206085205,318.38,5.6966383749031095,0.0054687500000000005,0.4439636239659812,0.777327638171576,0.0,-0.008203125,4.068561074308254,4.262887241904622,5.0,1.004184857454069
1757310019.0336878,9.65407657623291,2.0601043701171875,4.066479206085205,318.38,5.512052709999546,-0.044726562500000004,0.2951653190223591,0.8441528099401001,0.0,0.06708984375,4.077418495790184,4.271495488834196,5.0,0.9991137700586759
1757310019.1824634,9.65407657623291,2.0601043701171875,4.066479206085205,318.38,5.469279272499546,-0.08750000000000001,0.259992700450341,0.8548746240626581,0.0,0.13125,4.085046184082951,4.279570962148122,5.0,0.9950088792120519
1757310019.3229103,9.65407657623291,2.0601043701171875,4.066479206085205,318.38,5.430607397499546,-0.12617187500000002,0.227742970824365,0.8634169198315944,0.0,0.1892578125,4.091605094789256,4.287076117153261,5.0,0.9917019405149707
1757310019.4889455,10.043140411376953,2.503659248352051,4.103159427642822,326.89,5.370646459999546,-0.18613281250000002,0.1068335520372048,0.9286859023892211,0.0,0.27919921875000003,4.098425987356736,4.295896428015781,5.0,1.2090050484214485
1757310019.6315699,10.043140411376953,2.503659248352051,4.103159427642822,326.89,5.383607332472611,-0.215234375,0.12018511881895921,0.926171475160324,0.0,0.3228515625,4.105559089218068,4.304877478303138,5.0,1.2047771167994563
1757310019.7953773,10.043140411376953,2.503659248352051,4.103159427642822,326.89,5.418783354344264,-0.28652343750000003,0.1541926762539082,0.9200836657779625,0.0,0.42978515625,4.1136203828042275,4.314324912874667,5.0,1.1998159583915253
1757310019.931691,10.043140411376953,2.503659248352051,4.103159427642822,326.89,5.394173979344263,-0.3111328125,0.13286337383770547,0.922497268476675,0.0,0.46669921875000003,4.120964422119518,4.323373554088118,5.0,1.195444181189738
1757310020.0832036,10.043140411376953,2.503659248352051,4.103159427642822,326.89,5.377425932469263,-0.327880859375,0.11864754376818698,0.9236110775560354,0.0,0.4918212890625,4.127822070165933,4.332118239034345,5.0,1.1914661719559136
1757310020.2274723,10.269397735595703,3.0544707775115967,4.101876735687256,336.81,5.353085112156763,-0.3522216796875,0.07175397390317434,0.9444029456777645,0.0,0.52833251953125,4.135732996547581,4.342728011228463,5.0,1.2674915102667743
1757310020.384752,10.269397735595703,3.0544707775115967,4.101876735687256,336.81,5.353085112156763,-0.3522216796875,0.07352472621249101,0.9430826259854241,0.0,0.52833251953125,4.143604368297321,4.35328473456161,5.0,1.2619695043863608
1757310020.5260324,10.269397735595703,3.0544707775115967,4.101876735687256,336.81,5.353085112156763,-0.3522216796875,0.075279354832129,0.94177432854198,0.0,0.52833251953125,4.151436383188313,4.3637886742780925,5.0,1.256497779456451
1757310020.6778812,10.269397735595703,3.0544707775115967,4.101876735687256,336.81,5.353085112156763,-0.3522216796875,0.07701799399748849,0.940477953257972,0.0,0.52833251953125,4.15922923800485,4.374240094295992,5.0,1.2510759168704082
1757310020.836723,10.269397735595703,3.0544707775115967,4.101876735687256,336.81,5.353085112156763,-0.3522216796875,0.07874077703233318,0.9391934007236806,0.0,0.52833251953125,4.1669831285473045,4.384639257213802,5.0,1.24570350086449
1757310020.979201,10.327851295471191,3.529895782470703,4.1202521324157715,334.53,5.586195282042358,-0.33623046875,0.30379363753290084,0.8833878142163805,0.0,0.504345703125,4.182990942811284,4.39804029459245,5.0,1.2058829869422079
1757310021.1343138,10.327851295471191,3.529895782470703,4.1202521324157715,334.53,5.566579634196629,-0.2720703125,0.2898978982037207,0.8851702843091789,0.0,0.40810546875000003,4.198310181355914,4.4113845814334836,5.0,1.1926001624783114
1757310021.2756145,10.327851295471191,3.529895782470703,4.1202521324157715,334.53,5.60310307169663,-0.23554687500000002,0.32562433569907123,0.8695462850774027,0.0,0.3533203125,4.214682894526647,4.424626789214464,5.0,1.1782984285914502
1757310021.437513,10.327851295471191,3.529895782470703,4.1202521324157715,334.53,5.6855249466966296,-0.153125,0.399874219168596,0.8342525632438542,0.0,0.22968750000000002,4.233489297394224,4.437428450559525,5.0,1.1615634142036626
1757310021.5792222,10.323619842529297,4.032794952392578,4.119080543518066,313.7,5.737478071696629,-0.10117187500000001,0.45894049325673236,0.7855452101384721,0.0,0.1517578125,4.254839454936718,4.4503925710020775,5.0,1.0831310329382733
1757310021.723945,10.337152481079102,4.146036624908447,4.117977619171143,313.7,5.640882820261486,-0.0576171875,0.3837305935389932,0.8225481178270894,0.0,0.08642578125,4.27360789680014,4.4644337835394685,5.0,1.0718983585171307
1757310021.8755817,10.337152481079102,4.146036624908447,4.117977619171143,313.7,5.451269738506212,-0.023828125000000002,0.2254204335050392,0.8768508608829728,0.0,0.0357421875,4.286565939516707,4.4786571475642605,5.0,1.0597222633572745
1757310022.035079,10.337152481079102,4.146036624908447,4.117977619171143,313.7,5.484082238506211,0.008984375000000001,0.2578092363939365,0.8653411822666501,0.0,-0.0134765625,4.300446605253057,4.492923590917599,5.0,1.0466642372815542
1757310022.179716,10.337152481079102,4.146036624908447,4.117977619171143,313.7,5.497754113506211,0.022656250000000003,0.27339604101218135,0.8579555013431795,0.0,-0.033984375000000004,4.314670155559189,4.5071480808703495,5.0,1.0332988360288153
1757310022.3373625,10.456684112548828,4.598280906677246,4.106743335723877,298.77,5.496972863506211,0.021875000000000002,0.24622352279889692,0.8846278620023698,0.0,-0.0328125,4.330228015621007,4.52273129850311,5.0,1.1269219067064453
1757310022.4894316,10.565862655639648,4.908283710479736,4.096739292144775,298.77,5.37626252739819,0.017578125,0.10423403886938887,0.9341839075028819,0.0,-0.0263671875,4.343000931644552,4.539058052667582,5.0,1.2338058697997685
1757310022.6231668,10.565862655639648,4.908283710479736,4.096739292144775,298.77,5.227020206183458,0.0125,-0.032634239218180594,0.9374923853341397,0.0,-0.018750000000000003,4.351330126391923,4.553788133079245,5.0,1.2246350633169367
1757310022.799143,10.565862655639648,4.908283710479736,4.096739292144775,298.77,5.218426456183458,0.00390625,-0.03759299867084204,0.9354613332299339,0.0,-0.005859375,4.359382082314779,4.5683179468957285,5.0,1.2157845705484567
1757310022.9218554,10.565862655639648,4.908283710479736,4.096739292144775,298.77,5.239129581183458,0.024609375000000003,-0.01498311877100994,0.9341570766309049,0.0,-0.036914062500000004,4.367963474918312,4.58307409328593,5.0,1.2064253439078403
1757310023.096641,10.763551712036133,5.560936450958252,4.1618876457214355,296.34,5.223504581183458,0.008984375000000001,-0.11723514719560191,0.982969817924702,0.0,-0.0134765625,4.377700742559344,4.600436514872771,5.0,1.457681683978227
1757310023.2295418,10.763551712036133,5.560936450958252,4.1618876457214355,296.34,5.148899858198429,-0.0130859375,-0.18660386243437854,0.969831234326612,0.0,0.01962890625,4.385247888700345,4.616613879492848,5.0,1.447829462831578
1757310023.377217,10.763551712036133,5.560936450958252,4.1618876457214355,296.34,5.131051598726022,-0.033203125,-0.20050464236955146,0.9648431108669908,0.0,0.0498046875,4.392272461983099,4.632400522592732,5.0,1.4385851126176759
1757310023.527352,10.763551712036133,5.560936450958252,4.1618876457214355,296.34,5.102577455359996,-0.06953125,-0.22480376039708638,0.9574731560240886,0.0,0.10429687500000001,4.398514484287774,4.647577760361779,5.0,1.430235066333938
1757310023.6908178,10.798044204711914,5.681359767913818,4.169003963470459,296.34,5.086171205359996,-0.0859375,-0.256819997136708,0.9600646372944581,0.0,0.12890625,4.404537674813116,4.6629343928588165,5.0,1.4741112125460507
1757310023.8350508,10.875907897949219,6.303628921508789,4.122807025909424,299.51,5.0748430803599955,-0.09726562500000001,-0.3391316679653965,0.9841891724756617,0.0,0.1458984375,4.4113252982481415,4.6808339018221705,5.0,1.6651550517806886
1757310023.9844723,10.875907897949219,6.303628921508789,4.122807025909424,299.51,5.06978542487229,-0.13496093750000002,-0.3400914339425884,0.980962581970292,0.0,0.20244140625,4.417940351120265,4.698548048737071,5.0,1.6544443377365168
1757310024.1282158,10.875907897949219,6.303628921508789,4.122807025909424,299.51,5.091498142648216,-0.13593750000000002,-0.3145146717380933,0.9864423249151547,0.0,0.20390625,4.425122303263882,4.716575935953078,5.0,1.6431447348045305
1757310024.2888644,10.875907897949219,6.303628921508789,4.122807025909424,299.51,5.123920017648216,-0.103515625,-0.2778874724753383,0.994161697906552,0.0,0.1552734375,4.433192460100751,4.735066272481552,5.0,1.6309102691119497
1757310024.4424596,10.845815658569336,6.692514896392822,4.076622486114502,298.22,5.131732517648216,-0.095703125,-0.29181565128930814,1.0059774217771775,0.0,0.1435546875,4.442147594958026,4.755154716163165,5.0,1.6903160715212042
1757310024.574574,10.759284019470215,7.068688869476318,4.0510406494140625,296.5,5.142233724093031,-0.08066406250000001,-0.2886871481075984,1.0124022695515515,0.0,0.12099609375,4.4520149435845795,4.776678790424361,5.0,1.7108086992626301
1757310024.7293596,10.759284019470215,7.068688869476318,4.0510406494140625,296.5,5.11831030760833,-0.07421875,-0.30704561749604675,1.0027240595209512,0.0,0.111328125,4.461089505485023,4.797792704380685,5.0,1.6950895086353563
1757310024.8784425,10.759284019470215,7.068688869476318,4.0510406494140625,296.5,5.115135607163188,-0.059765625,-0.30452612384748645,0.9993152836859296,0.0,0.08964843750000001,4.470021487287749,4.818758095555518,5.0,1.6795966709188406
1757310025.0292678,10.759284019470215,7.068688869476318,4.0510406494140625,296.5,5.117088732163188,-0.0578125,-0.2968970891308356,0.9974765876051512,0.0,0.08671875000000001,4.4789683757820855,4.839645245945535,5.0,1.6641578657739702
1757310025.1781561,10.57109260559082,7.635797500610352,4.050841808319092,289.62,5.116893419663188,-0.058007812500000006,-0.3046738194256214,1.0006644978989492,0.0,0.08701171875000001,4.488744746553505,4.862481203954636,5.0,1.6847766424639792
1757310025.3377779,10.57109260559082,7.635797500610352,4.050841808319092,289.62,5.06506543720575,-0.0595703125,-0.34990018553054253,0.9812539007288723,0.0,0.08935546875,4.49686799874827,4.884551387450887,5.0,1.6682501264984504
1757310025.4792142,10.57109260559082,7.635797500610352,4.050841808319092,289.62,5.048518072134611,-0.0576171875,-0.36010322310093046,0.9732386468670141,0.0,0.08642578125,4.504455489849441,4.906267935076494,5.0,1.652399382419424
1757310025.6299279,10.57109260559082,7.635797500610352,4.050841808319092,289.62,4.949744454625977,-0.10507812500000001,-0.449466641800256,0.9318094370425891,0.0,0.1576171875,4.509251580513329,4.926093404859634,5.0,1.6399106093260585
1757310025.7808752,10.57109260559082,7.635797500610352,4.050841808319092,289.62,5.017908517125977,-0.036914062500000004,-0.37938347173919484,0.9585016953234412,0.0,0.05537109375,4.515880291252614,4.947110619470894,5.0,1.6253025075482013
1757310025.9267063,10.335598945617676,8.31243896484375,4.11104679107666,283.92,5.007665116936818,-0.034765625,-0.41958797788102176,0.9638139096654325,0.0,0.052148437500000006,4.523029161781433,4.970613661802408,5.0,1.704756807522064
1757310026.0828876,10.335598945617676,8.31243896484375,4.11104679107666,283.92,4.944484198014623,-0.034765625,-0.4734991725701755,0.9339554139293416,0.0,0.052148437500000006,4.528307144651482,4.992944449256804,5.0,1.6890718265377442
1757310026.2257726,10.335598945617676,8.31243896484375,4.11104679107666,283.92,4.9213544372623,-0.033984375000000004,-0.4891836111117215,0.9215269990687993,0.0,0.0509765625,4.532924929607948,5.01472017369859,5.0,1.6742771115339794
1757310026.3757381,10.335598945617676,8.31243896484375,4.11104679107666,283.92,4.9131513122623005,-0.0421875,-0.4910789932554378,0.9163339217808852,0.0,0.06328125000000001,4.537300755777069,5.036222601843684,5.0,1.65986903441038
1757310026.5250542,10.315810203552246,8.38058853149414,4.119731903076172,282.33,4.9047528747623,-0.050585937500000004,-0.49964406236856507,0.9123500635709755,0.0,0.07587890625,4.541494677785479,5.057755039154897,5.0,1.6621274536684254
1757310026.677619,10.089876174926758,9.008265495300293,4.1233625411987305,280.26,4.879790402021944,-0.062109375,-0.574298717553716,0.9083883268889388,0.0,0.0931640625,4.545510037075235,5.081516971423552,5.0,1.794067253149823
1757310026.8304896,10.089876174926758,9.008265495300293,4.1233625411987305,280.26,4.801607637796886,-0.09648437500000001,-0.6378109592396457,0.8602506881496811,0.0,0.14472656250000002,4.547472532421877,5.1034550447385545,5.0,1.7798069877591303
1757310026.982732,10.089876174926758,9.008265495300293,4.1233625411987305,280.26,4.755717574139307,-0.1357421875,-0.6715562421004277,0.8298673449136466,0.0,0.20361328125,4.5483694168563575,5.124141686656219,5.0,1.7671792432752707
1757310027.1280503,10.089876174926758,9.008265495300293,4.1233625411987305,280.26,4.691362105389308,-0.20009765625,-0.7193505640624817,0.7850489604199713,0.0,0.300146484375,4.547973430792577,5.14297128939606,5.0,1.7567140921929498
1757310027.2976031,9.930228233337402,9.333428382873535,4.087071895599365,287.39,4.630131636639307,-0.261328125,-0.7876762749320043,0.7377754712329573,0.0,0.39199218750000003,4.546439393927263,5.161578447505736,5.0,1.8109848150311931
1757310027.4312258,9.692286491394043,9.756519317626953,4.050706386566162,289.49,4.575349329896617,-0.34438476562500003,-0.8574349249976597,0.689327468076876,0.0,0.5165771484375,4.543810393334816,5.180642437493746,5.0,1.8880661549105913
1757310027.5851953,9.692286491394043,9.756519317626953,4.050706386566162,289.49,4.596866657656915,-0.353759765625,-0.8379081502921504,0.7081380023794606,0.0,0.5306396484375,4.541532783361765,5.2002704108271525,5.0,1.8767483494397723
1757310027.722867,9.692286491394043,9.756519317626953,4.050706386566162,289.49,4.596866657656915,-0.353759765625,-0.8334487570717048,0.7086554658129041,0.0,0.5306396484375,4.53926656143858,5.219800244293892,5.0,1.8655250599544244
1757310027.898063,9.692286491394043,9.756519317626953,4.050706386566162,289.49,4.596866657656915,-0.353759765625,-0.829026653450488,0.7091686021993493,0.0,0.5306396484375,4.53701167062501,5.239232428593298,5.0,1.85439562000112
1757310028.028988,9.182998657226562,10.460243225097656,4.035752296447754,305.95,4.596866657656915,-0.353759765625,-0.8763137726355109,0.7036814531991341,0.0,0.5306396484375,4.534331349580392,5.262330882942912,5.0,1.9734066605858365
1757310028.1756918,9.182998657226562,10.460243225097656,4.035752296447754,305.95,4.596866657656915,-0.353759765625,-0.8702218837225743,0.7043883497649251,0.0,0.5306396484375,4.531664430140997,5.285313845020778,5.0,1.9580747467126667
1757310028.3202288,9.182998657226562,10.460243225097656,4.035752296447754,305.95,4.596866657656915,-0.353759765625,-0.8641775093400608,0.7050897327931482,0.0,0.5306396484375,4.5290108452987985,5.308181892288255,5.0,1.9428624162230062
1757310028.4868536,9.182998657226562,10.460243225097656,4.035752296447754,305.95,4.596866657656915,-0.353759765625,-0.8581803530230036,0.7057856366852951,0.0,0.5306396484375,4.526370528380811,5.330935599319394,5.0,1.9277689229812305
1757310028.6257222,9.182998657226562,10.460243225097656,4.035752296447754,305.95,4.596866657656915,-0.353759765625,-0.852230119364445,0.7064760957200875,0.0,0.5306396484375,4.523743413047414,5.353575537815378,5.0,1.9127935235144866
1757310028.778813,8.78765869140625,10.87081241607666,4.047380447387695,326.35,4.596866657656915,-0.353759765625,-0.8690165863072988,0.7045282112456238,0.0,0.5306396484375,4.520868125315678,5.378354174892028,5.0,1.9550412842798055
1757310028.9255452,8.78765869140625,10.87081241607666,4.047380447387695,326.35,4.596866657656915,-0.353759765625,-0.8619864893098689,0.7053439765190364,0.0,0.5306396484375,4.5180072140226,5.403008918783295,5.0,1.9373481117310192
1757310029.0746734,8.78765869140625,10.87081241607666,4.047380447387695,326.35,4.596866657656915,-0.353759765625,-0.8550088104229803,0.7061536592484537,0.0,0.5306396484375,4.5151606072859884,5.427540388955104,5.0,1.9197868637737185
1757310029.2270072,8.78765869140625,10.87081241607666,4.047380447387695,326.35,4.596866657656915,-0.353759765625,-0.8480832457976429,0.7069572946922023,0.0,0.5306396484375,4.51232823358306,5.451949201776055,5.0,1.9023567756883537
1757310029.384368,8.634584426879883,11.019407272338867,4.053156852722168,329.98,4.596866657656915,-0.353759765625,-0.8507341353031224,0.7066496881822188,0.0,0.5306396484375,4.509414784388462,5.477056706474585,5.0,1.9090284681906562
1757310029.5397375,8.241786003112793,11.36355972290039,4.065729141235352,336.66,4.596866657656915,-0.353759765625,-0.8666219129172056,0.7048060866993362,0.0,0.5306396484375,4.506292785977818,5.503961445335113,5.0,1.9490144300977938
1757310029.674793,8.241786003112793,11.36355972290039,4.065729141235352,336.66,4.596866657656915,-0.353759765625,-0.858324535727547,0.7057689058715615,0.0,0.5306396484375,4.503186397559227,5.530731660501338,5.0,1.9281317984111102
1757310029.8463733,8.241786003112793,11.36355972290039,4.065729141235352,336.66,4.596866657656915,-0.353759765625,-0.8500852142068053,0.7067249883232772,0.0,0.5306396484375,4.500095541082729,5.5573680245917325,5.0,1.907395279782035
1757310029.9717648,8.241786003112793,11.36355972290039,4.065729141235352,336.66,4.596866657656915,-0.353759765625,-0.8419036409804275,0.7076743697219124,0.0,0.5306396484375,4.497020138888613,5.583871206861675,5.0,1.8868041006179705
1757310030.1254735,7.697745323181152,11.76380443572998,4.085658073425293,344.19,4.596866657656915,-0.353759765625,-0.861337575207078,0.7054192758485731,0.0,0.5306396484375,4.493694838056192,5.612527964092537,5.0,1.9357149409235301
1757310030.2760413,7.550379753112793,11.862577438354492,4.092921257019043,344.19,4.596866657656915,-0.353759765625,-0.8601979433009637,0.7055515175706746,0.0,0.5306396484375,4.490319827931022,5.641613105763253,5.0,1.9328467438041512
1757310030.4318326,7.550379753112793,11.862577438354492,4.092921257019043,344.19,4.596866657656915,-0.353759765625,-0.8504760409679769,0.7066796371851918,0.0,0.5306396484375,4.486961692856478,5.6705528217256145,5.0,1.9083789028137828
1757310030.5808756,7.550379753112793,11.862577438354492,4.092921257019043,344.19,4.596866657656915,-0.353759765625,-0.840817075856663,0.7078004536288047,0.0,0.5306396484375,4.483620348457307,5.699347839108165,5.0,1.8840694606510846
1757310030.746469,7.550379753112793,11.862577438354492,4.092921257019043,344.19,4.596866657656915,-0.353759765625,-0.8312207411634688,0.7089140025026843,0.0,0.5306396484375,4.480295710780131,5.727998881403802,5.0,1.859917645160536
1757310030.8905425,6.888504505157471,12.296910285949707,4.120632648468018,331.48,4.596866657656915,-0.353759765625,-0.8743850615192096,0.7039052588666376,0.0,0.5306396484375,4.476695077814283,5.759028394214708,5.0,1.9685525286172512
1757310031.028189,6.888504505157471,12.296910285949707,4.120632648468018,331.48,4.596866657656915,-0.353759765625,-0.8633741018266557,0.7051829593802172,0.0,0.5306396484375,4.473112448013266,5.78990275946156,5.0,1.9408404202581053
1757310031.1763058,6.888504505157471,12.296910285949707,4.120632648468018,331.48,4.596866657656915,-0.353759765625,-0.8524294973222234,0.7064529601055578,0.0,0.5306396484375,4.469547731361254,5.820622752882177,5.0,1.9132953129792245
1757310031.327029,6.888504505157471,12.296910285949707,4.120632648468018,331.48,4.596866657656915,-0.353759765625,-0.8415509377691052,0.7077152970422215,0.0,0.5306396484375,4.466000838292501,5.851189146335692,5.0,1.8859164259843606
1757310031.4963434,6.888504505157471,12.296910285949707,4.120632648468018,331.48,4.596866657656915,-0.353759765625,-0.830738114241502,0.7089700060376425,0.0,0.5306396484375,4.462471679689092,5.881602707821939,5.0,1.8587029817767773
1757310031.6265454,6.242936134338379,12.725858688354492,4.135631561279297,305.69,4.596866657656915,-0.353759765625,-0.9032998047901929,0.7005500215976879,0.0,0.5306396484375,4.4586717142007,5.9143500272297995,5.0,2.0413244323455197
1757310031.7837095,6.242936134338379,12.725858688354492,4.135631561279297,305.69,4.596866657656915,-0.353759765625,-0.8911605001828009,0.7019586541024325,0.0,0.5306396484375,4.45489074853975,5.946933610040621,5.0,2.01077253368475
1757310031.9263773,6.242936134338379,12.725858688354492,4.135631561279297,305.69,4.596866657656915,-0.353759765625,-0.8790899464669014,0.7033593088239665,0.0,0.5306396484375,4.451128687707104,5.979354274937388,5.0,1.9803936655506575
1757310032.0755026,6.242936134338379,12.725858688354492,4.135631561279297,305.69,4.596866657656915,-0.353759765625,-0.8670878241087934,0.704752022840654,0.0,0.5306396484375,4.447385437178622,6.011612836509672,5.0,1.9501870237488044
1757310032.222802,5.638826370239258,13.258684158325195,4.082247734069824,283.08,4.596866657656915,-0.353759765625,-1.0102190040592065,0.6881432269465435,0.0,0.5306396484375,4.4433157361482865,6.046684681225631,5.0,2.3104160027941623
1757310032.3932445,5.587753772735596,13.308969497680664,4.075109958648682,283.08,4.596866657656915,-0.353759765625,-1.0131538356181815,0.6878026720907567,0.0,0.5306396484375,4.439234203163405,6.081858491287306,5.0,2.317802313565344
1757310032.5450897,5.587753772735596,13.308969497680664,4.075109958648682,283.08,4.596866657656915,-0.353759765625,-0.9996760259886411,0.6893666233508124,0.0,0.5306396484375,4.435173077843449,6.116856432298673,5.0,2.283881698893551
1757310032.6855679,5.587753772735596,13.308969497680664,4.075109958648682,283.08,4.599760077795548,-0.34091796875,-0.9842454929822806,0.6937754461276412,0.0,0.5113769531250001,4.43122983934392,6.151719159451716,5.0,2.2500882761926526
1757310032.824922,5.587753772735596,13.308969497680664,4.075109958648682,283.08,4.626029609045548,-0.31464843750000004,-0.9520993092340095,0.7205647613277018,0.0,0.47197265625000007,4.428197723309779,6.186742278031363,5.0,2.216002411312888
1757310032.989417,5.125157833099365,13.857466697692871,4.025492191314697,247.12,4.705326484045548,-0.2353515625,-1.071294448759432,0.792453813036769,0.0,0.35302734375,4.427927033816197,6.2250693765540035,5.0,2.6641776894326243
1757310033.1200156,5.125157833099365,13.857466697692871,4.025492191314697,247.12,4.4841499640279805,-0.20048828125,-1.2055884163699737,0.541257254509889,0.0,0.30073242187500004,4.419694805231189,6.2605093399150915,5.0,2.6296421396801355
1757310033.2809112,5.125157833099365,13.857466697692871,4.025492191314697,247.12,4.267320096971181,-0.170703125,-1.2836483111717047,0.2740625564634436,0.0,0.25605468750000004,4.405588485279183,6.2900830993996895,5.0,2.6015179122356233
1757310033.45044,5.125157833099365,13.857466697692871,4.025492191314697,247.12,4.187081085028387,-0.1259765625,-1.2927812947393882,0.17533764765034143,0.0,0.18896484375,4.390077173306893,6.3168437499560035,5.0,2.5763670724389263
1757310033.5775113,5.125157833099365,13.857466697692871,4.025492191314697,247.12,4.208370147528387,-0.1046875,-1.2797396717353289,0.20779065345620534,0.0,0.15703125,4.374990028460455,6.344198714506686,5.0,2.5506256378056094
1757310033.7445593,4.42578649520874,14.517765045166016,4.072449684143066,230.71,4.215401397528387,-0.09765625,-1.4863124843356383,0.1039294376996317,0.0,0.146484375,4.357920044971684,6.375670071407254,5.0,3.1423778109822127
1757310033.8712838,4.42578649520874,14.517765045166016,4.072449684143066,230.71,4.0501312006125305,-0.0958984375,-1.475283319593576,-0.1358728224371759,0.0,0.14384765625,4.338307310847944,6.400823341561428,5.0,3.117413087148627
1757310034.0298703,4.42578649520874,14.517765045166016,4.072449684143066,230.71,3.9358288047761176,-0.0908203125,-1.4443990267744153,-0.29758792942179646,0.0,0.13623046875,4.318232959041503,6.421255700504203,5.0,3.097223680456045
1757310034.1769779,4.42578649520874,14.517765045166016,4.072449684143066,230.71,3.9364147422761175,-0.090234375,-1.438845690938643,-0.2911210405757655,0.0,0.13535156250000002,4.298259097101303,6.441609619691893,5.0,3.0771622302441823
1757310034.3530412,4.42578649520874,14.517765045166016,4.072449684143066,230.71,3.9301647422761175,-0.09648437500000001,-1.4314202982929487,-0.2945655811414153,0.0,0.14472656250000002,4.278385910020885,6.461609360892685,5.0,3.0575040392024153
1757310034.4749832,3.4482367038726807,14.868953704833984,4.138930797576904,225.75,3.904882357102585,-0.10117187500000001,-1.5248390898617457,-0.4365623164869685,0.0,0.1517578125,4.255220982972806,6.48377200191464,5.0,3.423924015427021
1757310034.6410484,3.4482367038726807,14.868953704833984,4.138930797576904,225.75,3.838518286377199,-0.1015625,-1.4870506662181648,-0.5301735300808493,0.0,0.15234375,4.232212763245141,6.5030309508290385,5.0,3.4025759138282616
1757310034.7787929,3.4482367038726807,14.868953704833984,4.138930797576904,225.75,3.8357839113771988,-0.10429687500000001,-1.4802025010264384,-0.5277589969195451,0.0,0.15644531250000002,4.209329479680287,6.522079153122495,5.0,3.3815020727430127
1757310034.9256525,3.4482367038726807,14.868953704833984,4.138930797576904,225.75,3.820549536377199,-0.11953125,-1.4668973725387549,-0.5439345864714425,0.0,0.17929687500000002,4.186628612289498,6.540397336172655,5.0,3.3612244196878613
1757310035.076863,2.6248178482055664,14.7887601852417,4.100512981414795,221.8,3.815080786377199,-0.125,-1.4662939014077727,-0.5549475669691515,0.0,0.1875,4.161750898923158,6.560248444080713,5.0,3.3708164880620988
1757310035.2311893,2.6248178482055664,14.7887601852417,4.100512981414795,221.8,3.7696025148725543,-0.12265625000000001,-1.4343683935128038,-0.6139009256143964,0.0,0.183984375,4.137158443313443,6.57810431362592,5.0,3.3487749950342973
1757310035.372517,2.6248178482055664,14.7887601852417,4.100512981414795,221.8,3.7586402809234234,-0.1125,-1.422594501906425,-0.6225990400817927,0.0,0.16875,4.112754429882982,6.5954180160240234,5.0,3.327353191319226
1757310035.5195577,2.6248178482055664,14.7887601852417,4.100512981414795,221.8,3.7699684059234233,-0.10117187500000001,-1.4244455886027358,-0.5994111412775089,0.0,0.1517578125,4.088403946170515,6.613111806993212,5.0,3.305619222605463
1757310035.6727881,2.6248178482055664,14.7887601852417,4.100512981414795,221.8,3.783249655923423,-0.087890625,-1.4269839233027763,-0.5733509055781131,0.0,0.1318359375,4.064107207185136,6.631264448826635,5.0,3.2834950684177855
1757310035.8315656,1.6111739873886108,14.462145805358887,4.071290016174316,214.45,3.787351218423423,-0.08378906250000001,-1.4041625860657447,-0.5341025897583482,0.0,0.12568359375000002,4.037465745121984,6.651339676671628,5.0,3.1789720670499495
1757310035.994529,1.561285138130188,14.442623138427734,4.069850921630859,214.45,3.779443271907468,-0.07773437500000001,-1.3926253976922853,-0.5353819486362789,0.0,0.1166015625,4.010838666263125,6.6710758878140375,5.0,3.1484513348065004
1757310036.1244328,1.561285138130188,14.442623138427734,4.069850921630859,214.45,3.7196533005364705,-0.075390625,-1.3528314953699363,-0.6094953527645288,0.0,0.11308593750000001,3.984465296408954,6.688281878281196,5.0,3.1241375208871798
1757310036.2778902,1.561285138130188,14.442623138427734,4.069850921630859,214.45,3.6645382684018397,-0.0783203125,-1.3128218186421072,-0.6754954269955062,0.0,0.11748046875000001,3.9585955550940013,6.703195259415329,5.0,3.102212113350136
1757310036.4255104,1.561285138130188,14.442623138427734,4.069850921630859,214.45,3.6510617059018395,-0.091796875,-1.2994597405296926,-0.6857156995824161,0.0,0.1376953125,3.932983872190712,6.717503529587859,5.0,3.0809917619081055
1757310036.572535,0.6831058263778687,14.07650089263916,4.032575607299805,206.97,3.6383663934018395,-0.1044921875,-1.2789289673524777,-0.6805365556806198,0.0,0.15673828125,3.9050088676750048,6.732669359172401,5.0,3.0195087629767237
1757310036.7218542,0.6831058263778687,14.07650089263916,4.032575607299805,206.97,3.544130942010898,-0.119140625,-1.2058889633809027,-0.7900390275904816,0.0,0.1787109375,3.8781365902769633,6.744111264714491,5.0,2.998259763095901
1757310036.8746598,0.6831058263778687,14.07650089263916,4.032575607299805,206.97,3.470120452852664,-0.1421875,-1.141829325876807,-0.8701767016449047,0.0,0.21328124999999998,3.8526281557456254,6.752806599550645,5.0,2.980123426049129
1757310037.0328517,0.6831058263778687,14.07650089263916,4.032575607299805,206.97,3.4595735778526637,-0.152734375,-1.130390064810116,-0.8754921560347559,0.0,0.22910156250000002,3.827454842177656,6.761092398027897,5.0,2.962545583931794
1757310037.2006855,0.6831058263778687,14.07650089263916,4.032575607299805,206.97,3.445120452852664,-0.16718750000000002,-1.115601820865723,-0.8852978858000174,0.0,0.25078125,3.8027048733117956,6.7688442332873215,5.0,2.9456745506344735
1757310037.3271577,-0.3767295777797699,13.502806663513184,4.048203945159912,203.06,3.424878742935114,-0.17207031250000002,-1.0927531025338522,-0.891546861078781,0.0,0.25810546875,3.774404318694765,6.777082963719112,5.0,2.90362397337016
1757310037.4837372,-0.3767295777797699,13.502806663513184,4.048203945159912,203.06,3.40852258095839,-0.1650390625,-1.075799401893586,-0.9011601648963576,0.0,0.24755859375,3.746536604191332,6.7847035492749646,5.0,2.8825270986482376
1757310037.6307907,-0.3767295777797699,13.502806663513184,4.048203945159912,203.06,3.410081204099686,-0.13398437500000002,-1.0749739858787877,-0.8913818984824518,0.0,0.2009765625,3.718779594455793,6.792340379662706,5.0,2.861523588119523
1757310037.7764437,-0.3767295777797699,13.502806663513184,4.048203945159912,203.06,3.486253079099686,-0.0578125,-1.1364711381635986,-0.798028486468496,0.0,0.08671875000000001,3.6899699206837657,6.802682740201326,5.0,2.8377104691701547
1757310037.9325154,-1.267956018447876,12.979348182678223,4.023127555847168,181.58,3.5374249540996856,-0.006640625000000001,-1.1838420852946399,-0.7580929341387143,0.0,0.009960937500000001,3.6578786289989904,6.816093342446946,5.0,2.8898388576460956
1757310038.0710237,-1.3364816904067993,12.942347526550293,4.0199785232543945,181.58,3.5309759197722346,0.0328125,-1.1764604592174608,-0.7596969627901857,0.0,-0.049218750000000006,3.625747774958481,6.829277729347861,5.0,2.8735851816315536
1757310038.2473595,-1.3364816904067993,12.942347526550293,4.0199785232543945,181.58,3.327163487382658,0.082421875,-0.9966559512306092,-0.973100596727331,0.0,-0.12363281250000001,3.5962385605087146,6.834817515694688,5.0,2.85071028043284
1757310038.3914602,-1.3364816904067993,12.942347526550293,4.0199785232543945,181.58,3.271512605771304,0.10234375000000001,-0.9399226207975532,-1.018883399770412,0.0,-0.15351562500000002,3.56806596834889,6.838498431158696,5.0,2.8301699544977135
1757310038.5424845,-1.3364816904067993,12.942347526550293,4.0199785232543945,181.58,3.269950105771304,0.10078125,-0.9372886565122192,-1.0122866640870394,0.0,-0.151171875,3.5400705570690634,6.842111716376909,5.0,2.8098424287615176
1757310038.6773243,-2.3275914192199707,12.423421859741211,4.003236770629883,164.69,3.261356355771304,0.0921875,-0.9410919691414259,-1.1244854538381064,0.0,-0.13828125000000002,3.5078407239970346,6.845990241938366,5.0,3.0721751560132216
1757310038.828244,-2.3275914192199707,12.423421859741211,4.003236770629883,164.69,3.046190211760703,0.061328125000000004,-0.6799590982653518,-1.292628398904906,0.0,-0.0919921875,3.4815727072545433,6.8434765782255,5.0,3.0549473736969777
1757310038.976845,-2.3275914192199707,12.423421859741211,4.003236770629883,164.69,2.8554374326094614,-0.018945312500000002,-0.42366408013516943,-1.3943013552916548,0.0,0.02841796875,3.4623959921035348,6.837834205517689,5.0,3.045044665276812
1757310039.135142,-2.3275914192199707,12.423421859741211,4.003236770629883,164.69,2.7888358701094615,-0.08554687500000001,-0.33098300482106174,-1.4165478321361045,0.0,0.1283203125,3.4459561242298795,6.831781773416337,5.0,3.0374305652659324
1757310039.2769275,-2.3275914192199707,12.423421859741211,4.003236770629883,164.69,2.7341483701094615,-0.140234375,-0.25399586278076985,-1.4303518099143975,0.0,0.21035156249999998,3.43179323111527,6.825669124449515,5.0,3.0315220995763212
1757310039.4333632,-3.3198328018188477,11.709110260009766,4.019216060638428,171.81,2.6540972663082645,-0.21923828125,-0.08390675848814766,-1.5496267075051928,0.0,0.328857421875,3.4155470654653275,6.817055809517946,5.0,3.324514322361024
1757310039.56892,-3.3198328018188477,11.709110260009766,4.019216060638428,171.81,2.7093923753514577,-0.2892578125,-0.17108294095022714,-1.5390195535423954,0.0,0.43388671874999996,3.397082383199679,6.808538295549912,5.0,3.3145989188644798
1757310039.7652304,-3.3198328018188477,11.709110260009766,4.019216060638428,171.81,2.6944021409764574,-0.304248046875,-0.14960365915835083,-1.538055495830152,0.0,0.45637207031250004,3.3793320271938114,6.800025319004116,5.0,3.3052949594995518
1757310039.9040427,-3.3198328018188477,11.709110260009766,4.019216060638428,171.81,2.6893728441014577,-0.30927734375000004,-0.1434480122089289,-1.535532855898128,0.0,0.46391601562500007,3.361879112328408,6.791546766374975,5.0,3.296246429415353
1757310040.0299056,-3.3198328018188477,11.709110260009766,4.019216060638428,171.81,2.6940603441014574,-0.30458984375000003,-0.15222433307608607,-1.531551778109829,0.0,0.456884765625,3.3443191495549556,6.783117717749317,5.0,3.287117940358085
1757310040.1943023,-3.6365747451782227,11.076687812805176,4.054210662841797,174.14,2.7177908128514576,-0.280859375,-0.20569649195124184,-1.4894405988525088,0.0,0.42128906250000003,3.323364536292346,6.7736642461022925,5.0,3.1827114465412656
1757310040.3345337,-3.6365747451782227,11.076687812805176,4.054210662841797,174.14,2.8824778246107465,-0.21181640625,-0.44907653573270523,-1.4280997966885092,0.0,0.317724609375,3.296178165782681,6.766457847422994,5.0,3.1634028002368826
1757310040.4956164,-3.6365747451782227,11.076687812805176,4.054210662841797,174.14,2.904550734422925,-0.134765625,-0.4823712831479395,-1.4100401730472731,0.0,0.2021484375,3.268345214608608,6.759733859198457,5.0,3.1433415186042186
1757310040.6240466,-3.6365747451782227,11.076687812805176,4.054210662841797,174.14,2.944003859422925,-0.09531250000000001,-0.5393014398246226,-1.3814779546940714,0.0,0.14296875,3.2393058181530163,6.753920143817462,5.0,3.1218257701850387
1757310040.7771976,-3.6797685623168945,10.771207809448242,4.061521053314209,165.1,2.999472609422925,-0.039843750000000004,-0.6233158505631263,-1.2917660766222159,0.0,0.059765625,3.2082209163635778,6.749472370266329,5.0,2.976136596196471
1757310040.9244442,-3.742398500442505,10.115823745727539,4.050797939300537,152.83,2.893647970042638,0.012109375,-0.5104595345239176,-1.243422796257195,0.0,-0.0181640625,3.179565289511283,6.7422180910287555,5.0,2.7003115406356777
1757310041.0816422,-3.742398500442505,10.115823745727539,4.050797939300537,152.83,2.695121070822934,0.027734375000000002,-0.25776435465205766,-1.3143156533485727,0.0,-0.0416015625,3.15797751561959,6.731883792540761,5.0,2.6854563150029502
1757310041.2218187,-3.742398500442505,10.115823745727539,4.050797939300537,152.83,2.703324195822934,0.035937500000000004,-0.27109049218730563,-1.306708688697431,0.0,-0.05390625,3.1361907697528855,6.721673065094271,5.0,2.670413886544222
1757310041.4125493,-3.742398500442505,10.115823745727539,4.050797939300537,152.83,2.693949195822934,0.026562500000000003,-0.261351277650793,-1.303938295957392,0.0,-0.039843750000000004,3.114863319541175,6.711432648457006,5.0,2.6558421098518457
1757310041.5223763,-3.9531145095825195,8.94754409790039,4.008657455444336,141.46,2.669730445822934,0.0023437500000000003,-0.27721631845289885,-1.2167683964608595,0.0,-0.0035156250000000005,3.0913517941269477,6.699434462407172,5.0,2.39449135757799
1757310041.683087,-3.9531145095825195,8.94754409790039,4.008657455444336,141.46,2.5017335501088582,-0.0658203125,-0.07285348331310082,-1.2419699058121392,0.0,0.09873046875000001,3.0740703425526488,6.686571448671784,5.0,2.3819593785551127
1757310041.824576,-3.9531145095825195,8.94754409790039,4.008657455444336,141.46,2.349606822371179,-0.1193359375,0.11406674572658948,-1.2365645065763586,0.0,0.17900390625,3.0623857785522404,6.674731913478308,5.0,2.3744775759694585
1757310041.9906707,-3.9531145095825195,8.94754409790039,4.008657455444336,141.46,2.2640599473711784,-0.2048828125,0.21774773546948145,-1.2210026323915177,0.0,0.30732421875000004,3.0536464549593485,6.6642132239177325,5.0,2.3694164690503214
1757310042.1327505,-3.9531145095825195,8.94754409790039,4.008657455444336,141.46,2.1882786973711785,-0.28066406250000003,0.3084995647222883,-1.2002574991811985,0.0,0.42099609375,3.0472917655853755,6.655264407129611,5.0,2.3661546412039325
1757310042.2713633,-4.109104633331299,7.940656661987305,3.9966928958892822,145.84,2.1593724473711786,-0.3095703125,0.3094508407841457,-1.1684052677125898,0.0,0.46435546875,3.039230683004538,6.643187795641637,5.0,2.265130642590708
1757310042.4256136,-4.109104633331299,7.940656661987305,3.9966928958892822,145.84,2.136407430772105,-0.355224609375,0.3344637665457715,-1.1598895325674117,0.0,0.5328369140625,3.0319001593149313,6.631639914865231,5.0,2.259991342477102
1757310042.5747201,-4.109104633331299,7.940656661987305,3.9966928958892822,145.84,2.224618685494171,-0.308203125,0.22859791941931107,-1.1830192089397444,0.0,0.46230468750000003,3.0218514156800973,6.6185257879464885,5.0,2.25248676117538
1757310042.7303002,-4.109104633331299,7.940656661987305,3.9966928958892822,145.84,2.224618685494171,-0.308203125,0.22623650720523536,-1.1812097689287975,0.0,0.46230468750000003,3.0118529157634377,6.60547723166234,5.0,2.2450493805889424
1757310042.8857348,-4.1411542892456055,7.552292346954346,3.996448516845703,144.08,2.224618685494171,-0.308203125,0.21397742466494019,-1.1718162059101545,0.0,0.46230468750000003,3.000907639347337,6.5911930833849475,5.0,2.2064388144415954
1757310043.0356307,-4.138163089752197,6.75173807144165,4.010000228881836,140.06,2.224618685494171,-0.308203125,0.1892179912147599,-1.1528442071773224,0.0,0.46230468750000003,2.9880901341863932,6.574465580368592,5.0,2.128457795890104
1757310043.1828482,-4.138163089752197,6.75173807144165,4.010000228881836,140.06,2.224618685494171,-0.308203125,0.18530778907591539,-1.1498480017038593,0.0,0.46230468750000003,2.975336716551254,6.557821714867319,5.0,2.116142427441029
1757310043.323503,-4.138163089752197,6.75173807144165,4.010000228881836,140.06,2.224618685494171,-0.308203125,0.1814299135777473,-1.1468765666269878,0.0,0.46230468750000003,2.9626470660042905,6.541261068693552,5.0,2.103928873291194
1757310043.4873972,-4.138163089752197,6.75173807144165,4.010000228881836,140.06,2.3124769003432584,-0.13203125000000002,0.07563129305965388,-1.1542810728514878,0.0,0.198046875,2.946969397664596,6.524148998054345,5.0,2.0887868602867563
1757310043.6289997,-4.145333290100098,6.016030311584473,4.067115306854248,110.94,2.3417737753432584,-0.102734375,0.042336075240400395,-1.1565348000267153,0.0,0.1541015625,2.928480182006227,6.505118686483785,5.0,2.090701268324212
1757310043.780556,-4.148130416870117,5.969763278961182,4.070084571838379,110.94,2.2247372370537257,-0.07578125000000001,0.17404406811571704,-1.1413414581675085,0.0,0.113671875,2.9140942156256515,6.486348870428958,5.0,2.081092954702833
1757310043.9225268,-4.148130416870117,5.969763278961182,4.070084571838379,110.94,1.944138303840687,-0.060546875,0.480857885387871,-1.0475444572130754,0.0,0.0908203125,2.9085196949217687,6.472117731598238,5.0,2.0745085197727127
1757310044.0826972,-4.148130416870117,5.969763278961182,4.070084571838379,110.94,1.871815147162509,-0.064453125,0.5535143286420476,-1.0095058482604582,0.0,0.0966796875,2.9047067664594577,6.459835906195276,5.0,2.0698432453994613
1757310044.24233,-4.148130416870117,5.969763278961182,4.070084571838379,110.94,1.8585338971625092,-0.07773437500000001,0.5652194335897109,-1.0015764087690349,0.0,0.1166015625,2.9012000476101023,6.447986903363285,5.0,2.065533089044675
1757310044.3775349,-4.136019706726074,4.994327545166016,4.146139621734619,97.69,1.8448620221625092,-0.09140625000000001,0.6222481702057607,-1.0059537025785321,0.0,0.137109375,2.8967289308329383,6.432083390442013,5.0,2.178209753811423
1757310044.5332522,-4.136019706726074,4.994327545166016,4.146139621734619,97.69,1.637948858628304,-0.115234375,0.8146304628752644,-0.8565940564287606,0.0,0.1728515625,2.896089304707147,6.422572738162736,5.0,2.175684042653951
1757310044.6868181,-4.136019706726074,4.994327545166016,4.146139621734619,97.69,1.5643871462732606,-0.140625,0.8748511311852925,-0.7944092757135265,0.0,0.2109375,2.8961336285692623,6.415657149647453,5.0,2.174354213145646
1757310044.8395267,-4.136019706726074,4.994327545166016,4.146139621734619,97.69,1.5534496462732605,-0.15156250000000002,0.8830181921457136,-0.7848014069877965,0.0,0.22734375,2.8962463015225772,6.409162440093357,5.0,2.1731808140234055
1757310044.9932227,-4.136019706726074,4.994327545166016,4.146139621734619,97.69,1.5462230837732607,-0.15878906250000002,0.8882378456697797,-0.778410319644822,0.0,0.23818359375000003,2.896398839265388,6.402956216583251,5.0,2.1721088488633074
1757310045.126063,-3.8226377964019775,4.1305694580078125,4.126659870147705,96.11,1.535734438092078,-0.1638671875,0.863523404052015,-0.7702028120592228,0.0,0.24580078125000002,2.896755600867537,6.392785190147956,5.0,2.089983613945205
1757310045.2888546,-3.8226377964019775,4.1305694580078125,4.126659870147705,96.11,1.5137640690917502,-0.16367187500000002,0.8792469290130299,-0.7511029597570719,0.0,0.24550781250000003,2.8972901375732327,6.383422821502254,5.0,2.0875087100636813
1757310045.4411356,-3.8226377964019775,4.1305694580078125,4.126659870147705,96.11,1.5176703190917502,-0.15976562500000002,0.8752989734220433,-0.7545853409351893,0.0,0.23964843750000003,2.897792696224542,6.373971974705631,5.0,2.0849870047975694
1757310045.5745354,-3.8226377964019775,4.1305694580078125,4.126659870147705,96.11,1.53173281909175,-0.14570312500000002,0.8634989905418268,-0.7668623039266008,0.0,0.2185546875,2.898179177074511,6.364083353119597,5.0,2.0822288236562274
1757310045.727496,-3.7802658081054688,4.0778961181640625,4.128781318664551,93.6,1.5340765690917502,-0.143359375,0.8512050032656019,-0.7692695424259985,0.0,0.21503906250000002,2.8985535372196756,6.353892875337353,5.0,2.0559754170598357
1757310045.877187,-3.3940436840057373,3.7309963703155518,4.1455912590026855,89.41,1.4933938048666924,-0.140234375,0.7853046567976115,-0.7414962147383815,0.0,0.21035156249999998,2.899376458369431,6.3432824060950965,5.0,1.8140425168311287
1757310046.032031,-3.3940436840057373,3.7309963703155518,4.1455912590026855,89.41,1.4390310243460933,-0.1328125,0.8235324322327124,-0.6978500390025982,0.0,0.19921875,2.900534469853095,6.334544886754859,5.0,1.8117676863271104
1757310046.1791475,-3.3940436840057373,3.7309963703155518,4.1455912590026855,89.41,1.43628013420813,-0.12421875,0.8245743602582247,-0.6957003252321751,0.0,0.186328125,2.9016984567851822,6.325944005345348,5.0,1.8095610968606008
1757310046.335308,-3.3940436840057373,3.7309963703155518,4.1455912590026855,89.41,1.44331138420813,-0.1171875,0.8187482702065669,-0.7015980388558943,0.0,0.17578125,2.9028258374767053,6.317148719488669,5.0,1.807257138062889
1757310046.4788918,-2.7351176738739014,3.222769021987915,4.170074462890625,79.27,1.44545982170813,-0.11503906250000001,0.6663125527013645,-0.7223717280445014,0.0,0.17255859375000002,2.9043042610451457,6.3054149168670905,5.0,1.4269577152227733
1757310046.6367638,-2.7351176738739014,3.222769021987915,4.170074462890625,79.27,1.3901702566483,-0.11796875000000001,0.7039680861469615,-0.684673982729118,0.0,0.17695312500000002,2.9061181405789855,6.295482186321554,5.0,1.4237923148662874
1757310046.7933965,-2.7351176738739014,3.222769021987915,4.170074462890625,79.27,1.2602803105559048,-0.1232421875,0.7862930339644923,-0.5878620496326322,0.0,0.18486328125,2.907954624694578,6.289759207881459,5.0,1.4226702988117221
1757310046.9519174,-2.7351176738739014,3.222769021987915,4.170074462890625,79.27,1.2473896855559048,-0.1361328125,0.7934394705148538,-0.5778003325320029,0.0,0.20419921875000002,2.9097257672512526,6.284474966889935,5.0,1.421705440758089
1757310047.0735927,-2.7351176738739014,3.222769021987915,4.170074462890625,79.27,1.2327412480559048,-0.15078125,0.8015151877199467,-0.5662225332077319,0.0,0.22617187500000002,2.9114110437220777,6.279681122387408,5.0,1.420903219034292
1757310047.2328358,-2.1612184047698975,2.7146613597869873,4.198342323303223,70.94,1.2093037480559048,-0.17421875,0.7312279784973741,-0.5787934921466993,0.0,0.261328125,2.91413531968624,6.272476098964974,5.0,1.1981659502358362
1757310047.381476,-2.1612184047698975,2.7146613597869873,4.198342323303223,70.94,1.0768331027982823,-0.19062500000000002,0.8011210284766568,-0.4772197421605651,0.0,0.2859375,2.9158568323255887,6.269279171444013,5.0,1.197741584648199
1757310047.534322,-2.1612184047698975,2.7146613597869873,4.198342323303223,70.94,1.0351092276147773,-0.20302734375,0.8202695834014095,-0.44342378897172996,0.0,0.304541015625,2.917044042396372,6.267279094199207,5.0,1.1975674461162065
1757310047.6748931,-2.1612184047698975,2.7146613597869873,4.198342323303223,70.94,1.0259295401147774,-0.21220703125,0.82426005712141,-0.43590290911116436,0.0,0.31831054687500004,2.9180964618292573,6.265542613383308,5.0,1.1974347266588428
1757310047.8427668,-2.1612184047698975,2.7146613597869873,4.198342323303223,70.94,1.0232928213647774,-0.21484375,0.8253652165434744,-0.43375325071189574,0.0,0.322265625,2.919105726276683,6.263887200968841,5.0,1.197313720331353
1757310047.9770563,-1.5246508121490479,2.1990888118743896,4.174449443817139,63.87,1.0264178213647774,-0.21171875,0.7637692095758905,-0.4727973971239712,0.0,0.31757812500000004,2.922150555597979,6.258857726357929,5.0,1.021276114180754
1757310048.1286087,-1.5246508121490479,2.1990888118743896,4.174449443817139,63.87,0.9332920612806875,-0.209375,0.8043248258453308,-0.3997996562305054,0.0,0.3140625,2.92398274800036,6.2563840363065,5.0,1.0209621399479998
1757310048.271221,-1.5246508121490479,2.1990888118743896,4.174449443817139,63.87,0.9248980432487782,-0.18984375,0.8075687173738572,-0.3930971915021727,0.0,0.284765625,2.9256749971075093,6.25413893666356,5.0,1.020700235278925
1757310048.4384546,-1.5246508121490479,2.1990888118743896,4.174449443817139,63.87,0.9559527307487782,-0.15878906250000002,0.7948234205352638,-0.4180886060266358,0.0,0.23818359375000003,2.927824667407044,6.2510947377797805,5.0,1.0202400217616452
1757310048.5834599,-1.1677511930465698,1.9644602537155151,4.166359901428223,54.09,0.9704058557487782,-0.1443359375,0.7580559880427258,-0.45051307046230016,0.0,0.21650390625000002,2.9312797399573385,6.246048701367171,5.0,0.9273986051881984
1757310048.7301075,-0.781834602355957,1.6976888179779053,4.169625759124756,51.62,0.8604378621720098,-0.121484375,0.7857036028831673,-0.379405900479722,0.0,0.18222656250000002,2.9346279668444533,6.242156102970709,5.0,0.8706283251997462
1757310048.8731985,-0.781834602355957,1.6976888179779053,4.169625759124756,51.62,0.8235952098794729,-0.07734375,0.7989827555840381,-0.3503584035600999,0.0,0.11601562500000001,2.9373739418124516,6.239191910327133,5.0,0.8700734691171359
1757310049.038158,-0.781834602355957,1.6976888179779053,4.169625759124756,51.62,0.844493647379473,-0.056445312500000004,0.7912692571261983,-0.36717148022163687,0.0,0.08466796875,2.9404468549285605,6.235732517422362,5.0,0.8693457783054219
1757310049.1861281,-0.781834602355957,1.6976888179779053,4.169625759124756,51.62,0.8661733348794729,-0.034765625,0.7828402930242224,-0.38447934427364927,0.0,0.052148437500000006,2.9438353459797377,6.2317470987392,5.0,0.868415549130086
1757310049.352641,-0.6276735067367554,1.5843325853347778,4.172844886779785,37.75,0.8833608348794729,-0.017578125,0.7734362189642947,-0.4000777702645334,0.0,0.0263671875,2.9480410257879837,6.226624678940757,5.0,0.8597449006305045
1757310049.4877174,-0.3374943137168884,1.3740819692611694,4.163086414337158,34.59,0.8081870771105399,-0.010546875,0.8010519276883725,-0.3410964660412069,0.0,0.015820312500000003,2.952320185233286,6.222145901059977,5.0,0.858890963681719
1757310049.6240761,-0.3374943137168884,1.3740819692611694,4.163086414337158,34.59,0.61374902459595,-0.0171875,0.8518601796458108,-0.17989650699541337,0.0,0.025781250000000002,2.9527402570881187,6.221849954588508,5.0,0.8588819727389199
1757310049.7752497,-0.3374943137168884,1.3740819692611694,4.163086414337158,34.59,0.5525375132648387,-0.051171875000000006,0.8612579052467166,-0.12746753460636023,0.0,0.07675781250000001,2.951649504075756,6.222522515099719,5.0,0.8588260582351124
1757310049.9244244,-0.3374943137168884,1.3740819692611694,4.163086414337158,34.59,0.5312484507648386,-0.0724609375,0.8637513492982978,-0.10914695466486696,0.0,0.10869140625000001,2.9500133135549755,6.2234839329325595,5.0,0.8587034235085342
1757310050.0946994,0.2602982819080353,1.0298014879226685,4.166729927062988,35.6,0.4551433339573311,-0.1201171875,0.86781239263745,-0.04670845511442362,0.0,0.18017578125,2.9494169084208934,6.223775822200794,5.0,0.8488228193883858
1757310050.222086,0.2602982819080353,1.0298014879226685,4.166729927062988,35.6,0.4392231554732856,-0.15000000000000002,0.8684386396280638,-0.0329030490658907,0.0,0.22500000000000003,2.948397757606495,6.224254651717547,5.0,0.8487795703128489
1757310050.3754876,0.2602982819080353,1.0298014879226685,4.166729927062988,35.6,0.42485283870998125,-0.19648437500000002,0.8688084421136992,-0.020449832248181588,0.0,0.2947265625,2.9469944765063913,6.2248895043100045,5.0,0.8486986535536767
1757310050.5336003,0.2602982819080353,1.0298014879226685,4.166729927062988,35.6,0.4008294012099813,-0.2205078125,0.8690224173669678,0.00036315322143820605,0.0,0.33076171875000004,2.9449379540368543,6.225760999349982,5.0,0.8485284827518704
1757310050.6801248,0.2602982819080353,1.0298014879226685,4.166729927062988,35.6,0.3894036199599813,-0.23193359375,0.8689277181739029,0.010209743495324164,0.0,0.347900390625,2.94257386874799,6.2267311205140325,5.0,0.8483057315656675
1757310050.8332646,0.9769458770751953,0.9419012069702148,4.144141674041748,39.93,0.4207552305843121,-0.22187500000000002,0.8345298542031161,-0.09366443818636672,0.0,0.3328125,2.9442369600620126,6.225986922581416,5.0,0.6384214151769276
1757310050.9724083,0.9769458770751953,0.9419012069702148,4.144141674041748,39.93,0.5029646578213358,-0.19394531250000002,0.823904334228237,-0.16208726853276806,0.0,0.29091796875000003,2.947844124819584,6.2240024113287955,5.0,0.6378216569920223
1757310051.1331916,0.9769458770751953,0.9419012069702148,4.144141674041748,39.93,0.5441755953213359,-0.152734375,0.8163255415278836,-0.1962266994914431,0.0,0.22910156250000002,2.9523289474204697,6.2212885561414835,5.0,0.6368492136295751
1757310051.284128,0.9769458770751953,0.9419012069702148,4.144141674041748,39.93,0.5683943453213358,-0.128515625,0.8110702998266828,-0.21635085650520874,0.0,0.19277343749999998,2.957288626854732,6.218120781331646,5.0,0.6356233376157334
1757310051.4434466,1.2536168098449707,0.9933342933654785,4.1291184425354,26.69,0.5974959078213358,-0.09941406250000001,0.7724286378507862,-0.28689023752027953,0.0,0.14912109375000002,2.963616645134619,6.213814773892743,5.0,0.49340658282789107
1757310051.5774395,1.5278180837631226,1.0358842611312866,4.121602535247803,24.13,0.5519887929619758,-0.07109375,0.7590559876294645,-0.2930622689361362,0.0,0.10664062499999999,2.9699714925888316,6.20990117328291,5.0,0.371243567538027
1757310051.7234664,1.5278180837631226,1.0358842611312866,4.121602535247803,24.13,0.3879448235062317,-0.033203125,0.7966709699868727,-0.16530019728220838,0.0,0.0498046875,2.9728516673372183,6.208724176888517,5.0,0.3708839916449751
1757310051.9141228,1.5278180837631226,1.0358842611312866,4.121602535247803,24.13,0.4020073235062317,-0.019140625,0.7941977145010268,-0.17665137625903782,0.0,0.028710937500000002,2.976045613331047,6.207366234425915,5.0,0.37043655371792994
1757310052.0536442,1.5278180837631226,1.0358842611312866,4.121602535247803,24.13,0.41392138600623174,-0.0072265625,0.7919518043281542,-0.1862941319737348,0.0,0.010839843750000001,2.9794975049044843,6.205849813829622,5.0,0.3699084682937306
1757310052.19612,1.6698976755142212,1.037625789642334,4.121344089508057,15.85,0.4234916985062317,0.0023437500000000003,0.7836969287481436,-0.2081420212014126,0.0,-0.0035156250000000005,2.983736506556776,6.20393901117179,5.0,0.33075649199110657
1757310052.330772,2.200744152069092,0.9229217171669006,4.10364294052124,11.6,0.3236672391345776,0.008984375000000001,0.801450743560841,-0.1262845308398312,0.0,-0.0134765625,2.9881795105254847,6.202448541746062,5.0,0.33792637034253836
1757310052.4776692,2.200744152069092,0.9229217171669006,4.10364294052124,11.6,0.21573944323134223,0.013281250000000001,0.810380198707054,-0.039266335701616695,0.0,-0.019921875000000002,2.98994269634237,6.20206213949674,5.0,0.33780459936104634
1757310052.6305828,2.200744152069092,0.9229217171669006,4.10364294052124,11.6,0.20636444323134223,0.00390625,0.8107053786663608,-0.03170239432595584,0.0,-0.005859375,2.991456174234888,6.201745300994778,5.0,0.3377152351146391
1757310052.7870622,2.200744152069092,0.9229217171669006,4.10364294052124,11.6,0.18800506823134222,-0.014453125,0.8111476794463922,-0.0168300097535172,0.0,0.021679687500000003,2.9924868397215727,6.201549214917311,5.0,0.3376740949085608
1757310052.93394,2.7991507053375244,0.7508185505867004,4.113757610321045,7.62,0.15179347938460402,-0.031640625,0.8182485486081387,0.058460578664280644,0.0,0.047460937499999994,2.995615934433495,6.201070556788618,5.0,0.45379184763699687
1757310053.084646,2.7991507053375244,0.7508185505867004,4.113757610321045,7.62,0.05330666651759457,-0.071484375,0.8085349262094322,0.13863051969177956,0.0,0.10722656250000001,2.9960863204719224,6.2010454582991335,5.0,0.4537837307745338
1757310053.2276824,2.7991507053375244,0.7508185505867004,4.113757610321045,7.62,0.03924408900196791,-0.09375,0.8065055388277854,0.1499864164689357,0.0,0.140625,2.9961715063717906,6.2010421135388345,5.0,0.45378346491670296
1757310053.3777256,2.7991507053375244,0.7508185505867004,4.113757610321045,7.62,0.00037690150196789673,-0.1326171875,0.8000683506035178,0.18119794701560216,0.0,0.19892578125000002,2.99519667349282,6.201042480954828,5.0,0.4537487027536713
1757310053.5271986,2.7991507053375244,0.7508185505867004,4.113757610321045,7.62,-0.01661528599803211,-0.14960937500000002,0.7968745475351756,0.19473600874287877,0.0,0.2244140625,2.9937640124184965,6.2010186746905855,5.0,0.4536735997009389
1757310053.6789,3.427021026611328,0.6956233978271484,4.102167129516602,13.26,-0.006808489426564229,-0.18046875,0.7985591060299723,0.2143520973587385,0.0,0.27070312500000004,2.995742785735892,6.201032147355972,5.0,0.5222754748781906
1757310053.8333554,3.427021026611328,0.6956233978271484,4.102167129516602,13.26,0.019516596314448104,-0.2119140625,0.8039225573232794,0.19315332295306825,0.0,0.31787109375,2.9984354534706195,6.200979588973496,5.0,0.5220134357766435
1757310053.9775832,3.427021026611328,0.6956233978271484,4.102167129516602,13.26,-0.012319341185551919,-0.24375000000000002,0.79736759387643,0.21859774368406212,0.0,0.36562500000000003,3.0002389786319177,6.201001808339355,5.0,0.5218959026236103
1757310054.1305158,3.427021026611328,0.6956233978271484,4.102167129516602,13.26,-0.029116216185551907,-0.260546875,0.7935842735850618,0.23193394566349224,0.0,0.39082031250000004,3.0015700543065518,6.201040575181993,5.0,0.521831836134532
1757310054.278089,3.826307535171509,0.7722931504249573,4.118661403656006,17.33,-0.05255371618555191,-0.283984375,0.7885834471352337,0.23806217670111385,0.0,0.42597656250000004,3.0042584838691906,6.201181992363235,5.0,0.4907739619172977
1757310054.4241571,3.9152636528015137,0.7959128022193909,4.12575101852417,17.33,-0.07183789853761713,-0.32333984375,0.7841195540838414,0.24942656413689274,0.0,0.48500976562500003,3.0068551999864037,6.201368856551831,5.0,0.4812554285004067
1757310054.5776806,3.9152636528015137,0.7959128022193909,4.12575101852417,17.33,-0.06164576875438277,-0.364111328125,0.7866283508743943,0.24130234248733956,0.0,0.5461669921875001,3.009718103808678,6.201545566359807,5.0,0.4809559678991304
1757310054.734186,3.9152636528015137,0.7959128022193909,4.12575101852417,17.33,-0.07521998750438275,-0.377685546875,0.7832872399970222,0.25186808107133446,0.0,0.5665283203125,3.0121948636792695,6.201732220371545,5.0,0.48073141282781773
1757310054.877804,3.9152636528015137,0.7959128022193909,4.12575101852417,17.33,-0.07521998750438275,-0.377685546875,0.7832939229801146,0.251779402857644,0.0,0.5665283203125,3.0146592397505083,6.201917941113223,5.0,0.4805090886297654
1757310055.0257657,4.062465190887451,0.8920915722846985,4.326383590698242,31.17,-0.07521998750438275,-0.377685546875,0.7853581435326102,0.2243887318461193,0.0,0.5665283203125,3.017879181652902,6.202160602939578,5.0,0.41183823123055063
1757310055.186245,4.062465190887451,0.8920915722846985,4.326383590698242,31.17,-0.07521998750438275,-0.377685546875,0.7853695828155899,0.22423694107147313,0.0,0.5665283203125,3.0210830238457835,6.202402051456803,5.0,0.4114576782081052
1757310055.3236098,4.062465190887451,0.8920915722846985,4.326383590698242,31.17,-0.07521998750438275,-0.377685546875,0.7853809087842316,0.22408665389378857,0.0,0.5665283203125,3.024270846827701,6.20264229273144,5.0,0.4110808948374691
1757310055.4791474,4.062465190887451,0.8920915722846985,4.326383590698242,31.17,-0.07521998750438275,-0.377685546875,0.7853921225532766,0.22393785552128015,0.0,0.5665283203125,3.0274427306947085,6.202881332799705,5.0,0.4107078440343157
1757310055.6255124,4.062465190887451,0.8920915722846985,4.326383590698242,31.17,-0.07521998750438275,-0.377685546875,0.7854032252266505,0.22379053130567372,0.0,0.5665283203125,3.030598755142381,6.203119177667628,5.0,0.41033848907411397
1757310055.781112,4.019859790802002,0.862890899181366,5.027352333068848,29.39,-0.07521998750438275,-0.377685546875,0.7847890692679496,0.23193992396345336,0.0,0.5665283203125,3.0335162345201976,6.2033390452601616,5.0,0.4307697439658664
1757310055.9279256,4.019859790802002,0.862890899181366,5.027352333068848,29.39,0.1626104702861335,-0.350341796875,0.817141218090636,0.03929410790797913,0.0,0.5255126953125,3.042584617674448,6.2018512949230855,5.0,0.4276666138691745
1757310056.0980709,4.019859790802002,0.862890899181366,5.027352333068848,29.39,0.21685851716113352,-0.29609375,0.8177197949269944,-0.0066585714017229625,0.0,0.44414062499999996,3.0528539781566066,6.199588717056978,5.0,0.4236006343579817
1757310056.2364323,4.019859790802002,0.862890899181366,5.027352333068848,29.39,0.2854132046611335,-0.2275390625,0.8147308094495489,-0.0647435512437986,0.0,0.34130859375,3.0645146347933214,6.196167196704876,5.0,0.41816578122479875
1757310056.3816707,4.019859790802002,0.862890899181366,5.027352333068848,29.39,0.3498663296611335,-0.1630859375,0.8079309034291184,-0.11965592875776476,0.0,0.24462890625,3.0773168803664395,6.19149595147971,5.0,0.4113232153875064
1757310056.5243602,4.096553802490234,0.703809916973114,6.077860355377197,6.49,0.36998351716113353,-0.14296875,0.8288661654874542,-0.07527782882322284,0.0,0.21445312500000002,3.090997082265345,6.186190164528026,5.0,0.5738350797605856
1757310056.678181,4.096553802490234,0.703809916973114,6.077860355377197,6.49,0.01678749345443198,-0.09648437500000001,0.8037331576759391,0.21564126677635814,0.0,0.14472656250000002,3.096483539729335,6.1860980520060505,5.0,0.5727572821702509
1757310056.8282788,4.096553802490234,0.703809916973114,6.077860355377197,6.49,0.04022499345443199,-0.073046875,0.808544624908754,0.19621404174362217,0.0,0.10957031249999999,3.102577240591941,6.185852800638135,5.0,0.5714256329906666
1757310056.978311,4.096553802490234,0.703809916973114,6.077860355377197,6.49,0.054287493454431984,-0.058984375000000006,0.8111915131418165,0.184229804563188,0.0,0.08847656250000001,3.1090176008253225,6.185502825749161,5.0,0.5699358071457485
1757310057.1369076,4.118512153625488,0.6406853795051575,6.545030117034912,357.69,0.054287493454431984,-0.058984375000000006,0.8125916818651775,0.20999619881045975,0.0,0.08847656250000001,3.1155523284797546,6.185147722850804,5.0,0.6344468306688507
1757310057.2908192,4.09738826751709,0.5896405577659607,7.497990608215332,353.71,0.054287493454431984,-0.058984375000000006,0.8135705559435876,0.22800978174652556,0.0,0.08847656250000001,3.1219629023046602,6.184799366581693,5.0,0.6795472301027736
1757310057.446414,4.09738826751709,0.5896405577659607,7.497990608215332,353.71,0.054287493454431984,-0.058984375000000006,0.8135394422936045,0.2274372174844045,0.0,0.08847656250000001,3.128341423260441,6.184452752093927,5.0,0.6781137075761947
1757310057.581781,4.09738826751709,0.5896405577659607,7.497990608215332,353.71,0.054287493454431984,-0.058984375000000006,0.8135086312623921,0.22687022211867527,0.0,0.08847656250000001,3.1346880516114433,6.1841078706786,5.0,0.6766941278311585
1757310057.7549708,4.09738826751709,0.5896405577659607,7.497990608215332,353.71,0.054287493454431984,-0.058984375000000006,0.8134781199792758,0.22630874282218114,0.0,0.08847656250000001,3.14100294682069,6.18376471367035,5.0,0.6752883586049228
1757310057.890451,3.98954701423645,0.6941972374916077,9.125768661499023,358.1,0.054287493454431984,-0.058984375000000006,0.8108366113577169,0.1776987778836177,0.0,0.08847656250000001,3.1467203239667336,6.183454026323773,5.0,0.5535841511199786
1757310058.0341303,3.98734974861145,0.698959469795227,9.185639381408691,358.1,0.054287493454431984,-0.058984375000000006,0.8107019905732065,0.17522143915315028,0.0,0.08847656250000001,3.1523968701352505,6.183145557768739,5.0,0.547381666768378
1757310058.1964257,3.98734974861145,0.698959469795227,9.185639381408691,358.1,0.054287493454431984,-0.058984375000000006,0.8106770135081831,0.17476180247237397,0.0,0.08847656250000001,3.158045033572925,6.182838631556481,5.0,0.5462308797222324
1757310058.3385134,3.98734974861145,0.698959469795227,9.185639381408691,358.1,0.054287493454431984,-0.058984375000000006,0.81065228048313,0.17430665670043044,0.0,0.08847656250000001,3.1636649561934105,6.182533239975284,5.0,0.5450913365126349
1757310058.4808414,3.98734974861145,0.698959469795227,9.185639381408691,358.1,0.054287493454431984,-0.058984375000000006,0.8106277891620239,0.17385595884900154,0.0,0.08847656250000001,3.169256779200794,6.1822293753519935,5.0,0.5439629295102302
1757310058.6220593,3.941531181335449,0.7751388549804688,10.508354187011719,11.78,0.054287493454431984,-0.058984375000000006,0.8088255656906921,0.14069081259966112,0.0,0.08847656250000001,3.174571587424333,6.181940563957824,5.0,0.46092773609876314
1757310058.7769427,3.941531181335449,0.7751388549804688,10.508354187011719,11.78,0.054287493454431984,-0.058984375000000006,0.8088033241140098,0.1402815153314693,0.0,0.08847656250000001,3.1798598216067546,6.181653196620626,5.0,0.45990298325818824
1757310058.9266937,3.941531181335449,0.7751388549804688,10.508354187011719,11.78,0.054287493454431984,-0.058984375000000006,0.8087813002840881,0.13987622511527817,0.0,0.08847656250000001,3.185121614618264,6.181367266120114,5.0,0.45888826282740247
1757310059.075753,3.941531181335449,0.7751388549804688,10.508354187011719,11.78,0.054287493454431984,-0.058984375000000006,0.8087594921082992,0.13947490344181418,0.0,0.08847656250000001,3.1903570986647156,6.181082765272104,5.0,0.4578834783911825
1757310059.2501733,3.942342519760132,0.7844331860542297,10.756468772888184,14.02,0.054287493454431984,-0.058984375000000006,0.8085404735134375,0.13544444670575492,0.0,0.08847656250000001,3.1955679321633257,6.180799603956735,5.0,0.44779247043665293
1757310059.3804145,4.032038688659668,0.7657302021980286,12.022762298583984,14.13,0.054287493454431984,-0.058984375000000006,0.809198999984867,0.14756288100729173,0.0,0.08847656250000001,3.201204938626641,6.180493284024362,5.0,0.4781332543580348
1757310059.5234485,4.032038688659668,0.7657302021980286,12.022762298583984,14.13,0.054287493454431984,-0.058984375000000006,0.8091740582831659,0.14710389509473182,0.0,0.08847656250000001,3.20681376005764,6.180188495691651,5.0,0.4769840966327523
1757310059.7003553,4.032038688659668,0.7657302021980286,12.022762298583984,14.13,0.054287493454431984,-0.058984375000000006,0.8091493602187461,0.14664939268058252,0.0,0.08847656250000001,3.2123945373814835,6.179885231300603,5.0,0.47584616419062975
1757310059.841241,4.032038688659668,0.7657302021980286,12.022762298583984,14.13,0.054287493454431984,-0.058984375000000006,0.8091249034605275,0.14619933086748885,0.0,0.08847656250000001,3.217947410818708,6.179583483231511,5.0,0.474719349630055
1757310060.0135987,3.9857239723205566,0.6936734318733215,12.757347106933594,8.32,0.054287493454431984,-0.058984375000000006,0.8105061011627126,0.17161661375215378,0.0,0.08847656250000001,3.2232611486161913,6.179294730005243,5.0,0.5383563070688933
1757310060.1670985,3.9857239723205566,0.6936734318733215,12.757347106933594,8.32,0.054287493454431984,-0.058984375000000006,0.8104841794235971,0.17121320224666178,0.0,0.08847656250000001,3.2285483177246874,6.1790074205451075,5.0,0.5373462903443746
1757310060.2829123,3.9857239723205566,0.6936734318733215,12.757347106933594,8.32,0.054287493454431984,-0.058984375000000006,0.8104624724142031,0.17081374227255772,0.0,0.08847656250000001,3.2338090509876407,6.178721547632272,5.0,0.5363461670233285
1757310060.4329002,3.9857239723205566,0.6936734318733215,12.757347106933594,8.32,0.054287493454431984,-0.058984375000000006,0.810440978068712,0.1704181958139266,0.0,0.08847656250000001,3.2390434805842796,6.178437104084001,5.0,0.5353558419257478
1757310060.5725968,3.9857239723205566,0.6936734318733215,12.757347106933594,8.32,0.054287493454431984,-0.058984375000000006,0.8104196943404611,0.1700265252073676,0.0,0.08847656250000001,3.244251738032935,6.178154082753471,5.0,0.5343752207542112
1757310060.7257867,3.5443356037139893,0.4615895450115204,13.09444522857666,10.38,0.054287493454431984,-0.058984375000000006,0.8145377906162429,0.24580917226957774,0.0,0.08847656250000001,3.2472963826762844,6.1779886340623404,5.0,0.7241113584674199
1757310060.884694,3.5443356037139893,0.4615895450115204,13.09444522857666,10.38,0.054287493454431984,-0.058984375000000006,0.8145308276647115,0.24568103760174156,0.0,0.08847656250000001,3.2503258040964167,6.177824012614665,5.0,0.7237905491802694
1757310061.0255637,3.5443356037139893,0.4615895450115204,13.09444522857666,10.38,0.054287493454431984,-0.058984375000000006,0.8145239337841579,0.24555417400218124,0.0,0.08847656250000001,3.2533400784094484,6.177660214274228,5.0,0.723472922252073
1757310061.1760063,3.5443356037139893,0.4615895450115204,13.09444522857666,10.38,0.054287493454431984,-0.058984375000000006,0.8145171082931681,0.24542856893127915,0.0,0.08847656250000001,3.256339281350915,6.177497234925494,5.0,0.7231584462875347
1757310061.3340654,3.5443356037139893,0.4615895450115204,13.09444522857666,10.38,0.054287493454431984,-0.058984375000000006,0.8145103505169771,0.2453042099717693,0.0,0.08847656250000001,3.2593234882776745,6.177335070473503,5.0,0.7228470901976891
1757310061.4856713,2.8280234336853027,0.14707903563976288,13.109724998474121,15.08,0.054287493454431984,-0.058984375000000006,0.8215166026202612,0.3742357100667376,0.0,0.08847656250000001,3.2588069605907624,6.177363139046274,5.0,1.0456513970663552
1757310061.6350765,2.8280234336853027,0.14707903563976288,13.109724998474121,15.08,0.054287493454431984,-0.058984375000000006,0.8215164128795704,0.3742322183922261,0.0,0.08847656250000001,3.2582930155422845,6.17739106727618,5.0,1.04564265500123
1757310061.7891014,2.8280234336853027,0.14707903563976288,13.109724998474121,15.08,0.054287493454431984,-0.058984375000000006,0.8215162250312728,0.374228761542194,0.0,0.08847656250000001,3.257781640219049,6.177418855864937,5.0,1.0456340001257516
1757310061.9322731,2.8280234336853027,0.14707903563976288,13.109724998474121,15.08,0.054287493454431984,-0.058984375000000006,0.821516039056497,0.37422533916936596,0.0,0.08847656250000001,3.2572728217724296,6.177446505510751,5.0,1.0456254315704507
1757310062.0737877,2.4572136402130127,-0.00302278995513916,13.13167953491211,15.7,0.054287493454431984,-0.058984375000000006,0.8255582635447525,0.44861176707810524,0.0,0.08847656250000001,3.2549586204679324,6.177572261262799,5.0,1.231865871523679
1757310062.2242732,1.6496652364730835,-0.28520333766937256,13.19725513458252,14.26,0.054287493454431984,-0.058984375000000006,0.8348069419611293,0.6188091799802855,0.0,0.08847656250000001,3.2487065801970023,6.177912002677936,5.0,1.6579871674231326
1757310062.3868308,1.6496652364730835,-0.28520333766937256,13.19725513458252,14.26,0.054287493454431984,-0.058984375000000006,0.8347816981705706,0.6183446349229811,0.0,0.08847656250000001,3.242485800127427,6.178250045385997,5.0,1.6568240913313943
1757310062.5242834,1.6496652364730835,-0.28520333766937256,13.19725513458252,14.26,0.054287493454431984,-0.058984375000000006,0.8347567018412658,0.6178846437341654,0.0,0.08847656250000001,3.236296123958199,6.178586397880519,5.0,1.6556724167075672
1757310062.6885161,1.6496652364730835,-0.28520333766937256,13.19725513458252,14.26,0.054287493454431984,-0.058984375000000006,0.8347319505888389,0.6174291625357159,0.0,0.08847656250000001,3.2301373961698174,6.178921068612567,5.0,1.6545320336945029
1757310062.8632047,1.2133466005325317,-0.4008622467517853,13.212310791015625,12.4,0.054287493454431984,-0.058984375000000006,0.839624340217034,0.7074606265072456,0.0,0.08847656250000001,3.2218656244858415,6.179370564024596,5.0,1.8799427696457176
1757310062.9789493,0.6574429273605347,-0.5262106657028198,13.212810516357422,12.4,0.054287493454431984,-0.058984375000000006,0.8460469933729509,0.825652534787833,0.0,0.08847656250000001,3.2108978343051477,6.179966563473647,5.0,2.1758584845943325
1757310063.1508274,0.6574429273605347,-0.5262106657028198,13.212810516357422,12.4,0.054287493454431984,-0.058984375000000006,0.8459749023847993,0.8243258912259582,0.0,0.08847656250000001,3.1999848830753574,6.180559582925452,5.0,2.1725369824390226
1757310063.2778215,0.6574429273605347,-0.5262106657028198,13.212810516357422,12.4,0.054287493454431984,-0.058984375000000006,0.8459034976026849,0.8230118754674249,0.0,0.08847656250000001,3.189126496601716,6.181149637279998,5.0,2.1692470963690136
1757310063.429393,0.6574429273605347,-0.5262106657028198,13.212810516357422,12.4,0.054287493454431984,-0.058984375000000006,0.8458327727903978,0.8217103727513249,0.0,0.08847656250000001,3.1783224020604433,6.181736741362772,5.0,2.1659885390587448
1757310063.5841653,0.01418924331665039,-0.5745901465415955,13.1893949508667,13.37,0.054287493454431984,-0.058984375000000006,0.8521126490293709,0.9372748503015997,0.0,0.08847656250000001,3.1643786352487813,6.182494458022238,5.0,2.4553259860501946
1757310063.731353,0.01418924331665039,-0.5745901465415955,13.1893949508667,13.37,0.054287493454431984,-0.058984375000000006,0.8520004832994352,0.9352107373341144,0.0,0.08847656250000001,3.1505045872711777,6.183248386098406,5.0,2.4501580902661777
1757310063.8868322,0.01418924331665039,-0.5745901465415955,13.1893949508667,13.37,0.054287493454431984,-0.058984375000000006,0.8518893597250867,0.9331658024780092,0.0,0.08847656250000001,3.136699909533462,6.1839985445341945,5.0,2.4450382104980033
1757310064.0349414,0.01418924331665039,-0.5745901465415955,13.1893949508667,13.37,0.054287493454431984,-0.058984375000000006,0.8517792692781067,0.9311398795928457,0.0,0.08847656250000001,3.122964255184435,6.1847449521778035,5.0,2.439965930781775
1757310064.1765528,0.01418924331665039,-0.5745901465415955,13.1893949508667,13.37,0.054287493454431984,-0.058984375000000006,0.8516702029972733,0.9291328037710898,0.0,0.08847656250000001,3.109297279107153,6.1854876277831945,5.0,2.434940838240406
1757310064.3269176,-0.29608458280563354,-0.3081289827823639,13.090248107910156,14.74,0.054287493454431984,-0.058984375000000006,0.8493068028985018,0.8856406890759358,0.0,0.08847656250000001,3.094079650858139,6.186314567203337,5.0,2.326050133268537
1757310064.478953,-0.29608458280563354,-0.3081289827823639,13.090248107910156,14.74,0.054287493454431984,-0.058984375000000006,0.8491708383053126,0.8831386211084599,0.0,0.08847656250000001,3.0789381107503706,6.187137371926379,5.0,2.3197857346120063
1757310064.6208484,-0.29608458280563354,-0.3081289827823639,13.090248107910156,14.74,0.054287493454431984,-0.058984375000000006,0.8490361152361169,0.8806594000994619,0.0,0.08847656250000001,3.063872278343141,6.187956062625806,5.0,2.3135785376214004
1757310064.7752445,-0.29608458280563354,-0.3081289827823639,13.090248107910156,14.74,0.054287493454431984,-0.058984375000000006,0.8489026232974639,0.8782028347850265,0.0,0.08847656250000001,3.0488817750979473,6.188770659871735,5.0,2.3074280634314634
1757310064.9464438,-0.31793248653411865,-0.2512522339820862,13.075695991516113,14.74,0.054287493454431984,-0.058984375000000006,0.8478899900092662,0.8595680030706181,0.0,0.08847656250000001,3.033841898311778,6.189587940119686,5.0,2.260772250610291
1757310065.0760643,-0.39794644713401794,-0.06543877720832825,12.996377944946289,15.35,0.054287493454431984,-0.058984375000000006,0.8450068390558478,0.8065112514801017,0.0,0.08847656250000001,3.0184279913105336,6.1904255455013635,5.0,2.12793467477146
1757310065.2351224,-0.39794644713401794,-0.06543877720832825,12.996377944946289,15.35,0.054287493454431984,-0.058984375000000006,0.8448634621835076,0.8038727801608804,0.0,0.08847656250000001,3.0030911538442955,6.191258962856133,5.0,2.1213287646194274
1757310065.3722093,-0.39794644713401794,-0.06543877720832825,12.996377944946289,15.35,0.054287493454431984,-0.058984375000000006,0.8447213843586521,0.8012582143675271,0.0,0.08847656250000001,2.9878310005653885,6.192088213124128,5.0,2.1147827064562614
1757310065.5286715,-0.39794644713401794,-0.06543877720832825,12.996377944946289,15.35,0.054287493454431984,-0.058984375000000006,0.844580594871302,0.7986673570112619,0.0,0.08847656250000001,2.972647148052876,6.192913317140784,5.0,2.1082960068330605
1757310065.6758127,-0.42342880368232727,-0.12412000447511673,13.012627601623535,9.58,0.054287493454431984,-0.058984375000000006,0.8458239296042104,0.8215476373481501,0.0,0.08847656250000001,2.95742807515776,6.193740335064277,5.0,2.1655811003103693
1757310065.8274865,-0.42342880368232727,-0.12412000447511673,13.012627601623535,9.58,0.054287493454431984,-0.058984375000000006,0.8456848910621102,0.8189890014983798,0.0,0.08847656250000001,2.9422850976271198,6.1945632178981525,5.0,2.1591750733006316
1757310065.9774036,-0.42342880368232727,-0.12412000447511673,13.012627601623535,9.58,0.054287493454431984,-0.058984375000000006,0.8455471167644406,0.8164536307165121,0.0,0.08847656250000001,2.9272178349841327,6.195381986317859,5.0,2.1528272947725524
1757310066.1303122,-0.42342880368232727,-0.12412000447511673,13.012627601623535,9.58,0.054287493454431984,-0.058984375000000006,0.8454105962149399,0.8139413318466685,0.0,0.08847656250000001,2.9122259086543605,6.196196660895467,5.0,2.146537281123991
1757310066.2842884,-0.42342880368232727,-0.12412000447511673,13.012627601623535,9.58,0.054287493454431984,-0.058984375000000006,0.8452753189881869,0.8114519130366057,0.0,0.08847656250000001,2.8973089419562372,6.197007262100187,5.0,2.140304552016704
1757310066.425811,-0.320430725812912,-0.3424099385738373,12.976542472839355,9.95,0.054287493454431984,-0.058984375000000006,0.8483638604243559,0.868288332080688,0.0,0.08847656250000001,2.883039169946405,6.197782694171353,5.0,2.2826052375815813
1757310066.5919418,-0.320430725812912,-0.3424099385738373,12.976542472839355,9.95,0.054287493454431984,-0.058984375000000006,0.8482435983751204,0.8660752278155476,0.0,0.08847656250000001,2.868840746796622,6.198554249082164,5.0,2.2770643140073537
1757310066.7301693,-0.320430725812912,-0.3424099385738373,12.976542472839355,9.95,0.054287493454431984,-0.058984375000000006,0.8481244456670338,0.8638825380339772,0.0,0.08847656250000001,2.854713315762588,6.199321946218421,5.0,2.2715745019397326
1757310066.8845537,-0.320430725812912,-0.3424099385738373,12.976542472839355,9.95,0.054287493454431984,-0.058984375000000006,0.8480063928258215,0.8617100883870612,0.0,0.08847656250000001,2.840656521883724,6.200085804868997,5.0,2.266135364863353
1757310067.0237882,-0.320430725812912,-0.3424099385738373,12.976542472839355,9.95,0.054287493454431984,-0.058984375000000006,0.8478894304453336,0.8595577057795458,0.0,0.08847656250000001,2.826670011974254,6.200845844226319,5.0,2.260746469401628
1757310067.1754103,-0.14285489916801453,-0.4899168014526367,12.956244468688965,14.56,0.054287493454431984,-0.058984375000000006,0.8490782681235738,0.8814351122681138,0.0,0.08847656250000001,2.8136786598891996,6.2015518058245584,5.0,2.3155206792140044
1757310067.3276403,-0.14285489916801453,-0.4899168014526367,12.956244468688965,14.56,0.054287493454431984,-0.058984375000000006,0.8489790444646342,0.8796091638147326,0.0,0.08847656250000001,2.800752264564571,6.202254237614806,5.0,2.310949073171746
1757310067.4821446,-0.14285489916801453,-0.4899168014526367,12.956244468688965,14.56,0.054287493454431984,-0.058984375000000006,0.8488807494035902,0.8778003037443967,0.0,0.08847656250000001,2.787890501216565,6.202953157246102,5.0,2.306420251116646
1757310067.629504,-0.14285489916801453,-0.4899168014526367,12.956244468688965,14.56,0.054287493454431984,-0.058984375000000006,0.8487833747801572,0.8760083818886982,0.0,0.08847656250000001,2.775093046685299,6.203648582279243,5.0,2.301933837073798
1757310067.7847493,0.08763161301612854,-0.5842490196228027,12.925817489624023,18.42,0.054287493454431984,-0.058984375000000006,0.8486738009945538,0.873991966786779,0.0,0.08847656250000001,2.7635341739719004,6.2042767016775295,5.0,2.2968853618846072
1757310067.9260905,0.11427053809165955,-0.5925459861755371,12.926299095153809,18.42,0.054287493454431984,-0.058984375000000006,0.8485535316255998,0.8717787278216191,0.0,0.08847656250000001,2.7521681457761393,6.2048943417336355,5.0,2.2913441010634976
1757310068.0791395,0.11427053809165955,-0.5925459861755371,12.926299095153809,18.42,0.054287493454431984,-0.058984375000000006,0.8484773359223735,0.8703765478582188,0.0,0.08847656250000001,2.740858947721357,6.205508893589461,5.0,2.287833479292579
1757310068.2494354,0.11427053809165955,-0.5925459861755371,12.926299095153809,18.42,0.054287493454431984,-0.058984375000000006,0.848401864097165,0.868987688951119,0.0,0.08847656250000001,2.7296062956568488,6.206120372686008,5.0,2.2843562092963836
1757310068.388246,0.11427053809165955,-0.5925459861755371,12.926299095153809,18.42,0.054287493454431984,-0.058984375000000006,0.848327109596564,0.8676120305021704,0.0,0.08847656250000001,2.718409906852663,6.206728794387072,5.0,2.280911989134718
1757310068.5344088,0.20947742462158203,-0.6637632250785828,12.92720890045166,17.14,0.054287493454431984,-0.058984375000000006,0.8489835972885496,0.879692946471767,0.0,0.08847656250000001,2.7077634259351453,6.207307333605695,5.0,2.311158838841979
1757310068.6863215,0.20947742462158203,-0.6637632250785828,12.92720890045166,17.14,0.054287493454431984,-0.058984375000000006,0.8489169268613973,0.8784660539680444,0.0,0.08847656250000001,2.697170177422215,6.207882980128226,5.0,2.308087082258252
1757310068.829859,0.20947742462158203,-0.6637632250785828,12.92720890045166,17.14,0.054287493454431984,-0.058984375000000006,0.8488508938550536,0.877250891504838,0.0,0.08847656250000001,2.6866298951518495,6.208455748418144,5.0,2.305044694041414
1757310068.9848971,0.20947742462158203,-0.6637632250785828,12.92720890045166,17.14,0.054287493454431984,-0.058984375000000006,0.848785492425616,0.8760473515406108,0.0,0.08847656250000001,2.6761423142928358,6.209025652866613,5.0,2.302031404940962
1757310069.1280446,0.20947742462158203,-0.6637632250785828,12.92720890045166,17.14,0.054287493454431984,-0.058984375000000006,0.8487207167781986,0.8748553274358494,0.0,0.08847656250000001,2.6657071713381173,6.209592707792839,5.0,2.2990469479647784
1757310069.2748127,0.10345494747161865,-0.7813873291015625,12.97091293334961,14.93,0.054287493454431984,-0.058984375000000006,0.8518353839229535,0.9321725209010302,0.0,0.08847656250000001,2.6548275173853653,6.210183917841069,5.0,2.4425513428919805
1757310069.4258807,0.10345494747161865,-0.7813873291015625,12.97091293334961,14.93,0.054287493454431984,-0.058984375000000006,0.8517669901869426,0.930913915465344,0.0,0.08847656250000001,2.644002261702377,6.210772171839057,5.0,2.4394001870069673
1757310069.5918858,0.10345494747161865,-0.7813873291015625,12.97091293334961,14.93,0.054287493454431984,-0.058984375000000006,0.851699250128509,0.9296673392329141,0.0,0.08847656250000001,2.633231132297804,6.211357484567055,5.0,2.436279148499139
1757310069.7291927,0.10345494747161865,-0.7813873291015625,12.97091293334961,14.93,0.054287493454431984,-0.058984375000000006,0.8516321577586996,0.9284326819929337,0.0,0.08847656250000001,2.622513858540254,6.211939870731414,5.0,2.433187951434972
1757310069.888884,0.10345494747161865,-0.7813873291015625,12.97091293334961,14.93,0.054287493454431984,-0.058984375000000006,0.8515657071387239,0.9272098344577029,0.0,0.08847656250000001,2.6118501711514917,6.212519344964951,5.0,2.4301263221921143
1757310070.0314088,-0.0799269899725914,-0.8413954973220825,12.957315444946289,16.46,0.054287493454431984,-0.058984375000000006,0.8540925504338767,0.9737096879808494,0.0,0.08847656250000001,2.6003418485939105,6.213144717422923,5.0,2.546547468110509
1757310070.1955326,-0.0799269899725914,-0.8413954973220825,12.957315444946289,16.46,0.054287493454431984,-0.058984375000000006,0.8540170773898184,0.9723208066440482,0.0,0.08847656250000001,2.5888910676491173,6.213766963018604,5.0,2.5430701419573287
1757310070.3274827,-0.0799269899725914,-0.8413954973220825,12.957315444946289,16.46,0.054287493454431984,-0.058984375000000006,0.8539423228997959,0.9709451483897721,0.0,0.08847656250000001,2.577497540609048,6.214386097386307,5.0,2.5396259222830624
1757310070.4818103,-0.0799269899725914,-0.8413954973220825,12.957315444946289,16.46,0.054287493454431984,-0.058984375000000006,0.8538682804308166,0.9695825929956033,0.0,0.08847656250000001,2.566160981204179,6.2150021360821714,5.0,2.536214508088232
1757310070.628196,-0.16048240661621094,-0.8082507848739624,12.756677627563477,13.16,0.054287493454431984,-0.058984375000000006,0.8537407122417389,0.9672350385913749,0.0,0.08847656250000001,2.554470534333789,6.2156374053368815,5.0,2.5303369632544612
1757310070.7920961,-0.19148428738117218,-0.7830841541290283,12.61690902709961,13.16,0.054287493454431984,-0.058984375000000006,0.8533955415756678,0.9608830873470763,0.0,0.08847656250000001,2.5426771689256342,6.216278267276243,5.0,2.514433656326604
1757310070.9365249,-0.19148428738117218,-0.7830841541290283,12.61690902709961,13.16,0.054287493454431984,-0.058984375000000006,0.8533159437325916,0.9594183000170108,0.0,0.08847656250000001,2.53094277034452,6.216915924905908,5.0,2.51076628521525
1757310071.0846627,-0.19148428738117218,-0.7830841541290283,12.61690902709961,13.16,0.054287493454431984,-0.058984375000000006,0.8532371015728953,0.9579674190366366,0.0,0.08847656250000001,2.5192670437563116,6.217550394247424,5.0,2.507133731270918
1757310071.2504761,-0.19148428738117218,-0.7830841541290283,12.61690902709961,13.16,0.054287493454431984,-0.058984375000000006,0.8531590082644835,0.9565303186793443,0.0,0.08847656250000001,2.507649695801044,6.218181691242234,5.0,2.503535679713349
1757310071.4077754,-0.22601135075092316,-0.6873788833618164,11.733499526977539,9.3,0.054287493454431984,-0.058984375000000006,0.8514160380506336,0.9244555715849343,0.0,0.08847656250000001,2.4958923805621556,6.218820594183414,5.0,2.423230506065541
1757310071.5418081,-0.22601135075092316,-0.6873788833618164,11.733499526977539,9.3,0.054287493454431984,-0.058984375000000006,0.8513359537511453,0.9229818323139433,0.0,0.08847656250000001,2.4841938518994615,6.2194563026098875,5.0,2.4195407220831395
1757310071.6790485,-0.22601135075092316,-0.6873788833618164,11.733499526977539,9.3,0.054287493454431984,-0.058984375000000006,0.851256629040713,0.921522071266257,0.0,0.08847656250000001,2.472553815880081,6.22008883249423,5.0,2.4158859352168953
1757310071.836257,-0.22601135075092316,-0.6873788833618164,11.733499526977539,9.3,0.054287493454431984,-0.058984375000000006,0.8511780570646929,0.920076162300327,0.0,0.08847656250000001,2.460971980040797,6.220718199729149,5.0,2.412265829647671
1757310071.9812222,-0.22601135075092316,-0.6873788833618164,11.733499526977539,9.3,0.054287493454431984,-0.058984375000000006,0.8511002310240298,0.9186439802975643,0.0,0.08847656250000001,2.44944805338071,6.221344420127895,5.0,2.4086800921175016
1757310072.1289065,-0.21023759245872498,-0.6496142745018005,10.771709442138672,12.31,0.054287493454431984,-0.058984375000000006,0.8501356624336157,0.9008936519517887,0.0,0.08847656250000001,2.43805015233542,6.2219637921829225,5.0,2.3642388001591454
1757310072.2831233,-0.21023759245872498,-0.6496142745018005,10.771709442138672,12.31,0.054287493454431984,-0.058984375000000006,0.850059797508289,0.8994975590789124,0.0,0.08847656250000001,2.4267092407953563,6.222580067377675,5.0,2.3607434185664298
1757310072.433861,-0.21023759245872498,-0.6496142745018005,10.771709442138672,12.31,0.054287493454431984,-0.058984375000000006,0.8499846538303141,0.8981147388519024,0.0,0.08847656250000001,2.415425033812993,6.223193261196453,5.0,2.357281267543793
1757310072.575679,-0.21023759245872498,-0.6496142745018005,10.771709442138672,12.31,0.054287493454431984,-0.058984375000000006,0.8499102248608933,0.8967450709415143,0.0,0.08847656250000001,2.4041972478655413,6.223803389046138,5.0,2.3538520458242953
1757310072.7352428,-0.2073059231042862,-0.6498484015464783,10.709254264831543,12.31,0.054287493454431984,-0.058984375000000006,0.8498188292234652,0.8950631764761099,0.0,0.08847656250000001,2.393040279463003,6.224409668607603,5.0,2.349641106087061
1757310072.8810265,-0.14094823598861694,-0.626983106136322,10.157781600952148,22.03,0.054287493454431984,-0.058984375000000006,0.8487803555855266,0.87595282161381,0.0,0.08847656250000001,2.3822637131631583,6.224995276781314,5.0,2.301794731455609
1757310073.0269005,-0.14094823598861694,-0.626983106136322,10.157781600952148,22.03,0.054287493454431984,-0.058984375000000006,0.8487119579684642,0.8746941447576578,0.0,0.08847656250000001,2.371541029694813,6.225577956914157,5.0,2.2986433967560007
1757310073.1752846,-0.14094823598861694,-0.626983106136322,10.157781600952148,22.03,0.054287493454431984,-0.058984375000000006,0.8486442135135585,0.8734474876198102,0.0,0.08847656250000001,2.3608719596438092,6.2261577236463355,5.0,2.2955221556862124
1757310073.3249247,-0.14094823598861694,-0.626983106136322,10.157781600952148,22.03,0.054287493454431984,-0.058984375000000006,0.8485771162466171,0.8722127402610966,0.0,0.08847656250000001,2.3502562349430605,6.226734591544853,5.0,2.2924307329928144
1757310073.4788241,0.011053167283535004,-0.3453788757324219,9.514938354492188,24.02,0.054287493454431984,-0.058984375000000006,0.8416483574123297,0.7447072983883726,0.0,0.08847656250000001,2.3403750703949484,6.227271542792973,5.0,1.9731968316158
1757310073.631792,0.011053167283535004,-0.3453788757324219,9.514938354492188,24.02,0.054287493454431984,-0.058984375000000006,0.8415881448940679,0.7435992465812788,0.0,0.08847656250000001,2.330543311669577,6.227805809284853,5.0,1.9704226151109117
1757310073.7894917,0.011053167283535004,-0.3453788757324219,9.514938354492188,24.02,0.054287493454431984,-0.058984375000000006,0.8415285093792634,0.7425018129934872,0.0,0.08847656250000001,2.320760711737832,6.228337404444274,5.0,1.9676749833189868
1757310073.9453292,0.011053167283535004,-0.3453788757324219,9.514938354492188,24.02,0.054287493454431984,-0.058984375000000006,0.8414694455537086,0.7414148998310923,0.0,0.08847656250000001,2.3110270248057465,6.228866341627898,5.0,1.9649536913945553
1757310074.099758,0.011053167283535004,-0.3453788757324219,9.514938354492188,24.02,0.054287493454431984,-0.058984375000000006,0.8414109481482028,0.7403384101284178,0.0,0.08847656250000001,2.301342006308321,6.229392634125604,5.0,1.9622584965657728
1757310074.2655673,0.04479615390300751,-0.17905455827713013,9.269804000854492,20.27,0.054287493454431984,-0.058984375000000006,0.8377039564405825,0.6721210530226027,0.0,0.08847656250000001,2.2918285730979298,6.229909602526582,5.0,1.7914634878926803
1757310074.3720455,0.05475055053830147,-0.17527712881565094,9.134966850280762,20.27,0.054287493454431984,-0.058984375000000006,0.8374984319676018,0.6683389198339876,0.0,0.08847656250000001,2.282411309173669,6.230421345003229,5.0,1.7819942047342856
1757310074.5293102,0.05475055053830147,-0.17527712881565094,9.134966850280762,20.27,0.054287493454431984,-0.058984375000000006,0.8374421989892944,0.6673041009121028,0.0,0.08847656250000001,2.2730411315690295,6.230930528767494,5.0,1.7794033405578231
1757310074.6774487,0.05475055053830147,-0.17527712881565094,9.134966850280762,20.27,0.054287493454431984,-0.058984375000000006,0.837386505757024,0.6662792145854474,0.0,0.08847656250000001,2.2637178048524134,6.231437166612937,5.0,1.7768373445052568
1757310074.826726,0.05475055053830147,-0.17527712881565094,9.134966850280762,20.27,0.054287493454431984,-0.058984375000000006,0.8373313472836277,0.6652641690785047,0.0,0.08847656250000001,2.2544410947693803,6.231941271269154,5.0,1.7742959867992854
1757310074.9797683,0.124842569231987,-0.24190758168697357,8.694450378417969,16.15,0.054287493454431984,-0.058984375000000006,0.8381674191348382,0.6806498555160826,0.0,0.08847656250000001,2.2455782469801004,6.232422886281149,5.0,1.812816952137645
1757310075.1257548,0.124842569231987,-0.24190758168697357,8.694450378417969,16.15,0.054287493454431984,-0.058984375000000006,0.8381178388827291,0.6797374623870217,0.0,0.08847656250000001,2.236759713429767,6.232902093218083,5.0,1.810532604003936
1757310075.2827194,0.124842569231987,-0.24190758168697357,8.694450378417969,16.15,0.054287493454431984,-0.058984375000000006,0.8380687368062781,0.6788338688135572,0.0,0.08847656250000001,2.227985272547185,6.233378904120333,5.0,1.808270287215887
1757310075.4413311,0.124842569231987,-0.24190758168697357,8.694450378417969,16.15,0.054287493454431984,-0.058984375000000006,0.8380201084449628,0.6779389927115953,0.0,0.08847656250000001,2.2192547038690162,6.233853330968072,5.0,1.8060297962605008
1757310075.59739,0.124842569231987,-0.24190758168697357,8.694450378417969,16.15,0.054287493454431984,-0.058984375000000006,0.8379719493770637,0.6770527527111103,0.0,0.08847656250000001,2.210567788034238,6.234325385681572,5.0,1.8038109274125844
1757310075.727934,0.06798437237739563,-0.3403906524181366,8.383103370666504,15.21,0.054287493454431984,-0.058984375000000006,0.840335994506829,0.7205567374920729,0.0,0.08847656250000001,2.2016675323190738,6.234809033473447,5.0,1.9127313513811233
1757310075.8845437,0.06798437237739563,-0.3403906524181366,8.383103370666504,15.21,0.054287493454431984,-0.058984375000000006,0.8402867176874825,0.7196499282387654,0.0,0.08847656250000001,2.1928117778824854,6.235290263026363,5.0,1.9104609835326114
1757310076.025903,0.06798437237739563,-0.3403906524181366,8.383103370666504,15.21,0.054287493454431984,-0.058984375000000006,0.8402379164512063,0.7187518708313493,0.0,0.08847656250000001,2.1840003022180796,6.235769086431515,5.0,1.908212527579522
1757310076.1794748,0.06798437237739563,-0.3403906524181366,8.383103370666504,15.21,0.054287493454431984,-0.058984375000000006,0.840189586355465,0.7178624835167345,0.0,0.08847656250000001,2.175232883931996,6.236245515719641,5.0,1.9059857788375894
1757310076.3371327,0.051834557205438614,-0.40157005190849304,8.255118370056152,20.4,0.054287493454431984,-0.058984375000000006,0.8415129636749858,0.7422157355096926,0.0,0.08847656250000001,2.16644536517898,6.236723037284973,5.0,1.966958734428692
1757310076.475986,0.05493465065956116,-0.4331326484680176,8.057660102844238,21.34,0.054287493454431984,-0.058984375000000006,0.8420983097815394,0.7529874791581027,0.0,0.08847656250000001,2.1577257892985404,6.2371968667743305,5.0,1.993927824524059
1757310076.6464932,0.05493465065956116,-0.4331326484680176,8.057660102844238,21.34,0.054287493454431984,-0.058984375000000006,0.8420515629148506,0.7521272269778946,0.0,0.08847656250000001,2.149049811297503,6.237668327116241,5.0,1.991774021081457
1757310076.7880745,0.05493465065956116,-0.4331326484680176,8.057660102844238,21.34,0.054287493454431984,-0.058984375000000006,0.8420052681582881,0.7512752946862598,0.0,0.08847656250000001,2.140417213186471,6.238137430156442,5.0,1.9896410480477327
1757310076.9629817,0.05493465065956116,-0.4331326484680176,8.057660102844238,21.34,0.054287493454431984,-0.058984375000000006,0.8419594212709928,0.7504316042414191,0.0,0.08847656250000001,2.1318277780659938,6.238604187681442,5.0,1.9875287100305847
1757310077.074735,0.06617758423089981,-0.43678826093673706,7.5742645263671875,22.3,0.054287493454431984,-0.058984375000000006,0.8419180672306211,0.7496705927360534,0.0,0.08847656250000001,2.123338329601392,6.2390655118428535,5.0,1.985623374318771
1757310077.247587,0.06617758423089981,-0.43678826093673706,7.5742645263671875,22.3,0.054287493454431984,-0.058984375000000006,0.8418737029562979,0.7488541858533434,0.0,0.08847656250000001,2.1148913283791133,6.239524529383458,5.0,1.9835793458408437
1757310077.3702574,0.06617758423089981,-0.43678826093673706,7.5742645263671875,22.3,0.48139592319473545,0.0921875,1.0762367017916603,0.33243237687536625,0.0,-0.13828125000000002,2.1205434430525076,6.236571941525084,5.0,1.9824175951953151
1757310077.525168,0.06617758423089981,-0.43678826093673706,7.5742645263671875,22.3,0.5017084231947355,0.1125,1.0824942429627546,0.31000743998219504,0.0,-0.16875,2.1267166798835655,6.233185780001354,5.0,1.981001007842723
1757310077.6818378,0.06617758423089981,-0.43678826093673706,7.5742645263671875,22.3,0.5103021731947355,0.12109375,1.0848208472486436,0.30016190958459493,0.0,-0.181640625,2.1330860629666346,6.229620482785665,5.0,1.9794782181656085
1757310077.8341339,0.12973599135875702,-0.5444044470787048,6.4549384117126465,9.47,0.44719607624494817,0.1234375,1.0782071091849386,0.3981593344751197,0.0,-0.18515625000000002,2.138148928164859,6.2271923248564205,5.0,2.0631611454370997
1757310077.9775429,0.12973599135875702,-0.5444044470787048,6.4549384117126465,9.47,0.28637643016386305,0.12109375,1.0005381142858003,0.5656720066731701,0.0,-0.181640625,2.1380827858792624,6.227211801827014,5.0,2.0631610111553274
1757310078.1260915,0.12973599135875702,-0.5444044470787048,6.4549384117126465,9.47,0.319970180163863,0.1546875,1.0189686249743122,0.5317339439925245,0.0,-0.23203125000000002,2.1391436600019595,6.2268602744913535,5.0,2.063125732165707
1757310078.2916782,0.12973599135875702,-0.5444044470787048,6.4549384117126465,9.47,0.343798305163863,0.178515625,1.0313338668490595,0.5072646235459932,0.0,-0.26777343750000004,2.1409820928737244,6.226202085677014,5.0,2.063018030718424
1757310078.4345338,0.14900556206703186,-0.5761587619781494,5.763373851776123,7.39,0.36957955516386304,0.20429687500000002,1.0476441288831815,0.48974253270910545,0.0,-0.3064453125,2.143778109124948,6.225118966174229,5.0,2.0877708942909194
1757310078.5951052,0.017831966280937195,-0.5035375952720642,5.060741901397705,6.19,0.31723634777324955,0.209375,1.0166862796097593,0.5320052915251958,0.0,-0.3140625,2.1441538112428336,6.22499561375747,5.0,2.0565149849890805
1757310078.7327955,0.017831966280937195,-0.5035375952720642,5.060741901397705,6.19,0.301004630698449,0.19296875000000002,1.0079172621819699,0.5484367021661267,0.0,-0.28945312500000003,2.1439826384316305,6.225048752192208,5.0,2.0565140767924106
1757310078.8862925,0.017831966280937195,-0.5035375952720642,5.060741901397705,6.19,0.283426505698449,0.17539062500000002,0.9981195391015674,0.5660614344655063,0.0,-0.26308593750000003,2.143216025992021,6.2252720417370675,5.0,2.0564960520346736
1757310079.026831,0.017831966280937195,-0.5035375952720642,5.060741901397705,6.19,0.273660880698449,0.16562500000000002,0.9925401253075121,0.5757674262589016,0.0,-0.24843750000000003,2.1421195053568236,6.225579838847989,5.0,2.0564593806562463
1757310079.186541,-0.10938692092895508,-0.44805628061294556,4.369651794433594,14.11,0.26350463069844904,0.15546875000000002,0.9852462085944178,0.580646416315308,0.0,-0.233203125,2.140016985753707,6.2261470517581134,5.0,2.043068085517289
1757310079.326738,-0.1347876936197281,-0.4289722740650177,4.053171157836914,14.11,0.24709838069844903,0.1390625,0.9745953346936775,0.5927972990045554,0.0,-0.20859375000000002,2.137215131614667,6.226853828983807,5.0,2.0329238551188062
1757310079.4769948,-0.1347876936197281,-0.4289722740650177,4.053171157836914,14.11,0.28129822764823637,0.1078125,0.9942862187962145,0.559095553941124,0.0,-0.16171875000000002,2.135605841906354,6.227318850023927,5.0,2.0328442564003852
1757310079.6357303,-0.1347876936197281,-0.4289722740650177,4.053171157836914,14.11,0.3064222074563999,0.06015625,1.0080155561414983,0.5339346627692163,0.0,-0.090234375,2.134858506201724,6.227555297396827,5.0,2.032826827243486
1757310079.7753344,-0.1347876936197281,-0.4289722740650177,4.053171157836914,14.11,0.2931409574563999,0.046875,1.000830446903006,0.547258000605048,0.0,-0.0703125,2.133664936324134,6.227915560550937,5.0,2.0327827335242707
1757310079.9302535,-0.034377798438072205,-0.16268816590309143,2.7380082607269287,17.84,0.3177503324563999,0.071484375,0.9784471682150869,0.41438609786598746,0.0,-0.10722656250000001,2.1333662096744934,6.2280138101141596,5.0,1.7483468961649216
1757310080.0746515,-0.034377798438072205,-0.16268816590309143,2.7380082607269287,17.84,0.4082417385557884,0.096875,1.011855844195516,0.32418901379999854,0.0,-0.1453125,2.135878673161667,6.22692706314222,5.0,1.7481253639635588
1757310080.2393577,-0.034377798438072205,-0.16268816590309143,2.7380082607269287,17.84,0.4562886135557884,0.144921875,1.0261604513118057,0.2750175066258207,0.0,-0.21738281250000002,2.1397709065489026,6.225016619493383,5.0,1.7475695636853983
1757310080.3804252,-0.034377798438072205,-0.16268816590309143,2.7380082607269287,17.84,0.4957417385557884,0.184375,1.0360310409384474,0.23399893565315277,0.0,-0.27656250000000004,2.144723647424249,6.222338245749982,5.0,1.7466321515899015
1757310080.5417643,-0.034377798438072205,-0.16268816590309143,2.7380082607269287,17.84,0.5422261135557884,0.230859375,1.0454739048342683,0.1850873933002749,0.0,-0.3462890625,2.150841296859309,6.218652608733352,5.0,1.7451236146189304
1757310080.6804485,0.17806437611579895,0.28396326303482056,0.9519250392913818,4.17,0.48039191262129965,0.26484375,0.9411065755235261,0.07484174063282306,0.0,-0.39726562499999996,2.1552447394000906,6.216357934838624,5.0,1.253203077703711
1757310080.8280773,0.17806437611579895,0.28396326303482056,0.9519250392913818,4.17,0.450413886152225,0.2734375,0.9383509848285146,0.1028313785842741,0.0,-0.41015625,2.158857545365014,6.214610906042591,5.0,1.2526892650169312
1757310080.981616,0.17806437611579895,0.28396326303482056,0.9519250392913818,4.17,0.42434272980816357,0.3515625,0.9352982239494574,0.12713969583806844,0.0,-0.52734375,2.1617585250709452,6.213300268104673,5.0,1.2523659358909578
1757310081.1268387,0.17806437611579895,0.28396326303482056,0.9519250392913818,4.17,0.43840522980816354,0.36562500000000003,0.9369231979727604,0.11382478621014691,0.0,-0.5484375,2.1650220760419616,6.2117702052278725,5.0,1.251951378986245
1757310081.2802787,0.2111988365650177,0.29963237047195435,0.4513818323612213,355.29,0.43840522980816354,0.36562500000000003,0.9325473952740184,0.10449140824053432,0.0,-0.5484375,2.1683750157105917,6.210198233911755,5.0,1.2261808054596957
1757310081.4259074,0.1560744345188141,0.3082488179206848,0.023595348000526428,357.45,0.43840522980816354,0.36562500000000003,0.9340786142376261,0.10775742508944258,0.0,-0.5484375,2.171468676185239,6.208747821435369,5.0,1.2351986688332532
1757310081.5792038,0.1560744345188141,0.3082488179206848,0.023595348000526428,357.45,0.43840522980816354,0.36562500000000003,0.9340158198204642,0.10762348759954588,0.0,-0.5484375,2.174546868357513,6.207304661021365,5.0,1.2348288513949601
1757310081.726819,0.1560744345188141,0.3082488179206848,0.023595348000526428,357.45,6.451179411253731,0.21250000000000002,0.8712716523212705,0.35289618626589525,0.0,-0.31875000000000003,2.169598994074614,6.208143783531238,5.0,1.2340229192048309
1757310081.9166126,0.1560744345188141,0.3082488179206848,0.023595348000526428,357.45,6.396882536253731,0.158203125,0.8507715580922953,0.3990967287798973,0.0,-0.2373046875,2.1629861344159425,6.208898903987428,5.0,1.23260507407484
1757310082.0403874,0.25151968002319336,0.29260581731796265,-0.321547269821167,8.75,6.362116911253731,0.1234375,0.8358538693050692,0.4217069442199307,0.0,-0.18515625000000002,2.1558134492791265,6.209466234213681,5.0,1.2157519217432053
1757310082.1909287,0.29167038202285767,0.26757222414016724,-0.47141188383102417,11.09,0.08789884381116825,0.078125,0.839962378804185,0.41828687288923067,0.0,-0.1171875,2.1491625603249713,6.210052349924866,5.0,1.2260217826313191
1757310082.3334787,0.29167038202285767,0.26757222414016724,-0.47141188383102417,11.09,0.17771630954950382,0.025,0.8740613042513776,0.34106815055833306,0.0,-0.037500000000000006,2.145335248971702,6.210739777890239,5.0,1.2255372467689956
1757310082.474921,0.29167038202285767,0.26757222414016724,-0.47141188383102417,11.09,0.19355701404617115,0.0,0.8793260187456997,0.32703653439265723,0.0,-0.0,2.1420189669159457,6.2113898055036945,5.0,1.2251712688200014
1757310082.625321,0.29167038202285767,0.26757222414016724,-0.47141188383102417,11.09,0.19355701404617115,0.0,0.8792981395501053,0.3268943015487525,0.0,-0.0,2.138719266270468,6.212036582979083,5.0,1.2248089203048238
1757310082.781901,0.3766356408596039,-0.025583133101463318,-1.0441616773605347,18.76,0.18535388904617114,-0.008203125,0.8955075206112735,0.43500218709289573,0.0,0.012304687500000001,2.135857426518748,6.212573195526698,5.0,1.4814701782497872
1757310082.9378922,0.3766356408596039,-0.025583133101463318,-1.0441616773605347,18.76,0.23724010082242544,-0.0011718750000000002,0.9168585458722653,0.3879553293789934,0.0,0.0017578125000000003,2.1346723310803797,6.212859743889175,5.0,1.4814244216559107
1757310083.0723825,0.3766356408596039,-0.025583133101463318,-1.0441616773605347,18.76,0.23724010082242544,-0.0011718750000000002,0.9168542872469498,0.38793771672404215,0.0,0.0017578125000000003,2.133493161119203,6.21314485950984,5.0,1.4813791211658467
1757310083.233579,0.3766356408596039,-0.025583133101463318,-1.0441616773605347,18.76,0.23724010082242544,-0.0011718750000000002,0.9168500710721006,0.3879202796340588,0.0,0.0017578125000000003,2.1323198870078324,6.213428549552401,5.0,1.4813342722362712
1757310083.375638,0.3766356408596039,-0.025583133101463318,-1.0441616773605347,18.76,0.23724010082242544,-0.0011718750000000002,0.9168458969248559,0.38790301636018715,0.0,0.0017578125000000003,2.1311524792670187,6.21371082114475,5.0,1.4812898703690536
1757310083.5541642,0.4110107421875,-0.25801992416381836,-1.141274094581604,18.38,0.23724010082242544,-0.0011718750000000002,0.9370693564809908,0.4715424043531535,0.0,0.0017578125000000003,2.130418777611281,6.213888225428989,5.0,1.6964138976802854
1757310083.6768174,0.4110107421875,-0.25801992416381836,-1.141274094581604,18.38,0.23724010082242544,-0.0011718750000000002,0.9370677765832567,0.47153587027429306,0.0,0.0017578125000000003,2.1296887444638215,6.214064742691807,5.0,1.696397091754358
1757310083.8307576,0.4110107421875,-0.25801992416381836,-1.141274094581604,18.38,0.23724010082242544,-0.0011718750000000002,0.9370662124410966,0.47152940135671534,0.0,0.0017578125000000003,2.1289623614821,6.214240377368311,5.0,1.6963804534259932
1757310083.97305,0.4110107421875,-0.25801992416381836,-1.141274094581604,18.38,0.23724010082242544,-0.0011718750000000002,0.937064663897426,0.4715229969507568,0.0,0.0017578125000000003,2.1282396104152865,6.214415133871432,5.0,1.6963639810242288
1757310084.1297588,0.4281795024871826,-0.32119882106781006,-1.1470602750778198,26.72,0.23724010082242544,-0.0011718750000000002,0.9423980413401916,0.4935805694452255,0.0,0.0017578125000000003,2.1276737376620765,6.214551958219542,5.0,1.7530969861499788
1757310084.2775633,0.4317513704299927,-0.39008593559265137,-1.1260653734207153,33.33,0.23724010082242544,-0.0011718750000000002,0.9485834198277687,0.519161814324214,0.0,0.0017578125000000003,2.1272062493507833,6.214664993850042,5.0,1.8188930250026978
1757310084.4324243,0.4317513704299927,-0.39008593559265137,-1.1260653734207153,33.33,0.23724010082242544,-0.0011718750000000002,0.9485827899452269,0.5191592092807913,0.0,0.0017578125000000003,2.126741098481047,6.214777464302389,5.0,1.818886324721337
1757310084.574947,0.4317513704299927,-0.39008593559265137,-1.1260653734207153,33.33,0.23724010082242544,-0.0011718750000000002,0.9485821663451538,0.5191566302201551,0.0,0.0017578125000000003,2.126278273365659,6.2148893724024745,5.0,1.8188796912687968
1757310084.7365534,0.4317513704299927,-0.39008593559265137,-1.1260653734207153,33.33,0.23724010082242544,-0.0011718750000000002,0.9485815489648939,0.5191540768831777,0.0,0.0017578125000000003,2.1258177623758483,6.21500072096206,5.0,1.81887312397859
1757310084.8913581,0.42063838243484497,-0.44520771503448486,-1.1217254400253296,67.94,0.23724010082242544,-0.0011718750000000002,0.9538600199590321,0.5409845694486508,0.0,0.0017578125000000003,2.125370017684957,6.215108982713669,5.0,1.8750220699664233
1757310085.0257804,0.366943895816803,-0.477306067943573,-1.119661808013916,67.94,0.23724010082242544,-0.0011718750000000002,0.9580468610270345,0.558300341934536,0.0,0.0017578125000000003,2.124707530743955,6.2152691677434655,5.0,1.9195589658303902
1757310085.1880999,0.366943895816803,-0.477306067943573,-1.119661808013916,67.94,0.23724010082242544,-0.0011718750000000002,0.9580456144808687,0.5582951865179702,0.0,0.0017578125000000003,2.124048356237658,6.215428551848113,5.0,1.9195457058819283
1757310085.3313236,0.366943895816803,-0.477306067943573,-1.119661808013916,67.94,0.23724010082242544,-0.0011718750000000002,0.9580443803666476,0.5582900825169519,0.0,0.0017578125000000003,2.123392477603893,6.2155871390322375,5.0,1.9195325781764208
1757310085.4862475,0.366943895816803,-0.477306067943573,-1.119661808013916,67.94,0.23724010082242544,-0.0011718750000000002,0.9580431585604097,0.5582850294188058,0.0,0.0017578125000000003,2.1227398783632965,6.215744933280441,5.0,1.9195195813952424
1757310085.6256638,0.33391398191452026,-0.4242977499961853,-1.1033309698104858,128.94,0.23724010082242544,-0.0011718750000000002,0.95402285424452,0.5416580130770603,0.0,0.0017578125000000003,2.1218739689707684,6.215954304534814,5.0,1.8767541953320785
1757310085.7786412,0.33391398191452026,-0.4242977499961853,-1.1033309698104858,128.94,0.23724010082242544,-0.0011718750000000002,0.9540207113843051,0.5416491507201311,0.0,0.0017578125000000003,2.1210123891252026,6.216162628932915,5.0,1.876731400976933
1757310085.924766,0.33391398191452026,-0.4242977499961853,-1.1033309698104858,128.94,0.23724010082242544,-0.0011718750000000002,0.9540185898921238,0.5416403767362743,0.0,0.0017578125000000003,2.120155117178865,6.216369911709026,5.0,1.8767088339210503
1757310086.080482,0.33391398191452026,-0.4242977499961853,-1.1033309698104858,128.94,0.23724010082242544,-0.0011718750000000002,0.9540164895549688,0.5416316902445422,0.0,0.0017578125000000003,2.1193021315922587,6.2165761580712555,5.0,1.876686491898596
1757310086.243192,0.33391398191452026,-0.4242977499961853,-1.1033309698104858,128.94,0.23724010082242544,-0.0011718750000000002,0.9540144101619549,0.5416230903727646,0.0,0.0017578125000000003,2.1184534109335855,6.216781373201674,5.0,1.876664372666311
1757310086.3882885,0.34458276629447937,-0.3703707456588745,-1.0769686698913574,144.56,0.23724010082242544,-0.0011718750000000002,0.9488561874652606,0.520289915982626,0.0,0.0017578125000000003,2.117597736454304,6.216988269720649,5.0,1.8217945499635748
1757310086.5301633,0.34458276629447937,-0.3703707456588745,-1.0769686698913574,144.56,0.23724010082242544,-0.0011718750000000002,0.9488540781040327,0.520281192169489,0.0,0.0017578125000000003,2.116746340347419,6.217194131757029,5.0,1.8217721119488957
1757310086.6787214,0.34458276629447937,-0.3703707456588745,-1.0769686698913574,144.56,2.801954216683003,0.27890625,-0.5129905315508616,-0.9494749006684207,0.0,-0.41835937500000003,2.0985226784987696,6.210755163044625,5.0,1.8108386738955762
1757310086.8371127,0.34458276629447937,-0.3703707456588745,-1.0769686698913574,144.56,2.801954216683003,0.27890625,-0.5144352792703161,-0.9453859548959054,0.0,-0.41835937500000003,2.080390134959363,6.204348389175783,5.0,1.7999969796369975
1757310086.9805236,0.3242242634296417,-0.37962043285369873,-1.0706768035888672,142.93,2.803907341683003,0.280859375,-0.5158340963251374,-0.9456514363756324,0.0,-0.42128906250000003,2.0622825870114614,6.1979902011297545,5.0,1.8033674300646334
1757310087.1339462,0.31902581453323364,-0.38287320733070374,-1.0648932456970215,142.93,2.803907341683003,0.280859375,-0.5166627843172412,-0.9432914074739641,0.0,-0.42128906250000003,2.0442373535509875,6.1916538938613,5.0,1.797114200796404
1757310087.2857285,0.31902581453323364,-0.38287320733070374,-1.0648932456970215,142.93,2.803907341683003,0.280859375,-0.5180724307571372,-0.9392768611417037,0.0,-0.42128906250000003,2.026282346257816,6.185349268129188,5.0,1.786477094358509
1757310087.437585,0.31902581453323364,-0.38287320733070374,-1.0648932456970215,142.93,2.803907341683003,0.280859375,-0.5194701958859196,-0.9352961517153535,0.0,-0.42128906250000003,2.00841711400111,6.179076165525736,5.0,1.7759296435728116
1757310087.578902,0.31902581453323364,-0.38287320733070374,-1.0648932456970215,142.93,2.803907341683003,0.280859375,-0.5208561649407204,-0.9313490364472248,0.0,-0.42128906250000003,1.9906412079056877,6.172834428435301,5.0,1.76547120524509
1757310087.7232738,0.30508318543434143,-0.38566306233406067,-1.0371417999267578,142.13,2.803907341683003,0.280859375,-0.5214231184522238,-0.9297344038161259,0.0,-0.42128906250000003,1.9728877596240073,6.166600577062098,5.0,1.7611930084742422
1757310087.8761191,0.30508318543434143,-0.38566306233406067,-1.0371417999267578,142.13,2.7825978096707087,0.2921875,-0.5030426938274898,-0.9365068009786108,0.0,-0.43828124999999996,1.9548016883906567,6.159813675387247,5.0,1.7501730987469646
1757310088.0281267,0.30508318543434143,-0.38566306233406067,-1.0371417999267578,142.13,2.7825978096707087,0.2921875,-0.5045784051284292,-0.9324143615543632,0.0,-0.43828124999999996,1.936806047513473,6.15306070822077,5.0,1.7392453617783117
1757310088.1855922,0.30508318543434143,-0.38566306233406067,-1.0371417999267578,142.13,2.7825978096707087,0.2921875,-0.5061012546887641,-0.9283561967325635,0.0,-0.43828124999999996,1.918900384840675,6.146341505890126,5.0,1.7284091457343278
1757310088.3255193,0.30508318543434143,-0.38566306233406067,-1.0371417999267578,142.13,2.7779020908595404,0.29726562500000003,-0.503286338850722,-0.9266503202526688,0.0,-0.4458984375,1.9009942847412702,6.139526047207308,5.0,1.717516293405497
1757310088.485433,0.2958497703075409,-0.36935746669769287,-0.9872832894325256,141.65,2.7779020908595404,0.29726562500000003,-0.506768543945672,-0.9175016017439606,0.0,-0.4458984375,1.883164494709612,6.1327396338280975,5.0,1.6930437574372332
1757310088.6304832,0.2958497703075409,-0.36935746669769287,-0.9872832894325256,141.65,2.7779020908595404,0.29726562500000003,-0.5082980088064496,-0.9134832733863036,0.0,-0.4458984375,1.865423853628112,6.125987152515783,5.0,1.6822948547169831
1757310088.782266,0.2958497703075409,-0.36935746669769287,-0.9872832894325256,141.65,2.7761651354499683,0.30390625000000004,-0.508241852379917,-0.91036258804931,0.0,-0.45585937500000007,1.8477389282640377,6.119220686407224,5.0,1.6715820018593295
1757310088.9310162,0.2958497703075409,-0.36935746669769287,-0.9872832894325256,141.65,2.7738213854499683,0.3015625,-0.5076450152878508,-0.9075590287661367,0.0,-0.45234375000000004,1.830098099582019,6.112423651221528,5.0,1.6608861569986066
1757310089.0979288,0.2958497703075409,-0.36935746669769287,-0.9872832894325256,141.65,2.7738213854499683,0.3015625,-0.5091703278162594,-0.9036002767124737,0.0,-0.45234375000000004,1.8125454750434105,6.105660601211761,5.0,1.6502800572997005
1757310089.233227,0.2698615789413452,-0.3630901277065277,-0.9107123017311096,142.74,2.7738213854499683,0.3015625,-0.5107181613748937,-0.8995830742278362,0.0,-0.45234375000000004,1.7949779829917036,6.098891822729058,5.0,1.639517359993782
1757310089.3798256,0.2698615789413452,-0.3630901277065277,-0.9107123017311096,142.74,2.7738213854499683,0.3015625,-0.5122356842462471,-0.8956445392249678,0.0,-0.45234375000000004,1.7774983284002552,6.09215688813877,5.0,1.6289654248531606
1757310089.523155,0.2698615789413452,-0.3630901277065277,-0.9107123017311096,142.74,2.7738213854499683,0.3015625,-0.513740453143883,-0.8917391055168874,0.0,-0.45234375000000004,1.760106072081764,6.085455628221433,5.0,1.618502173122848
1757310089.6738455,0.2698615789413452,-0.3630901277065277,-0.9107123017311096,142.74,2.7738213854499683,0.3015625,-0.5152325590753825,-0.8878665369051493,0.0,-0.45234375000000004,1.7428007770448655,6.078787874603682,5.0,1.6081269719912328
1757310089.8343396,0.26821091771125793,-0.36506617069244385,-0.8920422792434692,141.96,2.7738213854499683,0.3015625,-0.5163834214254116,-0.8848796220225876,0.0,-0.45234375000000004,1.7255715072933455,6.072149413631364,5.0,1.6001245720916781
1757310090.0005648,0.2605012059211731,-0.359327107667923,-0.7891232371330261,142.27,2.7738213854499683,0.3015625,-0.5184160532791743,-0.8796041880537739,0.0,-0.45234375000000004,1.7084044455002356,6.065534921469682,5.0,1.585990881001714
1757310090.1282089,0.2605012059211731,-0.359327107667923,-0.7891232371330261,142.27,2.7738213854499683,0.3015625,-0.519876927582147,-0.8758126771080987,0.0,-0.45234375000000004,1.6913232190160914,6.058953501768809,5.0,1.5758328457031618
1757310090.282007,0.2605012059211731,-0.359327107667923,-0.7891232371330261,142.27,2.7738213854499683,0.3015625,-0.5213254561075904,-0.8720532080366218,0.0,-0.45234375000000004,1.6743273986643679,6.05240498916644,5.0,1.5657606554658008
1757310090.4438727,0.2605012059211731,-0.359327107667923,-0.7891232371330261,142.27,2.7738213854499683,0.3015625,-0.5227617278671925,-0.8683255498209805,0.0,-0.45234375000000004,1.6574165574144029,6.045889219127083,5.0,1.5557736913562517
1757310090.5762465,0.2692176103591919,-0.34052619338035583,-0.6481361389160156,142.06,2.7738213854499683,0.3015625,-0.5270870976076617,-0.8570996102026919,0.0,-0.45234375000000004,1.6406597567350867,6.039432801128245,5.0,1.525697689325435
1757310090.7309718,0.2692176103591919,-0.34052619338035583,-0.6481361389160156,142.06,2.7738213854499683,0.3015625,-0.5284918099010543,-0.853453860513561,0.0,-0.45234375000000004,1.623986740059167,6.033008665219401,5.0,1.5159301706336796
1757310090.8808017,0.2692176103591919,-0.34052619338035583,-0.6481361389160156,142.06,2.7738213854499683,0.3015625,-0.5298845875666817,-0.8498390856124125,0.0,-0.45234375000000004,1.6073970884666269,6.0266166499901015,5.0,1.506245638116618
1757310091.037249,0.2692176103591919,-0.34052619338035583,-0.6481361389160156,142.06,2.7738213854499683,0.3015625,-0.5312655175215255,-0.846255059917425,0.0,-0.45234375000000004,1.5908903851320495,6.020256594836948,5.0,1.4966434874061925
1757310091.1756728,0.2692176103591919,-0.34052619338035583,-0.6481361389160156,142.06,2.7738213854499683,0.3015625,-0.5326346862493248,-0.8427015589712017,0.0,-0.45234375000000004,1.5744662153141449,6.013928339959561,5.0,1.4871231171468509
1757310091.333547,0.2760758399963379,-0.321632444858551,-0.5738834738731384,142.07,2.7738213854499683,0.3015625,-0.5368461006129095,-0.831771375844691,0.0,-0.45234375000000004,1.5581857185622927,6.007655442509129,5.0,1.4578394918034032
1757310091.4882543,0.2760758399963379,-0.321632444858551,-0.5738834738731384,142.07,2.7738213854499683,0.3015625,-0.538185988415911,-0.8282938697644491,0.0,-0.45234375000000004,1.5419866242941997,6.001413909545948,5.0,1.4485227233646043
1757310091.6235597,0.2760758399963379,-0.321632444858551,-0.5738834738731384,142.07,2.7738213854499683,0.3015625,-0.5395144205607199,-0.824846095368404,0.0,-0.45234375000000004,1.5258685254974473,5.995203584247584,5.0,1.4392856106361238
1757310091.7739446,0.2760758399963379,-0.321632444858551,-0.5738834738731384,142.07,2.7738213854499683,0.3015625,-0.5408314814755768,-0.8214278335339399,0.0,-0.45234375000000004,1.5098310171946787,5.9890243105757115,5.0,1.4301275665550994
1757310091.9406981,0.27717506885528564,-0.32021960616111755,-0.564897358417511,142.08,2.7738213854499683,0.3015625,-0.5423661445460766,-0.8174448133535708,0.0,-0.45234375000000004,1.4938808521098283,5.98287869036401,5.0,1.4194564488485328
1757310092.0892682,0.28296345472335815,-0.306344598531723,-0.5352482795715332,142.08,2.7738213854499683,0.3015625,-0.5457718710384155,-0.8086056892431644,0.0,-0.45234375000000004,1.4780589135173379,5.976782475993497,5.0,1.3957750890929432
1757310092.2295573,0.28296345472335815,-0.306344598531723,-0.5352482795715332,142.08,2.7738213854499683,0.3015625,-0.5470495888152166,-0.805289537452167,0.0,-0.45234375000000004,1.4623160846178098,5.970716742694837,5.0,1.386890613370479
1757310092.3733637,0.28296345472335815,-0.306344598531723,-0.5352482795715332,142.08,2.7738213854499683,0.3015625,-0.5483163146356165,-0.8020019138671383,0.0,-0.45234375000000004,1.4466519698627796,5.96468133806267,5.0,1.3780825690568612
1757310092.536146,0.28296345472335815,-0.306344598531723,-0.5352482795715332,142.08,2.7738213854499683,0.3015625,-0.5495721304704493,-0.7987426057433443,0.0,-0.45234375000000004,1.4310661756815244,5.958676110453664,5.0,1.3693503861765448
1757310092.7111652,0.28836366534233093,-0.28932899236679077,-0.4936048984527588,142.09,2.7738213854499683,0.3015625,-0.5533591650058426,-0.7889138457580562,0.0,-0.45234375000000004,1.415610364424128,5.952720965441283,5.0,1.3430176411833026
1757310092.8460672,0.28677549958229065,-0.27461177110671997,-0.46436986327171326,142.1,2.7738213854499683,0.3015625,-0.5566305345520483,-0.7804234277826374,0.0,-0.45234375000000004,1.400249605631385,5.946802444272281,5.0,1.320270518273861
1757310092.9838927,0.28677549958229065,-0.27461177110671997,-0.46436986327171326,142.1,2.7738213854499683,0.3015625,-0.557849209529502,-0.777260513966689,0.0,-0.45234375000000004,1.3849656506326056,5.940913515709124,5.0,1.3117965904258275
1757310093.132533,0.28677549958229065,-0.27461177110671997,-0.46436986327171326,142.1,2.7738213854499683,0.3015625,-0.5590573421082856,-0.7741249615875667,0.0,-0.45234375000000004,1.36975811540882,5.935054031788783,5.0,1.3033959680343994
1757310093.2807336,0.28677549958229065,-0.27461177110671997,-0.46436986327171326,142.1,2.7738213854499683,0.3015625,-0.5602550117454053,-0.7710165644248527,0.0,-0.45234375000000004,1.3546266178611535,5.9292238452880435,5.0,1.295068098603669
1757310093.4282389,0.2803804576396942,-0.2686789929866791,-0.4296286404132843,142.11,2.7738213854499683,0.3015625,-0.5621302566218456,-0.7661496080683912,0.0,-0.45234375000000004,1.3395528879976961,5.923415916754276,5.0,1.2820287812513502
1757310093.573914,0.2803804576396942,-0.2686789929866791,-0.4296286404132843,142.11,2.7738213854499683,0.3015625,-0.5633109371249341,-0.763085304013144,0.0,-0.45234375000000004,1.324554526783556,5.9176370278631785,5.0,1.273819043971229
1757310093.7325754,0.2803804576396942,-0.2686789929866791,-0.4296286404132843,142.11,2.7738213854499683,0.3015625,-0.5644813642795167,-0.7600476112022806,0.0,-0.45234375000000004,1.3096311573754864,5.911887033416535,5.0,1.265680602267901
1757310093.873446,0.2803804576396942,-0.2686789929866791,-0.4296286404132843,142.11,2.7738213854499683,0.3015625,-0.5656416159398656,-0.7570363275750726,0.0,-0.45234375000000004,1.2947824048144574,5.9061657889421255,5.0,1.257612914789899
1757310094.0255654,0.2803804576396942,-0.2686789929866791,-0.4296286404132843,142.11,2.7738213854499683,0.3015625,-0.5667917695324798,-0.7540512521810224,0.0,-0.45234375000000004,1.2800078960162335,5.900473150690088,5.0,1.2496154431602342
1757310094.1880417,0.28051549196243286,-0.2513025999069214,-0.39821094274520874,142.12,2.7738213854499683,0.3015625,-0.5704002554281892,-0.7446858921749928,0.0,-0.45234375000000004,1.2653369961009193,5.894820433080974,5.0,1.2245242172906607
1757310094.3278499,0.28051549196243286,-0.2513025999069214,-0.39821094274520874,142.12,2.7738213854499683,0.3015625,-0.5715289806183064,-0.7417564314374878,0.0,-0.45234375000000004,1.2507394506851817,5.889195979059905,5.0,1.2166757457964028
1757310094.4848194,0.28051549196243286,-0.2513025999069214,-0.39821094274520874,142.12,2.7738213854499683,0.3015625,-0.5726478522825437,-0.738852544256278,0.0,-0.45234375000000004,1.2362148929965227,5.883599647308942,5.0,1.208895789754501
1757310094.6302736,0.28051549196243286,-0.2513025999069214,-0.39821094274520874,142.12,2.7738213854499683,0.3015625,-0.573756945994937,-0.7359740344886944,0.0,-0.45234375000000004,1.221762958096307,5.878031297216733,5.0,1.2011838236688712
1757310094.7903264,0.28054752945899963,-0.2479211986064911,-0.38998299837112427,142.12,2.7738213854499683,0.3015625,-0.5753373990921825,-0.731872172196272,0.0,-0.45234375000000004,1.207389094563334,5.872493028128071,5.0,1.1901943098435837
1757310094.928104,0.28054752945899963,-0.2479211986064911,-0.38998299837112427,142.12,2.7738213854499683,0.3015625,-0.5764268698076703,-0.7290445913877389,0.0,-0.45234375000000004,1.1930871003480261,5.866982450384852,5.0,1.1826187901961065
1757310095.0834339,0.28054752945899963,-0.2479211986064911,-0.38998299837112427,142.12,2.7738213854499683,0.3015625,-0.577506789664411,-0.726241798601972,0.0,-0.45234375000000004,1.1788566161037948,5.86149942553035,5.0,1.1751096814370188
1757310095.227883,0.28054752945899963,-0.2479211986064911,-0.38998299837112427,142.12,2.7738213854499683,0.3015625,-0.5785772325104003,-0.7234636021760172,0.0,-0.45234375000000004,1.1646972842807846,5.85604381580012,5.0,1.1676664700720742
1757310095.3730597,0.28054752945899963,-0.2479211986064911,-0.38998299837112427,142.12,2.7738213854499683,0.3015625,-0.5796382717703548,-0.7207098115454871,0.0,-0.45234375000000004,1.1506087491168893,5.85061548411854,5.0,1.1602886455502555
1757310095.5243404,0.28054752945899963,-0.2479211986064911,-0.38998299837112427,142.12,2.7738213854499683,0.3015625,-0.5806899804461634,-0.717980237243389,0.0,-0.45234375000000004,1.1365906566288135,5.845214294095369,5.0,1.1529757002606313
1757310095.6750379,0.28054752945899963,-0.2479211986064911,-0.38998299837112427,142.12,2.7738213854499683,0.3015625,-0.581732431117362,-0.715274690898893,0.0,-0.45234375000000004,1.1226426546031782,5.839840110022314,5.0,1.1457271295290585
1757310095.8327117,0.28054752945899963,-0.2479211986064911,-0.38998299837112427,142.12,2.7738213854499683,0.3015625,-0.5827656959416307,-0.7125929852360416,0.0,-0.45234375000000004,1.1087643925876711,5.834492796869624,5.0,1.1385424316147237
1757310095.9726973,0.28054752945899963,-0.2479211986064911,-0.38998299837112427,142.12,2.7738213854499683,0.3015625,-0.5837898466553137,-0.7099349340724002,0.0,-0.45234375000000004,1.0949555218822415,5.829172220282697,5.0,1.1314211077065268
1757310096.1356313,0.28054752945899963,-0.2479211986064911,-0.38998299837112427,142.12,2.7738213854499683,0.3015625,-0.5848049545739633,-0.7073003523176461,0.0,-0.45234375000000004,1.0812156955303391,5.823878246578705,5.0,1.124362661919303
1757310096.2794428,0.28054752945899963,-0.2479211986064911,-0.38998299837112427,142.12,2.7738213854499683,0.3015625,-0.5858110905929046,-0.7046890559721004,0.0,-0.45234375000000004,1.067544568310196,5.818610742743233,5.0,1.1173666012898886
1757310096.4346306,0.28054752945899963,-0.2479211986064911,-0.38998299837112427,142.12,2.7738213854499683,0.3015625,-0.5868083251878259,-0.7021008621251992,0.0,-0.45234375000000004,1.0539417967261537,5.813369576426938,5.0,1.1104324357730233
1757310096.5692098,0.28054752945899963,-0.2479211986064911,-0.38998299837112427,142.12,2.7738213854499683,0.3015625,-0.5877967284153887,-0.6995355889539081,0.0,-0.45234375000000004,1.0404070390000317,5.808154615942225,5.0,1.1035596782371053
1757310096.731586,0.28054752945899963,-0.2479211986064911,-0.38998299837112427,142.12,2.7738213854499683,0.3015625,-0.5887763699138625,-0.6969930557210741,0.0,-0.45234375000000004,1.0269399550625402,5.802965730259936,5.0,1.0967478444597747
1757310096.8741376,0.28054752945899963,-0.2479211986064911,-0.38998299837112427,142.12,2.7738213854499683,0.3015625,-0.5897473189037805,-0.6944730827737263,0.0,-0.45234375000000004,1.0135402065447363,5.797802789006058,5.0,1.0899964531233595
1757310097.0300465,0.28054752945899963,-0.2479211986064911,-0.38998299837112427,142.12,2.7738213854499683,0.3015625,-0.5907096441886196,-0.6919754915413098,0.0,-0.45234375000000004,1.0002074567695214,5.792665662458449,5.0,1.0833050258101453
1757310097.1768694,0.28054752945899963,-0.2479211986064911,-0.38998299837112427,142.12,2.7738213854499683,0.3015625,-0.5916634141554992,-0.6895001045338709,0.0,-0.45234375000000004,0.9869413707431826,5.787554221543579,5.0,1.0766730869975136
1757310097.3321583,0.28054752945899963,-0.2479211986064911,-0.38998299837112427,142.12,2.7738213854499683,0.3015625,-0.5926086967759059,-0.6870467453401775,0.0,-0.45234375000000004,0.9737416151469753,5.782468337833283,5.0,1.0701001640529046
1757310097.5011184,0.28054752945899963,-0.2479211986064911,-0.38998299837112427,142.12,2.7738213854499683,0.3015625,-0.5935455596064374,-0.6846152386257884,0.0,-0.45234375000000004,0.9606078583287492,5.777407883541538,5.0,1.0635857872286456
1757310097.6265886,0.28054752945899963,-0.2479211986064911,-0.38998299837112427,142.12,2.7738213854499683,0.3015625,-0.5944740697895693,-0.6822054101310633,0.0,-0.45234375000000004,0.9475397702946141,5.772372731521251,5.0,1.057129489656619
1757310097.7914348,0.28054752945899963,-0.2479211986064911,-0.38998299837112427,142.12,2.7738213854499683,0.3015625,-0.5953942940544436,-0.6798170866691154,0.0,-0.45234375000000004,0.9345370227006498,5.7673627552610665,5.0,1.0507308073427781
1757310097.9336975,0.28054752945899963,-0.2479211986064911,-0.38998299837112427,142.12,2.7738213854499683,0.3015625,-0.5963062987176776,-0.6774500961237124,0.0,-0.45234375000000004,0.9215992888446553,5.762377828882182,5.0,1.0443892791615212
1757310098.0805485,0.28054752945899963,-0.2479211986064911,-0.38998299837112427,142.12,2.7738213854499683,0.3015625,-0.5972101496841954,-0.6751042674471193,0.0,-0.45234375000000004,0.9087262436579407,5.7574178271351935,5.0,1.038104446849915
