timestamp,x,y,z,compass_hdg,bearing,yaw_error,vel_x,vel_y,vel_z,yaw_rate,estimated_state_x,estimated_state_y,desired_radius,distance_error
1757309110.8762448,0.0,0.0,0.0,0.0,0.0,0.0,0.0,0.0,0.0,0.0,0.0,0.0,5.0,0.0
1757309110.9772012,-0.27491945028305054,1.2867878675460815,0.49471575021743774,148.73,0.0,0.0,0.0,0.0,0.0,0.0,0.0,0.0,5.0,0.0
1757309111.127205,-0.27491945028305054,1.2867878675460815,0.49471575021743774,148.73,0.0,0.0,0.0,0.0,0.0,0.0,0.0,0.0,5.0,0.0
1757309111.2748325,-0.27491945028305054,1.2867878675460815,0.49471575021743774,148.73,0.0,0.0,0.0,0.0,0.0,0.0,0.0,0.0,5.0,0.0
1757309111.4269443,-0.27491945028305054,1.2867878675460815,0.49471575021743774,148.73,0.0,0.0,0.0,0.0,0.0,0.0,0.0,0.0,5.0,0.0
1757309111.5761838,-0.2834666669368744,1.287015676498413,0.48652946949005127,148.94,0.0,0.0,0.0,0.0,0.0,0.0,0.0,0.0,5.0,0.0
1757309111.727582,-0.2834666669368744,1.287015676498413,0.48652946949005127,148.94,0.0,0.0,0.0,0.0,0.0,0.0,0.0,0.0,5.0,0.0
1757309111.8750534,-0.2834666669368744,1.287015676498413,0.48652946949005127,148.94,0.0,0.0,0.0,0.0,0.0,0.0,0.0,0.0,5.0,0.0
1757309112.026335,-0.2834666669368744,1.287015676498413,0.48652946949005127,148.94,0.0,0.0,0.0,0.0,0.0,0.0,0.0,0.0,5.0,0.0
1757309112.1779115,-0.2834666669368744,1.287015676498413,0.48652946949005127,148.94,0.0,0.0,0.0,0.0,0.0,0.0,0.0,0.0,5.0,0.0
1757309112.3254867,-0.30498436093330383,1.2814404964447021,0.47270363569259644,149.13,0.0,0.0,0.0,0.0,0.0,0.0,0.0,0.0,5.0,0.0
1757309112.4751482,-0.30498436093330383,1.2814404964447021,0.47270363569259644,149.13,0.0,0.0,0.0,0.0,0.0,0.0,0.0,0.0,5.0,0.0
1757309112.6271312,-0.30498436093330383,1.2814404964447021,0.47270363569259644,149.13,0.0,0.0,0.0,0.0,0.0,0.0,0.0,0.0,5.0,0.0
1757309112.774734,-0.30498436093330383,1.2814404964447021,0.47270363569259644,149.13,0.0,0.0,0.0,0.0,0.0,0.0,0.0,0.0,5.0,0.0
1757309112.9251206,-0.3085552752017975,1.2734291553497314,0.4831717908382416,149.3,0.0,0.0,0.0,0.0,0.0,0.0,0.0,0.0,5.0,0.0
1757309113.0775824,-0.3085552752017975,1.2734291553497314,0.4831717908382416,149.3,0.0,0.0,0.0,0.0,0.0,0.0,0.0,0.0,5.0,0.0
1757309113.2291749,-0.3085552752017975,1.2734291553497314,0.4831717908382416,149.3,0.0,0.0,0.0,0.0,0.0,0.0,0.0,0.0,5.0,0.0
1757309113.3780134,-0.3085552752017975,1.2734291553497314,0.4831717908382416,149.3,0.0,0.0,0.0,0.0,0.0,0.0,0.0,0.0,5.0,0.0
1757309113.5254898,-0.3085552752017975,1.2734291553497314,0.4831717908382416,149.3,0.0,0.0,0.0,0.0,0.0,0.0,0.0,0.0,5.0,0.0
1757309113.6763134,-0.302770733833313,1.2629847526550293,0.48739516735076904,149.51,0.0,0.0,0.0,0.0,0.0,0.0,2.7431614043837786,-3.896421891591907,5.0,0.0
1757309113.8255715,-0.302770733833313,1.2629847526550293,0.48739516735076904,149.51,0.0,0.0,0.0,0.0,0.0,0.0,2.7431614043837786,-3.896421891591907,5.0,0.0
1757309113.9833095,-0.302770733833313,1.2629847526550293,0.48739516735076904,149.51,0.0,0.0,0.0,0.0,0.0,0.0,2.7431614043837786,-3.896421891591907,5.0,0.0
1757309114.1266341,-0.302770733833313,1.2629847526550293,0.48739516735076904,149.51,0.0,0.0,0.0,0.0,0.0,0.0,2.7431614043837786,-3.896421891591907,5.0,0.0
1757309114.2768683,-0.302770733833313,1.2629847526550293,0.48739516735076904,149.51,0.0,0.0,0.0,0.0,0.0,0.0,2.7431614043837786,-3.896421891591907,5.0,0.0
1757309114.424994,-0.3036304712295532,1.2455434799194336,0.4868776798248291,149.7,0.0,0.0,0.0,0.0,0.0,0.0,2.7431614043837786,-3.896421891591907,5.0,0.0
1757309114.577207,-0.3036304712295532,1.2455434799194336,0.4868776798248291,149.7,0.0,0.0,0.0,0.0,0.0,0.0,2.7431614043837786,-3.896421891591907,5.0,0.0
1757309114.72718,-0.3036304712295532,1.2455434799194336,0.4868776798248291,149.7,0.0,0.0,0.0,0.0,0.0,0.0,2.7431614043837786,-3.896421891591907,5.0,0.0
1757309114.877503,-0.3036304712295532,1.2455434799194336,0.4868776798248291,149.7,0.0,0.0,0.0,0.0,0.0,0.0,2.7431614043837786,-3.896421891591907,5.0,0.0
1757309115.0306444,-0.3015458285808563,1.244433045387268,0.48439380526542664,149.73,0.0,0.0,0.0,0.0,0.0,0.0,2.7431614043837786,-3.896421891591907,5.0,0.0
1757309115.175897,-0.2921341359615326,1.2502574920654297,0.4789693355560303,149.86,0.0,0.0,0.0,0.0,0.0,0.0,2.7431614043837786,-3.896421891591907,5.0,0.0
1757309115.326952,-0.2921341359615326,1.2502574920654297,0.4789693355560303,149.86,0.0,0.0,0.0,0.0,0.0,0.0,2.7431614043837786,-3.896421891591907,5.0,0.0
1757309115.4761121,-0.2921341359615326,1.2502574920654297,0.4789693355560303,149.86,0.0,0.0,0.0,0.0,0.0,0.0,2.7431614043837786,-3.896421891591907,5.0,0.0
1757309115.627329,-0.2921341359615326,1.2502574920654297,0.4789693355560303,149.86,0.0,0.0,0.0,0.0,0.0,0.0,2.7431614043837786,-3.896421891591907,5.0,0.0
1757309115.785265,-0.28794488310813904,1.241439938545227,0.4795730412006378,150.05,0.0,0.0,0.0,0.0,0.0,0.0,2.7431614043837786,-3.896421891591907,5.0,0.0
1757309115.9276166,-0.2883988320827484,1.2402757406234741,0.4801686704158783,150.05,0.0,0.0,0.0,0.0,0.0,0.0,2.7431614043837786,-3.896421891591907,5.0,0.0
1757309116.0897117,-0.2883988320827484,1.2402757406234741,0.4801686704158783,150.05,0.0,0.0,0.0,0.0,0.0,0.0,2.7431614043837786,-3.896421891591907,5.0,0.0
1757309116.225091,-0.2883988320827484,1.2402757406234741,0.4801686704158783,150.05,0.0,0.0,0.0,0.0,0.0,0.0,2.7431614043837786,-3.896421891591907,5.0,0.0
1757309116.375968,-0.2883988320827484,1.2402757406234741,0.4801686704158783,150.05,0.0,0.0,0.0,0.0,0.0,0.0,2.7431614043837786,-3.896421891591907,5.0,0.0
1757309116.5256317,-0.2958606779575348,1.237417221069336,0.4841004014015198,150.21,0.0,0.0,0.0,0.0,0.0,0.0,2.7431614043837786,-3.896421891591907,5.0,0.0
1757309116.6768987,-0.2958606779575348,1.237417221069336,0.4841004014015198,150.21,0.0,0.0,0.0,0.0,0.0,0.0,2.7431614043837786,-3.896421891591907,5.0,0.0
1757309116.8279324,-0.2958606779575348,1.237417221069336,0.4841004014015198,150.21,0.0,0.0,0.0,0.0,0.0,0.0,2.7431614043837786,-3.896421891591907,5.0,0.0
1757309116.9767642,-0.2958606779575348,1.237417221069336,0.4841004014015198,150.21,0.0,0.0,0.0,0.0,0.0,0.0,2.7431614043837786,-3.896421891591907,5.0,0.0
1757309117.126557,-0.2958606779575348,1.237417221069336,0.4841004014015198,150.21,0.0,0.0,0.0,0.0,0.0,0.0,2.7431614043837786,-3.896421891591907,5.0,0.0
1757309117.277702,-0.3045377731323242,1.2166101932525635,0.5044547915458679,150.4,0.0,0.0,0.0,0.0,0.0,0.0,2.7431614043837786,-3.896421891591907,5.0,0.0
1757309117.4272048,-0.3045377731323242,1.2166101932525635,0.5044547915458679,150.4,0.0,0.0,0.0,0.0,0.0,0.0,2.7431614043837786,-3.896421891591907,5.0,0.0
1757309117.574846,-0.3045377731323242,1.2166101932525635,0.5044547915458679,150.4,0.0,0.0,0.0,0.0,0.0,0.0,2.7431614043837786,-3.896421891591907,5.0,0.0
1757309117.7260735,-0.3045377731323242,1.2166101932525635,0.5044547915458679,150.4,0.0,0.0,0.0,0.0,0.0,0.0,2.7431614043837786,-3.896421891591907,5.0,0.0
1757309117.8859649,-0.3061990737915039,1.211426854133606,0.5112931132316589,150.42,0.0,0.0,0.0,0.0,0.0,0.0,2.7431614043837786,-3.896421891591907,5.0,0.0
1757309118.0250018,-0.31372639536857605,1.2070330381393433,0.5103874206542969,150.56,0.0,0.0,0.0,0.0,0.0,0.0,2.7431614043837786,-3.896421891591907,5.0,0.0
1757309118.1747746,-0.31372639536857605,1.2070330381393433,0.5103874206542969,150.56,0.0,0.0,0.0,0.0,0.0,0.0,2.7431614043837786,-3.896421891591907,5.0,0.0
1757309118.3257177,-0.31372639536857605,1.2070330381393433,0.5103874206542969,150.56,0.0,0.0,0.0,0.0,0.0,0.0,2.7431614043837786,-3.896421891591907,5.0,0.0
1757309118.4767227,-0.31372639536857605,1.2070330381393433,0.5103874206542969,150.56,0.0,0.0,0.0,0.0,0.0,0.0,2.7431614043837786,-3.896421891591907,5.0,0.0
1757309118.6269104,-0.32591015100479126,1.1821064949035645,0.5247272253036499,150.73,0.0,0.0,0.0,0.0,0.0,0.0,2.7431614043837786,-3.896421891591907,5.0,0.0
1757309118.7761536,-0.32591015100479126,1.1821064949035645,0.5247272253036499,150.73,0.0,0.0,0.0,0.0,0.0,0.0,2.7431614043837786,-3.896421891591907,5.0,0.0
1757309118.9258864,-0.32591015100479126,1.1821064949035645,0.5247272253036499,150.73,0.0,0.0,0.0,0.0,0.0,0.0,2.7431614043837786,-3.896421891591907,5.0,0.0
1757309119.0869732,-0.32591015100479126,1.1821064949035645,0.5247272253036499,150.73,0.0,0.0,0.0,0.0,0.0,0.0,2.7431614043837786,-3.896421891591907,5.0,0.0
1757309119.225327,-0.32591015100479126,1.1821064949035645,0.5247272253036499,150.73,0.0,0.0,0.0,0.0,0.0,0.0,2.7431614043837786,-3.896421891591907,5.0,0.0
1757309119.3748953,-0.32905858755111694,1.1655299663543701,0.5412304401397705,150.89,0.0,0.0,0.0,0.0,0.0,0.0,2.7431614043837786,-3.896421891591907,5.0,0.0
1757309119.526781,-0.32905858755111694,1.1655299663543701,0.5412304401397705,150.89,0.0,0.0,0.0,0.0,0.0,0.0,2.7431614043837786,-3.896421891591907,5.0,0.0
1757309119.6757133,-0.32905858755111694,1.1655299663543701,0.5412304401397705,150.89,0.0,0.0,0.0,0.0,0.0,0.0,2.7431614043837786,-3.896421891591907,5.0,0.0
1757309119.8253655,-0.32905858755111694,1.1655299663543701,0.5412304401397705,150.89,0.0,0.0,0.0,0.0,0.0,0.0,2.7431614043837786,-3.896421891591907,5.0,0.0
1757309119.9749382,-0.32905858755111694,1.1655299663543701,0.5412304401397705,150.89,0.0,0.0,0.0,0.0,0.0,0.0,2.7431614043837786,-3.896421891591907,5.0,0.0
1757309120.1273015,-0.29659682512283325,1.1712641716003418,0.6510008573532104,158.79,0.0,0.0,0.0,0.0,0.0,0.0,2.7431614043837786,-3.896421891591907,5.0,0.0
1757309120.2791946,-0.29659682512283325,1.1712641716003418,0.6510008573532104,158.79,0.0,0.0,0.0,0.0,0.0,0.0,2.7431614043837786,-3.896421891591907,5.0,0.0
1757309120.4248948,-0.29659682512283325,1.1712641716003418,0.6510008573532104,158.79,0.0,0.0,0.0,0.0,0.0,0.0,2.7431614043837786,-3.896421891591907,5.0,0.0
1757309120.5762932,-0.29659682512283325,1.1712641716003418,0.6510008573532104,158.79,0.0,0.0,0.0,0.0,0.0,0.0,2.7431614043837786,-3.896421891591907,5.0,0.0
1757309120.7266345,-0.23133835196495056,1.2321960926055908,1.1087379455566406,149.81,0.0,0.0,0.0,0.0,0.0,0.0,2.7431614043837786,-3.896421891591907,5.0,0.0
1757309120.8765883,-0.23031099140644073,1.2382549047470093,1.1554597616195679,149.81,0.0,0.0,0.0,0.0,0.0,0.0,2.7431614043837786,-3.896421891591907,5.0,0.0
1757309121.0259788,-0.23031099140644073,1.2382549047470093,1.1554597616195679,149.81,0.0,0.0,0.0,0.0,0.0,0.0,2.7431614043837786,-3.896421891591907,5.0,0.0
1757309121.1751502,-0.23031099140644073,1.2382549047470093,1.1554597616195679,149.81,0.0,0.0,0.0,0.0,0.0,0.0,2.7431614043837786,-3.896421891591907,5.0,0.0
1757309121.3260128,-0.23031099140644073,1.2382549047470093,1.1554597616195679,149.81,0.0,0.0,0.0,0.0,0.0,0.0,2.7431614043837786,-3.896421891591907,5.0,0.0
1757309121.475495,-0.28904154896736145,1.3462451696395874,2.099255084991455,128.39,0.0,0.0,0.0,0.0,0.0,0.0,2.7431614043837786,-3.896421891591907,5.0,0.0
1757309121.6262033,-0.28904154896736145,1.3462451696395874,2.099255084991455,128.39,0.0,0.0,0.0,0.0,0.0,0.0,2.7431614043837786,-3.896421891591907,5.0,0.0
1757309121.7760026,-0.28904154896736145,1.3462451696395874,2.099255084991455,128.39,0.0,0.0,0.0,0.0,0.0,0.0,2.7431614043837786,-3.896421891591907,5.0,0.0
1757309121.9247677,-0.28904154896736145,1.3462451696395874,2.099255084991455,128.39,0.0,0.0,0.0,0.0,0.0,0.0,2.7431614043837786,-3.896421891591907,5.0,0.0
1757309122.0748334,-0.28904154896736145,1.3462451696395874,2.099255084991455,128.39,0.0,0.0,0.0,0.0,0.0,0.0,2.7431614043837786,-3.896421891591907,5.0,0.0
1757309122.22482,-0.35235536098480225,1.3604003190994263,3.053419351577759,92.85,0.0,0.0,0.0,0.0,0.0,0.0,2.7431614043837786,-3.896421891591907,5.0,0.0
1757309122.374831,-0.35235536098480225,1.3604003190994263,3.053419351577759,92.85,0.0,0.0,0.0,0.0,0.0,0.0,2.7431614043837786,-3.896421891591907,5.0,0.0
1757309122.524647,-0.35235536098480225,1.3604003190994263,3.053419351577759,92.85,0.0,0.0,0.0,0.0,0.0,0.0,2.7431614043837786,-3.896421891591907,5.0,0.0
1757309122.6751697,-0.35235536098480225,1.3604003190994263,3.053419351577759,92.85,0.0,0.0,0.0,0.0,0.0,0.0,2.7431614043837786,-3.896421891591907,5.0,0.0
1757309122.8290982,-0.35235536098480225,1.3604003190994263,3.053419351577759,92.85,0.0,0.0,0.0,0.0,0.0,0.0,2.7431614043837786,-3.896421891591907,5.0,0.0
1757309122.9960508,-0.35680776834487915,1.0716689825057983,3.794734239578247,46.55,0.0,0.0,0.8,0.3390896677695456,0.0,-0.0,2.7276615585201354,-3.896421891591907,5.0,0.8477241694238637
1757309123.1360583,-0.35680776834487915,1.0716689825057983,3.794734239578247,46.55,0.0,0.0,0.8,0.33584164874782596,0.0,-0.0,2.71223921188581,-3.896421891591907,5.0,0.8396041218695647
1757309123.2917347,-0.35680776834487915,1.0716689825057983,3.794734239578247,46.55,0.0,0.0,0.8,0.3326215735166834,0.0,-0.0,2.6968939769846565,-3.896421891591907,5.0,0.8315539337917084
1757309123.440049,-0.35680776834487915,1.0716689825057983,3.794734239578247,46.55,0.0,0.0,0.8,0.32942923366513993,0.0,-0.0,2.6816254682580087,-3.896421891591907,5.0,0.8235730841628497
1757309123.592706,-0.3139207065105438,0.9004058837890625,4.067691326141357,15.28,0.0,0.0,0.8,0.25896772727393413,0.0,-0.0,2.666647737384166,-3.896421891591907,5.0,0.6474193181848351
1757309123.7546747,-0.2564522624015808,0.7596631050109863,4.206533908843994,7.49,0.0,0.0,0.8,0.195938417391189,0.0,-0.0,2.6520322373852374,-3.896421891591907,5.0,0.48984604347797234
1757309123.8916605,-0.2564522624015808,0.7596631050109863,4.206533908843994,7.49,0.0,0.0,0.8,0.19286217505023806,0.0,-0.0,2.6374898148863033,-3.896421891591907,5.0,0.482155437625595
1757309124.0463767,-0.2564522624015808,0.7596631050109863,4.206533908843994,7.49,-0.21888421402562472,-0.349609375,0.7392941176378659,0.3608039722504889,0.0,0.5244140625,2.628636863645528,-3.89839121405554,5.0,0.47916136873240767
1757309124.1872795,-0.2564522624015808,0.7596631050109863,4.206533908843994,7.49,-0.17288812027562475,-0.30361328125000003,0.7553628910058282,0.3249354114225499,0.0,0.455419921875,2.6185851718136646,-3.900146556349187,5.0,0.4753690586338184
1757309124.340876,0.16084973514080048,0.6323909759521484,4.344141483306885,323.13,-0.10404046402562472,-0.234765625,0.7893502178380085,0.14364608751715746,0.0,0.3521484375,2.608769891687885,-3.9011714432541083,5.0,0.1522326521294426
1757309124.4885702,0.16084973514080048,0.6323909759521484,4.344141483306885,323.13,5.528204100415076,-0.17343750000000002,0.5413642360670083,0.5920730670321297,0.0,0.26015625000000003,2.6135909699285005,-3.8966350777830696,5.0,0.150535560525749
1757309124.6445565,0.16084973514080048,0.6323909759521484,4.344141483306885,323.13,5.515658974469277,-0.1240234375,0.5344062559350451,0.5982870882414386,0.0,0.18603515625,2.6185553216251467,-3.89184507285906,5.0,0.14869192855808944
1757309124.7900279,0.16084973514080048,0.6323909759521484,4.344141483306885,323.13,5.538510536969277,-0.10117187500000001,0.5483536826653868,0.5854682112680348,0.0,0.1517578125,2.6231842762040114,-3.8875785718034077,5.0,0.14715611816375151
1757309124.9396355,0.16084973514080048,0.6323909759521484,4.344141483306885,323.13,5.558237099469277,-0.0814453125,0.5601378505548734,0.5741514311447001,0.0,0.12216796875000001,2.62750345163837,-3.8837523838616894,5.0,0.14586546690660107
1757309125.0861554,0.4420683979988098,0.8554762601852417,4.350182056427002,307.69,5.529813354189034,-0.0615234375,0.5243326979810932,0.6103751679225877,0.0,0.09228515625,2.633513922537862,-3.878115074803923,5.0,0.216255401502762
1757309125.2373972,0.4420683979988098,0.8554762601852417,4.350182056427002,307.69,5.331727012961353,-0.038476562500000006,0.3960393707442584,0.7001431826948734,0.0,0.05771484375000001,2.6410088894914034,-3.8676018745411347,5.0,0.20987584802709858
1757309125.3930473,0.4420683979988098,0.8554762601852417,4.350182056427002,307.69,5.336805137961353,-0.0333984375,0.4016051427357349,0.6966706782214657,0.0,0.050097656250000004,2.6484520326198218,-3.8572727411717973,5.0,0.20366523643817835
1757309125.5413756,0.4420683979988098,0.8554762601852417,4.350182056427002,307.69,5.341883262961352,-0.0283203125,0.40709196869354974,0.6931989522658473,0.0,0.04248046875,2.655842014950349,-3.8471264115353527,5.0,0.19762114002015085
1757309125.691987,0.4420683979988098,0.8554762601852417,4.350182056427002,307.69,5.349109825461352,-0.02109375,0.41396687474372723,0.6888516772582871,0.0,0.031640625000000006,2.6631696968578575,-3.8372168977530494,5.0,0.19178775128126713
1757309125.8358364,0.7645400166511536,1.2903989553451538,4.338184833526611,300.62,5.284345626964357,-0.022851562500000002,0.27898293429817467,0.7718351757231245,0.0,0.03427734375,2.672057041239312,-3.823410939761424,5.0,0.45799164916763235
1757309125.9844174,0.7645400166511536,1.2903989553451538,4.338184833526611,300.62,5.217511922345354,-0.029296875,0.23085409265598428,0.7865094805355911,0.0,0.0439453125,2.6806516033318477,-3.807868479626272,5.0,0.4464497106924741
1757309126.1352572,0.7645400166511536,1.2903989553451538,4.338184833526611,300.62,5.213605672345354,-0.033203125,0.2318338818206142,0.7851842171205444,0.0,0.0498046875,2.6891815428639596,-3.7922995824857066,5.0,0.43489369085456264
1757309126.2963727,0.7645400166511536,1.2903989553451538,4.338184833526611,300.62,5.195246297345354,-0.051562500000000004,0.22161683686793884,0.787086891771524,0.0,0.07734375,2.697557655203326,-3.7763221975856025,5.0,0.42293466976228533
1757309126.4361928,1.177432894706726,1.8770639896392822,4.38534688949585,299.48,5.187043172345354,-0.059765625,0.06742066267374075,0.8647883132949984,0.0,0.08964843750000001,2.707460749173452,-3.7570492881584925,5.0,0.838169033395765
1757309126.5901568,1.1947993040084839,1.9038907289505005,4.3879876136779785,299.48,5.1512471749946265,-0.073046875,0.034884038302464726,0.8673719694717623,0.0,0.10957031249999999,2.716982376403765,-3.7367640240785356,5.0,0.8424333414045719
1757309126.744838,1.1947993040084839,1.9038907289505005,4.3879876136779785,299.48,5.1452714188726185,-0.08164062500000001,0.03593570453874567,0.8646834436461772,0.0,0.1224609375,2.726382757330243,-3.716421914649491,5.0,0.8252606882695757
1757309126.9093003,1.1947993040084839,1.9038907289505005,4.3879876136779785,299.48,5.138240168872619,-0.08867187500000001,0.036139877552381794,0.8620638903048171,0.0,0.13300781250000002,2.7356477943200566,-3.6959967572544916,5.0,0.8080077417519611
1757309127.035191,1.1947993040084839,1.9038907289505005,4.3879876136779785,299.48,5.128865168872619,-0.098046875,0.03442121040491242,0.8595493930255238,0.0,0.14707031250000002,2.744745653415007,-3.6754297733742174,5.0,0.7906088586347764
1757309127.1937006,1.4787912368774414,2.391983985900879,4.4034423828125,299.31,5.124958918872619,-0.101953125,-0.11071350262709401,0.9217316051247042,0.0,0.15292968750000002,2.75487145054793,-3.6522951433071995,5.0,1.1775149456315912
1757309127.3370674,1.4787912368774414,2.391983985900879,4.4034423828125,299.31,5.132713189553801,-0.099609375,-0.09618746351861235,0.9192658566912011,0.0,0.1494140625,2.765067664115019,-3.629482855670619,5.0,1.15731840750599
1757309127.4890337,1.4787912368774414,2.391983985900879,4.4034423828125,299.31,5.130780921644228,-0.0931640625,-0.09061075822821835,0.9158088969886962,0.0,0.13974609375000002,2.775183254245217,-3.6067330529173276,5.0,1.1372011841313112
1757309127.6436021,1.4787912368774414,2.391983985900879,4.4034423828125,299.31,5.142694984144228,-0.08125,-0.0725567196246375,0.9135476589089994,0.0,0.12187500000000001,2.7854265012128954,-3.5844161946270092,5.0,1.1175693565188736
1757309127.7858634,1.4787912368774414,2.391983985900879,4.4034423828125,299.31,5.153632484144228,-0.0703125,-0.055625090672490385,0.9110109204144422,0.0,0.10546875,2.795774205305412,-3.5625070424021485,5.0,1.098393849635377
1757309127.9412978,1.6577448844909668,3.017979145050049,4.380404949188232,294.43,5.155510942203073,-0.054296875,-0.25537428138704493,1.00672700535166,0.0,0.0814453125,2.807472938762118,-3.5378573747958497,5.0,1.655889653060913
1757309128.0879636,1.6577448844909668,3.017979145050049,4.380404949188232,294.43,5.113947294540851,-0.041406250000000006,-0.28836420240071536,0.9915856904408884,0.0,0.06210937500000001,2.818387444774518,-3.5121538856726136,5.0,1.6324752959718367
1757309128.2371268,1.6577448844909668,3.017979145050049,4.380404949188232,294.43,5.1172885416469045,-0.021484375,-0.27653420347697255,0.9888941730749563,0.0,0.0322265625,2.8293088811919254,-3.486671081245099,5.0,1.6093143944593402
1757309128.386843,1.6577448844909668,3.017979145050049,4.380404949188232,294.43,5.1387729166469045,0.0,-0.2470862967449483,0.9909090782297567,0.0,-0.0,2.840553604235588,-3.461916687793834,5.0,1.5869633726028436
1757309128.5576022,1.6647242307662964,3.1093063354492188,4.378075122833252,291.03,5.153616666646904,0.014843750000000001,-0.25639792809100853,1.0058244672942345,0.0,-0.022265625,2.852168819977028,-3.437322830876664,5.0,1.653448586547773
1757309128.6871347,1.6382479667663574,3.569352149963379,4.377155303955078,284.4,5.146128498548173,0.028125,-0.42129535280745956,1.0767643624992445,0.0,-0.0421875,2.8644567739300317,-3.410791848709546,5.0,2.0870302864440626
1757309128.836948,1.6382479667663574,3.569352149963379,4.377155303955078,284.4,5.005903892671872,0.0421875,-0.5568468920509375,1.0040463499750523,0.0,-0.06328125000000001,2.8736091625573654,-3.380510465810501,5.0,2.0588035574166206
1757309128.9910586,1.6382479667663574,3.569352149963379,4.377155303955078,284.4,5.012153892671873,0.049218750000000006,-0.5399069445346938,1.00421414063005,0.0,-0.07382812500000001,2.8828742738582487,-3.350533920223523,5.0,2.0309258187433548
1757309129.1361668,1.6382479667663574,3.569352149963379,4.377155303955078,284.4,5.011372642671873,0.047656250000000004,-0.5300908599429904,1.0005247256004446,0.0,-0.071484375,2.892073471203141,-3.320688006489763,5.0,2.0031943963532095
1757309129.2874405,1.4658267498016357,4.079470157623291,4.392941474914551,279.95,5.007466392671873,0.043750000000000004,-0.7267638156255062,1.0570386302525523,0.0,-0.065625,2.9017656421437996,-3.288800702636641,5.0,2.5068859038016873
1757309129.4558597,1.4658267498016357,4.079470157623291,4.392941474914551,279.95,4.9835387117503345,0.038671875,-0.7402791435663894,1.0361324351120285,0.0,-0.058007812500000006,2.910757624439078,-3.2564550150513574,5.0,2.4768725662246034
1757309129.6029713,1.4658267498016357,4.079470157623291,4.392941474914551,279.95,4.9124288341905045,0.019921875000000002,-0.7995396627200042,0.978385558868622,0.0,-0.0298828125,2.9176155647411264,-3.222630656766689,5.0,2.445022972879145
1757309129.7396286,1.4658267498016357,4.079470157623291,4.392941474914551,279.95,4.889564865958126,0.003515625,-0.80899651149536,0.9575764455083592,0.0,-0.0052734375,2.923724324161073,-3.188513685333026,5.0,2.412762945002168
1757309129.8814042,1.4658267498016357,4.079470157623291,4.392941474914551,279.95,4.8536273659581255,-0.032421875,-0.8298304153976547,0.9260356935924329,0.0,0.048632812500000004,2.928644481490093,-3.1539097956778748,5.0,2.379811736417219
1757309130.0357108,0.9807409048080444,4.880256652832031,4.37468147277832,282.09,4.823939865958125,-0.062109375,-1.195093780168162,0.938872882044836,0.0,0.0931640625,2.932967799063761,-3.115314224584327,5.0,3.2304522052220133
1757309130.1883576,0.9807409048080444,4.880256652832031,4.37468147277832,282.09,4.816185362730064,-0.0890625,-1.1878247563772166,0.9280655047285807,0.0,0.13359375,2.936982829552103,-3.0767714436664684,5.0,3.193972089078219
1757309130.3361065,0.9807409048080444,4.880256652832031,4.37468147277832,282.09,4.808555536950803,-0.11484375000000001,-1.1803487526375986,0.9175747990508015,0.0,0.172265625,2.9406951063371665,-3.038287940300228,5.0,3.1574977134851707
1757309130.48972,0.9807409048080444,4.880256652832031,4.37468147277832,282.09,4.798203974450804,-0.12519531250000002,-1.175223969693957,0.9040548852646325,0.0,0.18779296875,2.944004108874091,-2.9998229162235224,5.0,3.1209640082373493
1757309130.6432698,0.9807409048080444,4.880256652832031,4.37468147277832,282.09,4.776133661950803,-0.147265625,-1.1801722139085358,0.8769598737661933,0.0,0.22089843750000002,2.946469043108174,-2.9612064448508972,5.0,3.084097390929184
1757309130.7835653,0.42181915044784546,5.626820087432861,4.363846302032471,282.49,4.782857327734379,-0.148046875,-1.5046404367370683,0.9081958143087782,0.0,0.22207031249999998,2.9494223751605673,-2.9193657886713877,5.0,3.9121305584300057
1757309130.9390512,0.42181915044784546,5.626820087432861,4.363846302032471,282.49,4.786239978958782,-0.144140625,-1.4860114128818387,0.9121299320505201,0.0,0.21621093749999998,2.952497833190883,-2.8777974293578295,5.0,3.8731535376208335
1757309131.092188,0.42181915044784546,5.626820087432861,4.363846302032471,282.49,4.794833728958782,-0.135546875,-1.4627697100207286,0.9235982416965484,0.0,0.20332031250000002,2.9559019615933377,-2.836601207782385,5.0,3.83465198601767
1757309131.2400694,0.42181915044784546,5.626820087432861,4.363846302032471,282.49,4.809286853958782,-0.12109375,-1.4342025872977169,0.9431781916771346,0.0,0.181640625,2.95985818767214,-2.795900248658075,5.0,3.7968096497806663
1757309131.3888254,0.1376609206199646,5.951968193054199,4.3629150390625,279.23,4.829989978958782,-0.10039062500000001,-1.556210340226874,0.9894243244089823,0.0,0.15058593750000002,2.964760426408263,-2.75440724588545,5.0,4.15387704196424
1757309131.53647,-0.1911555528640747,6.277904033660889,4.369095325469971,274.32,4.791451620343767,-0.08203125,-1.7422556220732517,0.940541952705116,0.0,0.123046875,2.968217726020856,-2.7107697849470695,5.0,4.527743517363399
1757309131.6859443,-0.1911555528640747,6.277904033660889,4.369095325469971,274.32,4.7272403290708445,-0.060546875,-1.7822440289650117,0.8265589068249124,0.0,0.0908203125,2.968881613583738,-2.6660708982255032,5.0,4.485806369283726
1757309131.8377295,-0.1911555528640747,6.277904033660889,4.369095325469971,274.32,4.736224704070844,-0.051562500000000004,-1.758182218398086,0.842142794326125,0.0,0.07734375,2.969938165427263,-2.6217528922165596,5.0,4.444384939959795
1757309132.0007007,-0.1911555528640747,6.277904033660889,4.369095325469971,274.32,4.745013766570844,-0.042773437500000004,-1.7343583026829712,0.8570290921463165,0.0,0.06416015625,2.9713720655268325,-2.5778172379357405,5.0,4.403477025935368
1757309132.1469624,-1.278070092201233,7.082917213439941,4.396749019622803,261.91,4.7467715790708445,-0.041015625,-2.175681826231114,0.8753081847840762,0.0,0.0615234375,2.973006454946765,-2.530300604716743,5.0,5.511213470814724
1757309132.3021197,-1.278070092201233,7.082917213439941,4.396749019622803,261.91,4.7101279611057585,-0.042578125,-2.1886768037007123,0.7950533960062666,0.0,0.0638671875,2.972897668301302,-2.482186702683039,5.0,5.467183949232149
1757309132.4460378,-1.278070092201233,7.082917213439941,4.396749019622803,261.91,4.595339338722139,-0.040429687500000006,-2.246378373670849,0.5413665027102982,0.0,0.06064453125000001,2.967060821820471,-2.4325482255069475,5.0,5.419463469727001
1757309132.5884743,-1.278070092201233,7.082917213439941,4.396749019622803,261.91,4.521387156398349,-0.0498046875,-2.2608307912991163,0.3776660458951675,0.0,0.07470703125,2.957427896252373,-2.38272934079342,5.0,5.370048596793771
1757309132.7473316,-1.278070092201233,7.082917213439941,4.396749019622803,261.91,4.503223093898349,-0.06796875000000001,-2.2479261985345094,0.34065631612843017,0.0,0.101953125,2.9469015753173164,-2.3331401780700984,5.0,5.320490414294532
1757309132.8872185,-2.278202533721924,7.570605278015137,4.4048542976379395,258.05,4.481348093898349,-0.08984375,-2.5759390418245993,0.2158694216462893,0.0,0.134765625,2.934493601729549,-2.2803945133487304,5.0,6.145151317501332
1757309133.0369687,-2.278202533721924,7.570605278015137,4.4048542976379395,258.05,4.399982332901353,-0.10820312500000001,-2.5643899201113616,0.012437594919678885,0.0,0.16230468750000002,2.917625791938255,-2.2281694676394177,5.0,6.091105377995925
1757309133.1895225,-2.278202533721924,7.570605278015137,4.4048542976379395,258.05,4.3684705722713675,-0.1353515625,-2.5430544028049042,-0.06103791210123888,0.0,0.20302734374999998,2.8991199330216357,-2.1764990247219234,5.0,6.036788944846364
1757309133.3477376,-2.278202533721924,7.570605278015137,4.4048542976379395,258.05,4.349720572271368,-0.1541015625,-2.5211498899407996,-0.10099880088907898,0.0,0.23115234375000002,2.8796965243637627,-2.1253110251418015,5.0,5.982473111791611
1757309133.5112467,-2.278202533721924,7.570605278015137,4.4048542976379395,258.05,4.340736197271368,-0.1630859375,-2.499956081098002,-0.11577808633809861,0.0,0.24462890625,2.859891670120899,-2.0744988351766627,5.0,5.9283139322528875
1757309133.646537,-3.6528453826904297,7.939247131347656,4.43683385848999,255.37,4.333509634771368,-0.1703125,-2.8556714446344826,-0.2758152925315809,0.0,0.25546875,2.8382306070369934,-2.0200896202422283,5.0,6.887912181539061
1757309133.8198605,-3.944838523864746,7.969817161560059,4.443257808685303,255.37,4.300111429818248,-0.1791015625,-2.892091184580695,-0.3916703210890916,0.0,0.26865234375,2.8144476035968786,-1.9657087907465862,5.0,7.016764327465776
1757309133.936521,-3.944838523864746,7.969817161560059,4.443257808685303,255.37,4.262906685817919,-0.194140625,-2.8543461210266132,-0.48875876860120726,0.0,0.29121093750000004,2.7886262724156072,-1.9121838396857955,5.0,6.9579886248219385
1757309134.0929894,-3.944838523864746,7.969817161560059,4.443257808685303,255.37,4.241715279567919,-0.21533203125,-2.8223783219085874,-0.5384621814095788,0.0,0.322998046875,2.7617322375035984,-1.8593274922524599,5.0,6.8991670297887655
1757309134.2488878,-4.498902797698975,8.015264511108398,4.463850498199463,253.4,4.226285592067919,-0.23076171875,-2.918945937898716,-0.6375378515152303,0.0,0.34614257812500004,2.733414395681959,-1.8057351356438325,5.0,7.1966571669117965
1757309134.3917623,-5.470529556274414,8.079164505004883,4.466493129730225,247.51,4.1472697451793,-0.2541015625,-3.0574750554136574,-0.9914788029758428,0.0,0.38115234374999996,2.699298271910076,-1.7519330396733315,5.0,7.782666610498598
1757309134.5578322,-5.470529556274414,8.079164505004883,4.466493129730225,247.51,4.0483800566111645,-0.271484375,-2.924534126003083,-1.2727532729075526,0.0,0.4072265625,2.6599268086494785,-1.7016211986841983,5.0,7.718808500933573
1757309134.6930892,-5.470529556274414,8.079164505004883,4.466493129730225,247.51,4.048477712861165,-0.27138671875000003,-2.904641639715059,-1.2568067272227457,0.0,0.407080078125,2.6207572046891747,-1.6515572360476474,5.0,7.655270327019375
1757309134.860786,-5.470529556274414,8.079164505004883,4.466493129730225,247.51,4.052872244111165,-0.26699218750000003,-2.890157401038924,-1.2285395650695627,0.0,0.40048828125,2.5820081753004236,-1.6015798240236985,5.0,7.592067927169685
1757309134.9922764,-6.976365089416504,7.983331680297852,4.433260917663574,231.87,4.070645681611165,-0.24921875000000002,-3.1928567153027334,-1.3871997231573832,0.0,0.373828125,2.5419036529047316,-1.5479108446697618,5.0,8.470041719341499
1757309135.1382751,-7.432821750640869,7.916474342346191,4.446291446685791,231.87,4.022823892653401,-0.224609375,-3.188470408846431,-1.592318877867721,0.0,0.3369140625,2.4984894844340855,-1.495262415615248,5.0,8.682533816844325
1757309135.2901125,-7.432821750640869,7.916474342346191,4.446291446685791,231.87,3.886933999099252,-0.1599609375,-2.9248053588100937,-1.9894823112830067,0.0,0.23994140625000002,2.44822037543334,-1.4488674347557322,5.0,8.614133101273241
1757309135.4353337,-7.432821750640869,7.916474342346191,4.446291446685791,231.87,3.9871293115992525,-0.059765625,-3.0889181784375532,-1.669017804948409,0.0,0.08964843750000001,2.4032375633321474,-1.3981206376403705,5.0,8.546576780470637
1757309135.5939374,-7.432821750640869,7.916474342346191,4.446291446685791,231.87,4.049238686599252,0.0023437500000000003,-3.1656809350120376,-1.4577643582247974,0.0,-0.0035156250000000005,2.3620059447498924,-1.3453384325897804,5.0,8.480349604530332
1757309135.7414017,-9.658403396606445,7.303615570068359,4.4268269538879395,192.99,3.9691863807671566,0.016015625000000002,-3.4092582384657413,-2.0465325641438774,0.0,-0.0240234375,2.3129425171259035,-1.291949398061774,5.0,9.73760021535332
1757309135.8893783,-9.658403396606445,7.303615570068359,4.4268269538879395,192.99,3.5751657801236174,0.01015625,-2.3504007185908797,-3.1727407997680945,0.0,-0.015234375000000001,2.2472653596228005,-1.2615439731605154,5.0,9.666523328110788
1757309136.0469613,-9.658403396606445,7.303615570068359,4.4268269538879395,192.99,3.3530765484238567,-0.015234375000000001,-1.5886529145275414,-3.5884668114062124,0.0,0.022851562500000002,2.1815706695518906,-1.2474397013369904,5.0,9.604983127067664
1757309136.1837606,-9.658403396606445,7.303615570068359,4.4268269538879395,192.99,3.3030765484238565,-0.065234375,-1.403564958740151,-3.6403374636262353,0.0,0.09785156249999999,2.1171163007640748,-1.2369399321017673,5.0,9.546613091328494
1757309136.3422894,-9.658403396606445,7.303615570068359,4.4268269538879395,192.99,3.2249515484238565,-0.143359375,-1.113399642025327,-3.717567347156597,0.0,0.21503906250000002,2.0551036893736905,-1.2317586226564368,5.0,9.49340749662202
1757309136.4923604,-11.666099548339844,6.333593368530273,4.331220626831055,176.98,3.071012810757317,-0.2171875,-0.49861839089627336,-4.291231297243689,0.0,0.32578125,1.9894998170580291,-1.2363966376584357,5.0,10.613460305840334
1757309136.6351175,-11.666099548339844,6.333593368530273,4.331220626831055,176.98,2.7295569858710533,-0.36281738281250003,0.9625220947021156,-4.199923328118785,0.0,0.54422607421875,1.9460616524244865,-1.2553814423788676,5.0,10.584719158079405
1757309136.7812274,-11.666099548339844,6.333593368530273,4.331220626831055,176.98,2.979118085179564,-0.109765625,-0.10767691024100978,-4.288688711779531,0.0,0.16464843750000002,1.8858389119921097,-1.2652531235588638,5.0,10.536972164580838
1757309136.9361348,-11.666099548339844,6.333593368530273,4.331220626831055,176.98,3.004508710179564,-0.084375,-0.21921936993850144,-4.26502648532616,0.0,0.12656250000000002,1.8244879972499748,-1.2737164295890562,5.0,10.487643936047391
1757309137.0987203,-12.542673110961914,5.7940192222595215,4.273700714111328,172.08,3.004508710179564,-0.084375,-0.19358612958098653,-4.450843084433922,0.0,0.12656250000000002,1.7587775986734888,-1.2827811226723815,5.0,10.9565847073288
1757309137.2380345,-13.650556564331055,4.734948635101318,4.2107253074646,167.87,3.004508710179564,-0.084375,-0.16499240121183545,-4.658120404322552,0.0,0.12656250000000002,1.6872429333599697,-1.2926492683530182,5.0,11.47968537069498
1757309137.3844626,-13.650556564331055,4.734948635101318,4.2107253074646,167.87,2.584474059072881,-0.34541015625000004,1.7427019140735434,-4.310554527343577,0.0,0.5181152343750001,1.6455193402913226,-1.318640679200374,5.0,11.450406732546064
1757309137.5613,-13.650556564331055,4.734948635101318,4.2107253074646,167.87,2.654200621572881,-0.27568359375,1.431665706194467,-4.409259707083724,0.0,0.41352539062500004,1.5983377275741273,-1.3436489556764617,5.0,11.415788917877443
1757309137.69162,-13.650556564331055,4.734948635101318,4.2107253074646,167.87,2.693263121572881,-0.23662109375,1.2518744980110101,-4.448279928712319,0.0,0.35493164062500004,1.5482908917628198,-1.3677213068457925,5.0,11.378264389548608
1757309137.8491876,-14.814738273620605,2.369213104248047,4.184492588043213,131.26,2.735157652822881,-0.1947265625,1.1200385323760869,-4.625912871057996,0.0,0.29208984375,1.486047755725625,-1.3945107090867617,5.0,11.729651583867273
1757309137.983582,-14.814738273620605,2.369213104248047,4.184492588043213,131.26,2.6651502554618807,-0.080078125,1.4319621538184586,-4.518957931358285,0.0,0.1201171875,1.4293562218108142,-1.4237690592755203,5.0,11.681046719834857
1757309138.1409566,-14.814738273620605,2.369213104248047,4.184492588043213,131.26,2.327637926167757,0.03671875,2.841450859500787,-3.7840307340366035,0.0,-0.055078125000000006,1.400531096624063,-1.4542893463405633,5.0,11.659955934493105
1757309138.2897577,-14.814738273620605,2.369213104248047,4.184492588043213,131.26,2.356153551167757,0.065234375,2.725901259034978,-3.85700261221795,0.0,-0.09785156249999999,1.3695549984794353,-1.485267980851516,5.0,11.636958049857942
1757309138.43378,-14.814738273620605,2.369213104248047,4.184492588043213,131.26,2.364747301167757,0.07382812500000001,2.6860820160442023,-3.873599330077073,0.0,-0.1107421875,1.3380369860045997,-1.5162514172138442,5.0,11.613518084243903
1757309138.5912082,-14.896957397460938,0.1282055377960205,4.207849502563477,88.07,2.0797013064005165,0.022656250000000003,3.559276211370304,-2.901886369744335,0.0,-0.033984375000000004,1.3222657164810425,-1.544519294422675,5.0,11.305250896081017
1757309138.7345867,-14.896957397460938,0.1282055377960205,4.207849502563477,88.07,1.4949239722314058,-0.0421875,4.568706054968857,-0.4550030061694657,0.0,0.06328125000000001,1.3211676371965968,-1.5300743571495667,5.0,11.302682964768902
1757309138.900987,-14.896957397460938,0.1282055377960205,4.207849502563477,88.07,1.4296895972314059,-0.107421875,4.58678460481269,-0.15647472940293394,0.0,0.1611328125,1.3184092169934454,-1.5106558068904632,5.0,11.297974749896667
1757309139.0362592,-14.896957397460938,0.1282055377960205,4.207849502563477,88.07,1.385939597231406,-0.151171875,4.586702164655727,0.04380841094324173,0.0,0.22675781250000002,1.3141895744155185,-1.4880898544584449,5.0,11.29152224130091
1757309139.1923518,-14.788537979125977,-0.5334510803222656,4.216794490814209,85.81,1.3765645972314058,-0.160546875,4.521102926069766,0.07402249063158117,0.0,0.24082031250000002,1.3102861614049204,-1.4682465340907556,5.0,11.125941251540223
1757309139.3436706,-13.686944007873535,-3.2275550365448,4.294615268707275,72.62,1.348348570183542,-0.146875,4.116649974802396,0.11093946695791701,0.0,0.22031250000000002,1.3085292775911337,-1.460479276012431,5.0,10.099230967123644
1757309139.5161269,-13.686944007873535,-3.2275550365448,4.294615268707275,72.62,1.2859824741466603,-0.111328125,4.100928551750152,0.36706146410558227,0.0,0.1669921875,1.3049924246597844,-1.4483987664447238,5.0,10.097137312436299
1757309139.6374302,-13.686944007873535,-3.2275550365448,4.294615268707275,72.62,1.2354268527982823,-0.032031250000000004,4.075818351548927,0.5733685876320938,0.0,0.048046875,1.299637541680463,-1.4330348100106065,5.0,10.09363870592087
1757309139.7913668,-13.686944007873535,-3.2275550365448,4.294615268707275,72.62,1.2850362277982823,0.017578125,4.098442287577189,0.3703139061451193,0.0,-0.0263671875,1.2961100504944738,-1.421028419155434,5.0,10.091568749978059
1757309139.9441946,-12.566004753112793,-4.745608806610107,4.335718631744385,36.72,1.3502706027982823,0.08281250000000001,3.7874177643008338,0.02917635771745586,0.0,-0.12421875000000002,1.2963417339350203,-1.4220619289500382,5.0,9.255196034252592
1757309140.1074343,-12.252686500549316,-5.068885326385498,4.350955486297607,36.72,1.3881612277982822,0.12070312500000001,3.6975320059005745,-0.1306212099454489,0.0,-0.1810546875,1.2973636969317348,-1.4275952296778953,5.0,9.030782370297
1757309140.2438705,-12.252686500549316,-5.068885326385498,4.350955486297607,36.72,1.0192071528003557,0.14375000000000002,3.4938765164249768,1.210455059323042,0.0,-0.215625,1.2868841102901012,-1.4105633903733923,5.0,9.025095069674709
1757309140.4005837,-12.252686500549316,-5.068885326385498,4.350955486297607,36.72,0.7975255263323178,0.16015625,3.1374708083532012,1.9443842343355675,0.0,-0.240234375,1.2629992144729525,-1.3860920319598105,5.0,9.008451977171632
1757309140.5397465,-12.252686500549316,-5.068885326385498,4.350955486297607,36.72,0.7611974013323178,0.1203125,3.059620380068112,2.0516386586308983,0.0,-0.18046875,1.236771389910043,-1.3611039142615078,5.0,8.989750433033766
1757309140.694636,-9.787862777709961,-6.509736061096191,4.425726890563965,21.87,0.6916661513323178,0.05078125,2.4419749840005087,1.6944729900579407,0.0,-0.076171875,1.2167192787985988,-1.3444979376134454,5.0,7.156500775745862
1757309140.8402417,-9.787862777709961,-6.509736061096191,4.425726890563965,21.87,0.32259445496235645,-0.06015625,1.6622243086702737,2.4492463819850423,0.0,0.090234375,1.1749918331294882,-1.330549651577286,5.0,7.124691875794168
1757309140.9948373,-9.787862777709961,-6.509736061096191,4.425726890563965,21.87,0.15475038241115988,-0.226953125,1.2271438760133604,2.6761192905056777,0.0,0.3404296875,1.1254235220961188,-1.3228171122573775,5.0,7.083209260927257
1757309141.140621,-9.787862777709961,-6.509736061096191,4.425726890563965,21.87,0.03634217928615985,-0.34536132812500003,0.9017263547688475,2.783355536089385,0.0,0.5180419921875,1.0718708177266827,-1.3208700329941996,5.0,7.035702905167037
1757309141.2952967,-9.787862777709961,-6.509736061096191,4.425726890563965,21.87,0.01043885897365987,-0.3712646484375,0.8291313494585341,2.786387197317793,0.0,0.55689697265625,1.0178488759774371,-1.320306085078221,5.0,6.987226026843304
1757309141.4313014,-7.814901351928711,-6.702144622802734,4.468236446380615,43.0,0.01043885897365987,-0.3712646484375,0.8221113946856287,2.1139286651035882,0.0,0.55689697265625,0.9739708180387188,-1.319848031581244,5.0,5.305988095078632
1757309141.598974,-7.814901351928711,-6.702144622802734,4.468236446380615,43.0,0.01043885897365987,-0.3712646484375,0.8219570377008703,2.0991424343135687,0.0,0.55689697265625,0.9303121503896941,-1.3193922683517518,5.0,5.269020503946798
1757309141.745219,-7.814901351928711,-6.702144622802734,4.468236446380615,43.0,0.01043885897365987,-0.3712646484375,0.8218036710803598,2.0844510729223016,0.0,0.55689697265625,0.8868717760789144,-1.3189387839384072,5.0,5.232290099234804
1757309141.883589,-7.814901351928711,-6.702144622802734,4.468236446380615,43.0,0.01043885897365987,-0.3712646484375,0.8216512900307107,2.069854121759628,0.0,0.55689697265625,0.8436486036396887,-1.3184875669471294,5.0,5.195795732954705
1757309142.0400817,-7.038802146911621,-6.509966850280762,4.477334976196289,38.37,0.01043885897365987,-0.3712646484375,0.8183536196920879,1.7539622638525667,0.0,0.55689697265625,0.8045115903916635,-1.3180790063448227,5.0,4.406023057901793
1757309142.1906378,-6.057188034057617,-5.900969505310059,4.496992111206055,29.37,0.01043885897365987,-0.3712646484375,0.8134152151623967,1.2809004893902123,0.0,0.55689697265625,0.7704460140843299,-1.3177233876805714,5.0,3.22330418202519
1757309142.3397753,-6.057188034057617,-5.900969505310059,4.496992111206055,29.37,0.1706110138107345,-0.34199218750000004,1.0058315189744902,1.1262985505758891,0.0,0.5129882812500001,0.7411262687869112,-1.3126720087920751,5.0,3.2018017091864444
1757309142.490865,-6.057188034057617,-5.900969505310059,4.496992111206055,29.37,0.2661188263107346,-0.246484375,1.1068198768506927,1.0185167037541605,0.0,0.3697265625,0.7153066363829872,-1.3056339863445174,5.0,3.1843626870400055
1757309142.637256,-6.057188034057617,-5.900969505310059,4.496992111206055,29.37,0.35361882631073455,-0.158984375,1.189676180645942,0.9127067653200291,0.0,0.23847656250000002,0.6929693502995189,-1.2973885132062855,5.0,3.170531357534241
1757309142.8125606,-5.313132286071777,-5.172658920288086,4.532012939453125,1.3,0.40225163881073456,-0.1103515625,1.070724645898371,0.47321968125466374,0.0,0.16552734375,0.6745216777374311,-1.2895399531136413,5.0,2.136568706566907
1757309142.9411843,-5.256039142608643,-5.116672515869141,4.535661220550537,356.96,0.3904959041604775,-0.078125,1.051412290416253,0.45255154431021416,0.0,0.1171875,0.655900934405083,-1.2818750084863508,5.0,2.0467515492480866
1757309143.0984323,-5.256039142608643,-5.116672515869141,4.535661220550537,356.96,0.07191958333641213,-0.0474609375,0.8561179694194921,0.7501617130014672,0.0,0.07119140625,0.6278681009432553,-1.279855415517355,5.0,2.0243526329672807
1757309143.2322094,-5.256039142608643,-5.116672515869141,4.535661220550537,356.96,6.185400735418958,-0.044726562500000004,0.7182027063176855,0.8729822601254594,0.0,0.06708984375,0.5968650012869654,-1.2828967400604432,5.0,1.9967366405209193
1757309143.3886576,-5.256039142608643,-5.116672515869141,4.535661220550537,356.96,6.167822610418958,-0.062304687500000004,0.7040339545845734,0.8743664939373272,0.0,0.09345703125,0.565796418668459,-1.2864968806094517,5.0,1.9687886106186072
1757309143.5355852,-3.9925620555877686,-4.217636585235596,4.593286037445068,342.56,6.180908547918959,-0.049218750000000006,0.7795701273719046,0.2400002964112028,0.0,0.07382812500000001,0.5417537044226689,-1.2889645017253848,5.0,0.397882879816037
1757309143.6873157,-3.9925620555877686,-4.217636585235596,4.593286037445068,342.56,6.00055819444726,-0.013671875,0.7266388878248085,0.3664296210958534,0.0,0.0205078125,0.5169236644758288,-1.29617516580412,5.0,0.3731181156460801
1757309143.8581665,-3.9925620555877686,-4.217636585235596,4.593286037445068,342.56,5.988956135631775,0.01015625,0.725215561843321,0.36534158101854236,0.0,-0.015234375000000001,0.4922183966614197,-1.3036614651112315,5.0,0.34831811933249135
1757309144.0018294,-3.9925620555877686,-4.217636585235596,4.593286037445068,342.56,5.990128010631776,0.011328125000000001,0.7284915146970029,0.35505199927419107,0.0,-0.016992187500000002,0.4676363076966819,-1.3110789970541283,5.0,0.3236685145922227
1757309144.139067,-3.9925620555877686,-4.217636585235596,4.593286037445068,342.56,5.974698323131776,-0.0041015625,0.7259304270928398,0.3568234882553015,0.0,0.006152343750000001,0.4431869845727321,-1.318870019482451,5.0,0.29893547328263637
1757309144.2891002,-2.8868846893310547,-3.499927520751953,4.515109062194824,327.35,5.806967917578283,-0.015625,0.9014965059984122,-0.0025997320557893944,0.0,0.0234375,0.42559271745544625,-1.3279453612987362,5.0,-1.038937885938409
1757309144.4390116,-2.8868846893310547,-3.499927520751953,4.515109062194824,327.35,5.699713131848581,-0.03125,0.90095900551766,0.08730836511914758,0.0,0.046875,0.4090641804604092,-1.3388565489722606,5.0,-1.058743005417123
1757309144.5863972,-2.8868846893310547,-3.499927520751953,4.515109062194824,327.35,5.665093118903439,-0.048242187500000006,0.9019583780216459,0.1120260640400107,0.0,0.07236328125000001,0.3930152791417058,-1.3502678436039517,5.0,-1.0784211686179677
1757309144.7384613,-2.8868846893310547,-3.499927520751953,4.515109062194824,327.35,5.648686868903439,-0.0646484375,0.9046346189185305,0.12051011746605472,0.0,0.09697265625000001,0.3772469906510314,-1.3618737343061633,5.0,-1.0979710895486878
1757309144.8981783,-2.6659111976623535,-3.29636287689209,4.482777118682861,326.5,5.636382181403438,-0.07695312500000001,0.978766549872091,0.03141215281177451,0.0,0.11542968750000002,0.36290554820176646,-1.3727039933737586,5.0,-1.4119372385414009
1757309145.0473757,-2.1145591735839844,-2.8380541801452637,4.45723295211792,325.92,5.606312507761486,-0.0921875,1.1587181151469412,-0.16486033701256264,0.0,0.13828125000000002,0.35180065724743237,-1.381626797953932,5.0,-2.135717972207438
1757309145.1979747,-2.1145591735839844,-2.8380541801452637,4.45723295211792,325.92,5.58642397309992,-0.101953125,1.1653463474726125,-0.1460609570381719,0.0,0.15292968750000002,0.3409634160258365,-1.3906950447123865,5.0,-2.149659729961153
1757309145.3377326,-2.1145591735839844,-2.8380541801452637,4.45723295211792,325.92,5.58251772309992,-0.105859375,1.169480313713327,-0.14574317176309437,0.0,0.15878906250000002,0.3302227250276326,-1.3997540681280416,5.0,-2.16351172327334
1757309145.503469,-2.1145591735839844,-2.8380541801452637,4.45723295211792,325.92,5.580369285599919,-0.10800781250000001,1.1733510894272046,-0.14743320650876546,0.0,0.16201171875,0.3195590600217386,-1.4087874046938222,5.0,-2.1772823218427946
1757309145.6536167,-1.2981655597686768,-2.4729621410369873,4.438930511474609,321.44,5.5807599105999195,-0.1076171875,1.4048183969511285,-0.4214185142942277,0.0,0.16142578125,0.31222279969663297,-1.4149971306680207,5.0,-3.073178619729795
1757309145.7941954,-1.2981655597686768,-2.4729621410369873,4.438930511474609,321.44,5.550715280969604,-0.11113281250000001,1.4193621938626406,-0.38182752655240493,0.0,0.16669921875000002,0.3051413424840018,-1.4213660205477705,5.0,-3.0825935685309043
1757309145.9441767,-1.2981655597686768,-2.4729621410369873,4.438930511474609,321.44,5.486748847610573,-0.1234375,1.443482111748768,-0.29287512902681523,0.0,0.18515625000000002,0.2985932072489116,-1.4280603358105945,5.0,-3.0917394458269323
1757309146.0895479,-1.2981655597686768,-2.4729621410369873,4.438930511474609,321.44,5.486944160110573,-0.1232421875,1.446026169669544,-0.29570253267003965,0.0,0.18486328125,0.29207623140241873,-1.4347201934469804,5.0,-3.1008382648856507
1757309146.238481,-1.2981655597686768,-2.4729621410369873,4.438930511474609,321.44,5.501592597610573,-0.10859375,1.4441059668584972,-0.3194380426473341,0.0,0.162890625,0.28547483956510444,-1.441271532930923,5.0,-3.10994644910354
1757309146.4044392,-0.5994576215744019,-2.386669635772705,4.395086288452148,318.16,5.5070613476105725,-0.10312500000000001,1.6109022633582215,-0.49905145855709077,0.0,0.1546875,0.2808583868488458,-1.4458031422229822,5.0,-3.7115179344007965
1757309146.5347877,-0.5994576215744019,-2.386669635772705,4.395086288452148,318.16,5.484621577263507,-0.084375,1.6235396361639847,-0.46457788905771236,0.0,0.12656250000000002,0.276364188557571,-1.4504172636320687,5.0,-3.7179577435038214
1757309146.6991613,-0.5994576215744019,-2.386669635772705,4.395086288452148,318.16,5.5103614231451585,-0.042578125,1.612831353867179,-0.5080409020037012,0.0,0.0638671875,0.2717796848923751,-1.454887899442454,5.0,-3.724354418994797
1757309146.8398116,-0.5994576215744019,-2.386669635772705,4.395086288452148,318.16,5.530478610645159,-0.0224609375,1.6040217831806016,-0.5422353997032553,0.0,0.03369140625,0.2671348059528224,-1.459238595046388,5.0,-3.730704616430743
1757309146.9827216,-0.5994576215744019,-2.386669635772705,4.395086288452148,318.16,5.552548923145159,-0.000390625,1.5933456048069012,-0.5793774876007278,0.0,0.0005859375000000001,0.262426832910201,-1.463457241295459,5.0,-3.7370012121151372
1757309147.1402643,0.4188193380832672,-2.4138972759246826,4.350699424743652,307.34,5.539882919093634,0.01015625,1.6820936798815254,-0.6478587960671569,0.0,-0.015234375000000001,0.2604830087152868,-1.465243933676462,5.0,-4.038223749016204
1757309147.2919972,0.4188193380832672,-2.4138972759246826,4.350699424743652,307.34,5.432487095808419,0.02109375,1.742424519347396,-0.46433083807024456,0.0,-0.031640625000000006,0.25847586318254956,-1.467531953019499,5.0,-4.040147222569695
1757309147.4387844,0.4188193380832672,-2.4138972759246826,4.350699424743652,307.34,5.387923048079371,0.023828125000000002,1.7620416947504527,-0.3867760856471275,0.0,-0.0357421875,0.25648031994875986,-1.4700223303675848,5.0,-4.042266284576297
1757309147.594096,0.4188193380832672,-2.4138972759246826,4.350699424743652,307.34,5.386360548079372,0.022265625,1.7633033336861452,-0.3845491548939146,0.0,-0.0333984375,0.25449513560140435,-1.4725077284052546,5.0,-4.044376264578922
1757309147.7354615,0.9746153354644775,-2.515387773513794,4.317920684814453,304.41,5.385969923079371,0.021875000000000002,1.6661614663091102,-0.30621169392783476,0.0,-0.0328125,0.2533538991707006,-1.4739376711950831,5.0,-3.733178633309252
1757309147.8961747,1.4718904495239258,-2.6518685817718506,4.298594951629639,304.72,5.350813983141879,0.01953125,1.538467218659125,-0.14547420399872424,0.0,-0.029296875,0.25269910178861776,-1.47482003020249,5.0,-3.3053404958092125
1757309148.0435452,1.4718904495239258,-2.6518685817718506,4.298594951629639,304.72,5.3274099009959395,0.014453125,1.5415142370523,-0.10947642622548992,0.0,-0.021679687500000003,0.2519550221451853,-1.4758733425152646,5.0,-3.3055362943609845
1757309148.1978972,1.4718904495239258,-2.6518685817718506,4.298594951629639,304.72,5.320711046677121,0.0023437500000000003,1.5422823299099053,-0.09919594325972392,0.0,-0.0035156250000000005,0.2511896561284585,-1.4769723365112783,5.0,-3.305747476282324
1757309148.3562744,1.4718904495239258,-2.6518685817718506,4.298594951629639,304.72,5.310945421677121,-0.0074218750000000005,1.5432553094072619,-0.08418318042626494,0.0,0.0111328125,0.25039283595783834,-1.4781406607999839,5.0,-3.305982983433582
1757309148.4855988,2.3712713718414307,-2.8890154361724854,4.274467468261719,307.1,5.303328234177122,-0.0150390625,1.260422165020921,0.11773210562752567,0.0,0.02255859375,0.25042073047762786,-1.4780990840819288,5.0,-2.4527088121752203
1757309148.635836,2.3712713718414307,-2.8890154361724854,4.274467468261719,307.1,5.315840407362621,-0.03359375,1.261797678542634,0.10195190326922177,0.0,0.050390624999999994,0.25053943094811926,-1.4779268586428382,5.0,-2.4527122387213978
1757309148.7907774,2.3712713718414307,-2.8890154361724854,4.274467468261719,307.1,5.323382695374587,-0.0365234375,1.2625331065948062,0.0924305894827947,0.0,0.054785156249999994,0.2507139246929142,-1.4776777238796288,5.0,-2.452719484470337
1757309148.9367514,2.3712713718414307,-2.8890154361724854,4.274467468261719,307.1,5.325921757874586,-0.033984375000000004,1.2627665977741929,0.08922262063395514,0.0,0.0509765625,0.25090678818734774,-1.4774038441226547,5.0,-2.4527282723619748
1757309149.0931222,2.3712713718414307,-2.8890154361724854,4.274467468261719,307.1,5.3306092578745865,-0.029296875,1.2631748966037886,0.08329963967096898,0.0,0.0439453125,0.251134550789043,-1.4770836045345437,5.0,-2.452740367144606
1757309149.237396,3.4713096618652344,-3.136117696762085,4.305007457733154,307.17,5.347838161992933,-0.028125,0.9184519937759086,0.3166764575486423,0.0,0.0421875,0.2528442417354531,-1.4747653610263578,5.0,-1.3780376528702392
1757309149.3857322,3.4713096618652344,-3.136117696762085,4.305007457733154,307.17,5.319721613350983,-0.041406250000000006,0.909287269797912,0.34230142487968884,0.0,0.06210937500000001,0.2541923373237448,-1.4728255320505708,5.0,-1.378345032301433
1757309149.535537,3.4713096618652344,-3.136117696762085,4.305007457733154,307.17,5.311909113350983,-0.049218750000000006,0.906674179328776,0.3493339825381272,0.0,0.07382812500000001,0.25543938370614333,-1.4710008511238628,5.0,-1.3786141112033898
1757309149.698255,3.4713096618652344,-3.136117696762085,4.305007457733154,307.17,5.300776300850982,-0.060351562500000004,0.9028022418382748,0.35935709391115517,0.0,0.09052734375,0.2565487793900849,-1.4693381439087028,5.0,-1.3788342195775516
1757309149.8403215,3.4713096618652344,-3.136117696762085,4.305007457733154,307.17,5.285737238350983,-0.075390625,0.8973506008301563,0.3728579611849527,0.0,0.11308593750000001,0.257480695334567,-1.46789488510492,5.0,-1.378996827473785
1757309149.985837,4.309664726257324,-3.203474998474121,4.3413472175598145,310.22,5.281157745630568,-0.083984375,0.6305178506286484,0.5464342042309598,0.0,0.1259765625,0.2594200352705324,-1.464861029832109,5.0,-0.5923633783144266
1757309150.1366553,4.309664726257324,-3.203474998474121,4.3413472175598145,310.22,5.31631353053681,-0.098046875,0.6496159674461365,0.5237406720047182,0.0,0.14707031250000002,0.26188736309343535,-1.4612847454122646,5.0,-0.593217901960009
1757309150.2823904,4.309664726257324,-3.203474998474121,4.3413472175598145,310.22,5.31064946803681,-0.1037109375,0.6469031225578314,0.5272317372837743,0.0,0.15556640625,0.26425319855883267,-1.4578136722048274,5.0,-0.5940168072871508
1757309150.44043,4.309664726257324,-3.203474998474121,4.3413472175598145,310.22,5.31084478053681,-0.103515625,0.6472680518177948,0.5269267511736344,0.0,0.1552734375,0.26661025929475063,-1.454356923896472,5.0,-0.5948094863399787
1757309150.5974555,4.552337646484375,-3.1743412017822266,4.365725517272949,311.05,5.319047905536809,-0.09531250000000001,0.5820156406082155,0.5698662936899915,0.0,0.14296875,0.2695473697048612,-1.4501245158090743,5.0,-0.3831595506163117
1757309150.758857,4.810304641723633,-3.1157758235931396,4.448800086975098,310.5,5.332063130469986,-0.08945312500000001,0.5183689063981911,0.612905905785607,0.0,0.1341796875,0.2732677303738011,-1.444909670011632,5.0,-0.1650752189785747
1757309150.9000003,4.810304641723633,-3.1157758235931396,4.448800086975098,310.5,5.344637874926767,-0.08281250000000001,0.526626713112587,0.6059056900815268,0.0,0.12421875000000002,0.27720742921106867,-1.4395317174508422,5.0,-0.16690941100148926
1757309151.0505497,4.810304641723633,-3.1157758235931396,4.448800086975098,310.5,5.346786389942394,-0.0724609375,0.5285213871365297,0.6043356509247536,0.0,0.10869140625000001,0.28116849871974153,-1.4341488900637538,5.0,-0.16875343773104312
1757309151.1870394,4.810304641723633,-3.1157758235931396,4.448800086975098,310.5,5.353231702442393,-0.06601562500000001,0.5330177407032519,0.6004600046187768,0.0,0.0990234375,0.2852336068758523,-1.428698620589606,5.0,-0.17066284472572857
1757309151.342332,4.958324909210205,-3.1297945976257324,4.822059631347656,307.59,5.361239514942394,-0.058007812500000006,0.49268630227095167,0.6303931729420272,0.0,0.08701171875000001,0.2896702119653931,-1.4228486066711001,5.0,-0.029084460771623633
1757309151.4868498,4.958324909210205,-3.1297945976257324,4.822059631347656,307.59,5.332965258575713,-0.0498046875,0.4752421860560874,0.6436591752474764,0.0,0.07470703125,0.29352606956445737,-1.4174541341169995,5.0,-0.030849360571806983
1757309151.6352878,4.958324909210205,-3.1297945976257324,4.822059631347656,307.59,5.3260754337093585,-0.042382812500000006,0.47133956199889365,0.6465354823256215,0.0,0.06357421875000001,0.2972304441094095,-1.412195378037064,5.0,-0.03251082620959522
1757309151.7889442,4.958324909210205,-3.1297945976257324,4.822059631347656,307.59,5.3309582462093585,-0.037500000000000006,0.47504686906324983,0.6438305686432501,0.0,0.05625000000000001,0.30100970702987284,-1.406885569630976,5.0,-0.03421703945834231
1757309151.9362159,4.958324909210205,-3.1297945976257324,4.822059631347656,307.59,5.331739496209358,-0.03671875,0.47610326208533116,0.6430646032783547,0.0,0.055078125000000006,0.3047850684584881,-1.4015900049144334,5.0,-0.03591658372545581
1757309152.1013782,5.083899974822998,-3.2123093605041504,5.66614294052124,306.42,5.3309582462093585,-0.037500000000000006,0.4283745578534573,0.6770496458071751,0.0,0.05625000000000001,0.308542791295349,-1.3963104600066485,5.0,0.10900070824787189
1757309152.2352824,5.083899974822998,-3.2123093605041504,5.66614294052124,306.42,5.301620044606636,-0.042578125,0.4087545686763741,0.6890401867989882,0.0,0.0638671875,0.31172153969413785,-1.391555005216038,5.0,0.10772292112733606
1757309152.3816495,5.083899974822998,-3.2123093605041504,5.66614294052124,306.42,5.282608206461025,-0.0654296875,0.3959395652809276,0.6964567951844602,0.0,0.09814453125,0.3145378215231913,-1.3871633337103577,5.0,0.10665970752406206
1757309152.5378618,5.083899974822998,-3.2123093605041504,5.66614294052124,306.42,5.267569143961025,-0.08046875,0.3857289656572131,0.7021414342296017,0.0,0.12070312500000001,0.3170755128854391,-1.3830719682587587,5.0,0.10575409593088647
1757309152.7045767,5.083899974822998,-3.2123093605041504,5.66614294052124,306.42,5.254873831461025,-0.0931640625,0.37705189254553884,0.7068203123356569,0.0,0.13974609375000002,0.3193840900477772,-1.3792422904157862,5.0,0.10497272272024372
1757309152.8374221,5.07210111618042,-3.342970371246338,6.877295017242432,312.49,5.288837116823718,-0.0921875,0.38856523631478834,0.7015863536148206,0.0,0.13828125000000002,0.32195691093227924,-1.375284735990487,5.0,0.14156170145265445
1757309152.989204,5.07210111618042,-3.342970371246338,6.877295017242432,312.49,5.37194812955708,-0.08203125,0.44603016831937226,0.6664706816258715,0.0,0.123046875,0.3261107179681684,-1.3699277413195663,5.0,0.1397784076194606
1757309153.1384215,5.07210111618042,-3.342970371246338,6.877295017242432,312.49,5.3795653170570805,-0.0744140625,0.45168026729248595,0.6625919518043941,0.0,0.11162109375000001,0.3304009947335419,-1.364480935841232,5.0,0.1379120747380398
1757309153.2904773,5.07210111618042,-3.342970371246338,6.877295017242432,312.49,5.3883543795570805,-0.065625,0.4580999814935496,0.6581043935430078,0.0,0.09843750000000001,0.33485319385443446,-1.3589296351341456,5.0,0.13594543586032248
1757309153.438654,5.00865364074707,-3.4047837257385254,8.255114555358887,310.23,5.40163562955708,-0.05234375,0.47787882932278697,0.6428324676085795,0.0,0.078515625,0.3392841978622772,-1.3535526623074103,5.0,0.10005488889394076
1757309153.587769,5.006881237030029,-3.404031753540039,8.34733772277832,310.23,5.425451348824701,-0.0220703125,0.4943020808426216,0.630188531967001,0.0,0.033105468750000006,0.34419825555218236,-1.3478708007376263,5.0,0.09592096186670318
1757309153.738253,5.006881237030029,-3.404031753540039,8.34733772277832,310.23,5.421566188462009,0.00703125,0.4924973361644484,0.6315487120221354,0.0,-0.010546875,0.3490040763793746,-1.3422702572701848,5.0,0.09378838500500652
1757309153.8932357,5.006881237030029,-3.404031753540039,8.34733772277832,310.23,5.428988063462009,0.014453125,0.49783984115354046,0.6272934950178276,0.0,-0.021679687500000003,0.3539458463988273,-1.3365970308208914,5.0,0.09157088550214976
1757309154.0351117,5.006881237030029,-3.404031753540039,8.34733772277832,310.23,5.435238063462009,0.020703125000000003,0.5024365286091014,0.6235647598057584,0.0,-0.031054687500000004,0.35899859676146456,-1.3308690765130065,5.0,0.08928448046754145
1757309154.190174,4.978377342224121,-3.3531627655029297,10.12374210357666,304.13,5.441878688462009,0.02734375,0.521200797215517,0.6071312992376361,0.0,-0.041015625,0.36423426001256654,-1.3250126232117962,5.0,0.040209259822084675
1757309154.3372226,4.978377342224121,-3.3531627655029297,10.12374210357666,304.13,5.347256954023532,0.032031250000000004,0.4618953374674952,0.6533728701882106,0.0,-0.048046875,0.3675066798074045,-1.320570005309535,5.0,0.0390040280124575
1757309154.4881024,4.978377342224121,-3.3531627655029297,10.12374210357666,304.13,5.335413604090355,0.02734375,0.4544726091459685,0.6585475572852549,0.0,-0.041015625,0.37054001039755535,-1.316348163128085,5.0,0.03793396155824613
1757309154.63995,4.978377342224121,-3.3531627655029297,10.12374210357666,304.13,5.333069854090355,0.025,0.45326502070558533,0.6593698914392437,0.0,-0.037500000000000006,0.3735147080366771,-1.31218738255511,5.0,0.036897893896076006
1757309154.795099,4.978377342224121,-3.3531627655029297,10.12374210357666,304.13,5.316663604090355,0.00859375,0.44267276891406354,0.66651970148443,0.0,-0.012890625000000001,0.3761759234222329,-1.3083329539633781,5.0,0.03602887773521335
1757309154.9351068,5.008785247802734,-3.340587615966797,11.88314151763916,306.62,5.351919177465013,0.000390625,0.45900049941159776,0.6556275799121583,0.0,-0.0005859375000000001,0.37956046449625885,-1.3037827010836731,5.0,0.05749902181611244
1757309155.0937235,5.008785247802734,-3.340587615966797,11.88314151763916,306.62,5.3523098024650135,0.00078125,0.45966097251259697,0.6551471863888277,0.0,-0.0011718750000000002,0.38293560061348914,-1.299248791901857,5.0,0.056238636875804104
1757309155.2406538,5.008785247802734,-3.340587615966797,11.88314151763916,306.62,5.3601223024650135,0.00859375,0.4651910659918189,0.6512139263376653,0.0,-0.012890625000000001,0.38644508458754284,-1.2946105066825555,5.0,0.05490365053453328
1757309155.391593,5.008785247802734,-3.340587615966797,11.88314151763916,306.62,5.380434802465014,0.02890625,0.47881171660855626,0.6412445973995443,0.0,-0.043359375000000006,0.3903388485465015,-1.2896759345683197,5.0,0.05334402823512452
1757309155.5543869,5.033169746398926,-3.3344509601593018,12.190425872802734,306.62,5.385122302465013,0.03359375,0.47612684639866554,0.643522787811015,0.0,-0.050390624999999994,0.3943698726179607,-1.2846163645676287,5.0,0.07151714364397854
1757309155.6982844,5.19212532043457,-3.309547185897827,13.763433456420898,303.96,5.385945111614615,0.034765625,0.4347150524101964,0.6766022935917494,0.0,-0.052148437500000006,0.39876741656363757,-1.2791060635393185,5.0,0.20566721429313262
1757309155.8444073,5.19212532043457,-3.309547185897827,13.763433456420898,303.96,5.385945111614615,0.034765625,0.4353047274741023,0.6761316982478882,0.0,-0.052148437500000006,0.40314297278958605,-1.27362331401615,5.0,0.20378111935474763
1757309155.9946856,5.19212532043457,-3.309547185897827,13.763433456420898,303.96,5.385945111614615,0.034765625,0.43588873114356025,0.6756656290099857,0.0,-0.052148437500000006,0.4074966512344048,-1.268167978240597,5.0,0.2019131645566139
1757309156.150117,5.19212532043457,-3.309547185897827,13.763433456420898,303.96,5.385945111614615,0.034765625,0.43646711603240085,0.6752040438891141,0.0,-0.052148437500000006,0.41182856128699946,-1.262739919143922,5.0,0.2000631816116769
1757309156.295643,5.240880966186523,-3.26629376411438,14.698541641235352,300.08,5.385945111614615,0.034765625,0.42829724507574224,0.6817240808848847,0.0,-0.052148437500000006,0.41633910265327956,-1.257088027761851,5.0,0.2261947805240414
1757309156.44578,5.240880966186523,-3.26629376411438,14.698541641235352,300.08,5.355294074972006,0.06328125,0.4077078362135189,0.6941520067678024,0.0,-0.09492187499999999,0.42018906421145197,-1.2519483666370257,5.0,0.22462034927957575
1757309156.5914586,5.240880966186523,-3.26629376411438,14.698541641235352,300.08,5.283087144384584,0.045703125000000004,0.3568319909844271,0.7215864489788656,0.0,-0.0685546875,0.4226446671986703,-1.2481231657324074,5.0,0.22383131399336165
1757309156.7442353,5.240880966186523,-3.26629376411438,14.698541641235352,300.08,5.2780090193845846,0.040625,0.35341191216530055,0.7232312270087351,0.0,-0.060937500000000006,0.4249985908851669,-1.244415068677194,5.0,0.22309453406704183
1757309156.8906555,5.240880966186523,-3.26629376411438,14.698541641235352,300.08,5.268634019384584,0.03125,0.3468373667868282,0.7263751191091481,0.0,-0.046875,0.42717850440810023,-1.240908867581707,5.0,0.2224434290506503
1757309157.037354,5.087434768676758,-3.1744513511657715,15.31888198852539,304.4,5.2662902693845846,0.02890625,0.4055642955763362,0.6898107224187132,0.0,-0.043359375000000006,0.4293006899313116,-1.2374776081625345,5.0,0.04480726853401773
1757309157.190783,5.087434768676758,-3.1744513511657715,15.31888198852539,304.4,5.333635089531181,0.03359375,0.4514802145537042,0.6606578576839123,0.0,-0.050390624999999994,0.4326073219858631,-1.2328580642777045,5.0,0.04353081185747154
1757309157.3407562,5.087434768676758,-3.1744513511657715,15.31888198852539,304.4,5.344032243070739,0.03125,0.45877039603539044,0.6556020010740509,0.0,-0.046875,0.436095726411976,-1.2280901042934673,5.0,0.042150036385566914
1757309157.4960916,5.087434768676758,-3.1744513511657715,15.31888198852539,304.4,5.342469743070739,0.029687500000000002,0.45818164016241275,0.6559999486552652,0.0,-0.04453125,0.4395366973729703,-1.2233715228203197,5.0,0.04080043026957991
1757309157.6433744,5.087434768676758,-3.1744513511657715,15.31888198852539,304.4,5.341688493070739,0.02890625,0.4580983462825823,0.6560451208421122,0.0,-0.043359375000000006,0.4429455161648875,-1.218689352152035,5.0,0.03947273169371179
1757309157.7854438,4.376006126403809,-2.798060417175293,15.46719741821289,306.3,5.339968052799129,0.02421875,0.7167708910019279,0.4683685094400435,0.0,-0.036328125,0.44597251536639676,-1.2145165598647383,5.0,-0.7629284485732661
1757309157.9471824,4.376006126403809,-2.798060417175293,15.46719741821289,306.3,5.3658653738586315,0.019921875000000002,0.7291377854005993,0.44928423301587406,0.0,-0.0298828125,0.4494134239449445,-1.2100227779291803,5.0,-0.7644370156181628
1757309158.1154704,4.376006126403809,-2.798060417175293,15.46719741821289,306.3,5.364693498858632,0.018750000000000003,0.7290816723667162,0.4497786928140659,0.0,-0.028125000000000004,0.4528173610090463,-1.2055664711473717,5.0,-0.7659183927260855
1757309158.2353008,4.376006126403809,-2.798060417175293,15.46719741821289,306.3,5.364693498858632,0.018750000000000003,0.7295480300300636,0.44942246685990217,0.0,-0.028125000000000004,0.4562042783878276,-1.201132445899472,5.0,-0.7673855038342303
1757309158.402962,4.152915000915527,-2.6688523292541504,15.472212791442871,306.93,5.364693498858632,0.018750000000000003,0.811130798769674,0.38710570459424315,0.0,-0.028125000000000004,0.45947489014074755,-1.196850683616348,5.0,-1.0240361298622926
1757309158.5732043,3.3256912231445312,-2.1625466346740723,15.473504066467285,309.45,5.364693498858632,0.018750000000000003,1.1140643479494587,0.1557107880183934,0.0,-0.028125000000000004,0.4624262877250494,-1.1929868245546034,5.0,-1.977032531468188
1757309158.7155058,3.3256912231445312,-2.1625466346740723,15.473504066467285,309.45,5.364693498858632,0.018750000000000003,1.1145554514209772,0.15533566005013172,0.0,-0.028125000000000004,0.4653629283214297,-1.1891422847881676,5.0,-1.9785774902303994
1757309158.840276,3.3256912231445312,-2.1625466346740723,15.473504066467285,309.45,5.364693498858632,0.018750000000000003,1.1150419036341683,0.154964084932109,0.0,-0.028125000000000004,0.4682848857148282,-1.1853169677205642,5.0,-1.980107816633598
1757309158.9904811,3.3256912231445312,-2.1625466346740723,15.473504066467285,309.45,5.364693498858632,0.018750000000000003,1.1155237464413463,0.1545960306955561,0.0,-0.028125000000000004,0.47119223332125965,-1.1815107772382987,5.0,-1.9816236423406668
1757309159.1338532,1.858141303062439,-1.0807468891143799,15.617483139038086,313.73,5.364693498858632,0.018750000000000003,1.63392157914174,-0.24138065652048513,0.0,-0.028125000000000004,0.47399053420330967,-1.177847346639146,5.0,-3.6124475326010774
1757309159.290507,1.858141303062439,-1.0807468891143799,15.617483139038086,313.73,5.364693498858632,0.018750000000000003,1.6348841963717593,-0.24211594891130117,0.0,-0.028125000000000004,0.47677484358094946,-1.174202233192989,5.0,-3.6154758229928676
1757309159.4432824,1.858141303062439,-1.0807468891143799,15.617483139038086,313.73,5.364693498858632,0.018750000000000003,1.6358392900798822,-0.24284549448164694,0.0,-0.028125000000000004,0.479545231411701,-1.170575345314063,5.0,-3.618480445193024
1757309159.5868123,1.858141303062439,-1.0807468891143799,15.617483139038086,313.73,5.364693498858632,0.018750000000000003,1.636786907374068,-0.2435693292148009,0.0,-0.028125000000000004,0.4823017673032989,-1.1669665918745316,5.0,-3.6214615473981238
1757309159.743449,1.858141303062439,-1.0807468891143799,15.617483139038086,313.73,5.364693498858632,0.018750000000000003,1.6377270951930745,-0.2442874889647979,0.0,-0.028125000000000004,0.4850445205154387,-1.1633758822021978,5.0,-3.6244192772724566
1757309159.8835056,0.8183467388153076,-0.05024373531341553,15.711846351623535,303.84,5.364693498858632,0.018750000000000003,1.7072468265267136,-0.2973899349496627,0.0,-0.028125000000000004,0.48834340555454586,-1.1590571055928367,5.0,-3.8431208835519497
1757309160.0531018,0.8183467388153076,-0.05024373531341553,15.711846351623535,303.84,5.364693498858632,0.018750000000000003,1.7088531610313644,-0.29861692892145286,0.0,-0.028125000000000004,0.4916257961684575,-1.1547599228665224,5.0,-3.8481742393352647
1757309160.190712,0.8183467388153076,-0.05024373531341553,15.711846351623535,303.84,5.364693498858632,0.018750000000000003,1.7104504450077893,-0.2998370096733982,0.0,-0.028125000000000004,0.4948917748292995,-1.1504842260538397,5.0,-3.8531991231290768
1757309160.3515983,0.8183467388153076,-0.05024373531341553,15.711846351623535,303.84,5.364693498858632,0.018750000000000003,1.7120387205543346,-0.3010502093621994,0.0,-0.028125000000000004,0.4981414235968374,-1.1462299077252205,5.0,-3.8581956673702633
1757309160.5096881,0.8183467388153076,-0.05024373531341553,15.711846351623535,303.84,5.364693498858632,0.018750000000000003,1.7136180295663797,-0.3022565599895205,0.0,-0.028125000000000004,0.5013748241205376,-1.1419968609882443,5.0,-3.863164003857185
1757309160.639668,0.05052340030670166,0.8344216346740723,15.556194305419922,300.38,5.364693498858632,0.018750000000000003,1.4319139584948124,-0.08707771894937977,0.0,-0.028125000000000004,0.5053112191154344,-1.136843480246681,5.0,-2.9769532596995356
1757309160.790052,0.05052340030670166,0.8344216346740723,15.556194305419922,300.38,5.364693498858632,0.018750000000000003,1.4332203484368016,-0.08807560113331292,0.0,-0.028125000000000004,0.5092279321353568,-1.1317158664088254,5.0,-2.981063022111724
1757309160.941454,0.05052340030670166,0.8344216346740723,15.556194305419922,300.38,5.364693498858632,0.018750000000000003,1.4345163320737173,-0.08906553449117216,0.0,-0.028125000000000004,0.5131250615901795,-1.1266138906401593,5.0,-2.985140047406099
1757309161.107574,0.05052340030670166,0.8344216346740723,15.556194305419922,300.38,5.364693498858632,0.018750000000000003,1.435801976752157,-0.09004757046546152,0.0,-0.028125000000000004,0.5170027053977281,-1.1215374247503365,5.0,-2.989184547447821
1757309161.266967,-0.18112467229366302,1.2620853185653687,15.53812026977539,300.07,5.364693498858632,0.018750000000000003,1.2868477743403286,0.023730666821329183,0.0,-0.028125000000000004,0.5214656855625248,-1.115694658447397,5.0,-2.520590628791745
1757309161.4035985,-0.2404830902814865,1.5106463432312012,15.520186424255371,296.67,5.364693498858632,0.018750000000000003,1.2072492161879613,0.08453179556093227,0.0,-0.028125000000000004,0.5263965083893504,-1.1092394100719758,5.0,-2.270182116107651
1757309161.5378716,-0.2404830902814865,1.5106463432312012,15.520186424255371,296.67,5.364693498858632,0.018750000000000003,1.2087681030684287,0.08337159820429907,0.0,-0.028125000000000004,0.5313026771020418,-1.1028164379384318,5.0,-2.274960371059772
1757309161.6936166,-0.2404830902814865,1.5106463432312012,15.520186424255371,296.67,5.364693498858632,0.018750000000000003,1.2102744672126395,0.08222096630358589,0.0,-0.028125000000000004,0.5361843149711698,-1.0964255806655554,5.0,-2.2796992308289457
1757309161.8498664,-0.2404830902814865,1.5106463432312012,15.520186424255371,296.67,5.364693498858632,0.018750000000000003,1.211768394850621,0.0810798339922354,0.0,-0.028125000000000004,0.5410415446509521,-1.0900666776790435,5.0,-2.2843989666855746
1757309161.9988148,-0.17546182870864868,1.6555254459381104,15.473897933959961,304.9,5.364693498858632,0.018750000000000003,1.1747127064290357,0.10938471456485455,0.0,-0.028125000000000004,0.5463437223908213,-1.0831252653745338,5.0,-2.167825751799289
1757309162.1556354,-0.10837091505527496,1.6947273015975952,15.420714378356934,304.9,5.364693498858632,0.018750000000000003,1.1696079082729058,0.1132839998921894,0.0,-0.028125000000000004,0.5518375480374019,-1.0759329548159393,5.0,-2.151766605207939
1757309162.2889106,-0.10837091505527496,1.6947273015975952,15.420714378356934,304.9,5.364693498858632,0.018750000000000003,1.1714152818091297,0.11190344283679476,0.0,-0.028125000000000004,0.5573039045557496,-1.0687766058101378,5.0,-2.1574524081869835
1757309162.4345167,-0.10837091505527496,1.6947273015975952,15.420714378356934,304.9,5.364693498858632,0.018750000000000003,1.173208195152362,0.11053393115805099,0.0,-0.028125000000000004,0.5627429292915056,-1.0616560385493652,5.0,-2.1630927209523345
1757309162.6012197,-0.10837091505527496,1.6947273015975952,15.420714378356934,304.9,5.364693498858632,0.018750000000000003,1.1749867426122937,0.10917539281777366,0.0,-0.028125000000000004,0.5681547589035828,-1.0545710741248964,5.0,-2.1686878401921454
1757309162.743663,-0.039568305015563965,1.643509864807129,15.2843599319458,307.17,5.364693498858632,0.018750000000000003,1.1976589724323377,0.09185727555409606,0.0,-0.028125000000000004,0.5735427547220625,-1.0475173120094141,5.0,-2.240012239531159
1757309162.8971972,-0.039568305015563965,1.643509864807129,15.2843599319458,307.17,5.364693498858632,0.018750000000000003,1.199453010532545,0.0904869047329857,0.0,-0.028125000000000004,0.5789038105614498,-1.0404988187045092,5.0,-2.2456560906611203
1757309163.0381377,-0.039568305015563965,1.643509864807129,15.2843599319458,307.17,5.364693498858632,0.018750000000000003,1.2012327817651067,0.08912743161751935,0.0,-0.028125000000000004,0.5842380611216401,-1.033515417866129,5.0,-2.251255059758156
1757309163.192562,-0.039568305015563965,1.643509864807129,15.2843599319458,307.17,5.364693498858632,0.018750000000000003,1.2029983781894857,0.0877787858883422,0.0,-0.028125000000000004,0.5895456404290296,-1.0265669340319405,5.0,-2.256809436431447
1757309163.342783,-0.039568305015563965,1.643509864807129,15.2843599319458,307.17,5.364693498858632,0.018750000000000003,1.2047498915146226,0.08644089749384476,0.0,-0.028125000000000004,0.5948266818398821,-1.0196531926169232,5.0,-2.262319509187468
1757309163.4939926,-0.08651681989431381,1.424923062324524,15.290809631347656,305.28,5.364693498858632,0.018750000000000003,1.2697643187026086,0.03677981506793504,0.0,-0.028125000000000004,0.5994676009445656,-1.0135774753252806,5.0,-2.466847912629003
1757309163.6479964,-0.08651681989431381,1.424923062324524,15.290809631347656,305.28,5.364693498858632,0.018750000000000003,1.2712143520577712,0.03567221127773568,0.0,-0.028125000000000004,0.6040853154537258,-1.0075321366200962,5.0,-2.471409561787441
1757309163.8076444,-0.08651681989431381,1.424923062324524,15.290809631347656,305.28,5.364693498858632,0.018750000000000003,1.2726525028361995,0.03457368395945448,0.0,-0.028125000000000004,0.6086799413903402,-1.0015170246084377,5.0,-2.475933829636016
1757309163.9435022,-0.08651681989431381,1.424923062324524,15.290809631347656,305.28,5.364693498858632,0.018750000000000003,1.2740788519530986,0.03348417130624537,0.0,-0.028125000000000004,0.6132515941972715,-0.9955319881568376,5.0,-2.4804209707252713
1757309164.0979116,-0.1216965764760971,1.2978143692016602,15.291996955871582,305.39,5.364693498858632,0.018750000000000003,1.310721075843424,0.005495114421616654,0.0,-0.028125000000000004,0.617428994784344,-0.9900630919299287,5.0,-2.595693470614656
1757309164.2381432,-0.15011607110500336,1.2171310186386108,15.292902946472168,305.93,5.364693498858632,0.018750000000000003,1.3332928425085602,-0.011746264351353064,0.0,-0.028125000000000004,0.6213385449716184,-0.9849448554040224,5.0,-2.6667018236610747
1757309164.3876586,-0.15011607110500336,1.2171310186386108,15.292902946472168,305.93,5.364693498858632,0.018750000000000003,1.334409835736772,-0.01259947640250314,0.0,-0.028125000000000004,0.6252285474079565,-0.9798522100607456,5.0,-2.670215764358584
1757309164.5409079,-0.15011607110500336,1.2171310186386108,15.292902946472168,305.93,5.364693498858632,0.018750000000000003,1.3355173490433183,-0.013445447242870001,0.0,-0.028125000000000004,0.629099099832113,-0.9747850279441853,5.0,-2.6736998822409617
1757309164.6947148,-0.15011607110500336,1.2171310186386108,15.292902946472168,305.93,5.364693498858632,0.018750000000000003,1.336615451327976,-0.01428422950134911,0.0,-0.028125000000000004,0.6329502994941486,-0.9697431817382077,5.0,-2.677154394059502
1757309164.8371446,-0.22940167784690857,1.1099268198013306,15.30299186706543,306.93,5.364693498858632,0.018750000000000003,1.3602334540329875,-0.03232477265152667,0.0,-0.028125000000000004,0.6363775989174368,-0.9652562898316684,5.0,-2.75145409329036
1757309165.004827,-0.22940167784690857,1.1099268198013306,15.30299186706543,306.93,5.364693498858632,0.018750000000000003,1.361124116313532,-0.03300510246201427,0.0,-0.028125000000000004,0.6397877618436086,-0.9607918323846618,5.0,-2.7542560211412144
1757309165.1382887,-0.22940167784690857,1.1099268198013306,15.30299186706543,306.93,5.364693498858632,0.018750000000000003,1.3620069902656424,-0.03367948318032277,0.0,-0.028125000000000004,0.6431808739551496,-0.9563496972248903,5.0,-2.7570334477475145
1757309165.294321,-0.22940167784690857,1.1099268198013306,15.30299186706543,306.93,5.364693498858632,0.018750000000000003,1.362882135816963,-0.03434796058200973,0.0,-0.028125000000000004,0.6465570205061327,-0.9519297727409175,5.0,-2.75978656163519
1757309165.4323633,-0.22940167784690857,1.1099268198013306,15.30299186706543,306.93,5.364693498858632,0.018750000000000003,1.3637496125555135,-0.03501058018321246,0.0,-0.028125000000000004,0.649916286324361,-0.9475319478793647,5.0,-2.7625155502617518
1757309165.5908864,-0.3016429841518402,1.1268490552902222,15.307665824890137,306.97,5.364693498858632,0.018750000000000003,1.3503268267794148,-0.024757624037267223,0.0,-0.028125000000000004,0.6531664767489801,-0.9432769204336029,5.0,-2.7202889082183606
1757309165.7484574,-0.3016429841518402,1.1268490552902222,15.307665824890137,306.97,5.364693498858632,0.018750000000000003,1.3511168041203647,-0.025361045947454697,0.0,-0.028125000000000004,0.656400416221476,-0.9390431681250699,5.0,-2.722774092065821
1757309165.8926413,-0.3016429841518402,1.1268490552902222,15.307665824890137,306.97,5.364693498858632,0.018750000000000003,1.3518997516184945,-0.025959098132508296,0.0,-0.028125000000000004,0.6596181859966095,-0.9348305845780797,5.0,-2.7252371607829846
1757309166.0402985,-0.3016429841518402,1.1268490552902222,15.307665824890137,306.97,5.364693498858632,0.018750000000000003,1.3526757252298078,-0.02655182333425976,0.0,-0.028125000000000004,0.6628198669228672,-0.9306390639488243,5.0,-2.727678290401427
1757309166.1865687,-0.3082711398601532,1.1329576969146729,15.314651489257812,306.97,5.364693498858632,0.018750000000000003,1.3507899062294517,-0.02511134593766229,0.0,-0.028125000000000004,0.6660080617290532,-0.9264651988423369,5.0,-2.7217457064196084
1757309166.368624,-0.3293263912200928,1.1633011102676392,15.33721923828125,306.93,5.364693498858632,0.018750000000000003,1.3399712004712896,-0.016847508792035115,0.0,-0.028125000000000004,0.669214711012837,-0.9222671738256853,5.0,-2.6877112203566513
1757309166.5008812,-0.3293263912200928,1.1633011102676392,15.33721923828125,306.93,5.364693498858632,0.018750000000000003,1.3407292977329095,-0.01742657919570567,0.0,-0.028125000000000004,0.6724053270502018,-0.9180901389341171,5.0,-2.6900961128994125
1757309166.6375518,-0.3293263912200928,1.1633011102676392,15.33721923828125,306.93,5.364693498858632,0.018750000000000003,1.3414806047994632,-0.018000462928487115,0.0,-0.028125000000000004,0.6755799900073799,-0.9139339892170065,5.0,-2.692459644217965
1757309166.788897,-0.3293263912200928,1.1633011102676392,15.33721923828125,306.93,5.364693498858632,0.018750000000000003,1.3422251764090405,-0.01856920180191135,0.0,-0.028125000000000004,0.678738779649772,-0.9097986202484816,5.0,-2.69480198651246
1757309166.9441218,-0.35211682319641113,1.160852074623108,15.353862762451172,306.59,5.364693498858632,0.018750000000000003,1.3404384191109555,-0.017204392400473,0.0,-0.028125000000000004,0.6818338801458278,-0.9057466307224673,5.0,-2.6891810400038003
1757309167.086505,-0.35707807540893555,1.1588771343231201,15.37344741821289,307.16,5.364693498858632,0.018750000000000003,1.3409924582301251,-0.017627593581415635,0.0,-0.028125000000000004,0.6848996012519831,-0.9017331035922005,5.0,-2.690923987552354
1757309167.2370367,-0.35707807540893555,1.1588771343231201,15.37344741821289,307.16,5.364693498858632,0.018750000000000003,1.341686319154001,-0.01815759724403465,0.0,-0.028125000000000004,0.6879499937526077,-0.897739644097585,5.0,-2.693106799477474
1757309167.3968906,-0.35707807540893555,1.1588771343231201,15.37344741821289,307.16,5.364693498858632,0.018750000000000003,1.342373906171158,-0.018682808601127476,0.0,-0.028125000000000004,0.690985134290729,-0.8937661519004426,5.0,-2.6952698743660615
1757309167.5416906,-0.35707807540893555,1.1588771343231201,15.37344741821289,307.16,5.364693498858632,0.018750000000000003,1.3430552708017116,-0.019203267006185576,0.0,-0.028125000000000004,0.6940050991261598,-0.8898125271642859,5.0,-2.6974133742948654
1757309167.6845512,-0.36030545830726624,1.2000808715820312,15.366851806640625,306.91,5.364693498858632,0.018750000000000003,1.331622448286577,-0.010470338549502856,0.0,-0.028125000000000004,0.6971033995701226,-0.8857563483864462,5.0,-2.66144694288896
1757309167.8438258,-0.36030545830726624,1.2000808715820312,15.366851806640625,306.91,5.364693498858632,0.018750000000000003,1.3323222005889426,-0.011004842324565112,0.0,-0.028125000000000004,0.7001862085118655,-0.8817204505024957,5.0,-2.6636482884578987
1757309167.9960556,-0.36030545830726624,1.2000808715820312,15.366851806640625,306.91,5.364693498858632,0.018750000000000003,1.3330156229536598,-0.01153451099503755,0.0,-0.028125000000000004,0.7032536034088998,-0.877704732107965,5.0,-2.6658297207230204
1757309168.1428194,-0.36030545830726624,1.2000808715820312,15.366851806640625,306.91,5.364693498858632,0.018750000000000003,1.3337027674053983,-0.012059384299813902,0.0,-0.028125000000000004,0.7063056613314489,-0.8737090923054068,5.0,-2.6679914033483465
1757309168.2870677,-0.36030545830726624,1.2000808715820312,15.366851806640625,306.91,5.364693498858632,0.018750000000000003,1.3343836856256606,-0.012579501715660246,0.0,-0.028125000000000004,0.7093424589643853,-0.8697334307018615,5.0,-2.670133498918331
1757309168.4452817,-0.4274729788303375,1.2521687746047974,15.04951286315918,303.84,5.364693498858632,0.018750000000000003,1.3104415344765141,0.005708641287329397,0.0,-0.028125000000000004,0.7123659592054961,-0.8657751775451402,5.0,-2.5948140635054524
1757309168.5880325,-0.4274729788303375,1.2521687746047974,15.04951286315918,303.84,5.364693498858632,0.018750000000000003,1.311089415799237,0.005213759010247898,0.0,-0.028125000000000004,0.7153743419454013,-0.8618367156542025,5.0,-2.596852228544928
1757309168.7418823,-0.4274729788303375,1.2521687746047974,15.04951286315918,303.84,5.364693498858632,0.018750000000000003,1.3117313762496257,0.0047233993743973635,0.0,-0.028125000000000004,0.718367682771607,-0.8579179460727195,5.0,-2.598871767156119
1757309168.8894074,-0.4274729788303375,1.2521687746047974,15.04951286315918,303.84,5.364693498858632,0.018750000000000003,1.3123674654754658,0.0042375244564604175,0.0,-0.028125000000000004,0.7213460568936817,-0.854018770339144,5.0,-2.6008728355256254
1757309169.069853,-0.4433857798576355,1.2547982931137085,14.948060035705566,303.84,5.364693498858632,0.018750000000000003,1.3098188195946818,0.006184300251225183,0.0,-0.028125000000000004,0.7242865642672026,-0.8501691683330515,5.0,-2.592855069385391
1757309169.1830964,-0.5563545227050781,1.243930697441101,14.225187301635742,306.35,5.364693498858632,0.018750000000000003,1.295226922213751,0.017330278919768016,0.0,-0.028125000000000004,0.7269780275872653,-0.8466456054644328,5.0,-2.5469505278307123
1757309169.332835,-0.5563545227050781,1.243930697441101,14.225187301635742,306.35,5.364693498858632,0.018750000000000003,1.295730249949813,0.016945813482342365,0.0,-0.028125000000000004,0.7296560335907275,-0.8431396604101572,5.0,-2.5485339428159266
1757309169.4993544,-0.5563545227050781,1.243930697441101,14.225187301635742,306.35,5.364693498858632,0.018750000000000003,1.296228877450595,0.016564938306059207,0.0,-0.028125000000000004,0.7323206495641725,-0.8396512450811531,5.0,-2.5501025713658962
1757309169.6400244,-0.5563545227050781,1.243930697441101,14.225187301635742,306.35,5.364693498858632,0.018750000000000003,1.296722845843411,0.016187621975939148,0.0,-0.028125000000000004,0.7349719424577503,-0.836180271828794,5.0,-2.5516565428627325
1757309169.783747,-0.5667548775672913,1.220922827720642,13.2948579788208,311.36,5.364693498858632,0.018750000000000003,1.301628786279157,0.01244023354395729,0.0,-0.028125000000000004,0.7375353237804445,-0.8328243891090006,5.0,-2.567090104429015
1757309169.938296,-0.5482366681098938,1.217085599899292,13.139569282531738,311.36,5.364693498858632,0.018750000000000003,1.3062739985802767,0.008892001544546724,0.0,-0.028125000000000004,0.7401107502446594,-0.8294527373415322,5.0,-2.581703443293755
1757309170.0933588,-0.5482366681098938,1.217085599899292,13.139569282531738,311.36,5.364693498858632,0.018750000000000003,1.306741476254145,0.008534920073581587,0.0,-0.028125000000000004,0.7426732995765533,-0.8260979438329012,5.0,-2.583174077834676
1757309170.2425835,-0.5482366681098938,1.217085599899292,13.139569282531738,311.36,5.364693498858632,0.018750000000000003,1.3072045712244935,0.008181186318041322,0.0,-0.028125000000000004,0.7452230361617876,-0.8227599242918133,5.0,-2.5846309248611568
1757309170.3964767,-0.5482366681098938,1.217085599899292,13.139569282531738,311.36,5.364693498858632,0.018750000000000003,1.307663322140574,0.007830770755806848,0.0,-0.028125000000000004,0.7477600240640958,-0.8194385948484308,5.0,-2.5860741059595918
1757309170.5543497,-0.4035491347312927,1.2395483255386353,12.027752876281738,308.92,5.364693498858632,0.018750000000000003,1.3257096749482238,-0.00595388371290706,0.0,-0.028125000000000004,0.7506050729580376,-0.815713963504815,5.0,-2.6428459931750092
1757309170.6954176,-0.4035491347312927,1.2395483255386353,12.027752876281738,308.92,5.364693498858632,0.018750000000000003,1.3262950055460998,-0.006400986799480091,0.0,-0.028125000000000004,0.7534358966075096,-0.8120079553179171,5.0,-2.644687380353933
1757309170.8352551,-0.4035491347312927,1.2395483255386353,12.027752876281738,308.92,5.364693498858632,0.018750000000000003,1.3268749486087195,-0.006843974632808392,0.0,-0.028125000000000004,0.7562525661387344,-0.8083204771719539,5.0,-2.646511818925723
1757309170.9877272,-0.4035491347312927,1.2395483255386353,12.027752876281738,308.92,5.364693498858632,0.018750000000000003,1.3274495499506112,-0.007282882208187291,0.0,-0.028125000000000004,0.7590551523223029,-0.8046514364167204,5.0,-2.6483194530179635
1757309171.1414938,-0.4035491347312927,1.2395483255386353,12.027752876281738,308.92,5.364693498858632,0.018750000000000003,1.32801885506001,-0.007717744271673599,0.0,-0.028125000000000004,0.7618437255749536,-0.8010007408652631,5.0,-2.6501104257317545
1757309171.2902677,-0.33566996455192566,1.3149890899658203,11.147847175598145,312.65,5.364693498858632,0.018750000000000003,1.3179624426530894,-3.6182700654863176e-05,0.0,-0.028125000000000004,0.7649253735249394,-0.7969663629081926,5.0,-2.618474032658723
1757309171.4393692,-0.33566996455192566,1.3149890899658203,11.147847175598145,312.65,5.364693498858632,0.018750000000000003,1.3186421873033947,-0.0005554036884791724,0.0,-0.028125000000000004,0.7679916132351752,-0.7929521568409074,5.0,-2.6206124363036998
1757309171.63968,-0.33566996455192566,1.3149890899658203,11.147847175598145,312.65,5.364693498858632,0.018750000000000003,1.3193157538270155,-0.0010699055320799733,0.0,-0.028125000000000004,0.7710425217468598,-0.7889580218039586,5.0,-2.6227314042258425
1757309171.7377167,-0.33566996455192566,1.3149890899658203,11.147847175598145,312.65,5.364693498858632,0.018750000000000003,1.3199831934744013,-0.0015797273789650568,0.0,-0.028125000000000004,0.774078175715986,-0.7849838574421946,5.0,-2.62483109765356
1757309171.8990076,-0.3349287807941437,1.3229401111602783,11.06961727142334,312.65,5.364693498858632,0.018750000000000003,1.3185259185452545,-0.0004665921333937284,0.0,-0.028125000000000004,0.7771191944271965,-0.7810026697612321,5.0,-2.6202466672813287
1757309172.0389647,-0.338130921125412,1.328443169593811,10.663457870483398,312.88,5.364693498858632,0.018750000000000003,1.3171676019479117,0.0005709540762510734,0.0,-0.028125000000000004,0.7801523816546068,-0.777031734765238,5.0,-2.6159735491898726
1757309172.1995144,-0.338130921125412,1.328443169593811,10.663457870483398,312.88,5.364693498858632,0.018750000000000003,1.3178254354010372,6.846989310604901e-05,0.0,-0.028125000000000004,0.78317040294588,-0.7730806544442238,5.0,-2.6180430225624396
1757309172.3368764,-0.338130921125412,1.328443169593811,10.663457870483398,312.88,5.364693498858632,0.018750000000000003,1.3184772704609813,-0.00042943243473225756,0.0,-0.028125000000000004,0.7861733341306969,-0.7691493295248147,5.0,-2.620093625634463
1757309172.4888167,-0.338130921125412,1.328443169593811,10.663457870483398,312.88,5.364693498858632,0.018750000000000003,1.3191231572049724,-0.000922791158610603,0.0,-0.028125000000000004,0.7891612506595896,-0.7652376612300027,5.0,-2.622125515943526
1757309172.6400259,-0.3569834530353546,1.2606152296066284,10.272605895996094,308.46,5.364693498858632,0.018750000000000003,1.3356732150590622,-0.01356450504880713,0.0,-0.028125000000000004,0.7919358966591842,-0.7616051987160773,5.0,-2.6741902199818255
1757309172.798841,-0.3569834530353546,1.2606152296066284,10.272605895996094,308.46,5.364693498858632,0.018750000000000003,1.336237432844385,-0.013995481174491564,0.0,-0.028125000000000004,0.7946966694287807,-0.7579908985147216,5.0,-2.6759651885206037
1757309172.9382846,-0.3569834530353546,1.2606152296066284,10.272605895996094,308.46,5.364693498858632,0.018750000000000003,1.3367964473706244,-0.014422482805754089,0.0,-0.028125000000000004,0.7974436383345292,-0.7543946698143726,5.0,-2.677723788165292
1757309173.0928981,-0.3569834530353546,1.2606152296066284,10.272605895996094,308.46,5.364693498858632,0.018750000000000003,1.3373503030542147,-0.014845543869959066,0.0,-0.028125000000000004,0.8001768723957491,-0.7508164222575254,5.0,-2.679466158645219
1757309173.2348752,-0.3569834530353546,1.2606152296066284,10.272605895996094,308.46,5.364693498858632,0.018750000000000003,1.3378990439925587,-0.01526469805078079,0.0,-0.028125000000000004,0.8028964402866628,-0.7472560659384625,5.0,-2.6811924386860784
1757309173.3910074,-0.3571712076663971,1.2253588438034058,9.913228988647461,298.88,5.364693498858632,0.018750000000000003,1.3480681697193153,-0.02303235536560544,0.0,-0.028125000000000004,0.8055170277105883,-0.7438252911357437,5.0,-2.7131834157545356
1757309173.5562913,-0.3571712076663971,1.2253588438034058,9.913228988647461,298.88,5.364693498858632,0.018750000000000003,1.3485800388692433,-0.023423345137342566,0.0,-0.028125000000000004,0.8081245121973941,-0.7404116702070385,5.0,-2.7147937011101697
1757309173.6928957,-0.3571712076663971,1.2253588438034058,9.913228988647461,298.88,5.364693498858632,0.018750000000000003,1.3490871576855266,-0.02381070638044569,0.0,-0.028125000000000004,0.8107189592617658,-0.7370151173829768,5.0,-2.716389042426485
1757309173.8373568,-0.3571712076663971,1.2253588438034058,9.913228988647461,298.88,5.364693498858632,0.018750000000000003,1.3495895672256024,-0.02419447045651968,0.0,-0.028125000000000004,0.8133004340908158,-0.7336355473230354,5.0,-2.7179695688657697
1757309173.9941301,-0.3571712076663971,1.2253588438034058,9.913228988647461,298.88,5.364693498858632,0.018750000000000003,1.350087308243773,-0.02457466849562029,0.0,-0.028125000000000004,0.8158690015457204,-0.7302728751133938,5.0,-2.719535408636678
1757309174.1381345,-0.31498652696609497,1.2199740409851074,9.525898933410645,295.74,5.364693498858632,0.018750000000000003,1.3588985601257322,-0.03130511779605327,0.0,-0.028125000000000004,0.8184894577580459,-0.7268422720879821,5.0,-2.747254660465622
1757309174.2986524,-0.31498652696609497,1.2199740409851074,9.525898933410645,295.74,5.364693498858632,0.018750000000000003,1.3594181244774663,-0.031701985525463994,0.0,-0.028125000000000004,0.8210968116893098,-0.7234288220776975,5.0,-2.7488891540994436
1757309174.446512,-0.31498652696609497,1.2199740409851074,9.525898933410645,295.74,5.364693498858632,0.018750000000000003,1.3599328780633446,-0.032095178565270666,0.0,-0.028125000000000004,0.8236911288509174,-0.7200324393174644,5.0,-2.750508513580703
1757309174.606746,-0.31498652696609497,1.2199740409851074,9.525898933410645,295.74,5.364693498858632,0.018750000000000003,1.360442862276369,-0.03248472853339812,0.0,-0.028125000000000004,0.826272474426717,-0.7166530384710325,5.0,-2.752112869127336
1757309174.7442036,-0.3006349503993988,1.258567452430725,9.416693687438965,297.31,5.364693498858632,0.018750000000000003,1.3526654693653446,-0.026543989421811687,0.0,-0.028125000000000004,0.828960439545279,-0.7131340553166617,5.0,-2.727646026553612
1757309174.8864138,-0.2642558813095093,1.3030259609222412,9.237666130065918,299.27,5.364693498858632,0.018750000000000003,1.3465611904322319,-0.021881253589785876,0.0,-0.028125000000000004,0.8318092200724668,-0.7094045386587088,5.0,-2.7084426208119696
1757309175.0479558,-0.2642558813095093,1.3030259609222412,9.237666130065918,299.27,5.364693498858632,0.018750000000000003,1.347164871137225,-0.022342373352679634,0.0,-0.028125000000000004,0.8346437566970187,-0.7056936695840456,5.0,-2.710341735456535
1757309175.1959696,-0.2642558813095093,1.3030259609222412,9.237666130065918,299.27,5.364693498858632,0.018750000000000003,1.3477630237775098,-0.02279927051931263,0.0,-0.028125000000000004,0.8374641206384479,-0.7020013548547557,5.0,-2.7122234594034067
1757309175.3368902,-0.2642558813095093,1.3030259609222412,9.237666130065918,299.27,5.25762185244343,0.034375,1.3434558682580402,0.12077178177026981,0.0,-0.051562500000000004,0.8404278637598357,-0.6971152467543379,5.0,-2.715073080541446
1757309175.4892106,-0.14194028079509735,1.30170476436615,8.773660659790039,286.07,5.28965310244343,0.06640625,1.3669646185749493,0.06444434810825772,0.0,-0.099609375,0.8435353183932598,-0.6923438346420832,5.0,-2.7757266418440496
1757309175.658554,-0.14194028079509735,1.30170476436615,8.773660659790039,286.07,5.169325560102373,0.11328125,1.3508233780562189,0.22733834665876268,0.0,-0.169921875,0.8465237558949288,-0.6862653163932917,5.0,-2.779845457220547
1757309175.7885075,-0.14194028079509735,1.30170476436615,8.773660659790039,286.07,5.138175891180179,0.1453125,1.3446983317601329,0.2685684903995011,0.0,-0.21796875000000002,0.8494195609753332,-0.6798803033663624,5.0,-2.7842667767676637
1757309175.9343677,-0.14194028079509735,1.30170476436615,8.773660659790039,286.07,5.160832141180179,0.16796875,1.3519303558695555,0.23731806278527118,0.0,-0.251953125,0.8523587617887101,-0.673771430985682,5.0,-2.788408540330103
1757309176.098321,-0.14194028079509735,1.30170476436615,8.773660659790039,286.07,5.180363391180179,0.1875,1.3576998131977616,0.2101657979129229,0.0,-0.28125,0.8553236451984507,-0.6679052565738479,5.0,-2.792309131088475
1757309176.237969,-0.0940997302532196,1.3249105215072632,8.434918403625488,272.45,5.185441516180179,0.19257812500000002,1.3602936363154146,0.20247826695293214,0.0,-0.2888671875,0.8583794050117527,-0.6619347840179134,5.0,-2.7966455638725436
1757309176.393151,-0.0940997302532196,1.3249105215072632,8.434918403625488,272.45,4.983432177267654,0.19843750000000002,1.2944130434425352,0.4706194499289026,0.0,-0.29765625,0.8606006773781856,-0.6539411900692409,5.0,-2.8028866745793852
1757309176.5384161,-0.0940997302532196,1.3249105215072632,8.434918403625488,272.45,4.966868297058551,0.21171875,1.28890898695333,0.4913523269172639,0.0,-0.31757812500000004,0.8627087408875918,-0.6458369559640145,5.0,-2.809263121594421
1757309176.7003841,-0.0940997302532196,1.3249105215072632,8.434918403625488,272.45,4.96843079705855,0.21328125,1.2921185190545907,0.4886981640582122,0.0,-0.319921875,0.8648160447801637,-0.6377872881492442,5.0,-2.8155773862097275
1757309176.8641396,-0.0940997302532196,1.3249105215072632,8.434918403625488,272.45,4.972727672058551,0.217578125,1.296611726023215,0.4825008727918378,0.0,-0.32636718750000004,0.8669393094902113,-0.629816603568399,5.0,-2.8218002457493623
1757309176.9869564,-0.14874175190925598,1.3143163919448853,8.085521697998047,271.18,4.960252793585815,0.225,1.2869366836135454,0.49953768186661457,0.0,-0.3375,0.8689455706353991,-0.6218888387866569,5.0,-2.812632133823784
1757309177.144571,-0.14874175190925598,1.3143163919448853,8.085521697998047,271.18,4.912671365558223,0.1796875,1.2642923474623027,0.5596613807376913,0.0,-0.26953125,0.8706316748967662,-0.6135830718071043,5.0,-2.8191931480267534
1757309177.3108943,-0.14874175190925598,1.3143163919448853,8.085521697998047,271.18,4.858374490558223,0.125390625,1.2348614619157496,0.6270375379038029,0.0,-0.18808593750000002,0.8719111394202139,-0.6048810960814496,5.0,-2.826281682778148
1757309177.454681,-0.14874175190925598,1.3143163919448853,8.085521697998047,271.18,4.837671365558223,0.1046875,1.2244950871784648,0.6521042444815113,0.0,-0.15703125,0.8730211264067727,-0.5960676178960153,5.0,-2.833535958165829
1757309177.61341,-0.22412285208702087,1.315676212310791,7.9322428703308105,275.58,4.811499490558223,0.078515625,1.1948941794784722,0.685129438071169,0.0,-0.11777343750000001,0.8739085947412657,-0.5871426250503098,5.0,-2.8030947708105223
1757309177.7351186,-0.2820107936859131,1.3603134155273438,7.730839729309082,284.93,4.779385044743393,0.037500000000000006,1.1482984752273813,0.7247519657371816,0.0,-0.05625000000000001,0.8745331011056965,-0.5778350376452849,5.0,-2.7430079293193788
1757309177.8845222,-0.2820107936859131,1.3603134155273438,7.730839729309082,284.93,4.935857262707444,-0.037109375,1.2495146519243334,0.5364298083475091,0.0,0.0556640625,0.8763432921523112,-0.5698698904348505,5.0,-2.748913199631508
1757309178.0374677,-0.2820107936859131,1.3603134155273438,7.730839729309082,284.93,4.920818200207444,-0.052148437500000006,1.243666313699067,0.554660812326087,0.0,0.07822265625000001,0.8780490837044101,-0.5618047146548949,5.0,-2.7549438702994267
1757309178.1897564,-0.2820107936859131,1.3603134155273438,7.730839729309082,284.93,4.925701012707444,-0.047265625000000006,1.2486787266100052,0.5480793344244371,0.0,0.07089843750000001,0.8797775675417038,-0.5538249141637087,5.0,-2.7608756752970582
1757309178.3413274,-0.34786155819892883,1.4256535768508911,7.42846155166626,287.66,4.940935387707444,-0.032031250000000004,1.224041684171518,0.5366329042063893,0.0,0.048046875,0.8816465557093356,-0.545790077534144,5.0,-2.676580045583391
1757309178.4966183,-0.34786155819892883,1.4256535768508911,7.42846155166626,287.66,5.059601494251974,0.00390625,1.2806295234095222,0.38734480530285104,0.0,-0.005859375,0.8840887699392733,-0.5390412578026375,5.0,-2.681007243583094
1757309178.6334631,-0.34786155819892883,1.4256535768508911,7.42846155166626,287.66,5.046786001286889,0.026171875,1.2772743579708792,0.40312896930005304,0.0,-0.0392578125,0.886470747062457,-0.5321855663183326,5.0,-2.6855431846030293
1757309178.7967756,-0.34786155819892883,1.4256535768508911,7.42846155166626,287.66,5.071786001286888,0.051171875000000006,1.2885322640672734,0.3704808891140993,0.0,-0.07675781250000001,0.888930296469695,-0.525639242558379,5.0,-2.6897624020779087
1757309178.9434822,-0.34786155819892883,1.4256535768508911,7.42846155166626,287.66,5.098739126286889,0.078125,1.2994892294760785,0.3350345433045188,0.0,-0.1171875,0.8914576153383681,-0.5194264805174383,5.0,-2.6936504073603342
1757309179.0936308,-0.45025116205215454,1.3555941581726074,7.162346363067627,280.64,5.121786001286889,0.10117187500000001,1.3082498075409177,0.30439814164828644,0.0,-0.1517578125,0.8938180794713612,-0.513986551476174,5.0,-2.6974244516410675
1757309179.2374687,-0.45025116205215454,1.3555941581726074,7.162346363067627,280.64,5.038999397970419,0.1203125,1.280071625599109,0.41103830588390855,0.0,-0.18046875,0.8959669038542547,-0.5076430083850272,5.0,-2.70131432774846
1757309179.393658,-0.45025116205215454,1.3555941581726074,7.162346363067627,280.64,5.0180138877968865,0.11992187500000001,1.2727235454715953,0.43731690705745163,0.0,-0.17988281250000002,0.8980307488631232,-0.5011017144129086,5.0,-2.7054011952898076
1757309179.5353189,-0.45025116205215454,1.3555941581726074,7.162346363067627,280.64,4.994185762796886,0.09609375,1.2636012353098192,0.4670363891003054,0.0,-0.14414062500000002,0.8999891829838003,-0.4943368457734437,5.0,-2.7097175482653544
1757309179.70265,-0.45025116205215454,1.3555941581726074,7.162346363067627,280.64,4.946138887796886,0.048046875,1.2415873460771423,0.5267396246769507,0.0,-0.07207031250000001,0.9017111788634737,-0.4871046789813238,5.0,-2.7145369887695585
1757309179.8389113,-0.48833784461021423,1.1763819456100464,6.738253593444824,287.74,4.927388887796886,0.029296875,1.2790574592372612,0.5395386097241083,0.0,-0.0439453125,0.9031284707648868,-0.48061450772647846,5.0,-2.8362496093141005
1757309180.0043259,-0.48833784461021423,1.1763819456100464,6.738253593444824,287.74,4.910508894497684,0.01171875,1.2714190857819587,0.5607197930231396,0.0,-0.017578125,0.9044577431959814,-0.4739930897013918,5.0,-2.8404590055774266
1757309180.1446805,-0.48833784461021423,1.1763819456100464,6.738253593444824,287.74,5.016932264688484,-0.005078125,1.3249671523886635,0.42212306713193926,0.0,0.007617187500000001,0.9061921057745039,-0.46847528836493996,5.0,-2.84355173892814
1757309180.2906306,-0.48833784461021423,1.1763819456100464,6.738253593444824,287.74,5.005994764688484,-0.016015625000000002,1.3214859665724081,0.4362220265169848,0.0,0.0240234375,0.9078864067137734,-0.4628714019862995,5.0,-2.8467248904073923
1757309180.450228,-0.38259342312812805,1.0983353853225708,6.455339431762695,293.07,5.005213514688484,-0.016796875,1.3712625799911722,0.42214421147958997,0.0,0.025195312499999997,0.90950612699956,-0.45749904303725325,5.0,-2.977590047515115
1757309180.6000047,-0.3514847755432129,1.0906907320022583,6.3644938468933105,293.07,5.088648549260608,-0.018359375,1.4121077555971226,0.30227453985138214,0.0,0.027539062500000003,0.9113002528698512,-0.4529578952578637,5.0,-3.005638670544818
1757309180.7389805,-0.3514847755432129,1.0906907320022583,6.3644938468933105,293.07,5.096677063819781,-0.018359375,1.4153399963307698,0.29058366904202365,0.0,0.027539062500000003,0.9130953572889513,-0.44851889053087807,5.0,-3.0079334412594507
1757309180.8963516,-0.3514847755432129,1.0906907320022583,6.3644938468933105,293.07,5.097458313819781,-0.017578125,1.416407336784202,0.2891370862349749,0.0,0.0263671875,0.9148823688736436,-0.4441098121112455,5.0,-3.0102014034908935
1757309181.0509148,-0.3514847755432129,1.0906907320022583,6.3644938468933105,293.07,5.1294895638197815,0.014453125,1.4256673908375124,0.24330519995034472,0.0,-0.021679687500000003,0.916685516090326,-0.44004041540887434,5.0,-3.0121887075890483
1757309181.1862907,-0.2619754374027252,1.0779261589050293,6.057780742645264,290.23,5.142380188819781,0.02734375,1.453417214385693,0.21356539733473956,0.0,-0.041015625,0.9185373150543106,-0.43600256752445093,5.0,-3.080210806514925
1757309181.3380616,-0.2619754374027252,1.0779261589050293,6.057780742645264,290.23,5.161229899772573,0.043750000000000004,1.4578639422744064,0.18580531027614577,0.0,-0.065625,0.9203852245606293,-0.43216575582566136,5.0,-3.0820963721048376
1757309181.5045383,-0.2619754374027252,1.0779261589050293,6.057780742645264,290.23,5.132265963063142,0.066796875,1.4526361401762413,0.22760563360219221,0.0,-0.10019531250000001,0.9222133976999509,-0.4280706152699517,5.0,-3.084189602020262
1757309181.6402445,-0.2619754374027252,1.0779261589050293,6.057780742645264,290.23,5.149062838063143,0.08359375000000001,1.456958634367217,0.20284610761090505,0.0,-0.125390625,0.924040134414148,-0.42415665641606654,5.0,-3.086133306451295
1757309181.7923603,-0.2619754374027252,1.0779261589050293,6.057780742645264,290.23,5.159219088063143,0.09375,1.4596105918398032,0.1877190804156872,0.0,-0.140625,0.9258595777656665,-0.4203594368030392,5.0,-3.08798228314527
1757309181.944527,-0.3545125126838684,1.0828745365142822,5.685127258300781,285.17,5.151406588063143,0.0859375,1.4360485322510244,0.20947116171709845,0.0,-0.12890625,0.9275947592058645,-0.41666426685969826,5.0,-3.0270794036614648
1757309182.0871255,-0.3545125126838684,1.0828745365142822,5.685127258300781,285.17,5.024354527266617,0.043359375000000006,1.3989603360039222,0.38941339862295093,0.0,-0.06503906250000001,0.9291810376877295,-0.41174551447627883,5.0,-3.029782187653186
1757309182.2338552,-0.3545125126838684,1.0828745365142822,5.685127258300781,285.17,4.9794991779122295,0.0023437500000000003,1.3812805070457466,0.45142623886699057,0.0,-0.0035156250000000005,0.9306364218204168,-0.40642708958787904,5.0,-3.032863218439541
1757309182.3970203,-0.3545125126838684,1.0828745365142822,5.685127258300781,285.17,4.94395230291223,-0.033203125,1.3656815582918038,0.4999203765123032,0.0,0.0498046875,0.9319613327229186,-0.4008081317584355,5.0,-3.036246141939225
1757309182.574168,-0.36066532135009766,1.0848047733306885,5.669619560241699,285.17,4.9365304279122295,-0.040625,1.3611246394584178,0.5102268601881468,0.0,0.060937500000000006,0.9332517613586371,-0.39514766240807797,5.0,-3.034171770226455
1757309182.6893,-0.34965503215789795,1.1661473512649536,5.371572017669678,293.76,4.9365304279122295,-0.040625,1.3411740084720283,0.5147750458476739,0.0,0.060937500000000006,0.9346265960871118,-0.3891169454610648,5.0,-2.9830155346859186
1757309182.8333867,-0.34965503215789795,1.1661473512649536,5.371572017669678,293.76,5.033171812996319,-0.039453125000000006,1.3856644538459686,0.38260380633263147,0.0,0.05917968750000001,0.9363150507685842,-0.38403519429322036,5.0,-2.985853784171774
1757309182.9967198,-0.34965503215789795,1.1661473512649536,5.371572017669678,293.76,5.0995401481585425,-0.027539062500000003,1.4088160562334422,0.2895270933400841,0.0,0.041308593750000004,0.9381082914421943,-0.3796370710887651,5.0,-2.9880895004993446
1757309183.151364,-0.34965503215789795,1.1661473512649536,5.371572017669678,293.76,5.110087023158543,-0.016992187500000002,1.412576247013615,0.27432289587618125,0.0,0.02548828125,0.9399022450396872,-0.3753665909360026,5.0,-2.990218120000784
1757309183.2828484,-0.22593942284584045,1.3002264499664307,4.885997772216797,288.72,5.117508898158542,-0.0095703125,1.4040455109151933,0.2683462308826323,0.0,0.014355468750000001,0.9420314685260184,-0.3704015314791547,5.0,-2.9615805496706704
1757309183.4485457,-0.22593942284584045,1.3002264499664307,4.885997772216797,288.72,5.081501228201106,0.004687500000000001,1.3946553134277788,0.3182611620044649,0.0,-0.007031250000000001,0.944082038157877,-0.3651007406581751,5.0,-2.9647445194661883
1757309183.5923986,-0.22593942284584045,1.3002264499664307,4.885997772216797,288.72,5.053177116358029,0.0140625,1.3863668325579444,0.35717519915975887,0.0,-0.02109375,0.9460514893222925,-0.3595471068753605,5.0,-2.968150852500131
1757309183.7342267,-0.22593942284584045,1.3002264499664307,4.885997772216797,288.72,5.056692741358029,0.017578125,1.3888732020122492,0.35184750750931093,0.0,-0.0263671875,0.948020650320461,-0.3540556548701181,5.0,-2.9714952463030633
1757309183.889565,-0.22593942284584045,1.3002264499664307,4.885997772216797,288.72,5.061770866358029,0.022656250000000003,1.3918703360945766,0.34434261652982173,0.0,-0.033984375000000004,0.9499932033062266,-0.34864143465083264,5.0,-2.9747635095695353
1757309184.0474117,-0.2963368892669678,1.3114567995071411,4.5976643562316895,287.61,5.068802116358029,0.029687500000000002,1.3764063386573306,0.3411936615992195,0.0,-0.04453125,0.9519487063429305,-0.3433891296801412,5.0,-2.927144004626738
1757309184.199185,-0.2963368892669678,1.3114567995071411,4.5976643562316895,287.61,5.052562257987686,0.03125,1.3718714700111099,0.36308010083739795,0.0,-0.046875,0.9538563978497313,-0.3379991329675801,5.0,-2.9302927433263153
1757309184.3383338,-0.2963368892669678,1.3114567995071411,4.5976643562316895,287.61,5.050210211660891,0.030468750000000003,1.372200369420057,0.36588893504925707,0.0,-0.045703125000000004,0.9557486650529836,-0.33261246838835384,5.0,-2.933437154845
1757309184.4852421,-0.2963368892669678,1.3114567995071411,4.5976643562316895,287.61,5.051382086660891,0.031640625,1.3738001476433979,0.3638674041130082,0.0,-0.047460937499999994,0.9576343858006402,-0.32726448981832534,5.0,-2.9365438161222803
1757309184.6615477,-0.2963368892669678,1.3114567995071411,4.5976643562316895,287.61,5.058022711660891,0.03828125,1.3773218771201836,0.35432759327042873,0.0,-0.057421875000000004,0.9595264975377599,-0.32200991244303934,5.0,-2.9395616133050777
1757309184.7975776,-0.3357273042201996,1.2875052690505981,4.236654281616211,287.55,5.058978494586091,0.0390625,1.3766277675211047,0.3533837874679822,0.0,-0.05859375,0.9613503394285887,-0.31696007403276505,5.0,-2.9368181246411873
1757309184.9414217,-0.3357273042201996,1.2875052690505981,4.236654281616211,287.55,5.057756764109695,0.0390625,1.377238577472811,0.3546899250641312,0.0,-0.05859375,0.9631625707482592,-0.31192313025171814,5.0,-2.9395907902092975
1757309185.0915685,-0.3357273042201996,1.2875052690505981,4.236654281616211,287.55,5.056194264109695,0.037500000000000006,1.3777231899610536,0.3564689036746767,0.0,-0.05625000000000001,0.9649625500436739,-0.3068955936785596,5.0,-2.9423537213465334
1757309185.2509148,-0.3357273042201996,1.2875052690505981,4.236654281616211,287.55,5.049553639109695,0.030859375,1.3763824423321733,0.365239462602425,0.0,-0.046289062500000006,0.966739586081561,-0.30182631298482077,5.0,-2.945153320077737
1757309185.4017725,-0.3276593089103699,1.2829289436340332,4.182531833648682,287.43,5.050334889109695,0.031640625,1.380977836129754,0.3626492348688232,0.0,-0.047460937499999994,0.968506680714836,-0.2967979786421481,5.0,-2.956575564982824
1757309185.549292,-0.249837264418602,1.2853715419769287,3.9033615589141846,287.31,5.047600514109695,0.02890625,1.3986823813993488,0.3599092236550531,0.0,-0.043359375000000006,0.9703050055745064,-0.2916356935693144,5.0,-3.0060845103191713
1757309185.7105544,-0.249837264418602,1.2853715419769287,3.9033615589141846,287.31,5.044467217782899,0.02734375,1.3986788117342646,0.3638999135787226,0.0,-0.041015625,0.9720867617982913,-0.28646891520472345,5.0,-3.0090754035676968
1757309185.8494341,-0.249837264418602,1.2853715419769287,3.9033615589141846,287.31,5.041458598904908,0.026953125,1.3987105746075215,0.367719473192409,0.0,-0.040429687500000006,0.9738522329465265,-0.2812989436738005,5.0,-3.0120683118952973
1757309185.9984088,-0.249837264418602,1.2853715419769287,3.9033615589141846,287.31,5.037942973904908,0.0234375,1.3985459543664607,0.3722507940616574,0.0,-0.03515625,0.9756001272901619,-0.2761209910523221,5.0,-3.015067826926047
1757309186.1458766,-0.16949695348739624,1.3084144592285156,3.5545918941497803,287.93,5.039114848904908,0.024609375000000003,1.4115652749972263,0.36634725221908454,0.0,-0.036914062500000004,0.9774185932307703,-0.2707547377922363,5.0,-3.0482852093292427
1757309186.287213,-0.16845408082008362,1.3091319799423218,3.5293562412261963,287.93,5.043395053735692,0.023828125000000002,1.4143498069800362,0.3598796350958007,0.0,-0.0357421875,0.9792413605526539,-0.2654505891172798,5.0,-3.0515351958698105
1757309186.4375782,-0.16845408082008362,1.3091319799423218,3.5293562412261963,287.93,5.047201515267273,0.021875000000000002,1.4169019217882146,0.35407849021536614,0.0,-0.0328125,0.9810650884732245,-0.26020865020320094,5.0,-3.054691712350373
1757309186.5889251,-0.16845408082008362,1.3091319799423218,3.5293562412261963,287.93,5.049545265267273,0.02421875,1.4189014144919985,0.350345292771609,0.0,-0.036328125,0.9828857042439285,-0.2550149120104393,5.0,-3.0578005251064635
1757309186.7375796,-0.16845408082008362,1.3091319799423218,3.5293562412261963,287.93,5.053451515267273,0.028125,1.421407895253608,0.34439231295811873,0.0,-0.0421875,0.9847068971685926,-0.24988382005668483,5.0,-3.0608479931159747
1757309186.8952863,-0.18774649500846863,1.3255695104599,3.1148791313171387,287.99,5.057748390267273,0.032421875,1.4147065584653982,0.34122021818099846,0.0,-0.048632812500000004,0.9865443164022445,-0.2447767343470899,5.0,-3.039146553578507
1757309187.0395803,-0.18774649500846863,1.3255695104599,3.1148791313171387,287.99,5.068627660948456,0.037890625000000004,1.4194116590732744,0.3254087095717426,0.0,-0.0568359375,0.9883965649023623,-0.23979910624917308,5.0,-3.0420185385060234
1757309187.1963873,-0.18774649500846863,1.3255695104599,3.1148791313171387,287.99,5.05762371281847,0.03125,1.4168538029065687,0.34060906384498474,0.0,-0.046875,0.9902155224406789,-0.23474135511650712,5.0,-3.0449643195612355
1757309187.3488615,-0.18774649500846863,1.3255695104599,3.1148791313171387,287.99,5.05840496281847,0.032031250000000004,1.4182159089806698,0.33910675510219174,0.0,-0.048046875,0.9920271476445711,-0.2297163234426114,5.0,-3.0478781100974635
1757309187.4912982,-0.18774649500846863,1.3255695104599,3.1148791313171387,287.99,5.05645183781847,0.030078125,1.4186453213222017,0.34148390737833095,0.0,-0.0451171875,0.9938253359320371,-0.22469786295119057,5.0,-3.0507845371188385
1757309187.6424906,-0.21535368263721466,1.3304426670074463,2.817979574203491,287.97,5.056061212818469,0.029687500000000002,1.411780758140929,0.3444469120675441,0.0,-0.04453125,0.9956057168533605,-0.21972298107296895,5.0,-3.0329117448108365
1757309187.7990675,-0.21535368263721466,1.3304426670074463,2.817979574203491,287.97,5.04962008723968,0.026562500000000003,1.4106134232709098,0.3531542897301049,0.0,-0.039843750000000004,0.9973629548844481,-0.21471124413300502,5.0,-3.0357743887133326
1757309187.9383078,-0.21535368263721466,1.3304426670074463,2.817979574203491,287.97,5.058055896968072,0.032031250000000004,1.4145823291807533,0.34086767148480623,0.0,-0.048046875,0.9991296857060863,-0.20980537244070435,5.0,-3.038537822183063
1757309188.097904,-0.21535368263721466,1.3304426670074463,2.817979574203491,287.97,5.060399646968071,0.034375,1.4163997975764133,0.3371803924550554,0.0,-0.051562500000000004,1.0008923616968797,-0.2049465137183465,5.0,-3.0412569396043407
1757309188.259014,-0.23742064833641052,1.330848217010498,2.7083239555358887,288.13,5.068212146968071,0.0421875,1.4146705990664943,0.3277101465743816,0.0,-0.06328125000000001,1.0026484746859123,-0.2002212286887413,5.0,-3.0297347697766353
1757309188.4070082,-0.2610558867454529,1.3248867988586426,2.432307004928589,287.08,5.0827317200980575,0.05234375,1.4162876386223346,0.3082975351878685,0.0,-0.078515625,1.0043936020432924,-0.19572646093607166,5.0,-3.0217110689944193
1757309188.5381944,-0.2610558867454529,1.3248867988586426,2.432307004928589,287.08,5.079282698259295,0.060937500000000006,1.4160938616634597,0.31284310039200985,0.0,-0.09140625000000001,1.0061252602850201,-0.1912203826590402,5.0,-3.024062489540988
1757309188.6905732,-0.2610558867454529,1.3248867988586426,2.432307004928589,287.08,5.067913091625321,0.057421875000000004,1.4133554899880698,0.32858508622301447,0.0,-0.0861328125,1.0078312325214018,-0.18662580716844634,5.0,-3.026489199517738
1757309188.8441482,-0.2610558867454529,1.3248867988586426,2.432307004928589,287.08,5.059709966625321,0.049218750000000006,1.4115435210087794,0.3398308226306834,0.0,-0.07382812500000001,1.009515012902533,-0.18197442197456642,5.0,-3.0289644473314943
1757309188.9857774,-0.27209267020225525,1.3186662197113037,2.1169393062591553,287.48,5.051116216625322,0.040625,1.408600432004981,0.3519382124075587,0.0,-0.060937500000000006,1.0111590195438804,-0.17730799850418236,5.0,-3.0290424254181048
1757309189.140648,-0.27209267020225525,1.3186662197113037,2.1169393062591553,287.48,5.022874990534566,0.026171875,1.399128834789208,0.3912433625704614,0.0,-0.0392578125,1.012736096177452,-0.17239289662906443,5.0,-3.0317413159499282
1757309189.288569,-0.27209267020225525,1.3186662197113037,2.1169393062591553,287.48,5.036222533633299,0.018750000000000003,1.4051968150977512,0.37220834308808465,0.0,-0.028125000000000004,1.014334623355804,-0.1676304056617971,5.0,-3.0343009283701177
1757309189.4464884,-0.27209267020225525,1.3186662197113037,2.1169393062591553,287.48,5.030363158633299,0.012890625000000001,1.403975067300035,0.380111845736507,0.0,-0.0193359375,1.0159128405908207,-0.16283547130100542,5.0,-3.0368888324127785
1757309189.5877821,-0.27209267020225525,1.3186662197113037,2.1169393062591553,287.48,5.029191283633299,0.01171875,1.4045076173976063,0.38143592198571036,0.0,-0.017578125,1.0174806523220965,-0.1580532871942615,5.0,-3.0394643955689276
1757309189.738517,-0.2682676613330841,1.3355046510696411,1.7549599409103394,289.0,5.029972533633299,0.0125,1.4019189626590216,0.38128726365937243,0.0,-0.018750000000000003,1.0190691265848932,-0.15322083433397618,5.0,-3.031869014415653
1757309189.891335,-0.2682676613330841,1.3355046510696411,1.7549599409103394,289.0,5.029972533633299,0.0125,1.402906370995929,0.3809626929340295,0.0,-0.018750000000000003,1.020649658476376,-0.1484125437379923,5.0,-3.034467477157766
1757309190.049245,-0.2682676613330841,1.3355046510696411,1.7549599409103394,289.0,5.029972533633299,0.0125,1.4038852175226484,0.38064093655898024,0.0,-0.018750000000000003,1.0222222877084015,-0.1436282945949883,5.0,-3.0370434086491827
1757309190.1852014,-0.2682676613330841,1.3355046510696411,1.7549599409103394,289.0,5.090876538263612,0.046875,1.4252118017782383,0.29418309185851155,0.0,-0.0703125,1.0238806559578122,-0.13945797820525807,5.0,-3.0390915290011065
1757309190.3398445,-0.2682676613330841,1.3355046510696411,1.7549599409103394,289.0,5.090876538263612,0.046875,1.4259662577320433,0.2938830748616116,0.0,-0.0703125,1.0255307323659757,-0.13530851339747652,5.0,-3.041121328844473
1757309190.4892435,-0.2541075348854065,1.3044767379760742,1.3775501251220703,285.17,5.116657788263612,0.07265625,1.445707174579909,0.2516189135708449,0.0,-0.10898437500000001,1.0271442070374914,-0.1315372520363069,5.0,-3.0754890996173234
1757309190.6417036,-0.2541075348854065,1.3044767379760742,1.3775501251220703,285.17,5.116657788263612,0.07265625,1.4463425011448021,0.25134709912405256,0.0,-0.10898437500000001,1.0287496143356496,-0.12778484698194312,5.0,-3.0772166754795207
1757309190.7858708,-0.2541075348854065,1.3044767379760742,1.3775501251220703,285.17,5.116657788263612,0.07265625,1.4469720531415435,0.2510777552351343,0.0,-0.10898437500000001,1.030346994597317,-0.12405120395285116,5.0,-3.0789285491735674
1757309190.9357588,-0.2541075348854065,1.3044767379760742,1.3775501251220703,285.17,5.116657788263612,0.07265625,1.4475958784753629,0.25081086140859377,0.0,-0.10898437500000001,1.031936387957676,-0.12033622913890465,5.0,-3.0806248509630496
1757309191.0920582,-0.23649723827838898,1.2894610166549683,1.2508329153060913,284.7,5.116657788263612,0.07265625,1.4566485431918772,0.2469378216399341,0.0,-0.10898437500000001,1.0335043064584437,-0.11667144867237662,5.0,-3.105240797968909
1757309191.2559273,-0.2283562570810318,1.2778384685516357,1.0607181787490845,286.1,5.116657788263612,0.07265625,1.46242936880387,0.2444645866100218,0.0,-0.10898437500000001,1.0350496674572893,-0.11305939307157183,5.0,-3.120959981366405
1757309191.3964353,-0.2283562570810318,1.2778384685516357,1.0607181787490845,286.1,5.116657788263612,0.07265625,1.4630262798192089,0.24420920764999687,0.0,-0.10898437500000001,1.0365873016511407,-0.10946539774877105,5.0,-3.1225830979161637
1757309191.5427196,-0.2283562570810318,1.2778384685516357,1.0607181787490845,286.1,5.116657788263612,0.07265625,1.4636177454450767,0.2439561584139413,0.0,-0.10898437500000001,1.0381172476740228,-0.10588937240258428,5.0,-3.124191407398298
1757309191.6879148,-0.2283562570810318,1.2778384685516357,1.0607181787490845,286.1,5.116657788263612,0.07265625,1.4642038111832136,0.24370541943465351,0.0,-0.10898437500000001,1.0396395439667905,-0.10233122718312845,5.0,-3.1257850335408426
1757309191.8394308,-0.26040685176849365,1.2580972909927368,0.8670199513435364,285.96,5.116657788263612,0.07265625,1.4619753031144231,0.2446588514511358,0.0,-0.10898437500000001,1.0410937382852363,-0.09893226038085699,5.0,-3.119725288897544
1757309191.986493,-0.26040685176849365,1.2580972909927368,0.8670199513435364,285.96,5.116657788263612,0.07265625,1.4625034899787612,0.24443287503480693,0.0,-0.10898437500000001,1.04254066163209,-0.0955502884125969,5.0,-3.12116153118298
1757309192.136362,-0.26040685176849365,1.2580972909927368,0.8670199513435364,285.96,5.116657788263612,0.07265625,1.4630268062216647,0.24420898243701156,0.0,-0.10898437500000001,1.0439803503622094,-0.09218522630417811,5.0,-3.1225845293062973
1757309192.2858555,-0.26040685176849365,1.2580972909927368,0.8670199513435364,285.96,5.116657788263612,0.07265625,1.463545293414062,0.24398715587228392,0.0,-0.10898437500000001,1.0454128406486782,-0.08883698950630141,5.0,-3.123994396306893
1757309192.4482694,-0.26040685176849365,1.2580972909927368,0.8670199513435364,285.96,5.116657788263612,0.07265625,1.4640589928283856,0.24376737768286505,0.0,-0.10898437500000001,1.0468381684837147,-0.08550549389241409,5.0,-3.125391244412496
1757309192.5925143,-0.23390504717826843,1.2429263591766357,0.8282259106636047,286.05,5.116657788263612,0.07265625,1.4753592109584925,0.23893275764744148,0.0,-0.10898437500000001,1.0482494396758084,-0.08220685362812336,5.0,-3.156118724039342
1757309192.7433953,-0.23390504717826843,1.2429263591766357,0.8282259106636047,286.05,5.116657788263612,0.07265625,1.4758664919522198,0.23871572547800668,0.0,-0.10898437500000001,1.0496536545119417,-0.07892470656515407,5.0,-3.157498119217415
1757309192.8876553,-0.23390504717826843,1.2429263591766357,0.8282259106636047,286.05,5.116657788263612,0.07265625,1.4763690872097113,0.23850069802689022,0.0,-0.10898437500000001,1.0510508482738943,-0.07565897023749964,5.0,-3.158864772971998
1757309193.046076,-0.23390504717826843,1.2429263591766357,0.8282259106636047,286.05,5.116657788263612,0.07265625,1.47686703685712,0.23828765812675057,0.0,-0.10898437500000001,1.052441056067037,-0.07240956259148348,5.0,-3.1602187944138658
1757309193.1949744,-0.23390504717826843,1.2429263591766357,0.8282259106636047,286.05,5.116657788263612,0.07265625,1.4773603807303415,0.23807658873442833,0.0,-0.10898437500000001,1.0538243128212141,-0.0691764019836974,5.0,-3.161560291864526
1757309193.3345041,-0.20779207348823547,1.2380937337875366,0.8045396208763123,286.15,5.116657788263612,0.07265625,1.4858346765653165,0.23445099496639998,0.0,-0.10898437500000001,1.055212116161517,-0.06593261439497121,5.0,-3.1846035419702297
1757309193.4920647,-0.20779207348823547,1.2380937337875366,0.8045396208763123,286.15,5.116657788263612,0.07265625,1.4863329234313627,0.2342378279059557,0.0,-0.10898437500000001,1.0565929804851184,-0.06270504574418866,5.0,-3.1859583716070827
1757309193.6510913,-0.20779207348823547,1.2380937337875366,0.8045396208763123,286.15,5.116657788263612,0.07265625,1.4868265671260916,0.23402663023973203,0.0,-0.10898437500000001,1.0579669404871017,-0.059493614936660014,5.0,-3.1873006843304355
1757309193.8005018,-0.20779207348823547,1.2380937337875366,0.8045396208763123,286.15,5.116657788263612,0.07265625,1.487315647083533,0.23381738509650152,0.0,-0.10898437500000001,1.0593340306890753,-0.056298241283169015,5.0,-3.188630587369045
1757309193.9332938,-0.18965134024620056,1.24424147605896,0.8031680583953857,286.3,5.116657788263612,0.07265625,1.4908414790009352,0.23230891354018768,0.0,-0.10898437500000001,1.060719435570905,-0.05306005974077599,5.0,-3.1982180065818664
1757309194.0944283,-0.18483677506446838,1.2452490329742432,0.80018550157547,286.3,5.116657788263612,0.07265625,1.4923066860504728,0.23168204782165214,0.0,-0.10898437500000001,1.062103459873086,-0.04982510510164803,5.0,-3.2022021880591978
1757309194.2391005,-0.18483677506446838,1.2452490329742432,0.80018550157547,286.3,5.116657788263612,0.07265625,1.4928070765762347,0.23146796363022049,0.0,-0.10898437500000001,1.0634805640537561,-0.046606325235715715,5.0,-3.2035628467216046
1757309194.3968139,-0.18483677506446838,1.2452490329742432,0.80018550157547,286.3,5.116657788263612,0.07265625,1.4933028493408953,0.23125585507501834,0.0,-0.10898437500000001,1.064850782713523,-0.04340363926911306,5.0,-3.204910948798065
1757309194.5352752,-0.18483677506446838,1.2452490329742432,0.80018550157547,286.3,5.116657788263612,0.07265625,1.4937940438155133,0.23104570526897605,0.0,-0.10898437500000001,1.066214150279991,-0.040216966732343415,5.0,-3.2062466016180258
1757309194.6827734,-0.155410498380661,1.2487859725952148,0.7925035953521729,286.4,5.116657788263612,0.07265625,1.5008649344145912,0.2280205362886082,0.0,-0.10898437500000001,1.0675998608830084,-0.0369780706113313,5.0,-3.2254737213360025
1757309194.8415933,-0.15230421721935272,1.2491161823272705,0.7897939085960388,286.4,5.116657788263612,0.07265625,1.5020745796946173,0.22750300864097917,0.0,-0.10898437500000001,1.0689816430599945,-0.03374835661233447,5.0,-3.2287629809122125
1757309194.990698,-0.15230421721935272,1.2491161823272705,0.7897939085960388,286.4,5.063466727711759,0.06484375,1.4885061513006699,0.30680194574229136,0.0,-0.09726562500000001,1.0703308032723708,-0.030064646027091746,5.0,-3.2304972492357775
1757309195.1482232,-0.15230421721935272,1.2491161823272705,0.7897939085960388,286.4,5.063466727711759,0.06484375,1.4891516761614967,0.30656552204988285,0.0,-0.09726562500000001,1.0716732176836852,-0.02639935399477524,5.0,-3.2322158942476213
1757309195.2965488,-0.15230421721935272,1.2491161823272705,0.7897939085960388,286.4,5.063466727711759,0.06484375,1.489791380729986,0.3063312300414555,0.0,-0.09726562500000001,1.073008920022943,-0.022752388422620312,5.0,-3.2339190433165506
1757309195.4409912,-0.13155758380889893,1.2630136013031006,0.7489365339279175,286.55,5.05487297771176,0.05625,1.4893858422960018,0.3183090533938251,0.0,-0.084375,1.0743632567802122,-0.01895377133308268,5.0,-3.2399757336130657
1757309195.5844734,-0.13155758380889893,1.2630136013031006,0.7489365339279175,286.55,5.05487297771176,0.05625,1.4900738466878356,0.3180637563251657,0.0,-0.084375,1.075710821853695,-0.015174147328992737,5.0,-3.2418017961377954
1757309195.7332003,-0.13155758380889893,1.2630136013031006,0.7489365339279175,286.55,5.05487297771176,0.05625,1.4907556928652288,0.3178206548703255,0.0,-0.084375,1.0770516491018105,-0.01141342144492324,5.0,-3.2436115138764414
1757309195.8997269,-0.13155758380889893,1.2630136013031006,0.7489365339279175,286.55,5.05487297771176,0.05625,1.4914314304062044,0.3175797313530459,0.0,-0.084375,1.0783857722136854,-0.0076714991902740925,5.0,-3.245405018416201
1757309196.0462596,-0.13155758380889893,1.2630136013031006,0.7489365339279175,286.55,5.05487297771176,0.05625,1.4921011085768237,0.3173409682082929,0.0,-0.084375,1.079713224710001,-0.003948286546898191,5.0,-3.2471824405162804
1757309196.1936154,-0.12454582750797272,1.273990511894226,0.738375723361969,286.65,5.05487297771176,0.05625,1.4916041940458646,0.31751813521371514,0.0,-0.084375,1.0810553551930817,-0.00018390537503978248,5.0,-3.2458635579426396
1757309196.3461683,-0.12454582750797272,1.273990511894226,0.738375723361969,286.65,5.05487297771176,0.05625,1.49228211660666,0.31727643266222705,0.0,-0.084375,1.0823907750237471,0.003561653890959334,5.0,-3.2476628618389967
1757309196.520341,-0.12454582750797272,1.273990511894226,0.738375723361969,286.65,5.05487297771176,0.05625,1.492953963299873,0.3170368963650904,0.0,-0.084375,1.0837195177552592,0.007288485360628455,5.0,-3.2494460395096643
1757309196.6432865,-0.12454582750797272,1.273990511894226,0.738375723361969,286.65,5.05487297771176,0.05625,1.493619783164805,0.3167995088381187,0.0,-0.084375,1.0850416167731138,0.01099668267294923,5.0,-3.251213221111998
1757309196.7849994,-0.11382831633090973,1.2949224710464478,0.7357186079025269,286.77,5.05487297771176,0.05625,1.491360692521481,0.3176049518254321,0.0,-0.084375,1.0863962553363473,0.014796146261916807,5.0,-3.2452172699048463
1757309196.9397085,-0.10960926115512848,1.3052022457122803,0.7293466329574585,286.77,5.05487297771176,0.05625,1.4903192751351346,0.31797625269960356,0.0,-0.084375,1.0877627585424137,0.01862888756765944,5.0,-3.2424531985059124
1757309197.0887742,-0.10960926115512848,1.3052022457122803,0.7293466329574585,286.77,5.05487297771176,0.05625,1.4910206911288426,0.3177261739367212,0.0,-0.084375,1.0891224292324497,0.02244246516687336,5.0,-3.2443148573493135
1757309197.2409616,-0.10960926115512848,1.3052022457122803,0.7293466329574585,286.77,5.05487297771176,0.05625,1.4917158439306342,0.31747832821571453,0.0,-0.084375,1.0904753015690356,0.02623697487809121,5.0,-3.2461598927813236
1757309197.3955066,-0.10960926115512848,1.3052022457122803,0.7293466329574585,286.77,5.05487297771176,0.05625,1.492404783728036,0.31723269764301565,0.0,-0.084375,1.0918214095439385,0.03001251204075297,5.0,-3.247988438006852
1757309197.5343993,-0.08555762469768524,1.346501111984253,0.7125508785247803,286.9,5.05487297771176,0.05625,1.4878290260885907,0.3188641115542848,0.0,-0.084375,1.0932396688752894,0.03399041790836617,5.0,-3.2358437196782885
1757309197.7016857,-0.08555762469768524,1.346501111984253,0.7125508785247803,286.9,5.05487297771176,0.05625,1.4885817772170542,0.3185957300621986,0.0,-0.084375,1.0946508369099837,0.0379484342466413,5.0,-3.2378416293463816
1757309197.841206,-0.08555762469768524,1.346501111984253,0.7125508785247803,286.9,5.05487297771176,0.05625,1.4893278613292353,0.3183297255891696,0.0,-0.084375,1.0960549491045044,0.04188666050322506,5.0,-3.239821843795186
1757309197.9867184,-0.08555762469768524,1.346501111984253,0.7125508785247803,286.9,5.05487297771176,0.05625,1.4900673310084023,0.3180660793874663,0.0,-0.084375,1.0974520407380524,0.0458051956285259,5.0,-3.241784502588252
1757309198.1484797,-0.08555762469768524,1.346501111984253,0.7125508785247803,286.9,5.05487297771176,0.05625,1.4908002385222334,0.3178047728218758,0.0,-0.084375,1.0988421469134326,0.04970413807820023,5.0,-3.2437297444515085
1757309198.2917995,-0.05762866139411926,1.3884800672531128,0.6859422326087952,286.99,5.05487297771176,0.05625,1.486772462695298,0.31924081249733655,0.0,-0.084375,1.100307446528438,0.05381398160786602,5.0,-3.233039448600381
1757309198.4402957,-0.05762866139411926,1.3884800672531128,0.6859422326087952,286.99,5.05487297771176,0.05625,1.4875747297500148,0.31895477688602375,0.0,-0.084375,1.1017654196453681,0.05790327591988347,5.0,-3.2351687806523737
1757309198.5852482,-0.05762866139411926,1.3884800672531128,0.6859422326087952,286.99,5.05487297771176,0.05625,1.488369948860821,0.31867125410748043,0.0,-0.084375,1.1032161028967136,0.061972123760340836,5.0,-3.237279406448412
1757309198.7421625,-0.05762866139411926,1.3884800672531128,0.6859422326087952,286.99,5.05487297771176,0.05625,1.4891581747455702,0.31839022465292255,0.0,-0.084375,1.1046595327318023,0.06602062736159592,5.0,-3.2393714712175425
1757309198.9004166,-0.04077497124671936,1.41326904296875,0.6655082106590271,287.01,5.05487297771176,0.05625,1.4870766030757918,0.3191323760619277,0.0,-0.084375,1.1061444559970235,0.07018551091928255,5.0,-3.233846680876321
1757309199.0512989,-0.028846073895692825,1.4241251945495605,0.6546697020530701,287.1,5.05487297771176,0.05625,1.4877079642043907,0.31890727425160637,0.0,-0.084375,1.1076458516847285,0.07439659600344858,5.0,-3.2355224040405766
1757309199.1986957,-0.028846073895692825,1.4241251945495605,0.6546697020530701,287.1,5.05487297771176,0.05625,1.4885514561949815,0.31860654054236626,0.0,-0.084375,1.109139740393995,0.0785866256621938,5.0,-3.237761152996556
1757309199.342099,-0.028846073895692825,1.4241251945495605,0.6546697020530701,287.1,5.05487297771176,0.05625,1.489387591275607,0.31830842982284885,0.0,-0.084375,1.1106261596597153,0.08275570517264527,5.0,-3.2399803756562724
1757309199.4855964,-0.028846073895692825,1.4241251945495605,0.6546697020530701,287.1,5.05487297771176,0.05625,1.4902164257746953,0.3180129220100451,0.0,-0.084375,1.112105146829107,0.08690393928554449,5.0,-3.2421802215234683
1757309199.6364899,0.00178484246134758,1.4605070352554321,0.6122375130653381,287.23,5.05487297771176,0.05625,1.4879476814697215,0.3188218068575161,0.0,-0.084375,1.1136515541577459,0.09124127213457511,5.0,-3.236158648111031
1757309199.788717,0.00178484246134758,1.4605070352554321,0.6122375130653381,287.23,5.05487297771176,0.05625,1.4888428649565975,0.3185026433640132,0.0,-0.084375,1.1151902294497416,0.09555691831936058,5.0,-3.2385345937264134
1757309199.9383552,0.00178484246134758,1.4605070352554321,0.6122375130653381,287.23,5.05487297771176,0.05625,1.4897303100378494,0.3181862388764675,0.0,-0.084375,1.1167212113652771,0.09985098627322213,5.0,-3.2408900005012313
1757309200.0878444,0.00178484246134758,1.4605070352554321,0.6122375130653381,287.23,5.05487297771176,0.05625,1.4906100749568916,0.3178725726291122,0.0,-0.084375,1.1182445383712352,0.10412358388731437,5.0,-3.2432250230218767
1757309200.2392821,0.00178484246134758,1.4605070352554321,0.6122375130653381,287.23,5.05487297771176,0.05625,1.4914822176436247,0.3175616239679589,0.0,-0.084375,1.1197602487421634,0.10837481851333615,5.0,-3.24553981504263
1757309200.3861847,0.02433858998119831,1.4946637153625488,0.5682806372642517,287.32,5.05487297771176,0.05625,1.487751774930438,0.3188916542311489,0.0,-0.084375,1.1213351215668388,0.11279199082557735,5.0,-3.235638684003271
1757309200.5428162,0.02433858998119831,1.4946637153625488,0.5682806372642517,287.32,5.05487297771176,0.05625,1.4886799671818147,0.31856072198548663,0.0,-0.084375,1.1229021200273908,0.11718707727625734,5.0,-3.2381022396231205
1757309200.6887047,0.02433858998119831,1.4946637153625488,0.5682806372642517,287.32,5.05487297771176,0.05625,1.4896001809700439,0.31823263433448923,0.0,-0.084375,1.12446128349564,0.12156018829468393,5.0,-3.240544619255242
1757309200.8359878,0.02433858998119831,1.4946637153625488,0.5682806372642517,287.32,5.05487297771176,0.05625,1.4905124756996482,0.31790737009841524,0.0,-0.084375,1.126012651146548,0.1259114337580184,5.0,-3.2429659805677744
