timestamp,x,y,z,compass_hdg,bearing,yaw_error,vel_x,vel_y,vel_z,yaw_rate,estimated_state_x,estimated_state_y,desired_radius,distance_error
1757308764.2845292,0.0,0.0,0.0,0.0,0.0,0.0,0.0,0.0,0.0,0.0,0.0,0.0,4.0,0.0
1757308764.3248525,0.0,0.0,0.0,0.0,0.0,0.0,0.0,0.0,0.0,0.0,0.0,0.0,4.0,0.0
1757308764.4746516,0.5372536182403564,0.257961630821228,0.463634729385376,297.34,0.0,0.0,0.0,0.0,0.0,0.0,0.0,0.0,4.0,0.0
1757308764.6258276,0.5372536182403564,0.257961630821228,0.463634729385376,297.34,0.0,0.0,0.0,0.0,0.0,0.0,0.0,0.0,4.0,0.0
1757308764.7758603,0.5372536182403564,0.257961630821228,0.463634729385376,297.34,0.0,0.0,0.0,0.0,0.0,0.0,0.0,0.0,4.0,0.0
1757308764.9245036,0.5372536182403564,0.257961630821228,0.463634729385376,297.34,0.0,0.0,0.0,0.0,0.0,0.0,0.0,0.0,4.0,0.0
1757308765.0752046,0.5372536182403564,0.257961630821228,0.463634729385376,297.34,0.0,0.0,0.0,0.0,0.0,0.0,0.0,0.0,4.0,0.0
1757308765.2244513,0.5328640937805176,0.2619282305240631,0.46393445134162903,297.34,0.0,0.0,0.0,0.0,0.0,0.0,0.0,0.0,4.0,0.0
1757308765.3744516,0.5328640937805176,0.2619282305240631,0.46393445134162903,297.34,0.0,0.0,0.0,0.0,0.0,0.0,0.0,0.0,4.0,0.0
1757308765.524884,0.5328640937805176,0.2619282305240631,0.46393445134162903,297.34,0.0,0.0,0.0,0.0,0.0,0.0,0.0,0.0,4.0,0.0
1757308765.6744077,0.5328640937805176,0.2619282305240631,0.46393445134162903,297.34,0.0,0.0,0.0,0.0,0.0,0.0,0.0,0.0,4.0,0.0
1757308765.8243906,0.5318480730056763,0.26511844992637634,0.4817273020744324,297.33,0.0,0.0,0.0,0.0,0.0,0.0,0.0,0.0,4.0,0.0
1757308766.0417361,0.5318480730056763,0.26511844992637634,0.4817273020744324,297.33,0.0,0.0,0.0,0.0,0.0,0.0,0.0,0.0,4.0,0.0
1757308766.1250043,0.5318480730056763,0.26511844992637634,0.4817273020744324,297.33,0.0,0.0,0.0,0.0,0.0,0.0,0.0,0.0,4.0,0.0
1757308766.274323,0.5318480730056763,0.26511844992637634,0.4817273020744324,297.33,0.0,0.0,0.0,0.0,0.0,0.0,0.0,0.0,4.0,0.0
1757308766.4243987,0.5318480730056763,0.26511844992637634,0.4817273020744324,297.33,0.0,0.0,0.0,0.0,0.0,0.0,0.0,0.0,4.0,0.0
1757308766.5753794,0.5339460372924805,0.26351118087768555,0.4911581575870514,297.33,0.0,0.0,0.0,0.0,0.0,0.0,0.0,0.0,4.0,0.0
1757308766.7245839,0.5356048345565796,0.26410722732543945,0.49371376633644104,297.33,0.0,0.0,0.0,0.0,0.0,0.0,-4.79465694050965,3.0187958502495995,4.0,0.0
1757308766.8745441,0.5354413390159607,0.2637433707714081,0.49918755888938904,297.33,0.0,0.0,0.0,0.0,0.0,0.0,-4.79465694050965,3.0187958502495995,4.0,0.0
1757308767.0246491,0.5354413390159607,0.2637433707714081,0.49918755888938904,297.33,0.0,0.0,0.0,0.0,0.0,0.0,-4.79465694050965,3.0187958502495995,4.0,0.0
1757308767.1742997,0.5354413390159607,0.2637433707714081,0.49918755888938904,297.33,0.0,0.0,0.0,0.0,0.0,0.0,-4.79465694050965,3.0187958502495995,4.0,0.0
1757308767.3243616,0.5354413390159607,0.2637433707714081,0.49918755888938904,297.33,0.0,0.0,0.0,0.0,0.0,0.0,-4.79465694050965,3.0187958502495995,4.0,0.0
1757308767.4758801,0.5354413390159607,0.2637433707714081,0.49918755888938904,297.33,0.0,0.0,0.0,0.0,0.0,0.0,-4.79465694050965,3.0187958502495995,4.0,0.0
1757308767.6243296,0.5396015048027039,0.2664426267147064,0.48468008637428284,297.32,0.0,0.0,0.0,0.0,0.0,0.0,-4.79465694050965,3.0187958502495995,4.0,0.0
1757308767.7743425,0.5396015048027039,0.2664426267147064,0.48468008637428284,297.32,0.0,0.0,0.0,0.0,0.0,0.0,-4.79465694050965,3.0187958502495995,4.0,0.0
1757308767.9244392,0.5396015048027039,0.2664426267147064,0.48468008637428284,297.32,0.0,0.0,0.0,0.0,0.0,0.0,-4.79465694050965,3.0187958502495995,4.0,0.0
1757308768.0743024,0.5396015048027039,0.2664426267147064,0.48468008637428284,297.32,0.0,0.0,0.0,0.0,0.0,0.0,-4.79465694050965,3.0187958502495995,4.0,0.0
1757308768.2240856,0.5448607802391052,0.2750498056411743,0.4679182171821594,297.31,0.0,0.0,0.0,0.0,0.0,0.0,-4.79465694050965,3.0187958502495995,4.0,0.0
1757308768.375262,0.5491014719009399,0.2771390378475189,0.45519015192985535,297.31,0.0,0.0,0.0,0.0,0.0,0.0,-4.79465694050965,3.0187958502495995,4.0,0.0
1757308768.524297,0.5491014719009399,0.2771390378475189,0.45519015192985535,297.31,0.0,0.0,0.0,0.0,0.0,0.0,-4.79465694050965,3.0187958502495995,4.0,0.0
1757308768.674489,0.5491014719009399,0.2771390378475189,0.45519015192985535,297.31,0.0,0.0,0.0,0.0,0.0,0.0,-4.79465694050965,3.0187958502495995,4.0,0.0
1757308768.824452,0.5491014719009399,0.2771390378475189,0.45519015192985535,297.31,0.0,0.0,0.0,0.0,0.0,0.0,-4.79465694050965,3.0187958502495995,4.0,0.0
1757308768.974053,0.5733199119567871,0.29629281163215637,0.44848114252090454,297.31,0.0,0.0,0.0,0.0,0.0,0.0,-4.79465694050965,3.0187958502495995,4.0,0.0
1757308769.1243687,0.5733199119567871,0.29629281163215637,0.44848114252090454,297.31,0.0,0.0,0.0,0.0,0.0,0.0,-4.79465694050965,3.0187958502495995,4.0,0.0
1757308769.2744305,0.5733199119567871,0.29629281163215637,0.44848114252090454,297.31,0.0,0.0,0.0,0.0,0.0,0.0,-4.79465694050965,3.0187958502495995,4.0,0.0
1757308769.4260767,0.5733199119567871,0.29629281163215637,0.44848114252090454,297.31,0.0,0.0,0.0,0.0,0.0,0.0,-4.79465694050965,3.0187958502495995,4.0,0.0
1757308769.574302,0.5733199119567871,0.29629281163215637,0.44848114252090454,297.31,0.0,0.0,0.0,0.0,0.0,0.0,-4.79465694050965,3.0187958502495995,4.0,0.0
1757308769.7244585,0.6028121709823608,0.319278746843338,0.466239333152771,297.3,0.0,0.0,0.0,0.0,0.0,0.0,-4.79465694050965,3.0187958502495995,4.0,0.0
1757308769.8743446,0.6028121709823608,0.319278746843338,0.466239333152771,297.3,0.0,0.0,0.0,0.0,0.0,0.0,-4.79465694050965,3.0187958502495995,4.0,0.0
1757308770.0243025,0.6028121709823608,0.319278746843338,0.466239333152771,297.3,0.0,0.0,0.0,0.0,0.0,0.0,-4.79465694050965,3.0187958502495995,4.0,0.0
1757308770.1748462,0.6028121709823608,0.319278746843338,0.466239333152771,297.3,0.0,0.0,0.0,0.0,0.0,0.0,-4.79465694050965,3.0187958502495995,4.0,0.0
1757308770.3446083,0.6028121709823608,0.319278746843338,0.466239333152771,297.3,0.0,0.0,0.0,0.0,0.0,0.0,-4.79465694050965,3.0187958502495995,4.0,0.0
1757308770.4748514,0.6143450140953064,0.3524855375289917,0.4984535872936249,297.28,0.0,0.0,0.0,0.0,0.0,0.0,-4.79465694050965,3.0187958502495995,4.0,0.0
1757308770.6255195,0.6143450140953064,0.3524855375289917,0.4984535872936249,297.28,0.0,0.0,0.0,0.0,0.0,0.0,-4.79465694050965,3.0187958502495995,4.0,0.0
1757308770.7746208,0.6143450140953064,0.3524855375289917,0.4984535872936249,297.28,0.0,0.0,0.0,0.0,0.0,0.0,-4.79465694050965,3.0187958502495995,4.0,0.0
1757308770.924614,0.6143450140953064,0.3524855375289917,0.4984535872936249,297.28,0.0,0.0,0.0,0.0,0.0,0.0,-4.79465694050965,3.0187958502495995,4.0,0.0
1757308771.0823364,0.6232153177261353,0.361817866563797,0.5054704546928406,297.27,0.0,0.0,0.0,0.0,0.0,0.0,-4.79465694050965,3.0187958502495995,4.0,0.0
1757308771.2245553,0.6379516124725342,0.3768133819103241,0.5113620758056641,297.26,0.0,0.0,0.0,0.0,0.0,0.0,-4.79465694050965,3.0187958502495995,4.0,0.0
1757308771.3745081,0.6379516124725342,0.3768133819103241,0.5113620758056641,297.26,0.0,0.0,0.0,0.0,0.0,0.0,-4.79465694050965,3.0187958502495995,4.0,0.0
1757308771.5250535,0.6379516124725342,0.3768133819103241,0.5113620758056641,297.26,0.0,0.0,0.0,0.0,0.0,0.0,-4.79465694050965,3.0187958502495995,4.0,0.0
1757308771.6743865,0.6379516124725342,0.3768133819103241,0.5113620758056641,297.26,0.0,0.0,0.0,0.0,0.0,0.0,-4.79465694050965,3.0187958502495995,4.0,0.0
1757308771.8249457,0.6656558513641357,0.3960697650909424,0.5525689125061035,297.25,0.0,0.0,0.0,0.0,0.0,0.0,-4.79465694050965,3.0187958502495995,4.0,0.0
1757308771.9761984,0.6656558513641357,0.3960697650909424,0.5525689125061035,297.25,0.0,0.0,0.0,0.0,0.0,0.0,-4.79465694050965,3.0187958502495995,4.0,0.0
1757308772.1243608,0.6656558513641357,0.3960697650909424,0.5525689125061035,297.25,0.0,0.0,0.0,0.0,0.0,0.0,-4.79465694050965,3.0187958502495995,4.0,0.0
1757308772.2744458,0.6656558513641357,0.3960697650909424,0.5525689125061035,297.25,0.0,0.0,0.0,0.0,0.0,0.0,-4.79465694050965,3.0187958502495995,4.0,0.0
1757308772.4303427,0.6656558513641357,0.3960697650909424,0.5525689125061035,297.25,0.0,0.0,0.0,0.0,0.0,0.0,-4.79465694050965,3.0187958502495995,4.0,0.0
1757308772.5742984,0.6848515868186951,0.4002864360809326,0.5684648752212524,297.3,0.0,0.0,0.0,0.0,0.0,0.0,-4.79465694050965,3.0187958502495995,4.0,0.0
1757308772.7243927,0.6848515868186951,0.4002864360809326,0.5684648752212524,297.3,0.0,0.0,0.0,0.0,0.0,0.0,-4.79465694050965,3.0187958502495995,4.0,0.0
1757308772.874397,0.6848515868186951,0.4002864360809326,0.5684648752212524,297.3,0.0,0.0,0.0,0.0,0.0,0.0,-4.79465694050965,3.0187958502495995,4.0,0.0
1757308773.0243423,0.6848515868186951,0.4002864360809326,0.5684648752212524,297.3,0.0,0.0,0.0,0.0,0.0,0.0,-4.79465694050965,3.0187958502495995,4.0,0.0
1757308773.1742778,0.6848515868186951,0.4002864360809326,0.5684648752212524,297.3,0.0,0.0,0.0,0.0,0.0,0.0,-4.79465694050965,3.0187958502495995,4.0,0.0
1757308773.3244913,0.7260582447052002,0.32088449597358704,0.7490864992141724,307.09,0.0,0.0,0.0,0.0,0.0,0.0,-4.79465694050965,3.0187958502495995,4.0,0.0
1757308773.4743183,0.7260582447052002,0.32088449597358704,0.7490864992141724,307.09,0.0,0.0,0.0,0.0,0.0,0.0,-4.79465694050965,3.0187958502495995,4.0,0.0
1757308773.6244292,0.7260582447052002,0.32088449597358704,0.7490864992141724,307.09,0.0,0.0,0.0,0.0,0.0,0.0,-4.79465694050965,3.0187958502495995,4.0,0.0
1757308773.774341,0.7260582447052002,0.32088449597358704,0.7490864992141724,307.09,0.0,0.0,0.0,0.0,0.0,0.0,-4.79465694050965,3.0187958502495995,4.0,0.0
1757308773.9242458,0.7156597375869751,0.19261214137077332,1.4493705034255981,326.93,0.0,0.0,0.0,0.0,0.0,0.0,-4.79465694050965,3.0187958502495995,4.0,0.0
1757308774.074838,0.7156597375869751,0.19261214137077332,1.4493705034255981,326.93,0.0,0.0,0.0,0.0,0.0,0.0,-4.79465694050965,3.0187958502495995,4.0,0.0
1757308774.2261682,0.7156597375869751,0.19261214137077332,1.4493705034255981,326.93,5.272905927888573,0.032031250000000004,0.0,0.0,0.0,0.0,-4.79465694050965,3.0187958502495995,4.0,0.0
1757308774.37461,0.7156597375869751,0.19261214137077332,1.4493705034255981,326.93,5.272905927888573,0.032031250000000004,0.0,0.0,0.0,0.0,-4.79465694050965,3.0187958502495995,4.0,0.0
1757308774.5287826,0.7156597375869751,0.19261214137077332,1.4493705034255981,326.93,5.272905927888573,0.032031250000000004,0.0,0.0,0.0,0.0,-4.79465694050965,3.0187958502495995,4.0,0.0
1757308774.6753714,0.6957864165306091,0.18119917809963226,2.5211687088012695,338.76,5.272905927888573,0.032031250000000004,0.0,0.0,0.0,0.0,-4.79465694050965,3.0187958502495995,4.0,0.0
1757308774.8245006,0.6957864165306091,0.18119917809963226,2.5211687088012695,338.76,5.272905927888573,0.032031250000000004,0.0,0.0,0.0,0.0,-4.79465694050965,3.0187958502495995,4.0,0.0
1757308774.975972,0.6957864165306091,0.18119917809963226,2.5211687088012695,338.76,5.272905927888573,0.032031250000000004,0.0,0.0,0.0,0.0,-4.79465694050965,3.0187958502495995,4.0,0.0
1757308775.1256022,0.6957864165306091,0.18119917809963226,2.5211687088012695,338.76,5.272905927888573,0.032031250000000004,0.0,0.0,0.0,0.0,-4.79465694050965,3.0187958502495995,4.0,0.0
1757308775.2765913,0.6957864165306091,0.18119917809963226,2.5211687088012695,338.76,5.272905927888573,0.032031250000000004,0.0,0.0,0.0,0.0,-4.79465694050965,3.0187958502495995,4.0,0.0
1757308775.4260306,0.6761982440948486,0.20388682186603546,3.3263180255889893,340.99,5.272905927888573,0.032031250000000004,0.0,0.0,0.0,0.0,-4.79465694050965,3.0187958502495995,4.0,0.0
1757308775.5762682,0.6761982440948486,0.20388682186603546,3.3263180255889893,340.99,5.272905927888573,0.032031250000000004,0.0,0.0,0.0,0.0,-4.79465694050965,3.0187958502495995,4.0,0.0
1757308775.7246919,0.6761982440948486,0.20388682186603546,3.3263180255889893,340.99,5.272905927888573,0.032031250000000004,0.0,0.0,0.0,0.0,-4.79465694050965,3.0187958502495995,4.0,0.0
1757308775.8746645,0.6761982440948486,0.20388682186603546,3.3263180255889893,340.99,5.272905927888573,0.032031250000000004,0.0,0.0,0.0,0.0,-4.79465694050965,3.0187958502495995,4.0,0.0
1757308776.0271394,0.6761982440948486,0.20388682186603546,3.3263180255889893,340.99,5.576984153875465,-0.37441406250000003,0.0,0.0,0.0,0.0,-4.79465694050965,3.0187958502495995,4.0,0.0
1757308776.1947842,0.5740998387336731,0.16550129652023315,4.145273685455322,336.84,5.574854518763099,-0.36572265625,0.047904687578472716,0.7126381162060917,0.0,0.36572265625,-4.71031873932599,3.09104251837227,4.0,2.0401880060886866
1757308776.339213,0.5740998387336731,0.16550129652023315,4.145273685455322,336.84,5.520617443042699,-0.35834960937500004,0.013727902290957827,0.7094494912009116,0.0,0.35834960937500004,-4.6452404287593145,3.1532151470613523,4.0,2.0139792883405425
1757308776.492334,0.5740998387336731,0.16550129652023315,4.145273685455322,336.84,5.5417111930426985,-0.337255859375,0.033289142744776345,0.7039786654090001,0.0,0.337255859375,-4.577713750412086,3.2150558298876555,4.0,1.9867325069096502
1757308776.6398413,0.5740998387336731,0.16550129652023315,4.145273685455322,336.84,5.591955333667699,-0.28701171875000003,0.07394084557134045,0.6949671496434618,0.0,0.28701171875000003,-4.499695445860011,3.279608644279758,4.0,1.9532397199621458
1757308776.7957442,0.5533381104469299,0.14650799334049225,4.2911577224731445,334.08,5.614025646167699,-0.26494140625,0.09565556298762384,0.6850792307568982,0.0,0.26494140625,-4.420485978858701,3.342254405189157,4.0,1.9119980717351899
1757308776.9573328,0.5554392337799072,0.1691068708896637,4.485635280609131,324.93,5.6320466164093945,-0.2177734375,0.11475954007005962,0.6743540423054881,0.0,0.2177734375,-4.339570493957045,3.403912223882524,4.0,1.8672894854771442
1757308777.0964682,0.5554392337799072,0.1691068708896637,4.485635280609131,324.93,5.593396141109208,-0.19062500000000002,0.09252305524274068,0.6735491513312768,0.0,0.19062500000000002,-4.273333397183436,3.458556617721867,4.0,1.8427326447883186
1757308777.255896,0.5554392337799072,0.1691068708896637,4.485635280609131,324.93,5.496488963505175,-0.174609375,0.02864663194922512,0.6776182624271154,0.0,0.174609375,-4.23516347841686,3.4968257682363184,4.0,1.832974147539577
1757308777.3844464,0.5554392337799072,0.1691068708896637,4.485635280609131,324.93,5.511723338505175,-0.15937500000000002,0.040776393997808524,0.6752416630141314,0.0,0.15937500000000002,-4.1952213636594635,3.53566983237532,4.0,1.8225872501586498
1757308777.5453708,0.6355979442596436,0.6800959706306458,4.513406753540039,310.4,5.519535838505175,-0.15156250000000002,0.08596324294401558,0.6332146854724016,0.0,0.15156250000000002,-4.140521158666894,3.5880410073842457,4.0,1.5917312186942327
1757308777.6905682,0.6355979442596436,0.6800959706306458,4.513406753540039,310.4,5.279220748190398,-0.13828125,-0.06719483586511382,0.6354634780542102,0.0,0.13828125,-4.137529384137288,3.5927413030972777,4.0,1.5916229599132743
1757308777.8390267,0.6355979442596436,0.6800959706306458,4.513406753540039,310.4,5.290939498190398,-0.1265625,-0.05968996224964512,0.6361722649555837,0.0,0.1265625,-4.132844088641102,3.599915249641171,4.0,1.5913669208178547
1757308777.9982944,0.6355979442596436,0.6800959706306458,4.513406753540039,310.4,5.300705123190398,-0.11679687500000001,-0.05338891592977685,0.6366676724671959,0.0,0.11679687500000001,-4.126812465639361,3.6089565407933994,4.0,1.5909549409531545
1757308778.1441784,0.6355979442596436,0.6800959706306458,4.513406753540039,310.4,5.293673873190398,-0.12382812500000001,-0.05781318884720166,0.6362430789359108,0.0,0.12382812500000001,-4.1222216438511285,3.6159440246547607,4.0,1.5907111380689072
1757308778.2925003,0.7053161263465881,1.206169843673706,4.473816394805908,301.62,5.2698542770640735,-0.12460937500000001,-0.03105368224674898,0.6085662072319642,0.0,0.12460937500000001,-4.108757271756076,3.6375414759400155,4.0,1.393224517532074
1757308778.446084,0.7053161263465881,1.206169843673706,4.473816394805908,301.62,5.18155720956675,-0.127734375,-0.08459739476961892,0.6034569906901364,0.0,0.127734375,-4.108576231810058,3.6378986130919224,4.0,1.393223937862694
1757308778.5854084,0.7053161263465881,1.206169843673706,4.473816394805908,301.62,5.129887089865297,-0.134375,-0.11549965791941519,0.5982151315261108,0.0,0.134375,-4.114069335189251,3.6255149063647787,4.0,1.3925603157712283
1757308778.7385259,0.7053161263465881,1.206169843673706,4.473816394805908,301.62,5.117387089865297,-0.146875,-0.1227490970595567,0.5966307900350296,0.0,0.146875,-4.120466353992114,3.6105929112694,4.0,1.3916070735477604
1757308778.9093316,0.7103076577186584,1.2441930770874023,4.472466945648193,301.21,5.105668339865297,-0.15859375,-0.12664243255554747,0.5938694340332229,0.0,0.15859375,-4.1268756199262,3.595144934977782,4.0,1.3782261666506077
1757308779.0389655,0.7902310490608215,1.6344515085220337,4.475535869598389,300.35,5.104105839865297,-0.16015625,-0.10800837174012323,0.5855905579197074,0.0,0.16015625,-4.125633862486095,3.5981511509377646,4.0,1.2935662944938962
1757308779.1900306,0.7902310490608215,1.6344515085220337,4.475535869598389,300.35,5.0975651583649695,-0.14453125,-0.11183461957829771,0.584870949812222,0.0,0.14453125,-4.125123315286028,3.5994104331668604,4.0,1.2935594926896758
1757308779.34357,0.7902310490608215,1.6344515085220337,4.475535869598389,300.35,5.1151432833649695,-0.126953125,-0.10150701309105892,0.5867335852046173,0.0,0.126953125,-4.122793954741057,3.6048778553453094,4.0,1.2934293871022557
1757308779.4927402,0.7902310490608215,1.6344515085220337,4.475535869598389,300.35,5.13936203336497,-0.102734375,-0.08714691291098894,0.5889642530312343,0.0,0.102734375,-4.11780298088772,3.61584793334126,4.0,1.2928942773703058
1757308779.6605139,0.8262736797332764,1.7963056564331055,4.479036331176758,298.04,5.160260470864969,-0.08183593750000001,-0.06874719480937547,0.587739006073515,0.0,0.08183593750000001,-4.106956434086116,3.6384245597202844,4.0,1.2659435441089242
1757308779.7971961,0.8974601626396179,2.0944950580596924,4.531884670257568,291.0,5.174127658364969,-0.06796875000000001,-0.052653000953624546,0.584685939077219,0.0,0.06796875000000001,-4.08808379110544,3.676350669128377,4.0,1.2304794893961093
1757308779.9378946,0.8974601626396179,2.0944950580596924,4.531884670257568,291.0,5.132227815678485,-0.012304687500000001,-0.07636275509900828,0.5816391305943054,0.0,0.012304687500000001,-4.076106172921,3.7031834980586606,4.0,1.2272593766914026
1757308780.087634,0.8974601626396179,2.0944950580596924,4.531884670257568,291.0,5.132423748303499,0.053515625000000004,-0.07558259491238392,0.5813565484731253,0.0,-0.053515625000000004,-4.064701678135433,3.728718945759923,4.0,1.2243409009342123
1757308780.2409146,0.8974601626396179,2.0944950580596924,4.531884670257568,291.0,5.1546893733034995,0.07578125000000001,-0.06173792344332407,0.5824771430203761,0.0,-0.07578125000000001,-4.050856505704134,3.7579532218600757,4.0,1.2204339774507975
1757308780.3904905,0.8804686665534973,2.4481747150421143,4.543162822723389,274.16,5.1898456233034995,0.11093750000000001,-0.012413299207935269,0.5693799172924792,0.0,-0.11093750000000001,-4.025519632662602,3.8069244901773245,4.0,1.0906701075079752
1757308780.5373852,0.8804686665534973,2.4481747150421143,4.543162822723389,274.16,5.060317458856388,0.13203125000000002,-0.08550213421128738,0.5628791995109089,0.0,-0.13203125000000002,-4.018779583572369,3.825508361638179,4.0,1.0891729574074196
1757308780.6905575,0.8804686665534973,2.4481747150421143,4.543162822723389,274.16,4.985675596189848,0.1375,-0.1272393752323123,0.5549357886289209,0.0,-0.1375,-4.018832543659218,3.8253194207215926,4.0,1.0891728098751754
1757308780.8345735,0.8804686665534973,2.4481747150421143,4.543162822723389,274.16,4.927963427267654,0.14296875,-0.15882956906316098,0.546627428426048,0.0,-0.14296875,-4.022011933023029,3.8108001448095203,4.0,1.0883262563512002
1757308780.990928,0.8804686665534973,2.4481747150421143,4.543162822723389,274.16,4.906088427267655,0.12109375,-0.1703841674775568,0.542951142246188,0.0,-0.12109375,-4.025798817024067,3.791494955563368,4.0,1.0868428213386547
1757308781.1490881,0.8132815957069397,2.712873935699463,4.517634868621826,271.74,4.841444564266998,0.10078125,-0.17263151850658887,0.5265965083782254,0.0,-0.10078125,-4.028674391096142,3.7693371250120564,4.0,0.955870483427784
1757308781.290393,0.8132815957069397,2.712873935699463,4.517634868621826,271.74,4.809945209369391,0.0671875,-0.18830746649933275,0.5208178441956979,0.0,-0.0671875,-4.031498188026833,3.740483682839779,4.0,0.9525622606175537
1757308781.4443681,0.8132815957069397,2.712873935699463,4.517634868621826,271.74,4.793538959369391,0.05078125,-0.1958478658947429,0.5175788885178795,0.0,-0.05078125,-4.034057710053209,3.7090123113485336,4.0,0.9486351662461487
1757308781.6001189,0.8132815957069397,2.712873935699463,4.517634868621826,271.74,4.747835834369391,0.005078125,-0.21761895013221774,0.5080314239634325,0.0,-0.005078125,-4.035517328537632,3.667851899568175,4.0,0.9419463695218449
1757308781.7406013,0.7939416170120239,2.764662027359009,4.5207743644714355,271.74,4.719320209369391,-0.0234375,-0.22294855358406487,0.501557342947929,0.0,0.0234375,-4.035818728661759,3.6243682261588184,4.0,0.9056783164917936
1757308781.888979,0.6447325944900513,3.131004810333252,4.531397342681885,279.17,4.733058144921244,-0.055078125000000006,-0.16584167189981253,0.5035351196289704,0.0,0.055078125000000006,-4.0362284882383666,3.604546369184596,4.0,0.7048526295705972
1757308782.0369663,0.6447325944900513,3.131004810333252,4.531397342681885,279.17,4.79821692279257,-0.07421875,-0.13269038068487604,0.5132638677660043,0.0,0.07421875,-4.036530807381244,3.6010326365769427,4.0,0.7048010792320412
1757308782.1879497,0.6447325944900513,3.131004810333252,4.531397342681885,279.17,4.787279422792571,-0.08515625,-0.13825990827834558,0.5117791757085152,0.0,0.08515625,-4.036973954285092,3.5951264340632667,4.0,0.7046556824551837
1757308782.3405287,0.6447325944900513,3.131004810333252,4.531397342681885,279.17,4.76032629779257,-0.11210937500000001,-0.15185395166864385,0.5078600994447078,0.0,0.11210937500000001,-4.037547175126839,3.583177878723284,4.0,0.7040625341018654
1757308782.4843838,0.4632583260536194,3.5442535877227783,4.493495941162109,283.74,4.75446692279257,-0.11796875000000001,-0.10403860223557722,0.5048232809047785,0.0,0.11796875000000001,-4.03723076051468,3.590693166521255,4.0,0.5007286802027231
1757308782.643347,0.4632583260536194,3.5442535877227783,4.493495941162109,283.74,4.794368359502001,-0.13007812500000002,-0.08353766933923971,0.5085486217828004,0.0,0.13007812500000002,-4.035911344490024,3.6067515820608675,4.0,0.4996037296228737
1757308782.7888947,0.4632583260536194,3.5442535877227783,4.493495941162109,283.74,4.820165969608711,-0.13203125000000002,-0.06991271048766422,0.5104823844155466,0.0,0.13203125000000002,-4.033642546241643,3.6277208702058,4.0,0.49767542653924757
1757308782.943523,0.4632583260536194,3.5442535877227783,4.493495941162109,283.74,4.829931594608711,-0.122265625,-0.06439252664813463,0.5110779806500523,0.0,0.122265625,-4.03103635001185,3.6497910150917434,4.0,0.49553364839882885
1757308783.0936143,0.4632583260536194,3.5442535877227783,4.493495941162109,283.74,4.839501907108711,-0.1126953125,-0.0589167132920498,0.5115964724871318,0.0,0.1126953125,-4.028088547655787,3.6728564006385493,4.0,0.4931876684008101
1757308783.239329,0.34257882833480835,3.8965842723846436,4.457052230834961,279.13,4.843262777600733,-0.101953125,-0.026308389302004687,0.5077756331267711,0.0,0.101953125,-4.022919494229339,3.712127118062935,4.0,0.3693935558714383
1757308783.3884778,0.34257882833480835,3.8965842723846436,4.457052230834961,279.13,4.7861906660917715,-0.08554687500000001,-0.05451764525912774,0.5053955842931964,0.0,0.08554687500000001,-4.021054582030462,3.7373504593116227,4.0,0.36653775287490387
1757308783.5437424,0.34257882833480835,3.8965842723846436,4.457052230834961,279.13,4.794393791091772,-0.07734375,-0.0496287360813704,0.5057648634219399,0.0,0.07734375,-4.018940668510805,3.7630705705459606,4.0,0.3635625617083891
1757308783.685152,0.34257882833480835,3.8965842723846436,4.457052230834961,279.13,4.802596916091772,-0.069140625,-0.044708717276100214,0.5060853450869218,0.0,0.069140625,-4.016571951613848,3.7892577154784988,4.0,0.36047182219359275
1757308783.8378525,0.34257882833480835,3.8965842723846436,4.457052230834961,279.13,4.814315666091772,-0.057421875000000004,-0.03793270839500267,0.5064883533423127,0.0,0.057421875000000004,-4.013772219177474,3.816630627447739,4.0,0.35708469443733204
1757308783.9945016,0.2610006332397461,4.346108913421631,4.443705081939697,272.7,4.791618167004677,-0.047656250000000004,-0.034927368406848465,0.5043465029497668,0.0,0.047656250000000004,-4.010344590353911,3.859802265610551,4.0,0.2989398896497262
1757308784.1397228,0.2610006332397461,4.346108913421631,4.443705081939697,272.7,4.717715995188536,-0.041796875000000004,-0.07133552800693278,0.5003871033638183,0.0,0.041796875000000004,-4.010209004309348,3.8852545624487593,4.0,0.2960002910501407
1757308784.2893066,0.2610006332397461,4.346108913421631,4.443705081939697,272.7,4.724942557688537,-0.0345703125,-0.06696663532016295,0.500880115660099,0.0,0.0345703125,-4.009886112443065,3.910974315195886,4.0,0.2929961231082192
1757308784.438088,0.2610006332397461,4.346108913421631,4.443705081939697,272.7,4.731778495188537,-0.027734375000000002,-0.06277965046673681,0.5013114225765603,0.0,0.027734375000000002,-4.009384093095015,3.9368623500235014,4.0,0.2899497037338783
1757308784.6115713,0.2560458183288574,4.397045135498047,4.4444050788879395,271.04,4.7475988076885365,-0.011914062500000001,-0.053842126519597536,0.50220664894434,0.0,0.011914062500000001,-4.008310324444944,3.9673460236780396,4.0,0.28595084422483197
1757308784.7455046,0.22732536494731903,4.699541091918945,4.440762042999268,266.13,4.740688203247382,-0.004687500000000001,-0.058378149724277635,0.5018527757580715,0.0,0.004687500000000001,-4.007105290590791,4.009916526784627,4.0,0.29021969337207754
1757308784.888107,0.22732536494731903,4.699541091918945,4.440762042999268,266.13,4.721389948038279,0.005859375,-0.06654620531176036,0.5006192514563781,0.0,-0.005859375,-4.006777790264767,4.046300557276581,4.0,0.28419802589431953
1757308785.0453913,0.22732536494731903,4.699541091918945,4.440762042999268,266.13,4.659688488332509,0.014843750000000001,-0.09676523668047797,0.4955908379514822,0.0,-0.014843750000000001,-4.007908476353001,4.067735634694452,4.0,0.2821003989017017
1757308785.1852615,0.22732536494731903,4.699541091918945,4.440762042999268,266.13,4.647969738332509,0.003125,-0.10220238406350718,0.4944463340936548,0.0,-0.003125,-4.0090603104975555,4.085591175341704,4.0,0.28064225218362804
1757308785.3492498,0.1657317876815796,5.062264919281006,4.4695963859558105,263.93,4.633321300832509,-0.0115234375,-0.1099713051015913,0.49285366487604915,0.0,0.0115234375,-4.011603144588381,4.117684350266494,4.0,0.28279810261033145
1757308785.504423,0.1657317876815796,5.062264919281006,4.4695963859558105,263.93,4.57787379550107,-0.017578125,-0.1367174219494794,0.48605564149113173,0.0,0.017578125,-4.014123242010761,4.13630588528902,4.0,0.2811900450547311
1757308785.6478727,0.1657317876815796,5.062264919281006,4.4695963859558105,263.93,4.572267807288634,-0.0341796875,-0.13912724464630066,0.4853256958412285,0.0,0.0341796875,-4.016449416628541,4.152798258346195,4.0,0.27992631163630755
1757308785.792363,0.1657317876815796,5.062264919281006,4.4695963859558105,263.93,4.570509994788634,-0.035937500000000004,-0.1397110283925468,0.4851188262256111,0.0,0.035937500000000004,-4.018633771139499,4.168090713628511,4.0,0.2788389359617529
1757308785.936378,0.1657317876815796,5.062264919281006,4.4695963859558105,263.93,4.566213119788634,-0.040234375,-0.14158084944580568,0.4845454435918389,0.0,0.040234375,-4.020637710145914,4.181702028439287,4.0,0.27797622446267756
1757308786.0863485,0.08766238391399384,5.448676586151123,4.4931864738464355,264.55,4.563869369788634,-0.042578125,-0.14680297308684942,0.4836008013962564,0.0,0.042578125,-4.025410649750328,4.21360215204529,4.0,0.2945056337183294
1757308786.236021,0.08766238391399384,5.448676586151123,4.4931864738464355,264.55,4.569612286150999,-0.047656250000000004,-0.1428819568350988,0.4845999711052674,0.0,0.047656250000000004,-4.029944427484284,4.245140411918682,4.0,0.2898933758264377
1757308786.389043,0.08766238391399384,5.448676586151123,4.4931864738464355,264.55,4.563752911150999,-0.053515625000000004,-0.14477174531182338,0.4838962916962376,0.0,0.053515625000000004,-4.034242663410227,4.273844992470453,4.0,0.2860623528673907
1757308786.5675309,0.08766238391399384,5.448676586151123,4.4931864738464355,264.55,4.5633622861509995,-0.05390625,-0.14411038093974438,0.4839673785177846,0.0,0.05390625,-4.0383243130975846,4.301030648589526,4.0,0.28262272701181956
1757308786.6848097,0.08766238391399384,5.448676586151123,4.4931864738464355,264.55,4.564143536151,-0.053125000000000006,-0.14295429548888225,0.4841959957277585,0.0,0.053125000000000006,-4.042206225861434,4.327024255385745,4.0,0.27947644988494247
1757308786.8701475,0.027740344405174255,5.707485675811768,4.506936073303223,264.07,4.5633622861509995,-0.05390625,-0.14621065228686408,0.4836520441425615,0.0,0.05390625,-4.047854778120347,4.364646200198167,4.0,0.29111797321164623
1757308786.9919553,0.027740344405174255,5.707485675811768,4.506936073303223,264.07,4.556223028871412,-0.057031250000000006,-0.14831307243829922,0.4828079335805847,0.0,0.057031250000000006,-4.053240950825425,4.3988554222235825,4.0,0.2856646477096527
1757308787.1571877,0.027740344405174255,5.707485675811768,4.506936073303223,264.07,4.553821127068221,-0.056640625,-0.14829320480014177,0.4826388574479636,0.0,0.056640625,-4.0583555362725,4.4308395014043365,4.0,0.28088834247287764
1757308787.286128,0.027740344405174255,5.707485675811768,4.506936073303223,264.07,4.5518597057414265,-0.057031250000000006,-0.148203229956764,0.48251487176891494,0.0,0.057031250000000006,-4.063207562114823,4.460804601176462,4.0,0.27668896176869406
1757308787.442904,0.007136434316635132,5.779170989990234,4.509400844573975,263.8,4.559086268241426,-0.0498046875,-0.14385879842259763,0.48370516777042016,0.0,0.0498046875,-4.068409779218602,4.494472625377122,4.0,0.27323376691481904
1757308787.5922084,-0.0879688411951065,6.010364055633545,4.518618583679199,262.36,4.554195236930258,-0.044921875,-0.14064830668153802,0.4838850612120674,0.0,0.044921875,-4.075261795821168,4.537424786655,4.0,0.25065350224052985
1757308787.7343252,-0.0879688411951065,6.010364055633545,4.518618583679199,262.36,4.538225513032323,-0.040820312500000004,-0.14672643594431856,0.48186432915002747,0.0,0.040820312500000004,-4.081844183204597,4.57483618054825,4.0,0.24402880853303355
1757308787.8992765,-0.0879688411951065,6.010364055633545,4.518618583679199,262.36,4.539788013032323,-0.0392578125,-0.14447182675046916,0.4823547688803083,0.0,0.0392578125,-4.0880980186899825,4.610708568876976,4.0,0.23793215120931333
1757308788.0411496,-0.0879688411951065,6.010364055633545,4.518618583679199,262.36,4.540178638032323,-0.038867187500000004,-0.14291990862550683,0.4826483220386957,0.0,0.038867187500000004,-4.094039843052385,4.644870107100878,4.0,0.23239631832855512
1757308788.1885872,-0.22327271103858948,6.299919128417969,4.574893951416016,259.6,4.541936450532323,-0.037109375,-0.13377979086169445,0.48432595684406726,0.0,0.037109375,-4.102304749999963,4.692887631031538,4.0,0.1987426442782727
1757308788.3413827,-0.22327271103858948,6.299919128417969,4.574893951416016,259.6,4.520045012909987,-0.039453125000000006,-0.14235688438759228,0.4816695718013073,0.0,0.039453125000000006,-4.1102940940698796,4.73391088318688,4.0,0.19062251417068588
1757308788.5045736,-0.22327271103858948,6.299919128417969,4.574893951416016,259.6,4.49591380067728,-0.034960937500000004,-0.15256636852875302,0.47839598468669475,0.0,0.034960937500000004,-4.117753388590732,4.767828910030825,4.0,0.18500659319726243
1757308788.6565373,-0.22327271103858948,6.299919128417969,4.574893951416016,259.6,4.49845286317728,-0.032421875,-0.1500716507375122,0.47905981387354796,0.0,0.032421875,-4.124869247192457,4.800581513408783,4.0,0.17976899059138063
1757308788.7828813,-0.22327271103858948,6.299919128417969,4.574893951416016,259.6,4.50978098817728,-0.02109375,-0.14329980653870997,0.4810034137878077,0.0,0.02109375,-4.1317468183649,4.83406096527833,4.0,0.174315513001301
1757308788.9352705,-0.36391663551330566,6.644157409667969,4.589064121246338,255.44,4.50939036317728,-0.021484375,-0.1419605384380563,0.4812617394780499,0.0,0.021484375,-4.141961318961228,4.883685962159957,4.0,0.16807885573438597
1757308789.1075933,-0.36391663551330566,6.644157409667969,4.589064121246338,255.44,4.462158466093846,-0.017578125,-0.1628432089163626,0.4744522164325112,0.0,0.017578125,-4.151496148760382,4.920991505538204,4.0,0.1611367800547372
1757308789.236073,-0.36391663551330566,6.644157409667969,4.589064121246338,255.44,4.439909666294315,-0.018359375,-0.17220094078217651,0.47103534899334343,0.0,0.018359375,-4.160111742305443,4.9518243383569285,4.0,0.1563311361206079
1757308789.399713,-0.36391663551330566,6.644157409667969,4.589064121246338,255.44,4.437175291294315,-0.02109375,-0.17248195026418586,0.4708468941933282,0.0,0.02109375,-4.168223827508208,4.980551955246984,4.0,0.1521483980035434
1757308789.551888,-0.36391663551330566,6.644157409667969,4.589064121246338,255.44,4.440690916294315,-0.017578125,-0.16986857930322172,0.47171696941467023,0.0,0.017578125,-4.176028305287993,5.008566450860128,4.0,0.14817467898427594
1757308789.7092762,-0.5350796580314636,6.983976364135742,4.592828273773193,252.91,4.421799801223176,-0.017968750000000002,-0.17530903036658627,0.46945272230647833,0.0,0.017968750000000002,-4.188196650687166,5.049255835443316,4.0,0.13381268155364623
1757308789.8423963,-0.5350796580314636,6.983976364135742,4.592828273773193,252.91,4.3957528362188585,-0.018359375,-0.18609802914218027,0.46517923731258015,0.0,0.018359375,-4.199111238400677,5.082566518703727,4.0,0.12801245422645469
1757308790.0209746,-0.5350796580314636,6.983976364135742,4.592828273773193,252.91,4.393409086218859,-0.020703125000000003,-0.1859789079694451,0.46514103232545684,0.0,0.020703125000000003,-4.209404491901458,5.113733861400805,4.0,0.1229200821541534
1757308790.140186,-0.5350796580314636,6.983976364135742,4.592828273773193,252.91,4.388721586218859,-0.025390625,-0.18713246703143904,0.46460791255276435,0.0,0.025390625,-4.2190178647169585,5.142390760277293,4.0,0.11859663562915923
1757308790.2907734,-0.6549083590507507,7.21091365814209,4.6318464279174805,251.91,4.382666898718859,-0.0314453125,-0.18867604135370494,0.46389962988940914,0.0,0.0314453125,-4.232019396049679,5.180383119392767,4.0,0.11324417459177383
1757308790.4431725,-0.7035449743270874,7.312641620635986,4.644888401031494,251.91,4.358926156454899,-0.04296875,-0.20016826813114014,0.45909332088234245,0.0,0.04296875,-4.2455030107349545,5.2169282691432635,4.0,0.11551712222159694
1757308790.5977616,-0.7035449743270874,7.312641620635986,4.644888401031494,251.91,4.347830793698916,-0.048828125,-0.2039117443646371,0.4573547341819994,0.0,0.048828125,-4.257895302254941,5.24940148154329,4.0,0.10978906091347795
1757308790.7324567,-0.7035449743270874,7.312641620635986,4.644888401031494,251.91,4.338455793698915,-0.058203125,-0.20712065954035894,0.45584276027796783,0.0,0.058203125,-4.269261598654227,5.278367948563185,4.0,0.10519237282389593
1757308790.8813138,-0.7035449743270874,7.312641620635986,4.644888401031494,251.91,4.333182356198916,-0.0634765625,-0.20862583795855683,0.4551011548435677,0.0,0.0634765625,-4.27980787597525,5.3048333456700565,4.0,0.10133519853310613
1757308791.0376782,-0.832828938961029,7.605716228485107,4.602060317993164,251.08,4.327713606198915,-0.06894531250000001,-0.21916011244975583,0.45069501529350126,0.0,0.06894531250000001,-4.29555423306392,5.3437282077309325,4.0,0.13606773015812035
1757308791.1909192,-0.832828938961029,7.605716228485107,4.602060317993164,251.08,4.318799943765739,-0.070703125,-0.22159116600008263,0.44937869714647505,0.0,0.070703125,-4.310147749771701,5.378871579111551,4.0,0.12923518396099443
1757308791.3387656,-0.832828938961029,7.605716228485107,4.602060317993164,251.08,4.309516435907363,-0.07265625,-0.22447759522640692,0.4478459321482575,0.0,0.07265625,-4.323580476530535,5.410390234546806,4.0,0.12368797518738806
1757308791.4929166,-0.832828938961029,7.605716228485107,4.602060317993164,251.08,4.310883623407363,-0.0712890625,-0.22269174086873686,0.4486505865433039,0.0,0.0712890625,-4.33640938939523,5.440606569306782,4.0,0.1185890556029019
1757308791.6449707,-0.832828938961029,7.605716228485107,4.602060317993164,251.08,4.311860185907363,-0.0703125,-0.221179287335849,0.4493226842862992,0.0,0.0703125,-4.348646319055889,5.4695070126049865,4.0,0.1139229045022514
1757308791.7877836,-1.0173481702804565,8.04870319366455,4.560104846954346,248.77,4.313422685907363,-0.06875,-0.24018387868674346,0.4413597749833893,0.0,0.06875,-4.369672777182629,5.519382941825284,4.0,0.19946915769196405
1757308791.939158,-1.0173481702804565,8.04870319366455,4.560104846954346,248.77,4.29462298546222,-0.06992187500000001,-0.24603290875177913,0.4378344414477947,0.0,0.06992187500000001,-4.388978718145553,5.562875008901126,4.0,0.1889419088191362
1757308792.0916884,-1.0173481702804565,8.04870319366455,4.560104846954346,248.77,4.274863392686293,-0.06699218750000001,-0.2528485539446814,0.43372375565615484,0.0,0.06699218750000001,-4.406416328486094,5.600153880933067,4.0,0.18104971482535515
1757308792.2381284,-1.0173481702804565,8.04870319366455,4.560104846954346,248.77,4.277011830186294,-0.06484375,-0.25026194387225226,0.4350354264238322,0.0,0.06484375,-4.423091977119605,5.63600428711352,4.0,0.17375213584800164
1757308792.3851454,-1.0173481702804565,8.04870319366455,4.560104846954346,248.77,4.278574330186293,-0.06328125,-0.2480597257124577,0.4361310689133057,0.0,0.06328125,-4.439015411303932,5.670377880258637,4.0,0.1670418770010622
1757308792.5522153,-1.1651872396469116,8.405734062194824,4.609620571136475,245.87,4.274634894879115,-0.06171875,-0.26914203916707335,0.42608635245177234,0.0,0.06171875,-4.462110506088156,5.71972218392864,4.0,0.25257132038824714
1757308792.7037005,-1.1651872396469116,8.405734062194824,4.609620571136475,245.87,4.247233225622804,-0.060937500000000006,-0.27853626895356437,0.4196458658368212,0.0,0.060937500000000006,-4.482783679055958,5.760913107753904,4.0,0.2428202903056551
1757308792.8455522,-1.1651872396469116,8.405734062194824,4.609620571136475,245.87,4.227178531878458,-0.06406250000000001,-0.28529940167913503,0.4148174736248433,0.0,0.06406250000000001,-4.501258463551733,5.795952897222234,4.0,0.2356025474554979
1757308792.993547,-1.1651872396469116,8.405734062194824,4.609620571136475,245.87,4.225811344378458,-0.0654296875,-0.2844462056461303,0.41517824148031257,0.0,0.0654296875,-4.518721749848251,5.828964774144968,4.0,0.229176477158207
1757308793.144461,-1.1856757402420044,8.449355125427246,4.611623764038086,245.32,4.228350406878459,-0.062890625,-0.28423192326955676,0.41545707605909676,0.0,0.062890625,-4.536598668480268,5.86296715822867,4.0,0.23297616197663995
1757308793.2974937,-1.2919647693634033,8.686877250671387,4.600734233856201,244.94,4.21485321983491,-0.06015625,-0.30267744058945445,0.4045964483472674,0.0,0.06015625,-4.558863015080057,5.903961552353693,4.0,0.2915316533621892
1757308793.4411187,-1.2919647693634033,8.686877250671387,4.600734233856201,244.94,4.22129853233491,-0.0537109375,-0.2979717983723261,0.4076574599083058,0.0,0.0537109375,-4.5804004074013545,5.944234195028144,4.0,0.28204389003501174
1757308793.5860221,-1.2919647693634033,8.686877250671387,4.600734233856201,244.94,4.226767282334911,-0.048242187500000006,-0.29373914898776887,0.4103358251213909,0.0,0.048242187500000006,-4.601186265856959,5.983617964548451,4.0,0.2730033560558942
1757308793.7438195,-1.2919647693634033,8.686877250671387,4.600734233856201,244.94,4.2445407198349105,-0.030468750000000003,-0.2842409572669412,0.41658240751122827,0.0,0.030468750000000003,-4.621940207427582,6.024693576405203,4.0,0.2633271436332585
1757308793.8861892,-1.4486825466156006,8.965933799743652,4.5728864669799805,240.0,4.251181344834911,-0.023828125000000002,-0.29188694149697936,0.41328318447794266,0.0,0.023828125000000002,-4.649125577869779,6.079397602274706,4.0,0.3098638975728596
1757308794.0403855,-1.4486825466156006,8.965933799743652,4.5728864669799805,240.0,4.221303029318628,-0.017578125,-0.30142216887197093,0.4058126170312549,0.0,0.017578125,-4.673556729387054,6.125081762194763,4.0,0.297703316185463
1757308794.1855092,-1.4486825466156006,8.965933799743652,4.5728864669799805,240.0,4.1751183297863905,-0.013671875,-0.31831418223749647,0.39237058569948763,0.0,0.013671875,-4.693775946856423,6.159022248534633,4.0,0.2906157638032756
1757308794.3386328,-1.4486825466156006,8.965933799743652,4.5728864669799805,240.0,4.17336051728639,-0.0154296875,-0.3176559450287481,0.39261637152862255,0.0,0.0154296875,-4.712850238383414,6.190913203365685,4.0,0.2843354245790257
1757308794.4989018,-1.4486825466156006,8.965933799743652,4.5728864669799805,240.0,4.16652457978639,-0.022265625,-0.31921695287632107,0.3911132960669823,0.0,0.022265625,-4.730427227161404,6.219849880630297,4.0,0.2791149831599107
1757308794.636531,-1.642204761505127,9.265226364135742,4.557622909545898,238.21,4.162227704786391,-0.026562500000000003,-0.33096635002278924,0.38356075579662363,0.0,0.026562500000000003,-4.756082297448949,6.261679222371529,4.0,0.3263759362375733
1757308794.8106134,-1.642204761505127,9.265226364135742,4.557622909545898,238.21,4.12324444622689,-0.0353515625,-0.34428475956440097,0.37129194174163604,0.0,0.0353515625,-4.7773906999641715,6.293562880006032,4.0,0.3197424381114722
1757308794.9400103,-1.642204761505127,9.265226364135742,4.557622909545898,238.21,4.116923811175692,-0.040625,-0.34547384916513924,0.36988812086134343,0.0,0.040625,-4.7970695746533885,6.322609188407864,4.0,0.31418217419358996
1757308795.113172,-1.642204761505127,9.265226364135742,4.557622909545898,238.21,4.113798811175692,-0.043750000000000004,-0.34563146639483916,0.36948645699036003,0.0,0.043750000000000004,-4.8154752804106495,6.349594292290763,4.0,0.3093568156426745
1757308795.256715,-1.642204761505127,9.265226364135742,4.557622909545898,238.21,4.108720686175692,-0.048828125,-0.3466676192277828,0.3683027725568642,0.0,0.048828125,-4.832475782738362,6.374249295503971,4.0,0.3052964590461471
1757308795.3876984,-1.8937523365020752,9.520620346069336,4.5337605476379395,238.12,4.104814436175692,-0.052734375,-0.3461993982485682,0.3682698523062479,0.0,0.052734375,-4.8583259589774865,6.411426959207349,4.0,0.29601912006723907
1757308795.5341892,-1.8937523365020752,9.520620346069336,4.5337605476379395,238.12,4.108612601380479,-0.053125000000000006,-0.3430028969303939,0.3708202957902754,0.0,0.053125000000000006,-4.883202944803905,6.447496501334632,4.0,0.2872957799238893
1757308795.691485,-1.8937523365020752,9.520620346069336,4.5337605476379395,238.12,4.109298327348897,-0.046679687500000004,-0.3411131242833505,0.3721816953397463,0.0,0.046679687500000004,-4.9068943605901625,6.481897515246844,4.0,0.27935290667730683
1757308795.8390114,-1.8937523365020752,9.520620346069336,4.5337605476379395,238.12,4.109493639848897,-0.046484375,-0.33955859367679486,0.37326839898588476,0.0,0.046484375,-4.929418107148817,6.5146166987164245,4.0,0.2721569024294137
1757308795.992039,-2.113297700881958,9.720898628234863,4.5091423988342285,235.87,4.112228014848897,-0.043750000000000004,-0.3349274711643909,0.37666552150540755,0.0,0.043750000000000004,-4.959223896511142,6.558168655501083,4.0,0.2546629468615986
1757308796.1442928,-2.113297700881958,9.720898628234863,4.5091423988342285,235.87,4.08676698734458,-0.0435546875,-0.342537339170225,0.3693683090411326,0.0,0.0435546875,-4.985491845944949,6.594529170006466,4.0,0.245431096635234
1757308796.2832172,-2.113297700881958,9.720898628234863,4.5091423988342285,235.87,4.077450294179025,-0.0392578125,-0.34443285104840793,0.3672888059555092,0.0,0.0392578125,-5.009616920130456,6.627276379446832,4.0,0.23782534302495062
1757308796.439085,-2.113297700881958,9.720898628234863,4.5091423988342285,235.87,4.078036231679024,-0.038671875,-0.34282425098868097,0.3685157769565181,0.0,0.038671875,-5.032589851748635,6.658497971228587,4.0,0.23090586590440054
1757308796.5922055,-2.113297700881958,9.720898628234863,4.5091423988342285,235.87,4.078817481679025,-0.037890625000000004,-0.3412649071021117,0.36971741853754814,0.0,0.037890625000000004,-5.0544873015007745,6.688306675906351,4.0,0.22459586423552835
1757308796.740746,-2.420696973800659,9.992173194885254,4.481471538543701,233.7,4.079598731679025,-0.037109375,-0.33824655845014234,0.3719856547728492,0.0,0.037109375,-5.087208049871077,6.732922003570367,4.0,0.21105683254141372
1757308796.8889544,-2.420696973800659,9.992173194885254,4.481471538543701,233.7,4.055089300178698,-0.039453125000000006,-0.34518659273870067,0.3651856967381413,0.0,0.039453125000000006,-5.116259638833242,6.770563975117646,4.0,0.2005742519338014
1757308797.0486093,-2.420696973800659,9.992173194885254,4.481471538543701,233.7,4.041725086910748,-0.037109375,-0.34839786407310613,0.36183970019219935,0.0,0.037109375,-5.1426279542214415,6.803801263349923,4.0,0.19220989884533068
1757308797.1920636,-2.420696973800659,9.992173194885254,4.481471538543701,233.7,4.046021961910748,-0.0328125,-0.3452876345575547,0.36455399189802984,0.0,0.0328125,-5.168088061485321,6.836178517150255,4.0,0.1843111971483129
1757308797.3374875,-2.420696973800659,9.992173194885254,4.481471538543701,233.7,4.046803211910748,-0.032031250000000004,-0.3435868873968911,0.3659351997509321,0.0,0.032031250000000004,-5.192350271042417,6.8670820792790455,4.0,0.1771110209033191
1757308797.4841466,-2.7127935886383057,10.220991134643555,4.404311656951904,230.27,4.047975086910748,-0.030859375,-0.3390998686959282,0.3695157851223433,0.0,0.030859375,-5.226619872183708,6.910837852209362,4.0,0.15649339432333864
1757308797.6370373,-2.7127935886383057,10.220991134643555,4.404311656951904,230.27,3.993188418567343,-0.025781250000000002,-0.3572886218396995,0.35173826543548786,0.0,0.025781250000000002,-5.254100008406184,6.942220248643238,4.0,0.14832217191923647
1757308797.7976189,-2.7127935886383057,10.220991134643555,4.404311656951904,230.27,3.9963134185673432,-0.022656250000000003,-0.3547491425985099,0.35410482884815636,0.0,0.022656250000000003,-5.280530359915503,6.972594782713398,4.0,0.14069450524935423
1757308797.9458811,-2.7127935886383057,10.220991134643555,4.404311656951904,230.27,3.995922793567343,-0.023046875,-0.3535927078838486,0.3550937240159543,0.0,0.023046875,-5.30559826495889,7.001380838679025,4.0,0.13382710662053388
1757308798.100925,-2.754470109939575,10.257187843322754,4.3888139724731445,229.16,3.991235293567343,-0.027734375000000002,-0.35442537265695473,0.35416021988912094,0.0,0.027734375000000002,-5.330716531585211,7.029953183938284,4.0,0.12941753420192903
1757308798.2343712,-2.9694623947143555,10.462907791137695,4.329772472381592,228.31,3.983422793567343,-0.035546875,-0.36198666034433685,0.3470891226241944,0.0,0.035546875,-5.363611375583793,7.066787144555466,4.0,0.15518769596997473
1757308798.3935394,-2.9694623947143555,10.462907791137695,4.329772472381592,228.31,3.9212846527282537,-0.0634765625,-0.38187303508988873,0.3249202727167131,0.0,0.0634765625,-5.3879720828094335,7.090871413787607,4.0,0.14967690809562395
1757308798.5444858,-2.9694623947143555,10.462907791137695,4.329772472381592,228.31,3.917183090228254,-0.067578125,-0.38237534768964204,0.32419480654530836,0.0,0.067578125,-5.410608104443227,7.1130677181192485,4.0,0.14495125314253965
1757308798.684267,-2.9694623947143555,10.462907791137695,4.329772472381592,228.31,3.9187455902282538,-0.06601562500000001,-0.3811038051319712,0.325569106062219,0.0,0.06601562500000001,-5.43230773266168,7.134412427966725,4.0,0.14059036144600068
1757308798.8351517,-3.2109739780426025,10.802520751953125,4.304532051086426,227.73,3.9253862152282535,-0.059375000000000004,-0.40292417578175965,0.3040248215021884,0.0,0.059375000000000004,-5.468298407177172,7.170287786020974,4.0,0.27652077010880216
1757308799.000363,-3.2109739780426025,10.802520751953125,4.304532051086426,227.73,3.925028930566686,-0.049609375000000004,-0.40116131667094873,0.3057596578851841,0.0,0.049609375000000004,-5.502448991436053,7.204304633349914,4.0,0.2659133808813401
1757308799.1397588,-3.2109739780426025,10.802520751953125,4.304532051086426,227.73,3.932841430566686,-0.041796875000000004,-0.39693065116712545,0.3106927824140539,0.0,0.041796875000000004,-5.535781672292288,7.238029647342729,4.0,0.25562306250085776
1757308799.2930884,-3.2109739780426025,10.802520751953125,4.304532051086426,227.73,3.9412398680666865,-0.0333984375,-0.3925066156809442,0.31576551729539853,0.0,0.0333984375,-5.568393665090847,7.271584518985962,4.0,0.2455786722380946
1757308799.4311576,-3.2109739780426025,10.802520751953125,4.304532051086426,227.73,3.9441695555666865,-0.030468750000000003,-0.38990134620152955,0.318535874026988,0.0,0.030468750000000003,-5.599703959777448,7.303989468885848,4.0,0.23624268240611102
1757308799.5999086,-3.4663946628570557,11.141368865966797,4.3312177658081055,223.94,3.946513305566686,-0.028125,-0.41362814394920183,0.295911815265686,0.0,0.028125,-5.644314441277977,7.350376677477582,4.0,0.37206545404152
1757308799.732552,-3.4663946628570557,11.141368865966797,4.3312177658081055,223.94,3.903054607192028,-0.028125,-0.4240132201202144,0.2798446671447317,0.0,0.028125,-5.68192710956362,7.386230500496096,4.0,0.3600055236478248
1757308799.8856478,-3.4663946628570557,11.141368865966797,4.3312177658081055,223.94,3.879584076916102,-0.02890625,-0.4289815381999197,0.2714467529239071,0.0,0.02890625,-5.714751914989312,7.416081807854991,4.0,0.351192250240274
1757308800.0406222,-3.4663946628570557,11.141368865966797,4.3312177658081055,223.94,3.877045014416102,-0.0314453125,-0.4283668639031452,0.2717962491974004,0.0,0.0314453125,-5.7456054271523564,7.443997596898158,4.0,0.34342675884074314
1757308800.2409096,-3.4663946628570557,11.141368865966797,4.3312177658081055,223.94,3.875677826916102,-0.0328125,-0.42757964164138124,0.27249418587164254,0.0,0.0328125,-5.774735706975876,7.4702818909551665,4.0,0.33650988169790796
1757308800.3436189,-3.678422212600708,11.383230209350586,4.363451957702637,222.93,3.865056207459321,-0.037500000000000006,-0.44553972591632274,0.25085207529968795,0.0,0.037500000000000006,-5.812926923983587,7.504012926919752,4.0,0.4276898137997165
1757308800.493226,-3.678422212600708,11.383230209350586,4.363451957702637,222.93,3.8542767252465575,-0.037109375,-0.44668787870675014,0.24780527681667608,0.0,0.037109375,-5.847787904767862,7.534140013252138,4.0,0.41833032310318163
1757308800.6502228,-3.678422212600708,11.383230209350586,4.363451957702637,222.93,3.8601984389709587,-0.030664062500000002,-0.4437367399405902,0.25213356160650946,0.0,0.030664062500000002,-5.881700384518299,7.56380001045313,4.0,0.40936296386432414
1757308800.7898881,-3.678422212600708,11.383230209350586,4.363451957702637,222.93,3.8627375014709586,-0.028125,-0.44172210215553587,0.2548212843717351,0.0,0.028125,-5.914257915496815,7.5924211880140975,4.0,0.4010446858207466
1757308800.9347186,-3.803110122680664,11.485133171081543,4.394143581390381,221.13,3.8666437514709586,-0.02421875,-0.4434152601711635,0.25350667925446235,0.0,0.02421875,-5.951734438125502,7.625627050600776,4.0,0.4172812841100919
1757308801.0836952,-3.8906619548797607,11.537843704223633,4.395210266113281,220.71,3.8576927168093915,-0.023046875,-0.4445691257098532,0.2507887542000463,0.0,0.023046875,-5.989956598373246,7.658887646895843,4.0,0.41059384832477974
1757308801.23556,-3.8906619548797607,11.537843704223633,4.395210266113281,220.71,3.832975567076685,-0.019140625,-0.4493392924931052,0.24128603747712002,0.0,0.019140625,-6.02292866106277,7.686177425950115,4.0,0.4024872998665092
1757308801.3817508,-3.8906619548797607,11.537843704223633,4.395210266113281,220.71,3.833952129576685,-0.0181640625,-0.44792162664163676,0.24314979439343315,0.0,0.0181640625,-6.054389393421598,7.71226814337694,4.0,0.3950818877520703
1757308801.5413187,-3.8906619548797607,11.537843704223633,4.395210266113281,220.71,3.829655254576685,-0.0224609375,-0.4479498358847298,0.24245444123917928,0.0,0.0224609375,-6.083665100823947,7.73633523944214,4.0,0.3887047526492875
1757308801.6913002,-4.245048522949219,11.69005298614502,4.4165472984313965,218.88,3.8288740045766847,-0.0232421875,-0.44153790699487944,0.2501470531849368,0.0,0.0232421875,-6.125683443494385,7.770822877798758,4.0,0.34708550025666884
1757308801.8363848,-4.245048522949219,11.69005298614502,4.4165472984313965,218.88,3.798638249367582,-0.023632812500000003,-0.44749528498484226,0.2385033912188327,0.0,0.023632812500000003,-6.161500571136882,7.798451557198302,4.0,0.3378969714347555
1757308801.9888635,-4.245048522949219,11.69005298614502,4.4165472984313965,218.88,3.7947860417651884,-0.025390625,-0.4471959922541547,0.23836513937110954,0.0,0.025390625,-6.19497707284463,7.824069636262999,4.0,0.32990168609660575
1757308802.151067,-4.245048522949219,11.69005298614502,4.4165472984313965,218.88,3.7879501042651884,-0.0322265625,-0.44780431876707977,0.2366421498558206,0.0,0.0322265625,-6.225783605878904,7.847312322196936,4.0,0.3231894798989119
1757308802.2934937,-4.245048522949219,11.69005298614502,4.4165472984313965,218.88,3.7813094792651882,-0.038867187500000004,-0.44852908238157463,0.23478783188254876,0.0,0.038867187500000004,-6.254060240122889,7.868353072178235,4.0,0.31758246153502245
1757308802.4485118,-4.572200298309326,11.806066513061523,4.446157455444336,218.17,3.7736922917651885,-0.046484375,-0.4434432660378677,0.24073346704934445,0.0,0.046484375,-6.293175497836138,7.896998563515758,4.0,0.27113191924017865
1757308802.5925446,-4.572200298309326,11.806066513061523,4.446157455444336,218.17,3.7524407565248326,-0.054296875,-0.4473238157470217,0.23287681598955776,0.0,0.054296875,-6.327266439829102,7.920868427530279,4.0,0.26321725049577527
1757308802.738324,-4.572200298309326,11.806066513061523,4.446157455444336,218.17,3.7368863915760286,-0.07089843750000001,-0.45004752414022897,0.2271377259491818,0.0,0.07089843750000001,-6.357300153006965,7.941208757843698,4.0,0.2571947288453815
1757308802.8920913,-4.572200298309326,11.806066513061523,4.446157455444336,218.17,3.7308317040760284,-0.07695312500000001,-0.45071319946450916,0.2254578417302746,0.0,0.07695312500000001,-6.384890807478297,7.959651844495328,4.0,0.25214683243564107
1757308803.0609832,-4.572200298309326,11.806066513061523,4.446157455444336,218.17,3.7280973290760286,-0.07968750000000001,-0.45071976371537636,0.2251399037164562,0.0,0.07968750000000001,-6.410670802357725,7.9767827838523315,4.0,0.24775089583207865
1757308803.1940005,-4.908511638641357,11.95346450805664,4.489650249481201,218.4,3.7308317040760284,-0.07695312500000001,-0.4490717296514028,0.22791346248909897,0.0,0.07695312500000001,-6.450622607022341,8.003488732277155,4.0,0.24033192899396472
1757308803.3413086,-4.908511638641357,11.95346450805664,4.489650249481201,218.4,3.749348864316385,-0.07187500000000001,-0.4431653372350245,0.23850309346585258,0.0,0.07187500000000001,-6.491241271959093,8.031742435200206,4.0,0.2290586551751046
1757308803.4896107,-4.908511638641357,11.95346450805664,4.489650249481201,218.4,3.7492990863556157,-0.0625,-0.44172183229559164,0.24057356368526775,0.0,0.0625,-6.529821914677588,8.058575672440105,4.0,0.21886312328226776
1757308803.6397555,-4.908511638641357,11.95346450805664,4.489650249481201,218.4,3.7590647113556157,-0.052734375,-0.4378934024026556,0.24692902185004334,0.0,0.052734375,-6.567862633578976,8.085588368861789,4.0,0.208789796669981
1757308803.7871022,-5.1909403800964355,12.111515998840332,4.505411148071289,214.45,3.765705336355616,-0.04609375,-0.44041800051120655,0.24403530951728664,0.0,0.04609375,-6.61798437672789,8.121682845631335,4.0,0.23736039991496583
1757308803.935583,-5.1909403800964355,12.111515998840332,4.505411148071289,214.45,3.720717400803763,-0.045703125000000004,-0.4494048250103629,0.2263404545101672,0.0,0.045703125000000004,-6.659381585207886,8.148753234269167,4.0,0.22608664146168156
1757308804.088147,-5.1909403800964355,12.111515998840332,4.505411148071289,214.45,3.6977413934018397,-0.0451171875,-0.4533983325374217,0.2177061350057064,0.0,0.0451171875,-6.69525917128574,8.17105464752785,4.0,0.21784431750540634
1757308804.250752,-5.1909403800964355,12.111515998840332,4.505411148071289,214.45,3.6944210809018396,-0.0484375,-0.4531736257370923,0.21773120418150319,0.0,0.0484375,-6.728827813515524,8.191766621016004,4.0,0.21064519317676034
1757308804.3866694,-5.1909403800964355,12.111515998840332,4.505411148071289,214.45,3.6924679559018396,-0.050390625,-0.4527647278209478,0.2182021485393451,0.0,0.050390625,-6.760411560594708,8.21116883858882,4.0,0.20427731684015704
1757308804.5457246,-5.57000207901001,12.328470230102539,4.514917850494385,212.68,3.6862179559018395,-0.056640625,-0.4628618344569577,0.20093573551760585,0.0,0.056640625,-6.8080949348417015,8.240052298450687,4.0,0.27177189272951274
1757308804.6856308,-5.57000207901001,12.328470230102539,4.514917850494385,212.68,3.65063812814154,-0.061328125000000004,-0.468560540858598,0.18641496577687486,0.0,0.061328125000000004,-6.84788496369696,8.262259360434566,4.0,0.2622828981171361
1757308804.8385797,-5.57000207901001,12.328470230102539,4.514917850494385,212.68,3.6492709406415402,-0.0626953125,-0.46778565242930226,0.18762442029310586,0.0,0.0626953125,-6.885464953319143,8.283165654624657,4.0,0.25381378084042794
1757308804.9842694,-5.57000207901001,12.328470230102539,4.514917850494385,212.68,3.64868500314154,-0.06328125,-0.4669713334235182,0.18901383385178092,0.0,0.06328125,-6.921070656189524,8.302946313879218,4.0,0.24620172628760262
1757308805.1531649,-5.57000207901001,12.328470230102539,4.514917850494385,212.68,3.64868500314154,-0.06328125,-0.46613584096519767,0.1905177420804485,0.0,0.06328125,-6.9548960739163865,8.321737940171053,4.0,0.23932011297889133
1757308805.2927082,-5.902500152587891,12.52604866027832,4.529828071594238,211.5,3.6470726476651443,-0.063671875,-0.4762112182135991,0.17211484218588635,0.0,0.063671875,-7.00367659953584,8.348735005291948,4.0,0.3200160809247592
1757308805.4421632,-5.902500152587891,12.52604866027832,4.529828071594238,211.5,3.626918242968007,-0.064453125,-0.47833130680967156,0.16485638272598066,0.0,0.064453125,-7.0467831992693775,8.371469371771,4.0,0.3092821624275963
1757308805.5908453,-5.902500152587891,12.52604866027832,4.529828071594238,211.5,3.6290666804680067,-0.062304687500000004,-0.47681661015060633,0.16807062098786862,0.0,0.062304687500000004,-7.088087316099504,8.39336666197463,4.0,0.29938105096383527
1757308805.7503624,-5.902500152587891,12.52604866027832,4.529828071594238,211.5,3.632386992968007,-0.058984375000000006,-0.47516723871591154,0.1716900705123835,0.0,0.058984375000000006,-7.127872653042635,8.414628300547761,4.0,0.2901416222868063
1757308805.9350796,-5.945190906524658,12.549483299255371,4.5332136154174805,210.87,3.635511992968007,-0.055859375,-0.4747404782520986,0.17296594873036053,0.0,0.055859375,-7.168327450504328,8.436410503444685,4.0,0.2910873713846076
1757308806.0563972,-6.230735778808594,12.704570770263672,4.551168918609619,208.82,3.6359026179680067,-0.055468750000000004,-0.4821164052367925,0.15933988421849038,0.0,0.055468750000000004,-7.221125887700936,8.464865540029772,4.0,0.35384577208064094
1757308806.19469,-6.230735778808594,12.704570770263672,4.551168918609619,208.82,3.6239305586960695,-0.048242187500000006,-0.4824466848467883,0.1565031857481661,0.0,0.048242187500000006,-7.26937247272933,8.49012677802143,4.0,0.34054194147520267
1757308806.3370364,-6.230735778808594,12.704570770263672,4.551168918609619,208.82,3.6016277940145587,-0.04296875,-0.48471298687653075,0.1479331041478133,0.0,0.04296875,-7.3115072787092785,8.511004259899076,4.0,0.33059662308198234
1757308806.4989545,-6.230735778808594,12.704570770263672,4.551168918609619,208.82,3.6008465440145585,-0.043750000000000004,-0.48383893583764254,0.14955525894761684,0.0,0.043750000000000004,-7.3514024414197285,8.530733210002651,4.0,0.32166793589392384
1757308806.6402159,-6.492865085601807,12.815343856811523,4.550710201263428,206.85,3.6012371690145586,-0.043359375000000006,-0.48753014763326397,0.14216925214833898,0.0,0.043359375000000006,-7.4020988103072956,8.55582822194492,4.0,0.3554769440113974
1757308806.7891908,-6.492865085601807,12.815343856811523,4.550710201263428,206.85,3.574458809486638,-0.045703125000000004,-0.4900757988631147,0.13141510831171452,0.0,0.045703125000000004,-7.44573449378629,8.575992035766014,4.0,0.34511955780916725
1757308806.938495,-6.492865085601807,12.815343856811523,4.550710201263428,206.85,3.5662682452502708,-0.0439453125,-0.4902429309003741,0.12937108790399204,0.0,0.0439453125,-7.48575735537492,8.594090067697625,4.0,0.3364523070689538
1757308807.0972867,-6.492865085601807,12.815343856811523,4.550710201263428,206.85,3.5693932452502706,-0.040820312500000004,-0.488997281704957,0.13274246713366206,0.0,0.040820312500000004,-7.524329956711218,8.611677695983499,4.0,0.3283633133117858
1757308807.2391481,-6.492865085601807,12.815343856811523,4.550710201263428,206.85,3.5731041827502708,-0.037109375,-0.4877063538624595,0.13628267218100232,0.0,0.037109375,-7.561628173095745,8.628851724913687,4.0,0.3207604547847893
1757308807.3949456,-6.858248233795166,12.92175579071045,4.543163776397705,204.81,3.5772057452502706,-0.033007812500000004,-0.4886115424532305,0.13512726039603062,0.0,0.033007812500000004,-7.614835777717615,8.653616264876092,4.0,0.33467873360969325
1757308807.5362854,-6.858248233795166,12.92175579071045,4.543163776397705,204.81,3.551449694293162,-0.030664062500000002,-0.49079220692446957,0.12511671298910415,0.0,0.030664062500000002,-7.661008127508061,8.673676361692502,4.0,0.32326292078094454
1757308807.7054846,-6.858248233795166,12.92175579071045,4.543163776397705,204.81,3.5423822785095864,-0.0322265625,-0.4909781619832336,0.12285231648371109,0.0,0.0322265625,-7.7032810759021535,8.691588437302977,4.0,0.313745048339527
1757308807.8364124,-6.858248233795166,12.92175579071045,4.543163776397705,204.81,3.5355463410095864,-0.0390625,-0.4910343466925578,0.12135071093280189,0.0,0.0390625,-7.742221476142091,8.707775346012575,4.0,0.30569853583381157
1757308807.9910045,-6.858248233795166,12.92175579071045,4.543163776397705,204.81,3.5279291535095862,-0.046679687500000004,-0.4913132453084402,0.11915862506827941,0.0,0.046679687500000004,-7.777837385827039,8.722263144006002,4.0,0.2989978713950796
1757308808.1381059,-7.194323539733887,13.012792587280273,4.54679536819458,203.64,3.5156037639504123,-0.0509765625,-0.4944981146092131,0.10862628903927193,0.0,0.0509765625,-7.825515543250995,8.740976101326275,4.0,0.3181963173265183
1757308808.2862942,-7.194323539733887,13.012792587280273,4.54679536819458,203.64,3.5021813213636457,-0.054101562500000006,-0.49507400152870856,0.10420052036060609,0.0,0.054101562500000006,-7.868398393947884,8.75714615527028,4.0,0.3087009020542375
1757308808.434972,-7.194323539733887,13.012792587280273,4.54679536819458,203.64,3.503016613761252,-0.051171875000000006,-0.4942214678412578,0.10663852213478126,0.0,0.051171875000000006,-7.90928909435741,8.77260404344395,4.0,0.3000435615908499
1757308808.6132727,-7.194323539733887,13.012792587280273,4.54679536819458,203.64,3.510829113761252,-0.043359375000000006,-0.4926097881241942,0.11246925863541478,0.0,0.043359375000000006,-7.9495551485856115,8.7881864031015,4.0,0.29158154931376057
1757308808.7755432,-7.225891590118408,13.018390655517578,4.5498948097229,203.4,3.513758801261252,-0.040429687500000006,-0.49151314818075975,0.11587177788357272,0.0,0.040429687500000006,-7.989803522637839,8.803897648891494,4.0,0.28316620545429494
1757308808.9133801,-7.48757266998291,13.058182716369629,4.569436550140381,201.58,3.5160526957848566,-0.036914062500000004,-0.49007125072968755,0.11998825837123016,0.0,0.036914062500000004,-8.04046465442239,8.823807630149684,4.0,0.2703187137797567
1757308809.0386178,-7.48757266998291,13.058182716369629,4.569436550140381,201.58,3.495420438382933,-0.033984375000000004,-0.49155161433484695,0.11226377607539323,0.0,0.033984375000000004,-8.084953272970257,8.840240498250218,4.0,0.26003522757965314
1757308809.2059414,-7.48757266998291,13.058182716369629,4.569436550140381,201.58,3.4889378311701695,-0.029296875,-0.49152421245483846,0.111132315821703,0.0,0.029296875,-8.126047925574168,8.855117700854297,4.0,0.2512828859829144
1757308809.343078,-7.48757266998291,13.058182716369629,4.569436550140381,201.58,3.4881565811701694,-0.030078125,-0.49094407763455616,0.1125946760652053,0.0,0.030078125,-8.164945679585294,8.869165214063237,4.0,0.2434304317105367
1757308809.4879818,-7.913903713226318,13.128997802734375,4.583533763885498,198.77,3.4881565811701694,-0.030078125,-0.4915394491499785,0.11094608428901902,0.0,0.030078125,-8.221886890299572,8.889728931171765,4.0,0.2504416479655216
1757308809.640189,-7.913903713226318,13.128997802734375,4.583533763885498,198.77,3.439894079189129,-0.029296875,-0.49555563070375636,0.08958767759491304,0.0,0.029296875,-8.26736212783546,8.903711480585715,4.0,0.24004449917622495
1757308809.7861917,-7.913903713226318,13.128997802734375,4.583533763885498,198.77,3.432472204189129,-0.03671875,-0.49557770689106373,0.0880089579801235,0.0,0.03671875,-8.3091871194482,8.916232666512858,4.0,0.23126920252042904
1757308809.9324949,-7.913903713226318,13.128997802734375,4.583533763885498,198.77,3.430128454189129,-0.0390625,-0.4952312901970705,0.08870465740376565,0.0,0.0390625,-8.348482392980953,8.927896246190272,4.0,0.22351902059107154
1757308810.0900433,-7.913903713226318,13.128997802734375,4.583533763885498,198.77,3.429542516689129,-0.0396484375,-0.4947888276874484,0.0900835555465744,0.0,0.0396484375,-8.385702775466804,8.938920232916619,4.0,0.21655598755914518
1757308810.2449439,-8.306866645812988,13.2067289352417,4.6002583503723145,197.52,3.429542516689129,-0.0396484375,-0.4974303378164864,0.08116500187051959,0.0,0.0396484375,-8.440183977753858,8.955056554220578,4.0,0.25376204629897536
1757308810.387898,-8.306866645812988,13.2067289352417,4.6002583503723145,197.52,3.4087024635392,-0.038671875,-0.49826607906948034,0.07351363472402819,0.0,0.038671875,-8.488103053878568,8.968169563868319,4.0,0.24243234244997947
1757308810.5398827,-8.306866645812988,13.2067289352417,4.6002583503723145,197.52,3.4075305885391995,-0.039843750000000004,-0.49768526035578486,0.07537699988148666,0.0,0.039843750000000004,-8.53340688276762,8.980509865825857,4.0,0.2322863917336182
1757308810.685075,-8.306866645812988,13.2067289352417,4.6002583503723145,197.52,3.4133899635391995,-0.033984375000000004,-0.4965851462217172,0.08062380184850615,0.0,0.033984375000000004,-8.577542918795395,8.992810317603084,4.0,0.2226029603595201
1757308810.8752584,-8.306866645812988,13.2067289352417,4.6002583503723145,197.2,3.4192493385391995,-0.028125,-0.4954701813503925,0.08575662681996311,0.0,0.028125,-8.62056639208603,9.005072822855535,4.0,0.21335040289361462
1757308810.9907372,-8.694064140319824,13.269895553588867,4.647516250610352,194.35,3.3965933210860797,-0.026171875,-0.49962189873488977,0.06554834336122974,0.0,0.026171875,-8.676057313199468,9.019537945602146,4.0,0.25039575117347734
1757308811.1409118,-8.694064140319824,13.269895553588867,4.647516250610352,194.35,3.3652895887509793,-0.026757812500000002,-0.5008412071165081,0.0524610709262584,0.0,0.026757812500000002,-8.722882811755198,9.030190955074533,4.0,0.23980254239356036
1757308811.2869587,-8.694064140319824,13.269895553588867,4.647516250610352,194.35,3.366852088750979,-0.0251953125,-0.5002158815043387,0.05561209639876816,0.0,0.0251953125,-8.767666414969552,9.040453046626789,4.0,0.230082885066353
1757308811.4415777,-8.694064140319824,13.269895553588867,4.647516250610352,194.35,3.365875526250979,-0.026171875,-0.49978566611677844,0.05724651250716646,0.0,0.026171875,-8.810023278728504,9.050115528299964,4.0,0.22137299745091266
1757308811.5946426,-8.794355392456055,13.287089347839355,4.654064178466797,193.16,3.3647036512509794,-0.02734375,-0.5001750720249378,0.055238662625061684,0.0,0.02734375,-8.854991006073696,9.060318178219086,4.0,0.22720607469897125
1757308811.740915,-8.997406959533691,13.322015762329102,4.6562371253967285,192.8,3.3570324988689992,-0.02890625,-0.5018797409837009,0.04547953402775845,0.0,0.02890625,-8.906285985939324,9.071543370430012,4.0,0.251448998415146
1757308811.885175,-8.997406959533691,13.322015762329102,4.6562371253967285,192.8,3.337235456349056,-0.03125,-0.5022139291774915,0.037895878927374546,0.0,0.03125,-8.951195688626012,9.080443475139397,4.0,0.24182401202768045
1757308812.0375621,-8.997406959533691,13.322015762329102,4.6562371253967285,192.8,3.328666672845068,-0.036328125,-0.5021479331087029,0.03555790489823439,0.0,0.036328125,-8.992181536780217,9.088201576970091,4.0,0.23381740999657818
1757308812.1949587,-8.997406959533691,13.322015762329102,4.6562371253967285,192.8,3.3224166728450677,-0.042578125,-0.5020559235785483,0.034084028021719844,0.0,0.042578125,-9.029884153435454,9.095094405610602,4.0,0.22704612276784708
1757308812.3452497,-9.371380805969238,13.404040336608887,4.643035888671875,192.58,3.3196822978450675,-0.045312500000000006,-0.5057680487222554,0.012595137366677223,0.0,0.045312500000000006,-9.083985935271846,9.104832542357292,4.0,0.3088030205448975
1757308812.4946089,-9.371380805969238,13.404040336608887,4.643035888671875,192.58,3.3065506917898824,-0.05390625,-0.5054345031132748,0.008687883606513291,0.0,0.05390625,-9.132787869622721,9.112956636391404,4.0,0.2977117064254804
1757308812.6336446,-9.371380805969238,13.404040336608887,4.643035888671875,192.58,3.29553007349068,-0.065625,-0.5051518811859869,0.005357932060432349,0.0,0.065625,-9.176945664615932,9.119808380422173,4.0,0.28864179882215346
1757308812.7856228,-9.371380805969238,13.404040336608887,4.643035888671875,192.58,3.2959206984906797,-0.065234375,-0.5048333296919211,0.007589261116390245,0.0,0.065234375,-9.218974149659436,9.12634654375023,4.0,0.28040792148937754
1757308812.9342976,-9.371380805969238,13.404040336608887,4.643035888671875,192.58,3.2959206984906797,-0.065234375,-0.5045472371749767,0.009428315062604165,0.0,0.065234375,-9.258901210450766,9.132557798911884,4.0,0.27296322582565935
1757308813.0864491,-9.688926696777344,13.456657409667969,4.592164516448975,192.63,3.305436968593073,-0.0578125,-0.5068050314310694,-0.00010824111337824627,0.0,0.0578125,-9.314623812685209,9.141770214052782,4.0,0.3310915667904757
1757308813.2420752,-9.688926696777344,13.456657409667969,4.592164516448975,192.63,3.306949613116677,-0.055078125000000006,-0.5062640846695036,0.0038973983060962697,0.0,0.055078125000000006,-9.367859952742101,9.150654300597513,4.0,0.31795630240161454
1757308813.3927844,-9.688926696777344,13.456657409667969,4.592164516448975,192.63,3.309879300616677,-0.052148437500000006,-0.5057406473454013,0.008381552291416988,0.0,0.052148437500000006,-9.419014861832208,9.159345187160898,4.0,0.30578038645169503
1757308813.53848,-9.688926696777344,13.456657409667969,4.592164516448975,192.63,3.312418363116677,-0.049609375000000004,-0.5052392901000491,0.012439117402012215,0.0,0.049609375000000004,-9.468115114190038,9.167815323549922,4.0,0.2945225805276781
1757308813.6901803,-9.728048324584961,13.462085723876953,4.585427284240723,192.28,3.317887113116677,-0.044140625,-0.5049907163645881,0.016173028287517405,0.0,0.044140625,-9.517785370631374,9.17666377423649,4.0,0.29057709361637674
1757308813.8350697,-9.972187995910645,13.492685317993164,4.528205871582031,189.97,3.308229650427517,-0.041406250000000006,-0.5065354089699792,0.0029001685680297012,0.0,0.041406250000000006,-9.575178863331521,9.186317170824239,4.0,0.32462979575158
1757308813.9976022,-9.972187995910645,13.492685317993164,4.528205871582031,189.97,3.2759535425136277,-0.0396484375,-0.5060093233400628,-0.010814931797023072,0.0,0.0396484375,-9.623256557788864,9.192816087724724,4.0,0.31400377212619546
1757308814.1463568,-9.972187995910645,13.492685317993164,4.528205871582031,189.97,3.2765394800136276,-0.0390625,-0.505690526028941,-0.008124372586998288,0.0,0.0390625,-9.669049079733279,9.19903342973814,4.0,0.3043396404114205
1757308814.301071,-9.972187995910645,13.492685317993164,4.528205871582031,189.97,3.2769301050136277,-0.038671875,-0.5053977246994544,-0.0057535482420856265,0.0,0.038671875,-9.712631210564066,9.204968001558903,4.0,0.2955662619111896
1757308814.4457407,-10.333649635314941,13.50929069519043,4.467073917388916,188.29,3.2767347925136274,-0.038867187500000004,-0.5066522963311971,-0.015087358923072752,0.0,0.038867187500000004,-9.771850416005288,9.213020090939374,4.0,0.3328465779171861
1757308814.5903902,-10.378883361816406,13.508700370788574,4.466057300567627,188.29,3.2563102533440835,-0.0421875,-0.5060102467350484,-0.02345074857135216,0.0,0.0421875,-9.826228282968836,9.219285698861656,4.0,0.32487061817089824
1757308814.7374516,-10.378883361816406,13.508700370788574,4.466057300567627,188.29,3.243702323580123,-0.042578125,-0.505394186421778,-0.02709403300348183,0.0,0.042578125,-9.875321558061238,9.224316092082736,4.0,0.31387565164121334
1757308814.8885727,-10.378883361816406,13.508700370788574,4.466057300567627,188.29,3.242725761080123,-0.0435546875,-0.5051186203654242,-0.025135186993505983,0.0,0.0435546875,-9.92176023986803,9.229028657806296,4.0,0.3040157434099262
1757308815.0443408,-10.378883361816406,13.508700370788574,4.466057300567627,188.29,3.240772636080123,-0.0455078125,-0.5048518865695188,-0.023944169133490747,0.0,0.0455078125,-9.965476290554578,9.233378687577803,4.0,0.29526261147109256
1757308815.1890135,-10.765605926513672,13.506528854370117,4.44420862197876,186.3,3.242921073580123,-0.043359375000000006,-0.5057923835156886,-0.031614870805661624,0.0,0.043359375000000006,-10.026575102894869,9.239591009829917,4.0,0.3304647703714263
1757308815.3326352,-10.765605926513672,13.506528854370117,4.44420862197876,186.3,3.2250397838317895,-0.040820312500000004,-0.5048660227162219,-0.03730333147767891,0.0,0.040820312500000004,-10.080990585052659,9.244142394971758,4.0,0.31701708301302123
1757308815.4996686,-10.765605926513672,13.506528854370117,4.44420862197876,186.3,3.214439021465436,-0.037109375,-0.5042393408278228,-0.03987301129981707,0.0,0.037109375,-10.130510128185103,9.24775610825926,4.0,0.30586715727171665
1757308815.644007,-10.765605926513672,13.506528854370117,4.44420862197876,186.3,3.213657771465436,-0.037890625000000004,-0.5040277143883689,-0.037769063205482976,0.0,0.037890625000000004,-10.177392661977064,9.251140564536684,4.0,0.2958496647145754
1757308815.7951348,-10.765605926513672,13.506528854370117,4.44420862197876,186.3,3.218345271465436,-0.033203125,-0.5040177772928944,-0.033046692512515775,0.0,0.033203125,-10.222896957713806,9.254640012767572,4.0,0.2863844608434327
1757308815.9432387,-11.077862739562988,13.499686241149902,4.416311740875244,183.96,3.214127405359054,-0.0318359375,-0.5043942083356079,-0.04233280746496712,0.0,0.0318359375,-10.280762454610219,9.258844648745391,4.0,0.31510211653673537
1757308816.0967276,-11.077862739562988,13.499686241149902,4.416311740875244,183.96,3.186040087649951,-0.030078125,-0.5028845545002534,-0.05374167991627194,0.0,0.030078125,-10.329951102571961,9.26103239880963,4.0,0.3041326898612855
1757308816.2422998,-11.077862739562988,13.499686241149902,4.416311740875244,183.96,3.1810201919687686,-0.029687500000000002,-0.5025150145868171,-0.053897054393105125,0.0,0.029687500000000002,-10.375635909242693,9.262834572219452,4.0,0.29465185850266984
1757308816.395164,-11.077862739562988,13.499686241149902,4.416311740875244,183.96,3.1825826919687685,-0.028125,-0.5025094378446269,-0.050937439850822386,0.0,0.028125,-10.419362002688501,9.264627910959714,4.0,0.28594706926923585
1757308816.5504327,-11.237669944763184,13.489225387573242,4.3976898193359375,182.58,3.1814108169687687,-0.029296875,-0.5025106023574354,-0.05306250424365791,0.0,0.029296875,-10.468614461596747,9.2665900905278,4.0,0.2920968288288206
1757308816.6914148,-11.495112419128418,13.4707670211792,4.404435634613037,182.22,3.1598892247716317,-0.0314453125,-0.5013522648088516,-0.06932558193844372,0.0,0.0314453125,-10.52376742245819,9.26759931322192,4.0,0.3139459759912535
1757308816.854178,-11.495112419128418,13.4707670211792,4.404435634613037,182.22,3.156544023291247,-0.030078125,-0.5010723227115067,-0.06797744433774626,0.0,0.030078125,-10.575465503674447,9.268372327948693,4.0,0.3018451397970985
1757308817.0106208,-11.495112419128418,13.4707670211792,4.404435634613037,182.22,3.156544023291247,-0.030078125,-0.5010313937342772,-0.06524017489691654,0.0,0.030078125,-10.624578680829892,9.269106691939127,4.0,0.29089483812243966
1757308817.1372483,-11.495112419128418,13.4707670211792,4.404435634613037,182.22,3.156544023291247,-0.030078125,-0.5009943654542838,-0.06276377831597345,0.0,0.030078125,-10.671236199127563,9.26980433773004,4.0,0.28098814453103316
1757308817.29073,-11.858973503112793,13.422586441040039,4.440682888031006,181.33,3.1420577129840677,-0.03828125,-0.5000352081843369,-0.07559058513902912,0.0,0.03828125,-10.730719615985173,9.269832001053848,4.0,0.3032924921092235
1757308817.4422793,-11.858973503112793,13.422586441040039,4.440682888031006,181.33,3.1327742051256915,-0.040234375,-0.49934173110698254,-0.07684948396201924,0.0,0.040234375,-10.785296975895472,9.269350700942,4.0,0.2897725345203499
1757308817.592021,-11.858973503112793,13.422586441040039,4.440682888031006,181.33,3.1327742051256915,-0.040234375,-0.4993687117868314,-0.07378999106249097,0.0,0.040234375,-10.837145467810256,9.268893465835745,4.0,0.27753408706368354
1757308817.7342155,-11.858973503112793,13.422586441040039,4.440682888031006,181.33,3.126914907641318,-0.037890625000000004,-0.4989664324765469,-0.07408176480644274,0.0,0.037890625000000004,-10.885177958711846,9.268188406504517,4.0,0.26700138172554855
1757308817.8896835,-11.858973503112793,13.422586441040039,4.440682888031006,181.33,3.129844595141318,-0.034960937500000004,-0.49921006533246587,-0.07017354787230895,0.0,0.034960937500000004,-10.93142093521301,9.267645116319116,4.0,0.2572163649609278
1757308818.0392144,-12.151905059814453,13.375715255737305,4.4604926109313965,179.82,3.129844595141318,-0.034960937500000004,-0.4991728762400856,-0.07333895444737068,0.0,0.034960937500000004,-10.990023849080275,9.266956614186489,4.0,0.26987886507048664
1757308818.1921227,-12.151905059814453,13.375715255737305,4.4604926109313965,179.82,3.129844595141318,-0.034960937500000004,-0.4992145231224262,-0.06979411625009074,0.0,0.034960937500000004,-11.045696617254176,9.266302537160493,4.0,0.2556985337300963
1757308818.3433514,-12.151905059814453,13.375715255737305,4.4604926109313965,179.82,3.129844595141318,-0.034960937500000004,-0.4992522289288011,-0.0665847287717177,0.0,0.034960937500000004,-11.098585747019383,9.265681163985798,4.0,0.2428600978663802
1757308818.4863153,-12.151905059814453,13.375715255737305,4.4604926109313965,179.82,3.129844595141318,-0.034960937500000004,-0.4992863566374548,-0.06367989656285895,0.0,0.034960937500000004,-11.14883042029633,9.265090859469838,4.0,0.23123996715309048
1757308818.6385055,-12.151905059814453,13.375715255737305,4.4604926109313965,179.82,3.1040760609362033,-0.034375,-0.4975576423220189,-0.07445043547293105,0.0,0.034375,-11.191209996486625,9.263500175810085,4.0,0.22294303398510085
1757308818.7890491,-12.547677040100098,13.315184593200684,4.481133460998535,178.33,3.101341685936203,-0.037109375,-0.4970149225391805,-0.08418567789248793,0.0,0.037109375,-11.250778118180193,9.261101205574462,4.0,0.2564702427602974
1757308818.9356327,-12.547677040100098,13.315184593200684,4.481133460998535,178.33,3.0714300300814883,-0.041015625,-0.4944796828955375,-0.09609759282329439,0.0,0.041015625,-11.301128742689688,9.257562665255714,4.0,0.24478248770377498
1757308819.0961661,-12.547677040100098,13.315184593200684,4.481133460998535,178.33,3.0702581550814885,-0.0421875,-0.49455327350363304,-0.0940663654418821,0.0,0.0421875,-11.348716160348754,9.254162270963189,4.0,0.23431334372945667
1757308819.241256,-12.547677040100098,13.315184593200684,4.481133460998535,178.33,3.068695655081488,-0.043750000000000004,-0.4945756810162845,-0.09251120344684341,0.0,0.043750000000000004,-11.393596770983377,9.250884801638492,4.0,0.2249774038753154
1757308819.4041739,-12.650257110595703,13.295565605163574,4.49066686630249,178.3,3.068695655081488,-0.043750000000000004,-0.49457873256118723,-0.09246941657256783,0.0,0.043750000000000004,-11.441406402679393,9.247393436456667,4.0,0.22480981128416566
1757308819.542843,-12.90239143371582,13.247140884399414,4.5130534172058105,177.57,3.0671954938058894,-0.044726562500000004,-0.49410518581576435,-0.09769603195409664,0.0,0.044726562500000004,-11.499228424389718,9.24308368793681,4.0,0.24279865929141753
1757308819.6993194,-12.90239143371582,13.247140884399414,4.5130534172058105,177.57,3.0664267270538947,-0.043750000000000004,-0.4942906685981897,-0.0946136075013364,0.0,0.043750000000000004,-11.55399911724679,9.238959027137332,4.0,0.22891045542437993
1757308819.8469884,-12.90239143371582,13.247140884399414,4.5130534172058105,177.57,3.057579590266331,-0.0416015625,-0.49367999265807017,-0.09606504099439556,0.0,0.0416015625,-11.604186123033445,9.234732714982023,4.0,0.2171976888321634
1757308819.992924,-12.90239143371582,13.247140884399414,4.5130534172058105,177.57,3.061681152766331,-0.037500000000000006,-0.4942888902150328,-0.09130425369419265,0.0,0.037500000000000006,-11.652719049427086,9.230846099358198,4.0,0.20622216108507008
1757308820.1481578,-13.183677673339844,13.190424919128418,4.5332159996032715,175.89,3.063634277766331,-0.035546875,-0.49403884391348485,-0.09581038402857656,0.0,0.035546875,-11.713431042957613,9.226103479283493,4.0,0.22817568610440375
1757308820.2935328,-13.183677673339844,13.190424919128418,4.5332159996032715,175.89,3.0404546615376127,-0.03359375,-0.4920145129477585,-0.10399303047606405,0.0,0.03359375,-11.766283237083035,9.220739813890207,4.0,0.21514019015760155
1757308820.4421523,-13.183677673339844,13.190424919128418,4.5332159996032715,175.89,3.0468127463328263,-0.023046875,-0.4929595132547152,-0.09777264723198842,0.0,0.023046875,-11.817818365958523,9.215840640225757,4.0,0.2027243351973933
1757308820.586919,-13.183677673339844,13.190424919128418,4.5332159996032715,175.89,3.049937746332826,-0.019921875000000002,-0.4935264895657721,-0.0933610683671329,0.0,0.019921875000000002,-11.867426562501139,9.211281030563756,4.0,0.19119351410617025
1757308820.752391,-13.183677673339844,13.190424919128418,4.5332159996032715,175.89,3.0526721213328263,-0.0171875,-0.4940170710179194,-0.08935136233796234,0.0,0.0171875,-11.915121845900018,9.20702872720834,4.0,0.1805118238243164
1757308820.902904,-13.596466064453125,13.118888854980469,4.566592693328857,173.09,3.049110827777641,-0.0162109375,-0.4923661228222094,-0.10544610362202586,0.0,0.0162109375,-11.980486253279857,9.200966414179476,4.0,0.238101815937366
1757308821.0440216,-13.596466064453125,13.118888854980469,4.566592693328857,173.09,3.010052902276985,-0.010937500000000001,-0.48832047340188056,-0.12121058956554079,0.0,0.010937500000000001,-12.034423332163476,9.193830338877389,4.0,0.22445994800900237
1757308821.1851792,-13.596466064453125,13.118888854980469,4.566592693328857,173.09,3.011224777276985,-0.009765625,-0.48886728511709215,-0.11754849345443642,0.0,0.009765625,-12.0859093962144,9.18707992378218,4.0,0.21199512338406024
1757308821.3373854,-13.596466064453125,13.118888854980469,4.566592693328857,173.09,3.014740402276985,-0.00625,-0.48964482250308805,-0.1129491267337279,0.0,0.00625,-12.135557104383393,9.180748000369249,4.0,0.2003819326782672
1757308821.5056734,-13.646063804626465,13.108031272888184,4.5649542808532715,172.72,3.017084152276985,-0.00390625,-0.49004760342647313,-0.11068738974930364,0.0,0.00390625,-12.18572054395218,9.174469749526459,4.0,0.19589188338648889
1757308821.6411195,-13.92454719543457,13.040879249572754,4.544311046600342,170.52,3.0082826840446057,-0.00625,-0.4881682824490536,-0.1216039848431354,0.0,0.00625,-12.245658629104343,9.166431732710066,4.0,0.22255969514675034
1757308821.7888458,-13.92454719543457,13.040879249572754,4.544311046600342,170.52,2.9722042240047193,-0.0074218750000000005,-0.4839531738006679,-0.13627476341984937,0.0,0.0074218750000000005,-12.29502719588968,9.157988360166573,4.0,0.21095916484003663
1757308821.9378767,-13.92454719543457,13.040879249572754,4.544311046600342,170.52,2.9460573155007306,-0.030078125,-0.48062600471097566,-0.14685599764565183,0.0,0.030078125,-12.336425676091597,9.149788725200153,4.0,0.20270334773494003
1757308822.0876436,-13.92454719543457,13.040879249572754,4.544311046600342,170.52,2.9411745030007306,-0.034960937500000004,-0.48025627396155884,-0.1474630468641243,0.0,0.034960937500000004,-12.374728222343654,9.14200773891384,4.0,0.19560936050775624
1757308822.2799516,-14.089344024658203,13.001187324523926,4.53665828704834,170.53,2.9239870030007307,-0.052148437500000006,-0.47661725634561236,-0.16037032347344415,0.0,0.052148437500000006,-12.41578719502848,9.132929325709632,4.0,0.21476125152908843
1757308822.3844168,-14.34107780456543,12.938530921936035,4.5490946769714355,172.53,2.916556831673936,-0.058007812500000006,-0.4732899287770777,-0.1731797415445036,0.0,0.058007812500000006,-12.46586974320131,9.121464775907775,4.0,0.2528107454435373
1757308822.5369701,-14.34107780456543,12.938530921936035,4.5490946769714355,172.53,2.939732183465817,-0.071484375,-0.4778370799460601,-0.15893510541734296,0.0,0.071484375,-12.518373562744658,9.110719990633806,4.0,0.2396211244577353
1757308822.6884756,-14.34107780456543,12.938530921936035,4.5490946769714355,172.53,2.941294683465817,-0.06992187500000001,-0.4786862141358706,-0.15522611665410052,0.0,0.06992187500000001,-12.568583116032581,9.100526433650174,4.0,0.22753070633195716
1757308822.8362498,-14.34107780456543,12.938530921936035,4.5490946769714355,172.53,2.9420759334658166,-0.069140625,-0.47935306134718747,-0.15215326210250088,0.0,0.069140625,-12.616447240566254,9.09084797519318,4.0,0.21651688493428178
1757308822.985706,-14.68503189086914,12.832828521728516,4.563068866729736,172.73,2.941294683465817,-0.06992187500000001,-0.47722631050348674,-0.16241704219099756,0.0,0.06992187500000001,-12.67930092366709,9.07808740358153,4.0,0.25688120307543194
1757308823.1469758,-14.68503189086914,12.832828521728516,4.563068866729736,172.73,2.9550080400997913,-0.06406250000000001,-0.4802731001574498,-0.15127847944294293,0.0,0.06406250000000001,-12.7419149465749,9.06626710094344,4.0,0.2382411913139011
1757308823.2851555,-14.68503189086914,12.832828521728516,4.563068866729736,172.73,2.9502540919698053,-0.064453125,-0.4803261859946315,-0.1495452564780031,0.0,0.064453125,-12.800395721732498,9.054938891352265,4.0,0.22188388629086297
1757308823.434775,-14.68503189086914,12.832828521728516,4.563068866729736,172.73,2.951425966969805,-0.06328125,-0.4812072140446142,-0.14531403087748856,0.0,0.06328125,-12.856199018410232,9.044197164388065,4.0,0.2069415538143211
1757308823.5969124,-14.68503189086914,12.832828521728516,4.563068866729736,172.73,2.957285341969805,-0.057421875000000004,-0.4826980325317798,-0.13901797392037651,0.0,0.057421875000000004,-12.910441157620149,9.034085182805702,4.0,0.19280612782699968
1757308823.7469165,-15.060099601745605,12.726701736450195,4.548271656036377,169.66,2.9573643508634233,-0.0517578125,-0.48012926350490465,-0.1528240676035036,0.0,0.0517578125,-12.981067385366291,9.02092460445159,4.0,0.24913627797307658
1757308823.8749077,-15.060099601745605,12.726701736450195,4.548271656036377,169.66,2.9420470901111013,-0.0431640625,0.0,0.0,0.0,0.0,-12.981067385366291,9.02092460445159,4.0,0.24913627797307658
1757308824.02421,-15.060099601745605,12.726701736450195,4.548271656036377,169.66,2.9273365464335797,-0.0337890625,0.0,0.0,0.0,0.0,-12.981067385366291,9.02092460445159,4.0,0.24913627797307658
1757308824.178435,-15.060099601745605,12.726701736450195,4.548271656036377,169.66,2.9337818589335796,-0.02734375,0.0,0.0,0.0,0.0,-12.981067385366291,9.02092460445159,4.0,0.24913627797307658
1757308824.334806,-15.093233108520508,12.719741821289062,4.54686975479126,169.17,2.9443287339335797,-0.016796875,0.0,0.0,0.0,0.0,-12.981067385366291,9.02092460445159,4.0,0.24913627797307658
1757308824.479548,-15.38853645324707,12.631402015686035,4.511852741241455,165.74,2.939096933098807,-0.0134765625,0.0,0.0,0.0,0.0,-12.981067385366291,9.02092460445159,4.0,0.24913627797307658
1757308824.6242037,-15.38853645324707,12.631402015686035,4.511852741241455,165.74,2.878646202255402,-0.0140625,0.0,0.0,0.0,0.0,-12.981067385366291,9.02092460445159,4.0,0.24913627797307658
1757308824.7788992,-15.38853645324707,12.631402015686035,4.511852741241455,165.74,2.876107139755402,-0.0166015625,0.0,0.0,0.0,0.0,-12.981067385366291,9.02092460445159,4.0,0.24913627797307658
1757308824.9273808,-15.38853645324707,12.631402015686035,4.511852741241455,165.74,2.872591514755402,-0.0201171875,0.0,0.0,0.0,0.0,-12.981067385366291,9.02092460445159,4.0,0.24913627797307658
1757308825.07909,-15.513052940368652,12.600882530212402,4.51357889175415,165.59,2.864583702255402,-0.028125,0.0,0.0,0.0,0.0,-12.981067385366291,9.02092460445159,4.0,0.24913627797307658
1757308825.2249029,-15.599898338317871,12.59103012084961,4.58437442779541,166.47,2.8613714745506154,-0.0271484375,0.0,0.0,0.0,0.0,-12.981067385366291,9.02092460445159,4.0,0.24913627797307658
1757308825.3748484,-15.599898338317871,12.59103012084961,4.58437442779541,166.47,2.842791820554604,-0.049218750000000006,0.0,0.0,0.0,0.0,-12.981067385366291,9.02092460445159,4.0,0.24913627797307658
1757308825.5242498,-15.599898338317871,12.59103012084961,4.58437442779541,166.47,2.8408011682949605,-0.0646484375,0.0,0.0,0.0,0.0,-12.981067385366291,9.02092460445159,4.0,0.24913627797307658
1757308825.675631,-15.599898338317871,12.59103012084961,4.58437442779541,166.47,2.8269339807949603,-0.078515625,0.0,0.0,0.0,0.0,-12.981067385366291,9.02092460445159,4.0,0.24913627797307658
1757308825.8246279,-15.72412395477295,12.64553451538086,4.995849609375,169.4,2.8220511682949603,-0.0833984375,0.0,0.0,0.0,0.0,-12.981067385366291,9.02092460445159,4.0,0.24913627797307658
1757308825.9758453,-15.72412395477295,12.64553451538086,4.995849609375,169.4,2.8637853169924257,-0.083203125,0.0,0.0,0.0,0.0,-12.981067385366291,9.02092460445159,4.0,0.24913627797307658
1757308826.1246018,-15.72412395477295,12.64553451538086,4.995849609375,169.4,2.889400252878394,-0.0671875,0.0,0.0,0.0,0.0,-12.981067385366291,9.02092460445159,4.0,0.24913627797307658
1757308826.2773154,-15.72412395477295,12.64553451538086,4.995849609375,169.4,2.897994002878394,-0.05859375,0.0,0.0,0.0,0.0,-12.981067385366291,9.02092460445159,4.0,0.24913627797307658
1757308826.4249115,-15.72412395477295,12.64553451538086,4.995849609375,169.4,2.903462752878394,-0.053125000000000006,0.0,0.0,0.0,0.0,-12.981067385366291,9.02092460445159,4.0,0.24913627797307658
1757308826.5752943,-15.78061294555664,12.703408241271973,5.898310661315918,168.13,2.901384950429591,-0.05625,0.0,0.0,0.0,0.0,-12.981067385366291,9.02092460445159,4.0,0.24913627797307658
1757308826.7252283,-15.78061294555664,12.703408241271973,5.898310661315918,168.13,2.8735676896772686,-0.057031250000000006,0.0,0.0,0.0,0.0,-12.981067385366291,9.02092460445159,4.0,0.24913627797307658
1757308826.8745277,-15.78061294555664,12.703408241271973,5.898310661315918,168.13,2.873875196378066,-0.060546875,0.0,0.0,0.0,0.0,-12.981067385366291,9.02092460445159,4.0,0.24913627797307658
1757308827.0274231,-15.78061294555664,12.703408241271973,5.898310661315918,168.13,2.8805158213780664,-0.05390625,0.0,0.0,0.0,0.0,-12.981067385366291,9.02092460445159,4.0,0.24913627797307658
1757308827.1788578,-15.783662796020508,12.71750259399414,6.124390602111816,168.41,2.877390821378066,-0.057031250000000006,0.0,0.0,0.0,0.0,-12.981067385366291,9.02092460445159,4.0,0.24913627797307658
1757308827.3246975,-15.823404312133789,12.816559791564941,7.274172306060791,169.75,2.8824979447640353,-0.0615234375,0.0,0.0,0.0,0.0,-12.981067385366291,9.02092460445159,4.0,0.24913627797307658
1757308827.475137,-15.823404312133789,12.816559791564941,7.274172306060791,169.75,2.894553199850802,-0.059765625,0.0,0.0,0.0,0.0,-12.981067385366291,9.02092460445159,4.0,0.24913627797307658
1757308827.6271396,-15.823404312133789,12.816559791564941,7.274172306060791,169.75,2.9138682802603744,-0.048828125,0.0,0.0,0.0,0.0,-12.981067385366291,9.02092460445159,4.0,0.24913627797307658
1757308827.774378,-15.823404312133789,12.816559791564941,7.274172306060791,169.75,2.9314464052603744,-0.03125,0.0,0.0,0.0,0.0,-12.981067385366291,9.02092460445159,4.0,0.24913627797307658
1757308827.9419124,-15.853890419006348,12.860339164733887,7.912838935852051,167.67,2.9363292177603744,-0.0263671875,0.0,0.0,0.0,0.0,-12.981067385366291,9.02092460445159,4.0,0.24913627797307658
1757308828.075521,-15.83764934539795,12.912996292114258,8.820586204528809,167.67,2.979451721110774,0.01640625,0.0,0.0,0.0,0.0,-12.981067385366291,9.02092460445159,4.0,0.24913627797307658
1757308828.2240946,-15.83764934539795,12.912996292114258,8.820586204528809,167.67,2.9974873068188925,0.07109375,0.0,0.0,0.0,0.0,-12.981067385366291,9.02092460445159,4.0,0.24913627797307658
1757308828.3748493,-15.83764934539795,12.912996292114258,8.820586204528809,167.67,3.0131123068188925,0.08671875000000001,0.0,0.0,0.0,0.0,-12.981067385366291,9.02092460445159,4.0,0.24913627797307658
1757308828.5252461,-15.83764934539795,12.912996292114258,8.820586204528809,167.67,3.0131123068188925,0.08671875000000001,0.0,0.0,0.0,0.0,-12.981067385366291,9.02092460445159,4.0,0.24913627797307658
1757308828.674519,-15.451772689819336,12.654460906982422,10.820165634155273,163.71,3.0131123068188925,0.08671875000000001,0.0,0.0,0.0,0.0,-12.981067385366291,9.02092460445159,4.0,0.24913627797307658
1757308828.8250356,-15.451772689819336,12.654460906982422,10.820165634155273,163.71,3.0131123068188925,0.08671875000000001,0.0,0.0,0.0,0.0,-12.981067385366291,9.02092460445159,4.0,0.24913627797307658
1757308828.976109,-15.451772689819336,12.654460906982422,10.820165634155273,163.71,3.0131123068188925,0.08671875000000001,0.0,0.0,0.0,0.0,-12.981067385366291,9.02092460445159,4.0,0.24913627797307658
1757308829.1275947,-15.451772689819336,12.654460906982422,10.820165634155273,163.71,3.0131123068188925,0.08671875000000001,0.0,0.0,0.0,0.0,-12.981067385366291,9.02092460445159,4.0,0.24913627797307658
1757308829.27474,-15.451772689819336,12.654460906982422,10.820165634155273,163.71,3.0131123068188925,0.08671875000000001,0.0,0.0,0.0,0.0,-12.981067385366291,9.02092460445159,4.0,0.24913627797307658
1757308829.425456,-15.277667045593262,12.346091270446777,12.274530410766602,163.84,3.0131123068188925,0.08671875000000001,0.0,0.0,0.0,0.0,-12.981067385366291,9.02092460445159,4.0,0.24913627797307658
1757308829.5745702,-15.277667045593262,12.346091270446777,12.274530410766602,163.84,3.0131123068188925,0.08671875000000001,0.0,0.0,0.0,0.0,-12.981067385366291,9.02092460445159,4.0,0.24913627797307658
1757308829.7256823,-15.277667045593262,12.346091270446777,12.274530410766602,163.84,3.0131123068188925,0.08671875000000001,0.0,0.0,0.0,0.0,-12.981067385366291,9.02092460445159,4.0,0.24913627797307658
1757308829.876503,-15.277667045593262,12.346091270446777,12.274530410766602,163.84,3.0131123068188925,0.08671875000000001,0.0,0.0,0.0,0.0,-12.981067385366291,9.02092460445159,4.0,0.24913627797307658
1757308830.0259435,-15.278055191040039,12.23153018951416,12.737317085266113,163.75,3.0131123068188925,0.08671875000000001,0.0,0.0,0.0,0.0,-12.981067385366291,9.02092460445159,4.0,0.24913627797307658
1757308830.175347,-15.361961364746094,12.056867599487305,13.608583450317383,167.45,3.0131123068188925,0.08671875000000001,0.0,0.0,0.0,0.0,-12.981067385366291,9.02092460445159,4.0,0.24913627797307658
1757308830.325671,-15.361961364746094,12.056867599487305,13.608583450317383,167.45,3.0131123068188925,0.08671875000000001,0.0,0.0,0.0,0.0,-12.981067385366291,9.02092460445159,4.0,0.24913627797307658
1757308830.475516,-15.361961364746094,12.056867599487305,13.608583450317383,167.45,3.0131123068188925,0.08671875000000001,0.0,0.0,0.0,0.0,-12.981067385366291,9.02092460445159,4.0,0.24913627797307658
1757308830.6245978,-15.361961364746094,12.056867599487305,13.608583450317383,167.45,3.0131123068188925,0.08671875000000001,0.0,0.0,0.0,0.0,-12.981067385366291,9.02092460445159,4.0,0.24913627797307658
1757308830.7764764,-15.509638786315918,11.955764770507812,14.561318397521973,166.53,3.0131123068188925,0.08671875000000001,0.0,0.0,0.0,0.0,-12.981067385366291,9.02092460445159,4.0,0.24913627797307658
1757308830.9259167,-15.509638786315918,11.955764770507812,14.561318397521973,166.53,3.0131123068188925,0.08671875000000001,0.0,0.0,0.0,0.0,-12.981067385366291,9.02092460445159,4.0,0.24913627797307658
1757308831.074952,-15.509638786315918,11.955764770507812,14.561318397521973,166.53,3.0131123068188925,0.08671875000000001,0.0,0.0,0.0,0.0,-12.981067385366291,9.02092460445159,4.0,0.24913627797307658
1757308831.2303574,-15.509638786315918,11.955764770507812,14.561318397521973,166.53,3.0131123068188925,0.08671875000000001,0.0,0.0,0.0,0.0,-12.981067385366291,9.02092460445159,4.0,0.24913627797307658
1757308831.3754299,-15.509638786315918,11.955764770507812,14.561318397521973,166.53,3.0131123068188925,0.08671875000000001,0.0,0.0,0.0,0.0,-12.981067385366291,9.02092460445159,4.0,0.24913627797307658
1757308831.5328152,-15.218719482421875,11.754158020019531,15.032072067260742,166.77,3.0131123068188925,0.08671875000000001,0.0,0.0,0.0,0.0,-12.981067385366291,9.02092460445159,4.0,0.24913627797307658
1757308831.6762266,-15.218719482421875,11.754158020019531,15.032072067260742,166.77,3.0131123068188925,0.08671875000000001,0.0,0.0,0.0,0.0,-12.981067385366291,9.02092460445159,4.0,0.24913627797307658
1757308831.8251884,-15.218719482421875,11.754158020019531,15.032072067260742,166.77,3.0131123068188925,0.08671875000000001,0.0,0.0,0.0,0.0,-12.981067385366291,9.02092460445159,4.0,0.24913627797307658
1757308831.9747176,-15.218719482421875,11.754158020019531,15.032072067260742,166.77,3.0131123068188925,0.08671875000000001,0.0,0.0,0.0,0.0,-12.981067385366291,9.02092460445159,4.0,0.24913627797307658
1757308832.1248066,-15.218719482421875,11.754158020019531,15.032072067260742,166.77,3.0131123068188925,0.08671875000000001,0.0,0.0,0.0,0.0,-12.981067385366291,9.02092460445159,4.0,0.24913627797307658
1757308832.2753448,-14.423640251159668,11.409158706665039,15.206042289733887,165.05,3.0131123068188925,0.08671875000000001,0.0,0.0,0.0,0.0,-12.981067385366291,9.02092460445159,4.0,0.24913627797307658
1757308832.42651,-14.423640251159668,11.409158706665039,15.206042289733887,165.05,3.0131123068188925,0.08671875000000001,0.0,0.0,0.0,0.0,-12.981067385366291,9.02092460445159,4.0,0.24913627797307658
1757308832.5747104,-14.423640251159668,11.409158706665039,15.206042289733887,165.05,3.0131123068188925,0.08671875000000001,0.0,0.0,0.0,0.0,-12.981067385366291,9.02092460445159,4.0,0.24913627797307658
1757308832.7251415,-14.423640251159668,11.409158706665039,15.206042289733887,165.05,3.0131123068188925,0.08671875000000001,0.0,0.0,0.0,0.0,-12.981067385366291,9.02092460445159,4.0,0.24913627797307658
1757308832.8750882,-12.875221252441406,10.551705360412598,15.235273361206055,167.78,3.0131123068188925,0.08671875000000001,0.0,0.0,0.0,0.0,-12.981067385366291,9.02092460445159,4.0,0.24913627797307658
1757308833.0269215,-12.875221252441406,10.551705360412598,15.235273361206055,167.78,3.0131123068188925,0.08671875000000001,0.0,0.0,0.0,0.0,-12.981067385366291,9.02092460445159,4.0,0.24913627797307658
1757308833.1750076,-12.875221252441406,10.551705360412598,15.235273361206055,167.78,3.0131123068188925,0.08671875000000001,0.0,0.0,0.0,0.0,-12.981067385366291,9.02092460445159,4.0,0.24913627797307658
1757308833.3270671,-12.875221252441406,10.551705360412598,15.235273361206055,167.78,3.0131123068188925,0.08671875000000001,0.0,0.0,0.0,0.0,-12.981067385366291,9.02092460445159,4.0,0.24913627797307658
1757308833.4751709,-12.875221252441406,10.551705360412598,15.235273361206055,167.78,3.0131123068188925,0.08671875000000001,0.0,0.0,0.0,0.0,-12.981067385366291,9.02092460445159,4.0,0.24913627797307658
1757308833.6251967,-10.086092948913574,9.028982162475586,15.323769569396973,169.78,3.0131123068188925,0.08671875000000001,0.0,0.0,0.0,0.0,-12.981067385366291,9.02092460445159,4.0,0.24913627797307658
1757308833.7753174,-10.086092948913574,9.028982162475586,15.323769569396973,169.78,3.0131123068188925,0.08671875000000001,0.0,0.0,0.0,0.0,-12.981067385366291,9.02092460445159,4.0,0.24913627797307658
1757308833.9259744,-10.086092948913574,9.028982162475586,15.323769569396973,169.78,3.0131123068188925,0.08671875000000001,0.0,0.0,0.0,0.0,-12.981067385366291,9.02092460445159,4.0,0.24913627797307658
1757308834.0751436,-10.086092948913574,9.028982162475586,15.323769569396973,169.78,3.0131123068188925,0.08671875000000001,0.0,0.0,0.0,0.0,-12.981067385366291,9.02092460445159,4.0,0.24913627797307658
1757308834.2250001,-10.086092948913574,9.028982162475586,15.323769569396973,169.78,3.0131123068188925,0.08671875000000001,0.0,0.0,0.0,0.0,-12.981067385366291,9.02092460445159,4.0,0.24913627797307658
1757308834.3753006,-7.58559513092041,7.308584213256836,15.397945404052734,169.96,3.0131123068188925,0.08671875000000001,0.0,0.0,0.0,0.0,-12.981067385366291,9.02092460445159,4.0,0.24913627797307658
1757308834.524479,-7.58559513092041,7.308584213256836,15.397945404052734,169.96,3.0131123068188925,0.08671875000000001,0.0,0.0,0.0,0.0,-12.981067385366291,9.02092460445159,4.0,0.24913627797307658
1757308834.674564,-7.58559513092041,7.308584213256836,15.397945404052734,169.96,3.0131123068188925,0.08671875000000001,0.0,0.0,0.0,0.0,-12.981067385366291,9.02092460445159,4.0,0.24913627797307658
1757308834.8260944,-7.58559513092041,7.308584213256836,15.397945404052734,169.96,3.0131123068188925,0.08671875000000001,0.0,0.0,0.0,0.0,-12.981067385366291,9.02092460445159,4.0,0.24913627797307658
1757308834.975853,-7.19304084777832,7.006636619567871,15.400059700012207,169.04,3.0131123068188925,0.08671875000000001,0.0,0.0,0.0,0.0,-12.981067385366291,9.02092460445159,4.0,0.24913627797307658
1757308835.126073,-5.339766502380371,5.415800094604492,15.447832107543945,169.11,3.0131123068188925,0.08671875000000001,0.0,0.0,0.0,0.0,-12.981067385366291,9.02092460445159,4.0,0.24913627797307658
1757308835.2747705,-5.339766502380371,5.415800094604492,15.447832107543945,169.11,3.0131123068188925,0.08671875000000001,0.0,0.0,0.0,0.0,-12.981067385366291,9.02092460445159,4.0,0.24913627797307658
1757308835.4303582,-5.339766502380371,5.415800094604492,15.447832107543945,169.11,3.0131123068188925,0.08671875000000001,0.0,0.0,0.0,0.0,-12.981067385366291,9.02092460445159,4.0,0.24913627797307658
1757308835.575413,-5.339766502380371,5.415800094604492,15.447832107543945,169.11,3.0131123068188925,0.08671875000000001,0.0,0.0,0.0,0.0,-12.981067385366291,9.02092460445159,4.0,0.24913627797307658
1757308835.7249007,-3.0486655235290527,3.4195704460144043,15.564334869384766,172.34,3.0131123068188925,0.08671875000000001,0.0,0.0,0.0,0.0,-12.981067385366291,9.02092460445159,4.0,0.24913627797307658
1757308835.8766735,-3.0486655235290527,3.4195704460144043,15.564334869384766,172.34,3.0131123068188925,0.08671875000000001,0.0,0.0,0.0,0.0,-12.981067385366291,9.02092460445159,4.0,0.24913627797307658
1757308836.0244668,-3.0486655235290527,3.4195704460144043,15.564334869384766,172.34,3.0131123068188925,0.08671875000000001,0.0,0.0,0.0,0.0,-12.981067385366291,9.02092460445159,4.0,0.24913627797307658
1757308836.1795673,-3.0486655235290527,3.4195704460144043,15.564334869384766,172.34,3.0131123068188925,0.08671875000000001,0.0,0.0,0.0,0.0,-12.981067385366291,9.02092460445159,4.0,0.24913627797307658
1757308836.3265772,-3.0486655235290527,3.4195704460144043,15.564334869384766,172.34,3.0131123068188925,0.08671875000000001,0.0,0.0,0.0,0.0,-12.981067385366291,9.02092460445159,4.0,0.24913627797307658
1757308836.4759123,-1.240980863571167,1.6803381443023682,15.547658920288086,170.88,3.0131123068188925,0.08671875000000001,0.0,0.0,0.0,0.0,-12.981067385366291,9.02092460445159,4.0,0.24913627797307658
1757308836.6252642,-1.240980863571167,1.6803381443023682,15.547658920288086,170.88,3.0131123068188925,0.08671875000000001,0.0,0.0,0.0,0.0,-12.981067385366291,9.02092460445159,4.0,0.24913627797307658
1757308836.7759686,-1.240980863571167,1.6803381443023682,15.547658920288086,170.88,3.0131123068188925,0.08671875000000001,0.0,0.0,0.0,0.0,-12.981067385366291,9.02092460445159,4.0,0.24913627797307658
1757308836.9271307,-1.240980863571167,1.6803381443023682,15.547658920288086,170.88,3.0131123068188925,0.08671875000000001,0.0,0.0,0.0,0.0,-12.981067385366291,9.02092460445159,4.0,0.24913627797307658
1757308837.0758457,-1.240980863571167,1.6803381443023682,15.547658920288086,170.88,3.0131123068188925,0.08671875000000001,0.0,0.0,0.0,0.0,-12.981067385366291,9.02092460445159,4.0,0.24913627797307658
1757308837.2261755,-0.2904679775238037,0.4207659959793091,15.508891105651855,173.14,3.0131123068188925,0.08671875000000001,0.0,0.0,0.0,0.0,-12.981067385366291,9.02092460445159,4.0,0.24913627797307658
1757308837.3745189,-0.2904679775238037,0.4207659959793091,15.508891105651855,173.14,3.0131123068188925,0.08671875000000001,0.0,0.0,0.0,0.0,-12.981067385366291,9.02092460445159,4.0,0.24913627797307658
1757308837.5275066,-0.2904679775238037,0.4207659959793091,15.508891105651855,173.14,3.0131123068188925,0.08671875000000001,0.0,0.0,0.0,0.0,-12.981067385366291,9.02092460445159,4.0,0.24913627797307658
1757308837.67472,-0.2904679775238037,0.4207659959793091,15.508891105651855,173.14,3.0131123068188925,0.08671875000000001,0.0,0.0,0.0,0.0,-12.981067385366291,9.02092460445159,4.0,0.24913627797307658
1757308837.8288825,-0.1547330617904663,0.06871640682220459,15.49654483795166,174.58,3.0131123068188925,0.08671875000000001,0.0,0.0,0.0,0.0,-12.981067385366291,9.02092460445159,4.0,0.24913627797307658
1757308837.977041,-0.08188927173614502,-0.2581573724746704,15.48465347290039,176.36,3.0131123068188925,0.08671875000000001,0.0,0.0,0.0,0.0,-12.981067385366291,9.02092460445159,4.0,0.24913627797307658
1757308838.1270874,-0.08188927173614502,-0.2581573724746704,15.48465347290039,176.36,3.0131123068188925,0.08671875000000001,0.0,0.0,0.0,0.0,-12.981067385366291,9.02092460445159,4.0,0.24913627797307658
1757308838.2752292,-0.08188927173614502,-0.2581573724746704,15.48465347290039,176.36,3.0131123068188925,0.08671875000000001,0.0,0.0,0.0,0.0,-12.981067385366291,9.02092460445159,4.0,0.24913627797307658
1757308838.425881,-0.08188927173614502,-0.2581573724746704,15.48465347290039,176.36,3.0131123068188925,0.08671875000000001,0.0,0.0,0.0,0.0,-12.981067385366291,9.02092460445159,4.0,0.24913627797307658
1757308838.575979,-0.02224910259246826,-0.3727138340473175,15.437235832214355,172.94,3.0131123068188925,0.08671875000000001,0.0,0.0,0.0,0.0,-12.981067385366291,9.02092460445159,4.0,0.24913627797307658
1757308838.7256622,-0.02224910259246826,-0.3727138340473175,15.437235832214355,172.94,3.0131123068188925,0.08671875000000001,0.0,0.0,0.0,0.0,-12.981067385366291,9.02092460445159,4.0,0.24913627797307658
1757308838.8756068,-0.02224910259246826,-0.3727138340473175,15.437235832214355,172.94,3.0131123068188925,0.08671875000000001,0.0,0.0,0.0,0.0,-12.981067385366291,9.02092460445159,4.0,0.24913627797307658
1757308839.0250347,-0.02224910259246826,-0.3727138340473175,15.437235832214355,172.94,3.0131123068188925,0.08671875000000001,0.0,0.0,0.0,0.0,-12.981067385366291,9.02092460445159,4.0,0.24913627797307658
1757308839.1750243,-0.02224910259246826,-0.3727138340473175,15.437235832214355,172.94,3.0131123068188925,0.08671875000000001,0.0,0.0,0.0,0.0,-12.981067385366291,9.02092460445159,4.0,0.24913627797307658
1757308839.326236,-0.012304440140724182,-0.16055458784103394,15.353730201721191,169.3,3.0131123068188925,0.08671875000000001,0.0,0.0,0.0,0.0,-12.981067385366291,9.02092460445159,4.0,0.24913627797307658
1757308839.4761286,-0.012304440140724182,-0.16055458784103394,15.353730201721191,169.3,3.0131123068188925,0.08671875000000001,0.0,0.0,0.0,0.0,-12.981067385366291,9.02092460445159,4.0,0.24913627797307658
1757308839.6246705,-0.012304440140724182,-0.16055458784103394,15.353730201721191,169.3,3.0131123068188925,0.08671875000000001,0.0,0.0,0.0,0.0,-12.981067385366291,9.02092460445159,4.0,0.24913627797307658
1757308839.7756324,-0.012304440140724182,-0.16055458784103394,15.353730201721191,169.3,3.0131123068188925,0.08671875000000001,0.0,0.0,0.0,0.0,-12.981067385366291,9.02092460445159,4.0,0.24913627797307658
1757308839.9244974,-0.012304440140724182,-0.16055458784103394,15.353730201721191,169.3,3.0131123068188925,0.08671875000000001,0.0,0.0,0.0,0.0,-12.981067385366291,9.02092460445159,4.0,0.24913627797307658
1757308840.0746052,0.23655369877815247,-0.037194542586803436,15.264967918395996,170.02,3.0131123068188925,0.08671875000000001,0.0,0.0,0.0,0.0,-12.981067385366291,9.02092460445159,4.0,0.24913627797307658
1757308840.2246115,0.23655369877815247,-0.037194542586803436,15.264967918395996,170.02,3.0131123068188925,0.08671875000000001,0.0,0.0,0.0,0.0,-12.981067385366291,9.02092460445159,4.0,0.24913627797307658
1757308840.375919,0.23655369877815247,-0.037194542586803436,15.264967918395996,170.02,3.0131123068188925,0.08671875000000001,0.0,0.0,0.0,0.0,-12.981067385366291,9.02092460445159,4.0,0.24913627797307658
1757308840.525318,0.23655369877815247,-0.037194542586803436,15.264967918395996,170.02,3.0131123068188925,0.08671875000000001,0.0,0.0,0.0,0.0,-12.981067385366291,9.02092460445159,4.0,0.24913627797307658
1757308840.6827762,0.30986344814300537,0.05629812180995941,15.265621185302734,172.38,3.0131123068188925,0.08671875000000001,0.0,0.0,0.0,0.0,-12.981067385366291,9.02092460445159,4.0,0.24913627797307658
1757308840.8297668,0.3657989501953125,0.1866602897644043,15.287640571594238,172.51,3.0131123068188925,0.08671875000000001,0.0,0.0,0.0,0.0,-12.981067385366291,9.02092460445159,4.0,0.24913627797307658
1757308840.9780915,0.3657989501953125,0.1866602897644043,15.287640571594238,172.51,3.0131123068188925,0.08671875000000001,0.0,0.0,0.0,0.0,-12.981067385366291,9.02092460445159,4.0,0.24913627797307658
1757308841.1255736,0.3657989501953125,0.1866602897644043,15.287640571594238,172.51,3.0131123068188925,0.08671875000000001,0.0,0.0,0.0,0.0,-12.981067385366291,9.02092460445159,4.0,0.24913627797307658
1757308841.275901,0.3657989501953125,0.1866602897644043,15.287640571594238,172.51,3.0131123068188925,0.08671875000000001,0.0,0.0,0.0,0.0,-12.981067385366291,9.02092460445159,4.0,0.24913627797307658
1757308841.424666,0.4162081182003021,0.3430064618587494,15.369622230529785,171.46,3.0131123068188925,0.08671875000000001,0.0,0.0,0.0,0.0,-12.981067385366291,9.02092460445159,4.0,0.24913627797307658
1757308841.5751011,0.4162081182003021,0.3430064618587494,15.369622230529785,171.46,3.0131123068188925,0.08671875000000001,0.0,0.0,0.0,0.0,-12.981067385366291,9.02092460445159,4.0,0.24913627797307658
1757308841.7252378,0.4162081182003021,0.3430064618587494,15.369622230529785,171.46,3.0131123068188925,0.08671875000000001,0.0,0.0,0.0,0.0,-12.981067385366291,9.02092460445159,4.0,0.24913627797307658
1757308841.8751762,0.4162081182003021,0.3430064618587494,15.369622230529785,171.46,3.0131123068188925,0.08671875000000001,0.0,0.0,0.0,0.0,-12.981067385366291,9.02092460445159,4.0,0.24913627797307658
1757308842.024923,0.4162081182003021,0.3430064618587494,15.369622230529785,171.46,3.0131123068188925,0.08671875000000001,0.0,0.0,0.0,0.0,-12.981067385366291,9.02092460445159,4.0,0.24913627797307658
1757308842.1759977,0.5396567583084106,0.38171419501304626,15.400288581848145,172.12,3.0131123068188925,0.08671875000000001,0.0,0.0,0.0,0.0,-12.981067385366291,9.02092460445159,4.0,0.24913627797307658
1757308842.332501,0.5396567583084106,0.38171419501304626,15.400288581848145,172.12,3.0131123068188925,0.08671875000000001,0.0,0.0,0.0,0.0,-12.981067385366291,9.02092460445159,4.0,0.24913627797307658
1757308842.4775038,0.5396567583084106,0.38171419501304626,15.400288581848145,172.12,3.0131123068188925,0.08671875000000001,0.0,0.0,0.0,0.0,-12.981067385366291,9.02092460445159,4.0,0.24913627797307658
1757308842.6265662,0.5396567583084106,0.38171419501304626,15.400288581848145,172.12,3.0131123068188925,0.08671875000000001,0.0,0.0,0.0,0.0,-12.981067385366291,9.02092460445159,4.0,0.24913627797307658
1757308842.774409,0.5396567583084106,0.38171419501304626,15.400288581848145,172.12,3.0131123068188925,0.08671875000000001,0.0,0.0,0.0,0.0,-12.981067385366291,9.02092460445159,4.0,0.24913627797307658
1757308842.92507,0.6128657460212708,0.45165103673934937,15.512310981750488,169.74,3.0131123068188925,0.08671875000000001,0.0,0.0,0.0,0.0,-12.981067385366291,9.02092460445159,4.0,0.24913627797307658
1757308843.076015,0.6128657460212708,0.45165103673934937,15.512310981750488,169.74,3.0131123068188925,0.08671875000000001,0.0,0.0,0.0,0.0,-12.981067385366291,9.02092460445159,4.0,0.24913627797307658
1757308843.2250237,0.6128657460212708,0.45165103673934937,15.512310981750488,169.74,3.0131123068188925,0.08671875000000001,0.0,0.0,0.0,0.0,-12.981067385366291,9.02092460445159,4.0,0.24913627797307658
1757308843.3758857,0.6128657460212708,0.45165103673934937,15.512310981750488,169.74,3.0131123068188925,0.08671875000000001,0.0,0.0,0.0,0.0,-12.981067385366291,9.02092460445159,4.0,0.24913627797307658
1757308843.5286493,0.6659618616104126,0.46806007623672485,15.544332504272461,168.54,3.0131123068188925,0.08671875000000001,0.0,0.0,0.0,0.0,-12.981067385366291,9.02092460445159,4.0,0.24913627797307658
1757308843.6746051,0.7087149620056152,0.44514021277427673,15.563456535339355,166.1,3.0131123068188925,0.08671875000000001,0.0,0.0,0.0,0.0,-12.981067385366291,9.02092460445159,4.0,0.24913627797307658
1757308843.8251054,0.7087149620056152,0.44514021277427673,15.563456535339355,166.1,3.0131123068188925,0.08671875000000001,0.0,0.0,0.0,0.0,-12.981067385366291,9.02092460445159,4.0,0.24913627797307658
1757308843.9761806,0.7087149620056152,0.44514021277427673,15.563456535339355,166.1,3.0131123068188925,0.08671875000000001,0.0,0.0,0.0,0.0,-12.981067385366291,9.02092460445159,4.0,0.24913627797307658
1757308844.1256835,0.7087149620056152,0.44514021277427673,15.563456535339355,166.1,3.0131123068188925,0.08671875000000001,0.0,0.0,0.0,0.0,-12.981067385366291,9.02092460445159,4.0,0.24913627797307658
1757308844.2746315,0.7256948947906494,0.375823974609375,15.577285766601562,163.82,3.0131123068188925,0.08671875000000001,0.0,0.0,0.0,0.0,-12.981067385366291,9.02092460445159,4.0,0.24913627797307658
1757308844.424768,0.7256948947906494,0.375823974609375,15.577285766601562,163.82,3.0131123068188925,0.08671875000000001,0.0,0.0,0.0,0.0,-12.981067385366291,9.02092460445159,4.0,0.24913627797307658
1757308844.5771182,0.7256948947906494,0.375823974609375,15.577285766601562,163.82,3.0131123068188925,0.08671875000000001,0.0,0.0,0.0,0.0,-12.981067385366291,9.02092460445159,4.0,0.24913627797307658
1757308844.7264564,0.7256948947906494,0.375823974609375,15.577285766601562,163.82,3.0131123068188925,0.08671875000000001,0.0,0.0,0.0,0.0,-12.981067385366291,9.02092460445159,4.0,0.24913627797307658
1757308844.8780923,0.7256948947906494,0.375823974609375,15.577285766601562,163.82,3.0131123068188925,0.08671875000000001,0.0,0.0,0.0,0.0,-12.981067385366291,9.02092460445159,4.0,0.24913627797307658
1757308845.0252233,0.6320043206214905,0.2646059989929199,15.236320495605469,165.69,3.0131123068188925,0.08671875000000001,0.0,0.0,0.0,0.0,-12.981067385366291,9.02092460445159,4.0,0.24913627797307658
1757308845.1754937,0.6320043206214905,0.2646059989929199,15.236320495605469,165.69,3.0131123068188925,0.08671875000000001,0.0,0.0,0.0,0.0,-12.981067385366291,9.02092460445159,4.0,0.24913627797307658
1757308845.324824,0.6320043206214905,0.2646059989929199,15.236320495605469,165.69,3.0131123068188925,0.08671875000000001,0.0,0.0,0.0,0.0,-12.981067385366291,9.02092460445159,4.0,0.24913627797307658
1757308845.4753685,0.6320043206214905,0.2646059989929199,15.236320495605469,165.69,3.0131123068188925,0.08671875000000001,0.0,0.0,0.0,0.0,-12.981067385366291,9.02092460445159,4.0,0.24913627797307658
1757308845.6261623,0.6320043206214905,0.2646059989929199,15.236320495605469,165.69,3.0131123068188925,0.08671875000000001,0.0,0.0,0.0,0.0,-12.981067385366291,9.02092460445159,4.0,0.24913627797307658
1757308845.7742758,0.5049912929534912,0.20690326392650604,14.487570762634277,166.67,3.0131123068188925,0.08671875000000001,0.0,0.0,0.0,0.0,-12.981067385366291,9.02092460445159,4.0,0.24913627797307658
1757308845.9245539,0.5049912929534912,0.20690326392650604,14.487570762634277,166.67,3.0131123068188925,0.08671875000000001,0.0,0.0,0.0,0.0,-12.981067385366291,9.02092460445159,4.0,0.24913627797307658
1757308846.0749476,0.5049912929534912,0.20690326392650604,14.487570762634277,166.67,3.0131123068188925,0.08671875000000001,0.0,0.0,0.0,0.0,-12.981067385366291,9.02092460445159,4.0,0.24913627797307658
1757308846.2266972,0.5049912929534912,0.20690326392650604,14.487570762634277,166.67,3.0131123068188925,0.08671875000000001,0.0,0.0,0.0,0.0,-12.981067385366291,9.02092460445159,4.0,0.24913627797307658
1757308846.3742356,0.4912058115005493,0.19540831446647644,13.784395217895508,167.82,3.0131123068188925,0.08671875000000001,0.0,0.0,0.0,0.0,-12.981067385366291,9.02092460445159,4.0,0.24913627797307658
1757308846.524582,0.5046933889389038,0.18317601084709167,13.628819465637207,167.82,3.0131123068188925,0.08671875000000001,0.0,0.0,0.0,0.0,-12.981067385366291,9.02092460445159,4.0,0.24913627797307658
1757308846.6750407,0.5046933889389038,0.18317601084709167,13.628819465637207,167.82,3.0131123068188925,0.08671875000000001,0.0,0.0,0.0,0.0,-12.981067385366291,9.02092460445159,4.0,0.24913627797307658
1757308846.825568,0.5046933889389038,0.18317601084709167,13.628819465637207,167.82,3.0131123068188925,0.08671875000000001,0.0,0.0,0.0,0.0,-12.981067385366291,9.02092460445159,4.0,0.24913627797307658
1757308846.9746552,0.5046933889389038,0.18317601084709167,13.628819465637207,167.82,3.0131123068188925,0.08671875000000001,0.0,0.0,0.0,0.0,-12.981067385366291,9.02092460445159,4.0,0.24913627797307658
1757308847.125047,0.5820900797843933,0.18939994275569916,12.55424690246582,169.26,3.0131123068188925,0.08671875000000001,0.0,0.0,0.0,0.0,-12.981067385366291,9.02092460445159,4.0,0.24913627797307658
1757308847.274503,0.5820900797843933,0.18939994275569916,12.55424690246582,169.26,3.0131123068188925,0.08671875000000001,0.0,0.0,0.0,0.0,-12.981067385366291,9.02092460445159,4.0,0.24913627797307658
1757308847.4261346,0.5820900797843933,0.18939994275569916,12.55424690246582,169.26,3.0131123068188925,0.08671875000000001,0.0,0.0,0.0,0.0,-12.981067385366291,9.02092460445159,4.0,0.24913627797307658
1757308847.5759625,0.5820900797843933,0.18939994275569916,12.55424690246582,169.26,3.0131123068188925,0.08671875000000001,0.0,0.0,0.0,0.0,-12.981067385366291,9.02092460445159,4.0,0.24913627797307658
1757308847.725446,0.5820900797843933,0.18939994275569916,12.55424690246582,169.26,3.0131123068188925,0.08671875000000001,0.0,0.0,0.0,0.0,-12.981067385366291,9.02092460445159,4.0,0.24913627797307658
1757308847.8756948,0.5082747936248779,0.35323065519332886,11.315587997436523,170.55,3.0131123068188925,0.08671875000000001,0.0,0.0,0.0,0.0,-12.981067385366291,9.02092460445159,4.0,0.24913627797307658
1757308848.0272603,0.5082747936248779,0.35323065519332886,11.315587997436523,170.55,3.0131123068188925,0.08671875000000001,0.0,0.0,0.0,0.0,-12.981067385366291,9.02092460445159,4.0,0.24913627797307658
1757308848.1763425,0.5082747936248779,0.35323065519332886,11.315587997436523,170.55,3.0131123068188925,0.08671875000000001,0.0,0.0,0.0,0.0,-12.981067385366291,9.02092460445159,4.0,0.24913627797307658
1757308848.327958,0.5082747936248779,0.35323065519332886,11.315587997436523,170.55,3.0131123068188925,0.08671875000000001,0.0,0.0,0.0,0.0,-12.981067385366291,9.02092460445159,4.0,0.24913627797307658
1757308848.4801435,0.4999440312385559,0.3647192716598511,11.268233299255371,171.5,3.0131123068188925,0.08671875000000001,0.0,0.0,0.0,0.0,-12.981067385366291,9.02092460445159,4.0,0.24913627797307658
1757308848.6252563,0.6355284452438354,0.5217728614807129,10.575016021728516,177.66,3.0131123068188925,0.08671875000000001,0.0,0.0,0.0,0.0,-12.981067385366291,9.02092460445159,4.0,0.24913627797307658
1757308848.7779884,0.6355284452438354,0.5217728614807129,10.575016021728516,177.66,3.0131123068188925,0.08671875000000001,0.0,0.0,0.0,0.0,-12.981067385366291,9.02092460445159,4.0,0.24913627797307658
1757308848.9279983,0.6355284452438354,0.5217728614807129,10.575016021728516,177.66,3.0131123068188925,0.08671875000000001,0.0,0.0,0.0,0.0,-12.981067385366291,9.02092460445159,4.0,0.24913627797307658
1757308849.0752313,0.6355284452438354,0.5217728614807129,10.575016021728516,177.66,3.0131123068188925,0.08671875000000001,0.0,0.0,0.0,0.0,-12.981067385366291,9.02092460445159,4.0,0.24913627797307658
1757308849.2247667,0.9060416221618652,0.6380783319473267,10.144183158874512,171.69,3.0131123068188925,0.08671875000000001,0.0,0.0,0.0,0.0,-12.981067385366291,9.02092460445159,4.0,0.24913627797307658
1757308849.374989,0.9060416221618652,0.6380783319473267,10.144183158874512,171.69,3.0131123068188925,0.08671875000000001,0.0,0.0,0.0,0.0,-12.981067385366291,9.02092460445159,4.0,0.24913627797307658
1757308849.5260355,0.9060416221618652,0.6380783319473267,10.144183158874512,171.69,3.0131123068188925,0.08671875000000001,0.0,0.0,0.0,0.0,-12.981067385366291,9.02092460445159,4.0,0.24913627797307658
1757308849.6752317,0.9060416221618652,0.6380783319473267,10.144183158874512,171.69,3.0131123068188925,0.08671875000000001,0.0,0.0,0.0,0.0,-12.981067385366291,9.02092460445159,4.0,0.24913627797307658
1757308849.8248696,0.9060416221618652,0.6380783319473267,10.144183158874512,171.69,3.0131123068188925,0.08671875000000001,0.0,0.0,0.0,0.0,-12.981067385366291,9.02092460445159,4.0,0.24913627797307658
1757308849.974749,0.8946552276611328,0.6233278512954712,9.692253112792969,165.13,3.0131123068188925,0.08671875000000001,0.0,0.0,0.0,0.0,-12.981067385366291,9.02092460445159,4.0,0.24913627797307658
1757308850.1276765,0.8946552276611328,0.6233278512954712,9.692253112792969,165.13,3.0131123068188925,0.08671875000000001,0.0,0.0,0.0,0.0,-12.981067385366291,9.02092460445159,4.0,0.24913627797307658
1757308850.2769215,0.8946552276611328,0.6233278512954712,9.692253112792969,165.13,3.0131123068188925,0.08671875000000001,0.0,0.0,0.0,0.0,-12.981067385366291,9.02092460445159,4.0,0.24913627797307658
1757308850.4250996,0.8946552276611328,0.6233278512954712,9.692253112792969,165.13,3.0131123068188925,0.08671875000000001,0.0,0.0,0.0,0.0,-12.981067385366291,9.02092460445159,4.0,0.24913627797307658
1757308850.5754588,0.8946552276611328,0.6233278512954712,9.692253112792969,165.13,3.0131123068188925,0.08671875000000001,0.0,0.0,0.0,0.0,-12.981067385366291,9.02092460445159,4.0,0.24913627797307658
1757308850.7261374,0.5508840084075928,0.4471014440059662,9.303178787231445,171.84,3.0131123068188925,0.08671875000000001,0.0,0.0,0.0,0.0,-12.981067385366291,9.02092460445159,4.0,0.24913627797307658
1757308850.8775833,0.5508840084075928,0.4471014440059662,9.303178787231445,171.84,3.0131123068188925,0.08671875000000001,0.0,0.0,0.0,0.0,-12.981067385366291,9.02092460445159,4.0,0.24913627797307658
1757308851.0279915,0.5508840084075928,0.4471014440059662,9.303178787231445,171.84,3.0131123068188925,0.08671875000000001,0.0,0.0,0.0,0.0,-12.981067385366291,9.02092460445159,4.0,0.24913627797307658
1757308851.1769712,0.5508840084075928,0.4471014440059662,9.303178787231445,171.84,3.0131123068188925,0.08671875000000001,0.0,0.0,0.0,0.0,-12.981067385366291,9.02092460445159,4.0,0.24913627797307658
1757308851.3310153,0.5288026928901672,0.41991114616394043,9.232975006103516,172.94,3.0131123068188925,0.08671875000000001,0.0,0.0,0.0,0.0,-12.981067385366291,9.02092460445159,4.0,0.24913627797307658
1757308851.4750886,0.5019842386245728,0.352206289768219,8.920764923095703,173.88,3.0131123068188925,0.08671875000000001,0.0,0.0,0.0,0.0,-12.981067385366291,9.02092460445159,4.0,0.24913627797307658
1757308851.6279552,0.5019842386245728,0.352206289768219,8.920764923095703,173.88,3.0131123068188925,0.08671875000000001,0.0,0.0,0.0,0.0,-12.981067385366291,9.02092460445159,4.0,0.24913627797307658
1757308851.780392,0.5019842386245728,0.352206289768219,8.920764923095703,173.88,3.0131123068188925,0.08671875000000001,0.0,0.0,0.0,0.0,-12.981067385366291,9.02092460445159,4.0,0.24913627797307658
1757308851.9266603,0.5019842386245728,0.352206289768219,8.920764923095703,173.88,3.0131123068188925,0.08671875000000001,0.0,0.0,0.0,0.0,-12.981067385366291,9.02092460445159,4.0,0.24913627797307658
1757308852.079019,0.2854882478713989,0.31714245676994324,8.65888786315918,170.38,3.0131123068188925,0.08671875000000001,0.0,0.0,0.0,0.0,-12.981067385366291,9.02092460445159,4.0,0.24913627797307658
1757308852.2259922,0.20732608437538147,0.2952909469604492,8.617852210998535,170.38,3.0131123068188925,0.08671875000000001,0.0,0.0,0.0,0.0,-12.981067385366291,9.02092460445159,4.0,0.24913627797307658
1757308852.3789365,0.20732608437538147,0.2952909469604492,8.617852210998535,170.38,3.0131123068188925,0.08671875000000001,0.0,0.0,0.0,0.0,-12.981067385366291,9.02092460445159,4.0,0.24913627797307658
1757308852.5252688,0.20732608437538147,0.2952909469604492,8.617852210998535,170.38,3.0131123068188925,0.08671875000000001,0.0,0.0,0.0,0.0,-12.981067385366291,9.02092460445159,4.0,0.24913627797307658
1757308852.6756525,0.20732608437538147,0.2952909469604492,8.617852210998535,170.38,3.0131123068188925,0.08671875000000001,0.0,0.0,0.0,0.0,-12.981067385366291,9.02092460445159,4.0,0.24913627797307658
1757308852.8256447,-0.14791661500930786,0.1930844485759735,8.280472755432129,169.68,3.0131123068188925,0.08671875000000001,0.0,0.0,0.0,0.0,-12.981067385366291,9.02092460445159,4.0,0.24913627797307658
1757308852.9758372,-0.14791661500930786,0.1930844485759735,8.280472755432129,169.68,3.0131123068188925,0.08671875000000001,0.0,0.0,0.0,0.0,-12.981067385366291,9.02092460445159,4.0,0.24913627797307658
1757308853.128144,-0.14791661500930786,0.1930844485759735,8.280472755432129,169.68,3.0131123068188925,0.08671875000000001,0.0,0.0,0.0,0.0,-12.981067385366291,9.02092460445159,4.0,0.24913627797307658
1757308853.2761889,-0.14791661500930786,0.1930844485759735,8.280472755432129,169.68,3.0131123068188925,0.08671875000000001,0.0,0.0,0.0,0.0,-12.981067385366291,9.02092460445159,4.0,0.24913627797307658
1757308853.4303076,-0.14791661500930786,0.1930844485759735,8.280472755432129,169.68,3.0131123068188925,0.08671875000000001,0.0,0.0,0.0,0.0,-12.981067385366291,9.02092460445159,4.0,0.24913627797307658
1757308853.5751042,-0.21244841814041138,0.12761934101581573,7.951614856719971,170.54,3.0131123068188925,0.08671875000000001,0.0,0.0,0.0,0.0,-12.981067385366291,9.02092460445159,4.0,0.24913627797307658
1757308853.7253416,-0.21244841814041138,0.12761934101581573,7.951614856719971,170.54,3.0131123068188925,0.08671875000000001,0.0,0.0,0.0,0.0,-12.981067385366291,9.02092460445159,4.0,0.24913627797307658
1757308853.8754895,-0.21244841814041138,0.12761934101581573,7.951614856719971,170.54,3.0131123068188925,0.08671875000000001,0.0,0.0,0.0,0.0,-12.981067385366291,9.02092460445159,4.0,0.24913627797307658
1757308854.026736,-0.21244841814041138,0.12761934101581573,7.951614856719971,170.54,3.0131123068188925,0.08671875000000001,0.0,0.0,0.0,0.0,-12.981067385366291,9.02092460445159,4.0,0.24913627797307658
1757308854.183848,-0.21286603808403015,0.1278378665447235,7.906835079193115,170.42,3.0131123068188925,0.08671875000000001,0.0,0.0,0.0,0.0,-12.981067385366291,9.02092460445159,4.0,0.24913627797307658
1757308854.3255208,-0.20696282386779785,0.14740301668643951,7.51708459854126,166.83,3.0131123068188925,0.08671875000000001,0.0,0.0,0.0,0.0,-12.981067385366291,9.02092460445159,4.0,0.24913627797307658
1757308854.4751866,-0.20696282386779785,0.14740301668643951,7.51708459854126,166.83,3.0131123068188925,0.08671875000000001,0.0,0.0,0.0,0.0,-12.981067385366291,9.02092460445159,4.0,0.24913627797307658
1757308854.627497,-0.20696282386779785,0.14740301668643951,7.51708459854126,166.83,3.0131123068188925,0.08671875000000001,0.0,0.0,0.0,0.0,-12.981067385366291,9.02092460445159,4.0,0.24913627797307658
1757308854.7766137,-0.20696282386779785,0.14740301668643951,7.51708459854126,166.83,3.0131123068188925,0.08671875000000001,0.0,0.0,0.0,0.0,-12.981067385366291,9.02092460445159,4.0,0.24913627797307658
1757308854.9252253,-0.28652718663215637,0.10801950097084045,7.243513584136963,170.25,3.0131123068188925,0.08671875000000001,0.0,0.0,0.0,0.0,-12.981067385366291,9.02092460445159,4.0,0.24913627797307658
1757308855.075447,-0.28652718663215637,0.10801950097084045,7.243513584136963,170.25,3.0131123068188925,0.08671875000000001,0.0,0.0,0.0,0.0,-12.981067385366291,9.02092460445159,4.0,0.24913627797307658
1757308855.2270448,-0.28652718663215637,0.10801950097084045,7.243513584136963,170.25,3.0131123068188925,0.08671875000000001,0.0,0.0,0.0,0.0,-12.981067385366291,9.02092460445159,4.0,0.24913627797307658
1757308855.3749878,-0.28652718663215637,0.10801950097084045,7.243513584136963,170.25,3.0131123068188925,0.08671875000000001,0.0,0.0,0.0,0.0,-12.981067385366291,9.02092460445159,4.0,0.24913627797307658
1757308855.5260584,-0.28652718663215637,0.10801950097084045,7.243513584136963,170.25,3.0131123068188925,0.08671875000000001,0.0,0.0,0.0,0.0,-12.981067385366291,9.02092460445159,4.0,0.24913627797307658
1757308855.6784754,-0.36978477239608765,0.06892301142215729,6.932455062866211,173.29,3.0131123068188925,0.08671875000000001,0.0,0.0,0.0,0.0,-12.981067385366291,9.02092460445159,4.0,0.24913627797307658
1757308855.8264854,-0.36978477239608765,0.06892301142215729,6.932455062866211,173.29,3.0131123068188925,0.08671875000000001,0.0,0.0,0.0,0.0,-12.981067385366291,9.02092460445159,4.0,0.24913627797307658
1757308855.9759066,-0.36978477239608765,0.06892301142215729,6.932455062866211,173.29,3.0131123068188925,0.08671875000000001,0.0,0.0,0.0,0.0,-12.981067385366291,9.02092460445159,4.0,0.24913627797307658
1757308856.1303492,-0.36978477239608765,0.06892301142215729,6.932455062866211,173.29,3.0131123068188925,0.08671875000000001,0.0,0.0,0.0,0.0,-12.981067385366291,9.02092460445159,4.0,0.24913627797307658
1757308856.2774959,-0.36978477239608765,0.06892301142215729,6.932455062866211,173.29,3.0131123068188925,0.08671875000000001,0.0,0.0,0.0,0.0,-12.981067385366291,9.02092460445159,4.0,0.24913627797307658
1757308856.4246778,-0.38835635781288147,0.13614705204963684,6.668615818023682,170.63,3.0131123068188925,0.08671875000000001,0.0,0.0,0.0,0.0,-12.981067385366291,9.02092460445159,4.0,0.24913627797307658
1757308856.574889,-0.38835635781288147,0.13614705204963684,6.668615818023682,170.63,3.0131123068188925,0.08671875000000001,0.0,0.0,0.0,0.0,-12.981067385366291,9.02092460445159,4.0,0.24913627797307658
1757308856.725285,-0.38835635781288147,0.13614705204963684,6.668615818023682,170.63,3.0131123068188925,0.08671875000000001,0.0,0.0,0.0,0.0,-12.981067385366291,9.02092460445159,4.0,0.24913627797307658
1757308856.8754327,-0.38835635781288147,0.13614705204963684,6.668615818023682,170.63,3.0131123068188925,0.08671875000000001,0.0,0.0,0.0,0.0,-12.981067385366291,9.02092460445159,4.0,0.24913627797307658
1757308857.03296,-0.3900735676288605,0.13957443833351135,6.634281635284424,170.08,3.0131123068188925,0.08671875000000001,0.0,0.0,0.0,0.0,-12.981067385366291,9.02092460445159,4.0,0.24913627797307658
1757308857.1775467,-0.3243388235569,0.16939355432987213,6.368154048919678,169.38,3.0131123068188925,0.08671875000000001,0.0,0.0,0.0,0.0,-12.981067385366291,9.02092460445159,4.0,0.24913627797307658
1757308857.327351,-0.3243388235569,0.16939355432987213,6.368154048919678,169.38,3.0131123068188925,0.08671875000000001,0.0,0.0,0.0,0.0,-12.981067385366291,9.02092460445159,4.0,0.24913627797307658
1757308857.4756238,-0.3243388235569,0.16939355432987213,6.368154048919678,169.38,3.0131123068188925,0.08671875000000001,0.0,0.0,0.0,0.0,-12.981067385366291,9.02092460445159,4.0,0.24913627797307658
1757308857.6249523,-0.3243388235569,0.16939355432987213,6.368154048919678,169.38,3.0131123068188925,0.08671875000000001,0.0,0.0,0.0,0.0,-12.981067385366291,9.02092460445159,4.0,0.24913627797307658
1757308857.7751915,-0.12126105278730392,0.12495458871126175,6.022884845733643,168.23,3.0131123068188925,0.08671875000000001,0.0,0.0,0.0,0.0,-12.981067385366291,9.02092460445159,4.0,0.24913627797307658
1757308857.9265306,-0.12126105278730392,0.12495458871126175,6.022884845733643,168.23,3.0131123068188925,0.08671875000000001,0.0,0.0,0.0,0.0,-12.981067385366291,9.02092460445159,4.0,0.24913627797307658
1757308858.076538,-0.12126105278730392,0.12495458871126175,6.022884845733643,168.23,3.0131123068188925,0.08671875000000001,0.0,0.0,0.0,0.0,-12.981067385366291,9.02092460445159,4.0,0.24913627797307658
1757308858.2253122,-0.12126105278730392,0.12495458871126175,6.022884845733643,168.23,3.0131123068188925,0.08671875000000001,0.0,0.0,0.0,0.0,-12.981067385366291,9.02092460445159,4.0,0.24913627797307658
1757308858.3763282,-0.12126105278730392,0.12495458871126175,6.022884845733643,168.23,3.0131123068188925,0.08671875000000001,0.0,0.0,0.0,0.0,-12.981067385366291,9.02092460445159,4.0,0.24913627797307658
1757308858.5250216,-0.037063732743263245,0.18465954065322876,5.647180080413818,190.04,3.0131123068188925,0.08671875000000001,0.0,0.0,0.0,0.0,-12.981067385366291,9.02092460445159,4.0,0.24913627797307658
1757308858.6746557,-0.037063732743263245,0.18465954065322876,5.647180080413818,190.04,3.0131123068188925,0.08671875000000001,0.0,0.0,0.0,0.0,-12.981067385366291,9.02092460445159,4.0,0.24913627797307658
1757308858.824998,-0.037063732743263245,0.18465954065322876,5.647180080413818,190.04,3.0131123068188925,0.08671875000000001,0.0,0.0,0.0,0.0,-12.981067385366291,9.02092460445159,4.0,0.24913627797307658
1757308858.9764216,-0.037063732743263245,0.18465954065322876,5.647180080413818,190.04,3.0131123068188925,0.08671875000000001,0.0,0.0,0.0,0.0,-12.981067385366291,9.02092460445159,4.0,0.24913627797307658
1757308859.126807,-0.03613142669200897,0.18457326292991638,5.632250785827637,201.88,2.9414208784587736,-0.37540283203125,0.0,0.0,0.0,0.0,-12.981067385366291,9.02092460445159,4.0,0.24913627797307658
1757308859.2745585,-0.002273697406053543,0.18291771411895752,5.28664493560791,247.09,2.9414208784587736,-0.37540283203125,0.0,0.0,0.0,0.0,-12.981067385366291,9.02092460445159,4.0,0.24913627797307658
1757308859.4257321,-0.002273697406053543,0.18291771411895752,5.28664493560791,247.09,2.9414208784587736,-0.37540283203125,0.0,0.0,0.0,0.0,-12.981067385366291,9.02092460445159,4.0,0.24913627797307658
1757308859.5755746,-0.002273697406053543,0.18291771411895752,5.28664493560791,247.09,2.9414208784587736,-0.37540283203125,0.0,0.0,0.0,0.0,-12.981067385366291,9.02092460445159,4.0,0.24913627797307658
1757308859.7279215,-0.002273697406053543,0.18291771411895752,5.28664493560791,247.09,2.9414208784587736,-0.37540283203125,0.0,0.0,0.0,0.0,-12.981067385366291,9.02092460445159,4.0,0.24913627797307658
1757308859.8796327,0.029606245458126068,0.15605522692203522,5.084473133087158,265.3,2.9414208784587736,-0.37540283203125,0.0,0.0,0.0,0.0,-12.981067385366291,9.02092460445159,4.0,0.24913627797307658
1757308860.0251234,0.06440268456935883,0.1338164508342743,4.92173433303833,266.47,2.9414208784587736,-0.37540283203125,0.0,0.0,0.0,0.0,-12.981067385366291,9.02092460445159,4.0,0.24913627797307658
1757308860.1773043,0.06440268456935883,0.1338164508342743,4.92173433303833,266.47,4.99531010778929,0.34453125,0.0,0.0,0.0,0.0,-12.981067385366291,9.02092460445159,4.0,0.24913627797307658
1757308860.3246768,0.06440268456935883,0.1338164508342743,4.92173433303833,266.47,4.92656010778929,0.27578125000000003,0.0,0.0,0.0,0.0,-12.981067385366291,9.02092460445159,4.0,0.24913627797307658
1757308860.4763198,0.06440268456935883,0.1338164508342743,4.92173433303833,266.47,4.87070073278929,0.21992187500000002,0.0,0.0,0.0,0.0,-12.981067385366291,9.02092460445159,4.0,0.24913627797307658
1757308860.625948,0.07717932015657425,-0.018107444047927856,4.496093273162842,286.31,4.84062260778929,0.18984375,0.0,0.0,0.0,0.0,-12.981067385366291,9.02092460445159,4.0,0.24913627797307658
1757308860.7782276,0.07717932015657425,-0.018107444047927856,4.496093273162842,286.31,5.084486430895619,0.16562500000000002,0.0,0.0,0.0,0.0,-12.981067385366291,9.02092460445159,4.0,0.24913627797307658
1757308860.925244,0.07717932015657425,-0.018107444047927856,4.496093273162842,286.31,5.148614681384965,0.15156250000000002,0.0,0.0,0.0,0.0,-12.981067385366291,9.02092460445159,4.0,0.24913627797307658
1757308861.075599,0.07717932015657425,-0.018107444047927856,4.496093273162842,286.31,5.141583431384965,0.14453125,0.0,0.0,0.0,0.0,-12.981067385366291,9.02092460445159,4.0,0.24913627797307658
1757308861.2295814,0.07717932015657425,-0.018107444047927856,4.496093273162842,286.31,5.143145931384965,0.14609375,0.0,0.0,0.0,0.0,-12.981067385366291,9.02092460445159,4.0,0.24913627797307658
1757308861.3764195,-0.004618704319000244,-0.141321063041687,4.09385871887207,291.52,5.178193864042871,0.15234375,0.0,0.0,0.0,0.0,-12.981067385366291,9.02092460445159,4.0,0.24913627797307658
1757308861.5258749,-0.004618704319000244,-0.141321063041687,4.09385871887207,291.52,5.250483835413869,0.1625,0.0,0.0,0.0,0.0,-12.981067385366291,9.02092460445159,4.0,0.24913627797307658
1757308861.6750863,-0.004618704319000244,-0.141321063041687,4.09385871887207,291.52,5.260640085413869,0.17265625,0.0,0.0,0.0,0.0,-12.981067385366291,9.02092460445159,4.0,0.24913627797307658
1757308861.8246894,-0.004618704319000244,-0.141321063041687,4.09385871887207,291.52,5.276265085413869,0.18828125,0.0,0.0,0.0,0.0,-12.981067385366291,9.02092460445159,4.0,0.24913627797307658
1757308861.9756534,-0.004618704319000244,-0.141321063041687,4.09385871887207,291.52,5.285640085413869,0.19765625,0.0,0.0,0.0,0.0,-12.981067385366291,9.02092460445159,4.0,0.24913627797307658
1757308862.124906,0.026116833090782166,-0.16265353560447693,3.8082189559936523,288.74,5.2880171757523025,0.21015625000000002,0.0,0.0,0.0,0.0,-12.981067385366291,9.02092460445159,4.0,0.24913627797307658
1757308862.2748272,0.026116833090782166,-0.16265353560447693,3.8082189559936523,288.74,5.264721255917203,0.217578125,0.0,0.0,0.0,0.0,-12.981067385366291,9.02092460445159,4.0,0.24913627797307658
1757308862.4260106,0.026116833090782166,-0.16265353560447693,3.8082189559936523,288.74,5.262119932208427,0.22265625,0.0,0.0,0.0,0.0,-12.981067385366291,9.02092460445159,4.0,0.24913627797307658
1757308862.5803182,0.026116833090782166,-0.16265353560447693,3.8082189559936523,288.74,5.2675886822084275,0.22812500000000002,0.0,0.0,0.0,0.0,-12.981067385366291,9.02092460445159,4.0,0.24913627797307658
1757308862.7258751,-0.09405036270618439,-0.14202281832695007,3.549337863922119,286.92,5.276182432208427,0.23671875,0.0,0.0,0.0,0.0,-12.981067385366291,9.02092460445159,4.0,0.24913627797307658
1757308862.8748062,-0.13033509254455566,-0.13499900698661804,3.48237681388855,286.92,5.2611061525112905,0.241015625,0.0,0.0,0.0,0.0,-12.981067385366291,9.02092460445159,4.0,0.24913627797307658
1757308863.0268226,-0.13033509254455566,-0.13499900698661804,3.48237681388855,286.92,5.255354939822131,0.24765625000000002,0.0,0.0,0.0,0.0,-12.981067385366291,9.02092460445159,4.0,0.24913627797307658
1757308863.176093,-0.13033509254455566,-0.13499900698661804,3.48237681388855,286.92,5.2616049398221305,0.25390625,0.0,0.0,0.0,0.0,-12.981067385366291,9.02092460445159,4.0,0.24913627797307658
1757308863.3252957,-0.13033509254455566,-0.13499900698661804,3.48237681388855,286.92,5.26472993982213,0.25703125,0.0,0.0,0.0,0.0,-12.981067385366291,9.02092460445159,4.0,0.24913627797307658
1757308863.4768808,-0.4197213351726532,-0.021543994545936584,3.1541645526885986,285.75,5.27176118982213,0.26406250000000003,0.0,0.0,0.0,0.0,-12.981067385366291,9.02092460445159,4.0,0.24913627797307658
1757308863.6250215,-0.4197213351726532,-0.021543994545936584,3.1541645526885986,285.75,5.2497783375737965,0.2625,0.0,0.0,0.0,0.0,-12.981067385366291,9.02092460445159,4.0,0.24913627797307658
1757308863.7764127,-0.4197213351726532,-0.021543994545936584,3.1541645526885986,285.75,5.2380595875737965,0.25078125,0.0,0.0,0.0,0.0,-12.981067385366291,9.02092460445159,4.0,0.24913627797307658
1757308863.9251468,-0.4197213351726532,-0.021543994545936584,3.1541645526885986,285.75,5.2282939625737965,0.241015625,0.0,0.0,0.0,0.0,-12.981067385366291,9.02092460445159,4.0,0.24913627797307658
1757308864.075133,-0.4197213351726532,-0.021543994545936584,3.1541645526885986,285.75,5.225559587573796,0.23828125,0.0,0.0,0.0,0.0,-12.981067385366291,9.02092460445159,4.0,0.24913627797307658
1757308864.2259805,-0.7697713375091553,0.13765358924865723,2.7627992630004883,287.17,5.255604217204111,0.24179687500000002,0.0,0.0,0.0,0.0,-12.981067385366291,9.02092460445159,4.0,0.24913627797307658
1757308864.37573,-0.7697713375091553,0.13765358924865723,2.7627992630004883,287.17,5.259718262952116,0.24765625000000002,0.0,0.0,0.0,0.0,-12.981067385366291,9.02092460445159,4.0,0.24913627797307658
1757308864.5251386,-0.7697713375091553,0.13765358924865723,2.7627992630004883,287.17,5.272999512952116,0.2609375,0.0,0.0,0.0,0.0,-12.981067385366291,9.02092460445159,4.0,0.24913627797307658
1757308864.6747258,-0.7697713375091553,0.13765358924865723,2.7627992630004883,287.17,5.277687012952116,0.265625,0.0,0.0,0.0,0.0,-12.981067385366291,9.02092460445159,4.0,0.24913627797307658
1757308864.8346798,-0.7697713375091553,0.13765358924865723,2.7627992630004883,287.17,5.280030762952116,0.26796875000000003,0.0,0.0,0.0,0.0,-12.981067385366291,9.02092460445159,4.0,0.24913627797307658
1757308864.9752338,-0.8949874043464661,0.24169187247753143,2.485466718673706,286.19,5.280030762952116,0.26796875000000003,0.0,0.0,0.0,0.0,-12.981067385366291,9.02092460445159,4.0,0.24913627797307658
1757308865.1250277,-0.8949874043464661,0.24169187247753143,2.485466718673706,286.19,5.251639970432173,0.25703125,0.0,0.0,0.0,0.0,-12.981067385366291,9.02092460445159,4.0,0.24913627797307658
1757308865.279096,-0.8949874043464661,0.24169187247753143,2.485466718673706,286.19,5.248082786282572,0.253125,0.0,0.0,0.0,0.0,-12.981067385366291,9.02092460445159,4.0,0.24913627797307658
1757308865.424983,-0.8949874043464661,0.24169187247753143,2.485466718673706,286.19,5.236754661282572,0.24179687500000002,0.0,0.0,0.0,0.0,-12.981067385366291,9.02092460445159,4.0,0.24913627797307658
1757308865.5887153,-1.131293535232544,0.3581586480140686,2.281597375869751,286.32,5.2336296612825715,0.238671875,0.0,0.0,0.0,0.0,-12.981067385366291,9.02092460445159,4.0,0.24913627797307658
1757308865.7260315,-1.4298489093780518,0.4785047769546509,2.0554418563842773,287.64,5.208247332609366,0.21171875,0.0,0.0,0.0,0.0,-12.981067385366291,9.02092460445159,4.0,0.24913627797307658
1757308865.8764014,-1.4298489093780518,0.4785047769546509,2.0554418563842773,287.64,5.212452560436489,0.1921875,0.0,0.0,0.0,0.0,-12.981067385366291,9.02092460445159,4.0,0.24913627797307658
1757308866.025094,-1.4298489093780518,0.4785047769546509,2.0554418563842773,287.64,5.206983810436489,0.18671875000000002,0.0,0.0,0.0,0.0,-12.981067385366291,9.02092460445159,4.0,0.24913627797307658
1757308866.1752172,-1.4298489093780518,0.4785047769546509,2.0554418563842773,287.64,5.206983810436489,0.18671875000000002,0.0,0.0,0.0,0.0,-12.981067385366291,9.02092460445159,4.0,0.24913627797307658
1757308866.326081,-1.739544153213501,0.6188971996307373,1.665815830230713,289.42,5.206983810436489,0.18671875000000002,0.0,0.0,0.0,0.0,-12.981067385366291,9.02092460445159,4.0,0.24913627797307658
1757308866.4770834,-1.739544153213501,0.6188971996307373,1.665815830230713,289.42,5.290635247145921,0.21835937500000002,0.0,0.0,0.0,0.0,-12.981067385366291,9.02092460445159,4.0,0.24913627797307658
1757308866.625719,-1.739544153213501,0.6188971996307373,1.665815830230713,289.42,5.285706921121989,0.234375,0.0,0.0,0.0,0.0,-12.981067385366291,9.02092460445159,4.0,0.24913627797307658
1757308866.7763035,-1.739544153213501,0.6188971996307373,1.665815830230713,289.42,5.285706921121989,0.234375,0.0,0.0,0.0,0.0,-12.981067385366291,9.02092460445159,4.0,0.24913627797307658
1757308866.924964,-1.739544153213501,0.6188971996307373,1.665815830230713,289.42,5.285706921121989,0.234375,0.0,0.0,0.0,0.0,-12.981067385366291,9.02092460445159,4.0,0.24913627797307658
1757308867.075565,-2.0540783405303955,0.7382412552833557,1.2375656366348267,285.07,5.285706921121989,0.234375,0.0,0.0,0.0,0.0,-12.981067385366291,9.02092460445159,4.0,0.24913627797307658
1757308867.2261446,-2.0540783405303955,0.7382412552833557,1.2375656366348267,285.07,5.285706921121989,0.234375,0.0,0.0,0.0,0.0,-12.981067385366291,9.02092460445159,4.0,0.24913627797307658
1757308867.3762946,-2.0540783405303955,0.7382412552833557,1.2375656366348267,285.07,5.285706921121989,0.234375,0.0,0.0,0.0,0.0,-12.981067385366291,9.02092460445159,4.0,0.24913627797307658
1757308867.5248992,-2.0540783405303955,0.7382412552833557,1.2375656366348267,285.07,5.285706921121989,0.234375,0.0,0.0,0.0,0.0,-12.981067385366291,9.02092460445159,4.0,0.24913627797307658
1757308867.6760457,-2.0540783405303955,0.7382412552833557,1.2375656366348267,285.07,5.285706921121989,0.234375,0.0,0.0,0.0,0.0,-12.981067385366291,9.02092460445159,4.0,0.24913627797307658
1757308867.8274853,-2.034106969833374,0.6922807097434998,1.2252384424209595,282.7,5.285706921121989,0.234375,0.0,0.0,0.0,0.0,-12.981067385366291,9.02092460445159,4.0,0.24913627797307658
1757308867.9760065,-2.034106969833374,0.6922807097434998,1.2252384424209595,282.7,5.285706921121989,0.234375,0.0,0.0,0.0,0.0,-12.981067385366291,9.02092460445159,4.0,0.24913627797307658
1757308868.124743,-2.034106969833374,0.6922807097434998,1.2252384424209595,282.7,5.285706921121989,0.234375,0.0,0.0,0.0,0.0,-12.981067385366291,9.02092460445159,4.0,0.24913627797307658
1757308868.2754824,-2.034106969833374,0.6922807097434998,1.2252384424209595,282.7,5.285706921121989,0.234375,0.0,0.0,0.0,0.0,-12.981067385366291,9.02092460445159,4.0,0.24913627797307658
1757308868.4279761,-1.9742331504821777,0.689558744430542,1.1958389282226562,282.98,5.285706921121989,0.234375,0.0,0.0,0.0,0.0,-12.981067385366291,9.02092460445159,4.0,0.24913627797307658
1757308868.5899577,-1.9527287483215332,0.684519350528717,1.183631181716919,282.98,5.285706921121989,0.234375,0.0,0.0,0.0,0.0,-12.981067385366291,9.02092460445159,4.0,0.24913627797307658
1757308868.725021,-1.9527287483215332,0.684519350528717,1.183631181716919,282.98,5.285706921121989,0.234375,0.0,0.0,0.0,0.0,-12.981067385366291,9.02092460445159,4.0,0.24913627797307658
1757308868.874741,-1.9527287483215332,0.684519350528717,1.183631181716919,282.98,5.285706921121989,0.234375,0.0,0.0,0.0,0.0,-12.981067385366291,9.02092460445159,4.0,0.24913627797307658
1757308869.0261571,-1.9527287483215332,0.684519350528717,1.183631181716919,282.98,5.285706921121989,0.234375,0.0,0.0,0.0,0.0,-12.981067385366291,9.02092460445159,4.0,0.24913627797307658
1757308869.1785014,-1.8674159049987793,0.6790295243263245,1.1792289018630981,283.28,5.285706921121989,0.234375,0.0,0.0,0.0,0.0,-12.981067385366291,9.02092460445159,4.0,0.24913627797307658
1757308869.3257554,-1.8674159049987793,0.6790295243263245,1.1792289018630981,283.28,5.285706921121989,0.234375,0.0,0.0,0.0,0.0,-12.981067385366291,9.02092460445159,4.0,0.24913627797307658
1757308869.4759746,-1.8674159049987793,0.6790295243263245,1.1792289018630981,283.28,5.285706921121989,0.234375,0.0,0.0,0.0,0.0,-12.981067385366291,9.02092460445159,4.0,0.24913627797307658
1757308869.6249447,-1.8674159049987793,0.6790295243263245,1.1792289018630981,283.28,5.285706921121989,0.234375,0.0,0.0,0.0,0.0,-12.981067385366291,9.02092460445159,4.0,0.24913627797307658
1757308869.7749958,-1.8674159049987793,0.6790295243263245,1.1792289018630981,283.28,5.285706921121989,0.234375,0.0,0.0,0.0,0.0,-12.981067385366291,9.02092460445159,4.0,0.24913627797307658
1757308869.9259071,-1.799599289894104,0.684222936630249,1.0453687906265259,283.31,5.285706921121989,0.234375,0.0,0.0,0.0,0.0,-12.981067385366291,9.02092460445159,4.0,0.24913627797307658
1757308870.0758986,-1.799599289894104,0.684222936630249,1.0453687906265259,283.31,5.285706921121989,0.234375,0.0,0.0,0.0,0.0,-12.981067385366291,9.02092460445159,4.0,0.24913627797307658
1757308870.226707,-1.799599289894104,0.684222936630249,1.0453687906265259,283.31,5.285706921121989,0.234375,0.0,0.0,0.0,0.0,-12.981067385366291,9.02092460445159,4.0,0.24913627797307658
1757308870.380744,-1.799599289894104,0.684222936630249,1.0453687906265259,283.31,5.285706921121989,0.234375,0.0,0.0,0.0,0.0,-12.981067385366291,9.02092460445159,4.0,0.24913627797307658
1757308870.5309672,-1.799599289894104,0.684222936630249,1.0453687906265259,283.32,5.285706921121989,0.234375,0.0,0.0,0.0,0.0,-12.981067385366291,9.02092460445159,4.0,0.24913627797307658
1757308870.6758757,-1.7601217031478882,0.6764714121818542,0.9414184093475342,283.38,5.285706921121989,0.234375,0.0,0.0,0.0,0.0,-12.981067385366291,9.02092460445159,4.0,0.24913627797307658
1757308870.8248515,-1.7601217031478882,0.6764714121818542,0.9414184093475342,283.38,5.285706921121989,0.234375,0.0,0.0,0.0,0.0,-12.981067385366291,9.02092460445159,4.0,0.24913627797307658
1757308870.976629,-1.7601217031478882,0.6764714121818542,0.9414184093475342,283.38,5.285706921121989,0.234375,0.0,0.0,0.0,0.0,-12.981067385366291,9.02092460445159,4.0,0.24913627797307658
1757308871.1260874,-1.7601217031478882,0.6764714121818542,0.9414184093475342,283.38,5.285706921121989,0.234375,0.0,0.0,0.0,0.0,-12.981067385366291,9.02092460445159,4.0,0.24913627797307658
1757308871.2745464,-1.7408466339111328,0.6598504781723022,0.8655961751937866,283.43,5.285706921121989,0.234375,0.0,0.0,0.0,0.0,-12.981067385366291,9.02092460445159,4.0,0.24913627797307658
1757308871.4261808,-1.735772967338562,0.6531747579574585,0.8474106192588806,283.43,5.285706921121989,0.234375,0.0,0.0,0.0,0.0,-12.981067385366291,9.02092460445159,4.0,0.24913627797307658
1757308871.5752597,-1.735772967338562,0.6531747579574585,0.8474106192588806,283.43,5.285706921121989,0.234375,0.0,0.0,0.0,0.0,-12.981067385366291,9.02092460445159,4.0,0.24913627797307658
1757308871.7266145,-1.735772967338562,0.6531747579574585,0.8474106192588806,283.43,5.285706921121989,0.234375,0.0,0.0,0.0,0.0,-12.981067385366291,9.02092460445159,4.0,0.24913627797307658
1757308871.8761933,-1.735772967338562,0.6531747579574585,0.8474106192588806,283.43,5.285706921121989,0.234375,0.0,0.0,0.0,0.0,-12.981067385366291,9.02092460445159,4.0,0.24913627797307658
1757308872.0250266,-1.6975109577178955,0.6277132630348206,0.7649190425872803,283.48,5.285706921121989,0.234375,0.0,0.0,0.0,0.0,-12.981067385366291,9.02092460445159,4.0,0.24913627797307658
1757308872.176951,-1.6975109577178955,0.6277132630348206,0.7649190425872803,283.48,5.285706921121989,0.234375,0.0,0.0,0.0,0.0,-12.981067385366291,9.02092460445159,4.0,0.24913627797307658
1757308872.3256469,-1.6975109577178955,0.6277132630348206,0.7649190425872803,283.48,5.285706921121989,0.234375,0.0,0.0,0.0,0.0,-12.981067385366291,9.02092460445159,4.0,0.24913627797307658
1757308872.4773338,-1.6975109577178955,0.6277132630348206,0.7649190425872803,283.48,5.285706921121989,0.234375,0.0,0.0,0.0,0.0,-12.981067385366291,9.02092460445159,4.0,0.24913627797307658
1757308872.6293046,-1.6975109577178955,0.6277132630348206,0.7649190425872803,283.48,5.285706921121989,0.234375,0.0,0.0,0.0,0.0,-12.981067385366291,9.02092460445159,4.0,0.24913627797307658
1757308872.7954512,-1.6650400161743164,0.6206750869750977,0.7197526097297668,283.54,5.285706921121989,0.234375,0.0,0.0,0.0,0.0,-12.981067385366291,9.02092460445159,4.0,0.24913627797307658
1757308872.9259186,-1.6650400161743164,0.6206750869750977,0.7197526097297668,283.54,5.285706921121989,0.234375,0.0,0.0,0.0,0.0,-12.981067385366291,9.02092460445159,4.0,0.24913627797307658
1757308873.0752106,-1.6650400161743164,0.6206750869750977,0.7197526097297668,283.54,5.285706921121989,0.234375,0.0,0.0,0.0,0.0,-12.981067385366291,9.02092460445159,4.0,0.24913627797307658
1757308873.2267177,-1.6650400161743164,0.6206750869750977,0.7197526097297668,283.54,5.285706921121989,0.234375,0.0,0.0,0.0,0.0,-12.981067385366291,9.02092460445159,4.0,0.24913627797307658
1757308873.380443,-1.6647471189498901,0.6206540465354919,0.7190648913383484,283.54,5.285706921121989,0.234375,0.0,0.0,0.0,0.0,-12.981067385366291,9.02092460445159,4.0,0.24913627797307658
1757308873.5255737,-1.6590077877044678,0.5921429991722107,0.6885120272636414,283.58,5.285706921121989,0.234375,0.0,0.0,0.0,0.0,-12.981067385366291,9.02092460445159,4.0,0.24913627797307658
1757308873.6772053,-1.6590077877044678,0.5921429991722107,0.6885120272636414,283.58,5.285706921121989,0.234375,0.0,0.0,0.0,0.0,-12.981067385366291,9.02092460445159,4.0,0.24913627797307658
1757308873.8249447,-1.6590077877044678,0.5921429991722107,0.6885120272636414,283.58,5.285706921121989,0.234375,0.0,0.0,0.0,0.0,-12.981067385366291,9.02092460445159,4.0,0.24913627797307658
1757308873.9751859,-1.6590077877044678,0.5921429991722107,0.6885120272636414,283.58,5.285706921121989,0.234375,0.0,0.0,0.0,0.0,-12.981067385366291,9.02092460445159,4.0,0.24913627797307658
1757308874.125543,-1.6602630615234375,0.5705882906913757,0.6692408323287964,283.64,5.285706921121989,0.234375,0.0,0.0,0.0,0.0,-12.981067385366291,9.02092460445159,4.0,0.24913627797307658
1757308874.2761087,-1.6596611738204956,0.5585191249847412,0.6521345973014832,283.64,5.285706921121989,0.234375,0.0,0.0,0.0,0.0,-12.981067385366291,9.02092460445159,4.0,0.24913627797307658
1757308874.4263093,-1.6596611738204956,0.5585191249847412,0.6521345973014832,283.64,5.285706921121989,0.234375,0.0,0.0,0.0,0.0,-12.981067385366291,9.02092460445159,4.0,0.24913627797307658
1757308874.5748734,-1.6596611738204956,0.5585191249847412,0.6521345973014832,283.64,5.285706921121989,0.234375,0.0,0.0,0.0,0.0,-12.981067385366291,9.02092460445159,4.0,0.24913627797307658
1757308874.7255003,-1.6596611738204956,0.5585191249847412,0.6521345973014832,283.64,5.285706921121989,0.234375,0.0,0.0,0.0,0.0,-12.981067385366291,9.02092460445159,4.0,0.24913627797307658
1757308874.8785954,-1.6668766736984253,0.5170981287956238,0.6107698678970337,283.7,5.285706921121989,0.234375,0.0,0.0,0.0,0.0,-12.981067385366291,9.02092460445159,4.0,0.24913627797307658
1757308875.0266073,-1.6668766736984253,0.5170981287956238,0.6107698678970337,283.7,5.285706921121989,0.234375,0.0,0.0,0.0,0.0,-12.981067385366291,9.02092460445159,4.0,0.24913627797307658
1757308875.1751237,-1.6668766736984253,0.5170981287956238,0.6107698678970337,283.7,5.285706921121989,0.234375,0.0,0.0,0.0,0.0,-12.981067385366291,9.02092460445159,4.0,0.24913627797307658
1757308875.336714,-1.6668766736984253,0.5170981287956238,0.6107698678970337,283.7,5.285706921121989,0.234375,0.0,0.0,0.0,0.0,-12.981067385366291,9.02092460445159,4.0,0.24913627797307658
1757308875.4758313,-1.6668766736984253,0.5170981287956238,0.6107698678970337,283.7,5.285706921121989,0.234375,0.0,0.0,0.0,0.0,-12.981067385366291,9.02092460445159,4.0,0.24913627797307658
1757308875.6254008,-1.6626933813095093,0.49700430035591125,0.5859962701797485,283.76,5.285706921121989,0.234375,0.0,0.0,0.0,0.0,-12.981067385366291,9.02092460445159,4.0,0.24913627797307658
1757308875.775063,-1.6626933813095093,0.49700430035591125,0.5859962701797485,283.76,5.285706921121989,0.234375,0.0,0.0,0.0,0.0,-12.981067385366291,9.02092460445159,4.0,0.24913627797307658
1757308875.9270217,-1.6626933813095093,0.49700430035591125,0.5859962701797485,283.76,5.285706921121989,0.234375,0.0,0.0,0.0,0.0,-12.981067385366291,9.02092460445159,4.0,0.24913627797307658
1757308876.0778806,-1.6626933813095093,0.49700430035591125,0.5859962701797485,283.76,5.285706921121989,0.234375,0.0,0.0,0.0,0.0,-12.981067385366291,9.02092460445159,4.0,0.24913627797307658
1757308876.2283504,-1.6592555046081543,0.49414199590682983,0.5821837186813354,283.77,5.285706921121989,0.234375,0.0,0.0,0.0,0.0,-12.981067385366291,9.02092460445159,4.0,0.24913627797307658
1757308876.3751924,-1.6405892372131348,0.4634808599948883,0.5688780546188354,283.81,5.285706921121989,0.234375,0.0,0.0,0.0,0.0,-12.981067385366291,9.02092460445159,4.0,0.24913627797307658
1757308876.5286913,-1.6405892372131348,0.4634808599948883,0.5688780546188354,283.81,5.285706921121989,0.234375,0.0,0.0,0.0,0.0,-12.981067385366291,9.02092460445159,4.0,0.24913627797307658
1757308876.6758845,-1.6405892372131348,0.4634808599948883,0.5688780546188354,283.81,5.285706921121989,0.234375,0.0,0.0,0.0,0.0,-12.981067385366291,9.02092460445159,4.0,0.24913627797307658
1757308876.8260648,-1.6405892372131348,0.4634808599948883,0.5688780546188354,283.81,5.285706921121989,0.234375,0.0,0.0,0.0,0.0,-12.981067385366291,9.02092460445159,4.0,0.24913627797307658
1757308876.9748354,-1.6241827011108398,0.45222482085227966,0.5408477187156677,283.88,5.285706921121989,0.234375,0.0,0.0,0.0,0.0,-12.981067385366291,9.02092460445159,4.0,0.24913627797307658
1757308877.1246572,-1.6241827011108398,0.45222482085227966,0.5408477187156677,283.88,5.285706921121989,0.234375,0.0,0.0,0.0,0.0,-12.981067385366291,9.02092460445159,4.0,0.24913627797307658
1757308877.277593,-1.6241827011108398,0.45222482085227966,0.5408477187156677,283.88,5.285706921121989,0.234375,0.0,0.0,0.0,0.0,-12.981067385366291,9.02092460445159,4.0,0.24913627797307658
1757308877.4308577,-1.6241827011108398,0.45222482085227966,0.5408477187156677,283.88,5.285706921121989,0.234375,0.0,0.0,0.0,0.0,-12.981067385366291,9.02092460445159,4.0,0.24913627797307658
1757308877.5769856,-1.6241827011108398,0.45222482085227966,0.5408477187156677,283.88,5.285706921121989,0.234375,0.0,0.0,0.0,0.0,-12.981067385366291,9.02092460445159,4.0,0.24913627797307658
1757308877.7265613,-1.623802900314331,0.4136422276496887,0.5236356854438782,283.94,5.285706921121989,0.234375,0.0,0.0,0.0,0.0,-12.981067385366291,9.02092460445159,4.0,0.24913627797307658
1757308877.877175,-1.623802900314331,0.4136422276496887,0.5236356854438782,283.94,5.285706921121989,0.234375,0.0,0.0,0.0,0.0,-12.981067385366291,9.02092460445159,4.0,0.24913627797307658
1757308878.0251071,-1.623802900314331,0.4136422276496887,0.5236356854438782,283.94,5.285706921121989,0.234375,0.0,0.0,0.0,0.0,-12.981067385366291,9.02092460445159,4.0,0.24913627797307658
1757308878.1760263,-1.623802900314331,0.4136422276496887,0.5236356854438782,283.94,5.285706921121989,0.234375,0.0,0.0,0.0,0.0,-12.981067385366291,9.02092460445159,4.0,0.24913627797307658
1757308878.3265052,-1.623802900314331,0.4136422276496887,0.5236356854438782,283.94,5.285706921121989,0.234375,0.0,0.0,0.0,0.0,-12.981067385366291,9.02092460445159,4.0,0.24913627797307658
1757308878.4763546,-1.618282675743103,0.3906797766685486,0.5205410718917847,284.0,5.285706921121989,0.234375,0.0,0.0,0.0,0.0,-12.981067385366291,9.02092460445159,4.0,0.24913627797307658
1757308878.6250746,-1.618282675743103,0.3906797766685486,0.5205410718917847,284.0,5.285706921121989,0.234375,0.0,0.0,0.0,0.0,-12.981067385366291,9.02092460445159,4.0,0.24913627797307658
1757308878.7756503,-1.618282675743103,0.3906797766685486,0.5205410718917847,284.0,5.285706921121989,0.234375,0.0,0.0,0.0,0.0,-12.981067385366291,9.02092460445159,4.0,0.24913627797307658
1757308878.9275753,-1.618282675743103,0.3906797766685486,0.5205410718917847,284.0,5.285706921121989,0.234375,0.0,0.0,0.0,0.0,-12.981067385366291,9.02092460445159,4.0,0.24913627797307658
1757308879.0774186,-1.6066762208938599,0.3825143873691559,0.514857292175293,284.03,5.285706921121989,0.234375,0.0,0.0,0.0,0.0,-12.981067385366291,9.02092460445159,4.0,0.24913627797307658
1757308879.2255447,-1.5955171585083008,0.3563035726547241,0.5088903307914734,284.07,5.285706921121989,0.234375,0.0,0.0,0.0,0.0,-12.981067385366291,9.02092460445159,4.0,0.24913627797307658
1757308879.3745852,-1.5955171585083008,0.3563035726547241,0.5088903307914734,284.07,5.285706921121989,0.234375,0.0,0.0,0.0,0.0,-12.981067385366291,9.02092460445159,4.0,0.24913627797307658
1757308879.5258121,-1.5955171585083008,0.3563035726547241,0.5088903307914734,284.07,5.285706921121989,0.234375,0.0,0.0,0.0,0.0,-12.981067385366291,9.02092460445159,4.0,0.24913627797307658
1757308879.6751933,-1.5955171585083008,0.3563035726547241,0.5088903307914734,284.07,5.285706921121989,0.234375,0.0,0.0,0.0,0.0,-12.981067385366291,9.02092460445159,4.0,0.24913627797307658
1757308879.826308,-1.5861438512802124,0.34876734018325806,0.49812430143356323,284.15,5.285706921121989,0.234375,0.0,0.0,0.0,0.0,-12.981067385366291,9.02092460445159,4.0,0.24913627797307658
1757308879.976359,-1.5861438512802124,0.34876734018325806,0.49812430143356323,284.15,5.285706921121989,0.234375,0.0,0.0,0.0,0.0,-12.981067385366291,9.02092460445159,4.0,0.24913627797307658
1757308880.1258132,-1.5861438512802124,0.34876734018325806,0.49812430143356323,284.15,5.285706921121989,0.234375,0.0,0.0,0.0,0.0,-12.981067385366291,9.02092460445159,4.0,0.24913627797307658
1757308880.2766938,-1.5861438512802124,0.34876734018325806,0.49812430143356323,284.15,5.285706921121989,0.234375,0.0,0.0,0.0,0.0,-12.981067385366291,9.02092460445159,4.0,0.24913627797307658
1757308880.4314685,-1.5861438512802124,0.34876734018325806,0.49812430143356323,284.15,5.285706921121989,0.234375,0.0,0.0,0.0,0.0,-12.981067385366291,9.02092460445159,4.0,0.24913627797307658
1757308880.5791345,-1.5726114511489868,0.3419942855834961,0.504196286201477,284.22,5.285706921121989,0.234375,0.0,0.0,0.0,0.0,-12.981067385366291,9.02092460445159,4.0,0.24913627797307658
1757308880.7259276,-1.5726114511489868,0.3419942855834961,0.504196286201477,284.22,5.285706921121989,0.234375,0.0,0.0,0.0,0.0,-12.981067385366291,9.02092460445159,4.0,0.24913627797307658
1757308880.876181,-1.5726114511489868,0.3419942855834961,0.504196286201477,284.22,5.285706921121989,0.234375,0.0,0.0,0.0,0.0,-12.981067385366291,9.02092460445159,4.0,0.24913627797307658
1757308881.0264826,-1.5726114511489868,0.3419942855834961,0.504196286201477,284.22,5.285706921121989,0.234375,0.0,0.0,0.0,0.0,-12.981067385366291,9.02092460445159,4.0,0.24913627797307658
1757308881.1752932,-1.5726114511489868,0.3419942855834961,0.504196286201477,284.22,5.285706921121989,0.234375,0.0,0.0,0.0,0.0,-12.981067385366291,9.02092460445159,4.0,0.24913627797307658
1757308881.325306,-1.556665062904358,0.3342059850692749,0.5032606720924377,284.31,5.285706921121989,0.234375,0.0,0.0,0.0,0.0,-12.981067385366291,9.02092460445159,4.0,0.24913627797307658
1757308881.4752455,-1.556665062904358,0.3342059850692749,0.5032606720924377,284.31,5.285706921121989,0.234375,0.0,0.0,0.0,0.0,-12.981067385366291,9.02092460445159,4.0,0.24913627797307658
1757308881.631474,-1.556665062904358,0.3342059850692749,0.5032606720924377,284.31,5.285706921121989,0.234375,0.0,0.0,0.0,0.0,-12.981067385366291,9.02092460445159,4.0,0.24913627797307658
1757308881.7762465,-1.556665062904358,0.3342059850692749,0.5032606720924377,284.31,5.285706921121989,0.234375,0.0,0.0,0.0,0.0,-12.981067385366291,9.02092460445159,4.0,0.24913627797307658
1757308881.9264524,-1.5566461086273193,0.3336264193058014,0.5043613910675049,284.31,5.285706921121989,0.234375,0.0,0.0,0.0,0.0,-12.981067385366291,9.02092460445159,4.0,0.24913627797307658
1757308882.0762231,-1.5513378381729126,0.3289845585823059,0.5083597302436829,284.36,5.285706921121989,0.234375,0.0,0.0,0.0,0.0,-12.981067385366291,9.02092460445159,4.0,0.24913627797307658
1757308882.2382658,-1.5513378381729126,0.3289845585823059,0.5083597302436829,284.36,5.285706921121989,0.234375,0.0,0.0,0.0,0.0,-12.981067385366291,9.02092460445159,4.0,0.24913627797307658
1757308882.3749902,-1.5513378381729126,0.3289845585823059,0.5083597302436829,284.36,5.285706921121989,0.234375,0.0,0.0,0.0,0.0,-12.981067385366291,9.02092460445159,4.0,0.24913627797307658
1757308882.5246773,-1.5513378381729126,0.3289845585823059,0.5083597302436829,284.36,5.285706921121989,0.234375,0.0,0.0,0.0,0.0,-12.981067385366291,9.02092460445159,4.0,0.24913627797307658
1757308882.677126,-1.5307214260101318,0.324177086353302,0.5015920996665955,284.43,5.285706921121989,0.234375,0.0,0.0,0.0,0.0,-12.981067385366291,9.02092460445159,4.0,0.24913627797307658
1757308882.8249476,-1.5307214260101318,0.324177086353302,0.5015920996665955,284.43,5.285706921121989,0.234375,0.0,0.0,0.0,0.0,-12.981067385366291,9.02092460445159,4.0,0.24913627797307658
1757308882.9748669,-1.5307214260101318,0.324177086353302,0.5015920996665955,284.43,5.285706921121989,0.234375,0.0,0.0,0.0,0.0,-12.981067385366291,9.02092460445159,4.0,0.24913627797307658
1757308883.1270666,-1.5307214260101318,0.324177086353302,0.5015920996665955,284.43,5.285706921121989,0.234375,0.0,0.0,0.0,0.0,-12.981067385366291,9.02092460445159,4.0,0.24913627797307658
1757308883.2748377,-1.5307214260101318,0.324177086353302,0.5015920996665955,284.43,5.285706921121989,0.234375,0.0,0.0,0.0,0.0,-12.981067385366291,9.02092460445159,4.0,0.24913627797307658
1757308883.426053,-1.509979009628296,0.3021634519100189,0.485777348279953,284.5,5.285706921121989,0.234375,0.0,0.0,0.0,0.0,-12.981067385366291,9.02092460445159,4.0,0.24913627797307658
1757308883.5756016,-1.509979009628296,0.3021634519100189,0.485777348279953,284.5,5.285706921121989,0.234375,0.0,0.0,0.0,0.0,-12.981067385366291,9.02092460445159,4.0,0.24913627797307658
1757308883.7252607,-1.509979009628296,0.3021634519100189,0.485777348279953,284.5,5.285706921121989,0.234375,0.0,0.0,0.0,0.0,-12.981067385366291,9.02092460445159,4.0,0.24913627797307658
1757308883.8755252,-1.509979009628296,0.3021634519100189,0.485777348279953,284.5,5.285706921121989,0.234375,0.0,0.0,0.0,0.0,-12.981067385366291,9.02092460445159,4.0,0.24913627797307658
1757308884.0252395,-1.509979009628296,0.3021634519100189,0.485777348279953,284.5,5.285706921121989,0.234375,0.0,0.0,0.0,0.0,-12.981067385366291,9.02092460445159,4.0,0.24913627797307658
1757308884.1764212,-1.4890570640563965,0.3013971447944641,0.48792558908462524,284.57,5.285706921121989,0.234375,0.0,0.0,0.0,0.0,-12.981067385366291,9.02092460445159,4.0,0.24913627797307658
1757308884.3250375,-1.4890570640563965,0.3013971447944641,0.48792558908462524,284.57,5.285706921121989,0.234375,0.0,0.0,0.0,0.0,-12.981067385366291,9.02092460445159,4.0,0.24913627797307658
1757308884.482331,-1.4890570640563965,0.3013971447944641,0.48792558908462524,284.57,5.285706921121989,0.234375,0.0,0.0,0.0,0.0,-12.981067385366291,9.02092460445159,4.0,0.24913627797307658
1757308884.6247835,-1.4890570640563965,0.3013971447944641,0.48792558908462524,284.57,5.285706921121989,0.234375,0.0,0.0,0.0,0.0,-12.981067385366291,9.02092460445159,4.0,0.24913627797307658
1757308884.7832003,-1.4777438640594482,0.2953626215457916,0.4965042173862457,284.61,5.285706921121989,0.234375,0.0,0.0,0.0,0.0,-12.981067385366291,9.02092460445159,4.0,0.24913627797307658
1757308884.9263465,-1.4637181758880615,0.288507878780365,0.49396705627441406,284.64,5.285706921121989,0.234375,0.0,0.0,0.0,0.0,-12.981067385366291,9.02092460445159,4.0,0.24913627797307658
1757308885.0753248,-1.4637181758880615,0.288507878780365,0.49396705627441406,284.64,5.285706921121989,0.234375,0.0,0.0,0.0,0.0,-12.981067385366291,9.02092460445159,4.0,0.24913627797307658
1757308885.2246861,-1.4637181758880615,0.288507878780365,0.49396705627441406,284.64,5.285706921121989,0.234375,0.0,0.0,0.0,0.0,-12.981067385366291,9.02092460445159,4.0,0.24913627797307658
1757308885.3775244,-1.4637181758880615,0.288507878780365,0.49396705627441406,284.64,5.285706921121989,0.234375,0.0,0.0,0.0,0.0,-12.981067385366291,9.02092460445159,4.0,0.24913627797307658
1757308885.5290794,-1.4364360570907593,0.2902336120605469,0.49582618474960327,284.71,5.285706921121989,0.234375,0.0,0.0,0.0,0.0,-12.981067385366291,9.02092460445159,4.0,0.24913627797307658
1757308885.6753721,-1.4364360570907593,0.2902336120605469,0.49582618474960327,284.71,5.285706921121989,0.234375,0.0,0.0,0.0,0.0,-12.981067385366291,9.02092460445159,4.0,0.24913627797307658
1757308885.8277826,-1.4364360570907593,0.2902336120605469,0.49582618474960327,284.71,5.285706921121989,0.234375,0.0,0.0,0.0,0.0,-12.981067385366291,9.02092460445159,4.0,0.24913627797307658
1757308885.9772732,-1.4364360570907593,0.2902336120605469,0.49582618474960327,284.71,5.285706921121989,0.234375,0.0,0.0,0.0,0.0,-12.981067385366291,9.02092460445159,4.0,0.24913627797307658
1757308886.1314461,-1.4364360570907593,0.2902336120605469,0.49582618474960327,284.71,5.285706921121989,0.234375,0.0,0.0,0.0,0.0,-12.981067385366291,9.02092460445159,4.0,0.24913627797307658
1757308886.2760494,-1.4153826236724854,0.2768392264842987,0.49880269169807434,284.79,5.285706921121989,0.234375,0.0,0.0,0.0,0.0,-12.981067385366291,9.02092460445159,4.0,0.24913627797307658
1757308886.4326348,-1.4153826236724854,0.2768392264842987,0.49880269169807434,284.79,5.285706921121989,0.234375,0.0,0.0,0.0,0.0,-12.981067385366291,9.02092460445159,4.0,0.24913627797307658
1757308886.5750806,-1.4153826236724854,0.2768392264842987,0.49880269169807434,284.79,5.285706921121989,0.234375,0.0,0.0,0.0,0.0,-12.981067385366291,9.02092460445159,4.0,0.24913627797307658
1757308886.725166,-1.4153826236724854,0.2768392264842987,0.49880269169807434,284.79,5.285706921121989,0.234375,0.0,0.0,0.0,0.0,-12.981067385366291,9.02092460445159,4.0,0.24913627797307658
1757308886.8759952,-1.4153826236724854,0.2768392264842987,0.49880269169807434,284.79,5.285706921121989,0.234375,0.0,0.0,0.0,0.0,-12.981067385366291,9.02092460445159,4.0,0.24913627797307658
1757308887.025876,-1.393057107925415,0.25121167302131653,0.48101675510406494,284.85,5.285706921121989,0.234375,0.0,0.0,0.0,0.0,-12.981067385366291,9.02092460445159,4.0,0.24913627797307658
1757308887.1784496,-1.393057107925415,0.25121167302131653,0.48101675510406494,284.85,5.285706921121989,0.234375,0.0,0.0,0.0,0.0,-12.981067385366291,9.02092460445159,4.0,0.24913627797307658
1757308887.3253148,-1.393057107925415,0.25121167302131653,0.48101675510406494,284.85,5.285706921121989,0.234375,0.0,0.0,0.0,0.0,-12.981067385366291,9.02092460445159,4.0,0.24913627797307658
1757308887.4775798,-1.393057107925415,0.25121167302131653,0.48101675510406494,284.85,5.285706921121989,0.234375,0.0,0.0,0.0,0.0,-12.981067385366291,9.02092460445159,4.0,0.24913627797307658
1757308887.6249664,-1.3797804117202759,0.22614175081253052,0.46898865699768066,284.92,5.285706921121989,0.234375,0.0,0.0,0.0,0.0,-12.981067385366291,9.02092460445159,4.0,0.24913627797307658
1757308887.7757044,-1.3750145435333252,0.21480268239974976,0.4660341739654541,284.92,5.285706921121989,0.234375,0.0,0.0,0.0,0.0,-12.981067385366291,9.02092460445159,4.0,0.24913627797307658
1757308887.9258285,-1.3750145435333252,0.21480268239974976,0.4660341739654541,284.92,5.285706921121989,0.234375,0.0,0.0,0.0,0.0,-12.981067385366291,9.02092460445159,4.0,0.24913627797307658
1757308888.0780683,-1.3750145435333252,0.21480268239974976,0.4660341739654541,284.92,5.285706921121989,0.234375,0.0,0.0,0.0,0.0,-12.981067385366291,9.02092460445159,4.0,0.24913627797307658
1757308888.2262325,-1.3750145435333252,0.21480268239974976,0.4660341739654541,284.92,5.285706921121989,0.234375,0.0,0.0,0.0,0.0,-12.981067385366291,9.02092460445159,4.0,0.24913627797307658
1757308888.3846662,-1.3649635314941406,0.2101481705904007,0.4613479971885681,284.97,5.285706921121989,0.234375,0.0,0.0,0.0,0.0,-12.981067385366291,9.02092460445159,4.0,0.24913627797307658
1757308888.5272977,-1.3564249277114868,0.2057235836982727,0.46333521604537964,285.01,5.285706921121989,0.234375,0.0,0.0,0.0,0.0,-12.981067385366291,9.02092460445159,4.0,0.24913627797307658
1757308888.675499,-1.3564249277114868,0.2057235836982727,0.46333521604537964,285.01,5.285706921121989,0.234375,0.0,0.0,0.0,0.0,-12.981067385366291,9.02092460445159,4.0,0.24913627797307658
1757308888.8254528,-1.3564249277114868,0.2057235836982727,0.46333521604537964,285.01,5.285706921121989,0.234375,0.0,0.0,0.0,0.0,-12.981067385366291,9.02092460445159,4.0,0.24913627797307658
1757308888.9752142,-1.3564249277114868,0.2057235836982727,0.46333521604537964,285.01,5.285706921121989,0.234375,0.0,0.0,0.0,0.0,-12.981067385366291,9.02092460445159,4.0,0.24913627797307658
1757308889.1251595,-1.3381009101867676,0.19640208780765533,0.4483259618282318,285.08,5.285706921121989,0.234375,0.0,0.0,0.0,0.0,-12.981067385366291,9.02092460445159,4.0,0.24913627797307658
1757308889.276209,-1.3381009101867676,0.19640208780765533,0.4483259618282318,285.08,5.285706921121989,0.234375,0.0,0.0,0.0,0.0,-12.981067385366291,9.02092460445159,4.0,0.24913627797307658
1757308889.4258425,-1.3381009101867676,0.19640208780765533,0.4483259618282318,285.08,5.285706921121989,0.234375,0.0,0.0,0.0,0.0,-12.981067385366291,9.02092460445159,4.0,0.24913627797307658
1757308889.5751736,-1.3381009101867676,0.19640208780765533,0.4483259618282318,285.08,5.285706921121989,0.234375,0.0,0.0,0.0,0.0,-12.981067385366291,9.02092460445159,4.0,0.24913627797307658
1757308889.7266111,-1.3381009101867676,0.19640208780765533,0.4483259618282318,285.08,5.285706921121989,0.234375,0.0,0.0,0.0,0.0,-12.981067385366291,9.02092460445159,4.0,0.24913627797307658
1757308889.877385,-1.321722149848938,0.18223658204078674,0.44687512516975403,285.15,5.285706921121989,0.234375,0.0,0.0,0.0,0.0,-12.981067385366291,9.02092460445159,4.0,0.24913627797307658
1757308890.0249574,-1.321722149848938,0.18223658204078674,0.44687512516975403,285.15,5.285706921121989,0.234375,0.0,0.0,0.0,0.0,-12.981067385366291,9.02092460445159,4.0,0.24913627797307658
1757308890.1767864,-1.321722149848938,0.18223658204078674,0.44687512516975403,285.15,5.285706921121989,0.234375,0.0,0.0,0.0,0.0,-12.981067385366291,9.02092460445159,4.0,0.24913627797307658
1757308890.3267,-1.321722149848938,0.18223658204078674,0.44687512516975403,285.15,5.285706921121989,0.234375,0.0,0.0,0.0,0.0,-12.981067385366291,9.02092460445159,4.0,0.24913627797307658
1757308890.4778216,-1.3152536153793335,0.18411663174629211,0.4482066035270691,285.17,5.285706921121989,0.234375,0.0,0.0,0.0,0.0,-12.981067385366291,9.02092460445159,4.0,0.24913627797307658
1757308890.6250868,-1.3032346963882446,0.1879514902830124,0.4530241787433624,285.23,5.285706921121989,0.234375,0.0,0.0,0.0,0.0,-12.981067385366291,9.02092460445159,4.0,0.24913627797307658
1757308890.7759655,-1.3032346963882446,0.1879514902830124,0.4530241787433624,285.23,5.285706921121989,0.234375,0.0,0.0,0.0,0.0,-12.981067385366291,9.02092460445159,4.0,0.24913627797307658
1757308890.9322796,-1.3032346963882446,0.1879514902830124,0.4530241787433624,285.23,5.285706921121989,0.234375,0.0,0.0,0.0,0.0,-12.981067385366291,9.02092460445159,4.0,0.24913627797307658
1757308891.0791726,-1.3032346963882446,0.1879514902830124,0.4530241787433624,285.23,5.285706921121989,0.234375,0.0,0.0,0.0,0.0,-12.981067385366291,9.02092460445159,4.0,0.24913627797307658
1757308891.2263608,-1.2799063920974731,0.1877434104681015,0.4532199501991272,285.3,5.285706921121989,0.234375,0.0,0.0,0.0,0.0,-12.981067385366291,9.02092460445159,4.0,0.24913627797307658
1757308891.378781,-1.2799063920974731,0.1877434104681015,0.4532199501991272,285.3,5.285706921121989,0.234375,0.0,0.0,0.0,0.0,-12.981067385366291,9.02092460445159,4.0,0.24913627797307658
1757308891.525087,-1.2799063920974731,0.1877434104681015,0.4532199501991272,285.3,5.285706921121989,0.234375,0.0,0.0,0.0,0.0,-12.981067385366291,9.02092460445159,4.0,0.24913627797307658
1757308891.6750827,-1.2799063920974731,0.1877434104681015,0.4532199501991272,285.3,5.285706921121989,0.234375,0.0,0.0,0.0,0.0,-12.981067385366291,9.02092460445159,4.0,0.24913627797307658
1757308891.8371007,-1.2799063920974731,0.1877434104681015,0.4532199501991272,285.3,5.285706921121989,0.234375,0.0,0.0,0.0,0.0,-12.981067385366291,9.02092460445159,4.0,0.24913627797307658
1757308891.978291,-1.2554501295089722,0.17367443442344666,0.4333488941192627,285.37,5.285706921121989,0.234375,0.0,0.0,0.0,0.0,-12.981067385366291,9.02092460445159,4.0,0.24913627797307658
1757308892.1269445,-1.2554501295089722,0.17367443442344666,0.4333488941192627,285.37,5.285706921121989,0.234375,0.0,0.0,0.0,0.0,-12.981067385366291,9.02092460445159,4.0,0.24913627797307658
1757308892.2783208,-1.2554501295089722,0.17367443442344666,0.4333488941192627,285.37,5.285706921121989,0.234375,0.0,0.0,0.0,0.0,-12.981067385366291,9.02092460445159,4.0,0.24913627797307658
1757308892.42492,-1.2554501295089722,0.17367443442344666,0.4333488941192627,285.37,5.285706921121989,0.234375,0.0,0.0,0.0,0.0,-12.981067385366291,9.02092460445159,4.0,0.24913627797307658
1757308892.5755923,-1.2554501295089722,0.17367443442344666,0.4333488941192627,285.37,5.285706921121989,0.234375,0.0,0.0,0.0,0.0,-12.981067385366291,9.02092460445159,4.0,0.24913627797307658
1757308892.7248042,-1.224970817565918,0.17580154538154602,0.40343984961509705,285.46,5.285706921121989,0.234375,0.0,0.0,0.0,0.0,-12.981067385366291,9.02092460445159,4.0,0.24913627797307658
1757308892.8758886,-1.224970817565918,0.17580154538154602,0.40343984961509705,285.46,5.285706921121989,0.234375,0.0,0.0,0.0,0.0,-12.981067385366291,9.02092460445159,4.0,0.24913627797307658
1757308893.0255754,-1.224970817565918,0.17580154538154602,0.40343984961509705,285.46,5.285706921121989,0.234375,0.0,0.0,0.0,0.0,-12.981067385366291,9.02092460445159,4.0,0.24913627797307658
1757308893.1785917,-1.224970817565918,0.17580154538154602,0.40343984961509705,285.46,5.285706921121989,0.234375,0.0,0.0,0.0,0.0,-12.981067385366291,9.02092460445159,4.0,0.24913627797307658
1757308893.3263192,-1.222686529159546,0.17647917568683624,0.4024657607078552,285.47,5.285706921121989,0.234375,0.0,0.0,0.0,0.0,-12.981067385366291,9.02092460445159,4.0,0.24913627797307658
1757308893.4757292,-1.1944071054458618,0.18399561941623688,0.3889418840408325,285.53,5.285706921121989,0.234375,0.0,0.0,0.0,0.0,-12.981067385366291,9.02092460445159,4.0,0.24913627797307658
1757308893.625824,-1.1944071054458618,0.18399561941623688,0.3889418840408325,285.53,5.285706921121989,0.234375,0.0,0.0,0.0,0.0,-12.981067385366291,9.02092460445159,4.0,0.24913627797307658
1757308893.7785144,-1.1944071054458618,0.18399561941623688,0.3889418840408325,285.53,5.285706921121989,0.234375,0.0,0.0,0.0,0.0,-12.981067385366291,9.02092460445159,4.0,0.24913627797307658
1757308893.935644,-1.1944071054458618,0.18399561941623688,0.3889418840408325,285.53,5.285706921121989,0.234375,0.0,0.0,0.0,0.0,-12.981067385366291,9.02092460445159,4.0,0.24913627797307658
1757308894.0779917,-1.1560171842575073,0.18194882571697235,0.3670836389064789,285.59,5.285706921121989,0.234375,0.0,0.0,0.0,0.0,-12.981067385366291,9.02092460445159,4.0,0.24913627797307658
1757308894.2253845,-1.1505333185195923,0.17961755394935608,0.36736029386520386,285.59,5.285706921121989,0.234375,0.0,0.0,0.0,0.0,-12.981067385366291,9.02092460445159,4.0,0.24913627797307658
1757308894.3760476,-1.1505333185195923,0.17961755394935608,0.36736029386520386,285.59,5.285706921121989,0.234375,0.0,0.0,0.0,0.0,-12.981067385366291,9.02092460445159,4.0,0.24913627797307658
1757308894.5279665,-1.1505333185195923,0.17961755394935608,0.36736029386520386,285.59,5.285706921121989,0.234375,0.0,0.0,0.0,0.0,-12.981067385366291,9.02092460445159,4.0,0.24913627797307658
1757308894.6766691,-1.1505333185195923,0.17961755394935608,0.36736029386520386,285.59,5.285706921121989,0.234375,0.0,0.0,0.0,0.0,-12.981067385366291,9.02092460445159,4.0,0.24913627797307658
1757308894.8273938,-1.1329258680343628,0.1761361062526703,0.35552898049354553,285.67,5.285706921121989,0.234375,0.0,0.0,0.0,0.0,-12.981067385366291,9.02092460445159,4.0,0.24913627797307658
1757308894.986266,-1.128899335861206,0.17621701955795288,0.34920135140419006,285.67,5.285706921121989,0.234375,0.0,0.0,0.0,0.0,-12.981067385366291,9.02092460445159,4.0,0.24913627797307658
1757308895.1274152,-1.128899335861206,0.17621701955795288,0.34920135140419006,285.67,5.285706921121989,0.234375,0.0,0.0,0.0,0.0,-12.981067385366291,9.02092460445159,4.0,0.24913627797307658
1757308895.2786307,-1.128899335861206,0.17621701955795288,0.34920135140419006,285.67,5.285706921121989,0.234375,0.0,0.0,0.0,0.0,-12.981067385366291,9.02092460445159,4.0,0.24913627797307658
1757308895.4249175,-1.128899335861206,0.17621701955795288,0.34920135140419006,285.67,5.285706921121989,0.234375,0.0,0.0,0.0,0.0,-12.981067385366291,9.02092460445159,4.0,0.24913627797307658
1757308895.5753365,-1.1262073516845703,0.1666967123746872,0.3374130427837372,285.76,5.285706921121989,0.234375,0.0,0.0,0.0,0.0,-12.981067385366291,9.02092460445159,4.0,0.24913627797307658
1757308895.7344842,-1.1262073516845703,0.1666967123746872,0.3374130427837372,285.76,5.285706921121989,0.234375,0.0,0.0,0.0,0.0,-12.981067385366291,9.02092460445159,4.0,0.24913627797307658
1757308895.8771212,-1.1262073516845703,0.1666967123746872,0.3374130427837372,285.76,5.285706921121989,0.234375,0.0,0.0,0.0,0.0,-12.981067385366291,9.02092460445159,4.0,0.24913627797307658
1757308896.0309808,-1.1262073516845703,0.1666967123746872,0.3374130427837372,285.76,5.285706921121989,0.234375,0.0,0.0,0.0,0.0,-12.981067385366291,9.02092460445159,4.0,0.24913627797307658
1757308896.1777227,-1.1246672868728638,0.1629306674003601,0.3306167721748352,285.8,5.285706921121989,0.234375,0.0,0.0,0.0,0.0,-12.981067385366291,9.02092460445159,4.0,0.24913627797307658
1757308896.352064,-1.116916298866272,0.1581994742155075,0.3191712200641632,285.83,5.285706921121989,0.234375,0.0,0.0,0.0,0.0,-12.981067385366291,9.02092460445159,4.0,0.24913627797307658
1757308896.4760041,-1.116916298866272,0.1581994742155075,0.3191712200641632,285.83,5.285706921121989,0.234375,0.0,0.0,0.0,0.0,-12.981067385366291,9.02092460445159,4.0,0.24913627797307658
1757308896.625318,-1.116916298866272,0.1581994742155075,0.3191712200641632,285.83,5.285706921121989,0.234375,0.0,0.0,0.0,0.0,-12.981067385366291,9.02092460445159,4.0,0.24913627797307658
1757308896.7765517,-1.116916298866272,0.1581994742155075,0.3191712200641632,285.83,5.285706921121989,0.234375,0.0,0.0,0.0,0.0,-12.981067385366291,9.02092460445159,4.0,0.24913627797307658
1757308896.9295385,-1.1014606952667236,0.15490348637104034,0.3077726364135742,285.9,5.285706921121989,0.234375,0.0,0.0,0.0,0.0,-12.981067385366291,9.02092460445159,4.0,0.24913627797307658
1757308897.0747666,-1.1014606952667236,0.15490348637104034,0.3077726364135742,285.9,5.285706921121989,0.234375,0.0,0.0,0.0,0.0,-12.981067385366291,9.02092460445159,4.0,0.24913627797307658
1757308897.225516,-1.1014606952667236,0.15490348637104034,0.3077726364135742,285.9,5.285706921121989,0.234375,0.0,0.0,0.0,0.0,-12.981067385366291,9.02092460445159,4.0,0.24913627797307658
1757308897.3797352,-1.1014606952667236,0.15490348637104034,0.3077726364135742,285.9,5.285706921121989,0.234375,0.0,0.0,0.0,0.0,-12.981067385366291,9.02092460445159,4.0,0.24913627797307658
1757308897.5286286,-1.1014606952667236,0.15490348637104034,0.3077726364135742,285.9,5.285706921121989,0.234375,0.0,0.0,0.0,0.0,-12.981067385366291,9.02092460445159,4.0,0.24913627797307658
1757308897.676067,-1.0876753330230713,0.16907578706741333,0.3020128905773163,285.98,5.285706921121989,0.234375,0.0,0.0,0.0,0.0,-12.981067385366291,9.02092460445159,4.0,0.24913627797307658
1757308897.8263009,-1.0876753330230713,0.16907578706741333,0.3020128905773163,285.98,5.285706921121989,0.234375,0.0,0.0,0.0,0.0,-12.981067385366291,9.02092460445159,4.0,0.24913627797307658
1757308897.9854703,-1.0876753330230713,0.16907578706741333,0.3020128905773163,285.98,5.285706921121989,0.234375,0.0,0.0,0.0,0.0,-12.981067385366291,9.02092460445159,4.0,0.24913627797307658
1757308898.1371064,-1.0876753330230713,0.16907578706741333,0.3020128905773163,285.98,5.285706921121989,0.234375,0.0,0.0,0.0,0.0,-12.981067385366291,9.02092460445159,4.0,0.24913627797307658
