timestamp,x,y,z,compass_hdg,bearing,yaw_error,vel_x,vel_y,vel_z,yaw_rate,estimated_state_x,estimated_state_y,desired_radius,distance_error
1757308438.555379,0.0,0.0,0.0,0.0,0.0,0.0,0.0,0.0,0.0,0.0,0.0,0.0,4.0,0.0
1757308438.6119428,1.5682413578033447,1.2973899841308594,0.7435810565948486,101.98,0.0,0.0,0.0,0.0,0.0,0.0,0.0,0.0,4.0,0.0
1757308438.7618668,1.5682413578033447,1.2973899841308594,0.7435810565948486,101.98,0.0,0.0,0.0,0.0,0.0,0.0,0.0,0.0,4.0,0.0
1757308438.9116552,1.5682413578033447,1.2973899841308594,0.7435810565948486,101.98,0.0,0.0,0.0,0.0,0.0,0.0,0.0,0.0,4.0,0.0
1757308439.0618331,1.5682413578033447,1.2973899841308594,0.7435810565948486,101.98,0.0,0.0,0.0,0.0,0.0,0.0,0.0,0.0,4.0,0.0
1757308439.2118201,1.5690770149230957,1.3129621744155884,0.7257598638534546,102.25,0.0,0.0,0.0,0.0,0.0,0.0,0.0,0.0,4.0,0.0
1757308439.3620157,1.5690770149230957,1.3129621744155884,0.7257598638534546,102.25,0.0,0.0,0.0,0.0,0.0,0.0,0.0,0.0,4.0,0.0
1757308439.5116894,1.5690770149230957,1.3129621744155884,0.7257598638534546,102.25,0.0,0.0,0.0,0.0,0.0,0.0,0.0,0.0,4.0,0.0
1757308439.6616426,1.5690770149230957,1.3129621744155884,0.7257598638534546,102.25,0.0,0.0,0.0,0.0,0.0,0.0,0.0,0.0,4.0,0.0
1757308439.8119044,1.5685518980026245,1.326941967010498,0.7173453569412231,102.34,0.0,0.0,0.0,0.0,0.0,0.0,0.0,0.0,4.0,0.0
1757308439.9618614,1.5679975748062134,1.338756799697876,0.7131049633026123,102.48,0.0,0.0,0.0,0.0,0.0,0.0,0.0,0.0,4.0,0.0
1757308440.1116016,1.5679975748062134,1.338756799697876,0.7131049633026123,102.48,0.0,0.0,0.0,0.0,0.0,0.0,0.0,0.0,4.0,0.0
1757308440.2636905,1.5679975748062134,1.338756799697876,0.7131049633026123,102.48,0.0,0.0,0.0,0.0,0.0,0.0,0.0,0.0,4.0,0.0
1757308440.4119678,1.5679975748062134,1.338756799697876,0.7131049633026123,102.48,0.0,0.0,0.0,0.0,0.0,0.0,0.0,0.0,4.0,0.0
1757308440.5620692,1.5672314167022705,1.3512696027755737,0.7124255299568176,102.74,0.0,0.0,0.0,0.0,0.0,0.0,0.0,0.0,4.0,0.0
1757308440.7116992,1.5672314167022705,1.3512696027755737,0.7124255299568176,102.74,0.0,0.0,0.0,0.0,0.0,0.0,0.0,0.0,4.0,0.0
1757308440.861711,1.5672314167022705,1.3512696027755737,0.7124255299568176,102.74,0.0,0.0,0.0,0.0,0.0,0.0,0.0,0.0,4.0,0.0
1757308441.0119996,1.5672314167022705,1.3512696027755737,0.7124255299568176,102.74,0.0,0.0,0.0,0.0,0.0,0.0,0.0,0.0,4.0,0.0
1757308441.1622229,1.5672314167022705,1.3512696027755737,0.7124255299568176,102.74,0.0,0.0,0.0,0.0,0.0,0.0,0.0,0.0,4.0,0.0
1757308441.3117197,1.564455509185791,1.3627524375915527,0.7002503275871277,103.01,0.0,0.0,0.0,0.0,0.0,0.0,0.0,0.0,4.0,0.0
1757308441.461648,1.564455509185791,1.3627524375915527,0.7002503275871277,103.01,0.0,0.0,0.0,0.0,0.0,0.0,0.0,0.0,4.0,0.0
1757308441.611697,1.564455509185791,1.3627524375915527,0.7002503275871277,103.01,0.0,0.0,0.0,0.0,0.0,0.0,0.0,0.0,4.0,0.0
1757308441.7616532,1.564455509185791,1.3627524375915527,0.7002503275871277,103.01,0.0,0.0,0.0,0.0,0.0,0.0,0.0,0.0,4.0,0.0
1757308441.9121659,1.564455509185791,1.3627524375915527,0.7002503275871277,103.01,0.0,0.0,0.0,0.0,0.0,0.0,0.0,0.0,4.0,0.0
1757308442.0620227,1.5649025440216064,1.3838523626327515,0.7094539403915405,103.26,0.0,0.0,0.0,0.0,0.0,0.0,7.410111103813672,0.01654607119541951,4.0,0.0
1757308442.2129557,1.5649025440216064,1.3838523626327515,0.7094539403915405,103.26,0.2625,0.2625,0.0,0.0,0.0,0.0,7.410111103813672,0.01654607119541951,4.0,0.0
1757308442.3619077,1.5649025440216064,1.3838523626327515,0.7094539403915405,103.26,0.26328125,0.26328125,0.0,0.0,0.0,0.0,7.410111103813672,0.01654607119541951,4.0,0.0
1757308442.5129218,1.5649025440216064,1.3838523626327515,0.7094539403915405,103.26,0.25546875,0.25546875,0.0,0.0,0.0,0.0,7.410111103813672,0.01654607119541951,4.0,0.0
1757308442.6649888,1.5700932741165161,1.3925552368164062,0.713283896446228,103.43,0.2546875,0.2546875,0.0,0.0,0.0,0.0,7.410111103813672,0.01654607119541951,4.0,0.0
1757308442.8134391,1.5712547302246094,1.39487886428833,0.71412193775177,103.51,2.0572219923101422,0.25429687500000003,0.0,0.0,0.0,0.0,7.410111103813672,0.01654607119541951,4.0,0.0
1757308442.9635859,1.5712547302246094,1.39487886428833,0.71412193775177,103.51,2.057537795337735,0.25234375000000003,0.0,0.0,0.0,0.0,7.410111103813672,0.01654607119541951,4.0,0.0
1757308443.112103,1.5712547302246094,1.39487886428833,0.71412193775177,103.51,2.058543433739331,0.251953125,0.0,0.0,0.0,0.0,7.410111103813672,0.01654607119541951,4.0,0.0
1757308443.2618532,1.5712547302246094,1.39487886428833,0.71412193775177,103.51,2.058152808739331,0.2515625,0.0,0.0,0.0,0.0,7.410111103813672,0.01654607119541951,4.0,0.0
1757308443.4113455,1.5803964138031006,1.4166233539581299,0.7189523577690125,103.76,2.056199683739331,0.24960937500000002,0.0,0.0,0.0,0.0,7.410111103813672,0.01654607119541951,4.0,0.0
1757308443.5617807,1.5803964138031006,1.4166233539581299,0.7189523577690125,103.76,2.0604217367669233,0.2515625,0.0,0.0,0.0,0.0,7.410111103813672,0.01654607119541951,4.0,0.0
1757308443.7139294,1.5803964138031006,1.4166233539581299,0.7189523577690125,103.76,2.0601723818693163,0.24921875000000002,0.0,0.0,0.0,0.0,7.410111103813672,0.01654607119541951,4.0,0.0
1757308443.8648922,1.5803964138031006,1.4166233539581299,0.7189523577690125,103.76,2.0590005068693165,0.248046875,0.0,0.0,0.0,0.0,7.410111103813672,0.01654607119541951,4.0,0.0
1757308444.0155404,1.5803964138031006,1.4166233539581299,0.7189523577690125,103.76,2.0578286318693166,0.246875,0.0,0.0,0.0,0.0,7.410111103813672,0.01654607119541951,4.0,0.0
1757308444.1618757,1.5926587581634521,1.4484282732009888,0.7300305366516113,104.0,2.0578286318693166,0.246875,0.0,0.0,0.0,0.0,7.410111103813672,0.01654607119541951,4.0,0.0
1757308444.3118436,1.5926587581634521,1.4484282732009888,0.7300305366516113,104.0,2.0599230269717097,0.246875,0.0,0.0,0.0,0.0,7.410111103813672,0.01654607119541951,4.0,0.0
1757308444.4628959,1.5926587581634521,1.4484282732009888,0.7300305366516113,104.0,2.0620174220741028,0.246875,0.0,0.0,0.0,0.0,7.410111103813672,0.01654607119541951,4.0,0.0
1757308444.6119998,1.5926587581634521,1.4484282732009888,0.7300305366516113,104.0,2.060845547074103,0.24570312500000002,0.0,0.0,0.0,0.0,7.410111103813672,0.01654607119541951,4.0,0.0
1757308444.762239,1.5926587581634521,1.4484282732009888,0.7300305366516113,104.0,2.0612361720741026,0.24609375,0.0,0.0,0.0,0.0,7.410111103813672,0.01654607119541951,4.0,0.0
1757308444.9125013,1.596301555633545,1.4576976299285889,0.7303552627563477,104.24,2.0627155537749005,0.246875,0.0,0.0,0.0,0.0,7.410111103813672,0.01654607119541951,4.0,0.0
1757308445.0615728,1.596301555633545,1.4576976299285889,0.7303552627563477,104.24,2.0647268305780915,0.24609375,0.0,0.0,0.0,0.0,7.410111103813672,0.01654607119541951,4.0,0.0
1757308445.21288,1.596301555633545,1.4576976299285889,0.7303552627563477,104.24,2.065815587278889,0.246484375,0.0,0.0,0.0,0.0,7.410111103813672,0.01654607119541951,4.0,0.0
1757308445.3633623,1.596301555633545,1.4576976299285889,0.7303552627563477,104.24,2.066206212278889,0.246875,0.0,0.0,0.0,0.0,7.410111103813672,0.01654607119541951,4.0,0.0
1757308445.512797,1.6039817333221436,1.4638707637786865,0.7149735689163208,104.49,2.066596837278889,0.24726562500000002,0.0,0.0,0.0,0.0,7.410111103813672,0.01654607119541951,4.0,0.0
1757308445.661755,1.6039817333221436,1.4638707637786865,0.7149735689163208,104.49,2.068167633605684,0.24726562500000002,0.0,0.0,0.0,0.0,7.410111103813672,0.01654607119541951,4.0,0.0
1757308445.8140495,1.6039817333221436,1.4638707637786865,0.7149735689163208,104.49,2.0702620287080773,0.24726562500000002,0.0,0.0,0.0,0.0,7.410111103813672,0.01654607119541951,4.0,0.0
1757308445.9615386,1.6039817333221436,1.4638707637786865,0.7149735689163208,104.49,2.071741410408875,0.248046875,0.0,0.0,0.0,0.0,7.410111103813672,0.01654607119541951,4.0,0.0
1757308446.112558,1.6039817333221436,1.4638707637786865,0.7149735689163208,104.49,2.076819535408875,0.253125,0.0,0.0,0.0,0.0,7.410111103813672,0.01654607119541951,4.0,0.0
1757308446.2622223,1.6109939813613892,1.470402717590332,0.7043437957763672,104.72,2.074085160408875,0.25039062500000003,0.0,0.0,0.0,0.0,7.410111103813672,0.01654607119541951,4.0,0.0
1757308446.4121125,1.6109939813613892,1.470402717590332,0.7043437957763672,104.72,2.0742264305112683,0.2484375,0.0,0.0,0.0,0.0,7.410111103813672,0.01654607119541951,4.0,0.0
1757308446.5620103,1.6109939813613892,1.470402717590332,0.7043437957763672,104.72,2.075365042688462,0.24765625000000002,0.0,0.0,0.0,0.0,7.410111103813672,0.01654607119541951,4.0,0.0
1757308446.712196,1.6109939813613892,1.470402717590332,0.7043437957763672,104.72,2.074583792688462,0.246875,0.0,0.0,0.0,0.0,7.410111103813672,0.01654607119541951,4.0,0.0
1757308446.861443,1.6109939813613892,1.470402717590332,0.7043437957763672,104.72,2.0749744176884617,0.24726562500000002,0.0,0.0,0.0,0.0,7.410111103813672,0.01654607119541951,4.0,0.0
1757308447.0120125,1.6092579364776611,1.4942766427993774,0.7062880396842957,104.95,2.074583792688462,0.246875,0.0,0.0,0.0,0.0,7.410111103813672,0.01654607119541951,4.0,0.0
1757308447.1618807,1.6092579364776611,1.4942766427993774,0.7062880396842957,104.95,2.077376319491653,0.246875,0.0,0.0,0.0,0.0,7.410111103813672,0.01654607119541951,4.0,0.0
1757308447.312157,1.6092579364776611,1.4942766427993774,0.7062880396842957,104.95,2.079379299968049,0.24765625000000002,0.0,0.0,0.0,0.0,7.410111103813672,0.01654607119541951,4.0,0.0
1757308447.4624064,1.6092579364776611,1.4942766427993774,0.7062880396842957,104.95,2.079379299968049,0.24765625000000002,0.0,0.0,0.0,0.0,7.410111103813672,0.01654607119541951,4.0,0.0
1757308447.6120963,1.6092579364776611,1.4942766427993774,0.7062880396842957,104.95,2.0825042999680488,0.25078125,0.0,0.0,0.0,0.0,7.410111103813672,0.01654607119541951,4.0,0.0
1757308447.762741,1.614467740058899,1.5060136318206787,0.6963512301445007,105.26,2.086501964594046,0.25390625,0.0,0.0,0.0,0.0,7.410111103813672,0.01654607119541951,4.0,0.0
1757308447.9120898,1.614467740058899,1.5060136318206787,0.6963512301445007,105.26,2.079487307247636,0.24375000000000002,0.0,0.0,0.0,0.0,7.410111103813672,0.01654607119541951,4.0,0.0
1757308448.061951,1.614467740058899,1.5060136318206787,0.6963512301445007,105.26,2.0605710706492313,0.2234375,0.0,0.0,0.0,0.0,7.410111103813672,0.01654607119541951,4.0,0.0
1757308448.2119157,1.614467740058899,1.5060136318206787,0.6963512301445007,105.26,2.0527585706492313,0.215625,0.0,0.0,0.0,0.0,7.410111103813672,0.01654607119541951,4.0,0.0
1757308448.362276,1.6092854738235474,1.526163935661316,0.8036180138587952,113.36,2.0527585706492313,0.215625,0.0,0.0,0.0,0.0,7.410111103813672,0.01654607119541951,4.0,0.0
1757308448.5122936,1.6092854738235474,1.526163935661316,0.8036180138587952,113.36,2.0527585706492313,0.215625,0.0,0.0,0.0,0.0,7.410111103813672,0.01654607119541951,4.0,0.0
1757308448.6626923,1.6092854738235474,1.526163935661316,0.8036180138587952,113.36,1.995302115060772,0.016796875,0.0,0.0,0.0,0.0,7.410111103813672,0.01654607119541951,4.0,0.0
1757308448.8122184,1.6092854738235474,1.526163935661316,0.8036180138587952,113.36,1.9160052400607719,-0.0625,0.0,0.0,0.0,0.0,7.410111103813672,0.01654607119541951,4.0,0.0
1757308448.9616892,1.6092854738235474,1.526163935661316,0.8036180138587952,113.36,1.898622427560772,-0.07988281250000001,0.0,0.0,0.0,0.0,7.410111103813672,0.01654607119541951,4.0,0.0
1757308449.116462,1.6660103797912598,1.5758334398269653,1.3509479761123657,130.23,1.8550677400607718,-0.1234375,0.0,0.0,0.0,0.0,7.410111103813672,0.01654607119541951,4.0,0.0
1757308449.2634938,1.6660103797912598,1.5758334398269653,1.3509479761123657,130.23,1.8544818025607719,-0.1240234375,0.0,0.0,0.0,0.0,7.410111103813672,0.01654607119541951,4.0,0.0
1757308449.4180872,1.6660103797912598,1.5758334398269653,1.3509479761123657,130.23,1.94976421895603,-0.13398437500000002,0.0,0.0,0.0,0.0,7.410111103813672,0.01654607119541951,4.0,0.0
1757308449.5618484,1.6660103797912598,1.5758334398269653,1.3509479761123657,130.23,2.062200407434722,-0.17792968750000002,0.0,0.0,0.0,0.0,7.410111103813672,0.01654607119541951,4.0,0.0
1757308449.7124603,1.6660103797912598,1.5758334398269653,1.3509479761123657,130.23,2.073723534872215,-0.19921875,0.0,0.0,0.0,0.0,7.410111103813672,0.01654607119541951,4.0,0.0
1757308449.863437,1.649856686592102,1.6208914518356323,2.237945556640625,136.51,2.116816652258512,-0.187890625,0.0,0.0,0.0,0.0,7.410111103813672,0.01654607119541951,4.0,0.0
1757308450.0131078,1.649856686592102,1.6208914518356323,2.237945556640625,136.51,2.2123944021690694,-0.16718750000000002,0.0,0.0,0.0,0.0,7.410111103813672,0.01654607119541951,4.0,0.0
1757308450.1637022,1.649856686592102,1.6208914518356323,2.237945556640625,136.51,2.2567677118974587,-0.12578125,0.0,0.0,0.0,0.0,7.410111103813672,0.01654607119541951,4.0,0.0
1757308450.3124893,1.649856686592102,1.6208914518356323,2.237945556640625,136.51,2.275517711897459,-0.10703125000000001,0.0,0.0,0.0,0.0,7.410111103813672,0.01654607119541951,4.0,0.0
1757308450.4718847,1.6258713006973267,1.6342275142669678,2.4619386196136475,136.51,2.295439586897459,-0.087109375,0.0,0.0,0.0,0.0,7.410111103813672,0.01654607119541951,4.0,0.0
1757308450.611849,1.5224441289901733,1.7301579713821411,3.381701946258545,132.72,2.3110231827791115,-0.055468750000000004,0.0,0.0,0.0,0.0,7.410111103813672,0.01654607119541951,4.0,0.0
1757308450.7633083,1.5224441289901733,1.7301579713821411,3.381701946258545,132.72,2.27992740122327,-0.0376953125,0.0,0.0,0.0,0.0,7.410111103813672,0.01654607119541951,4.0,0.0
1757308450.9117322,1.5224441289901733,1.7301579713821411,3.381701946258545,132.72,2.307025983246874,-0.009375000000000001,0.0,0.0,0.0,0.0,7.410111103813672,0.01654607119541951,4.0,0.0
1757308451.0617983,1.5224441289901733,1.7301579713821411,3.381701946258545,132.72,2.3019478582468738,-0.014453125,0.0,0.0,0.0,0.0,7.410111103813672,0.01654607119541951,4.0,0.0
1757308451.2198458,1.5394033193588257,1.771598219871521,4.160372257232666,124.27,2.2902291082468738,-0.026171875,0.06081589648993013,-0.7180135070019362,0.0,0.026171875,7.326145468236193,-0.0792980158346914,4.0,2.075541257611974
1757308451.3792048,1.5394033193588257,1.771598219871521,4.160372257232666,124.27,2.227563414257856,-0.0328125,0.09885302611097824,-0.7075463625792175,0.0,0.0328125,7.263035069380517,-0.16115988856373153,4.0,2.0411517375065644
1757308451.535031,1.5394033193588257,1.771598219871521,4.160372257232666,124.27,2.101591968866587,-0.057031250000000006,0.18432741205880032,-0.6879719554852773,0.0,0.057031250000000006,7.23188748657734,-0.21422344899012824,4.0,2.028918949078178
1757308451.6760585,1.5394033193588257,1.771598219871521,4.160372257232666,124.27,2.1140378489533536,-0.0548828125,0.1730762712236283,-0.688597646050165,0.0,0.0548828125,7.199772052605407,-0.2674083924568259,4.0,2.0164210425662725
1757308451.8381996,1.5394033193588257,1.771598219871521,4.160372257232666,124.27,2.1113034739533534,-0.0576171875,0.17260169205988318,-0.6867074476238015,0.0,0.0576171875,7.169815810561829,-0.31732554515290157,4.0,2.0054264891994658
1757308451.97025,1.687901496887207,1.6272939443588257,4.578569412231445,126.01,2.1038815989533535,-0.06503906250000001,0.13480919466290991,-0.6601027913733422,0.0,0.06503906250000001,7.141583669747765,-0.36517103793365085,4.0,1.806252315240771
1757308452.127236,1.687901496887207,1.6272939443588257,4.578569412231445,126.01,2.1019074618316727,-0.091796875,0.13413690131260847,-0.6586751416617939,0.0,0.091796875,7.115138413064649,-0.4101910936655443,4.0,1.797089426987684
1757308452.269135,1.687901496887207,1.6272939443588257,4.578569412231445,126.01,2.0844456404380547,-0.11484375000000001,0.1441592684497056,-0.6554098735412063,0.0,0.11484375000000001,7.0932199004040415,-0.44904270674062,4.0,1.7903921224815722
1757308452.451145,1.687901496887207,1.6272939443588257,4.578569412231445,126.01,2.0610081404380547,-0.13828125,0.15853488380580522,-0.6513473733470909,0.0,0.13828125,7.0764335446661475,-0.4804978425790229,4.0,1.7861095605789687
1757308452.5762875,1.687901496887207,1.6272939443588257,4.578569412231445,126.01,2.0348362654380545,-0.164453125,0.1750027513652374,-0.6467139343804041,0.0,0.164453125,7.0646442673151775,-0.5040532889970738,4.0,1.7837707292460419
1757308452.7221541,2.0330488681793213,1.1585229635238647,4.535892963409424,123.46,2.009640952938055,-0.18964843750000002,0.08073319704559104,-0.5902315001533054,0.0,0.18964843750000002,7.051199390325296,-0.5326978152716696,4.0,1.2954756524361146
1757308452.8804038,2.0330488681793213,1.1585229635238647,4.535892963409424,123.46,1.9222639632621994,-0.23251953125000002,0.13189002874575806,-0.5809190658562571,0.0,0.23251953125000002,7.04879297903673,-0.539260291354519,4.0,1.2952957392525501
1757308453.030561,2.0330488681793213,1.1585229635238647,4.535892963409424,123.46,1.9049788070121993,-0.2498046875,0.1419073965735663,-0.5785513722978445,0.0,0.2498046875,7.0481158431161255,-0.5412105407637087,4.0,1.2952800444074253
1757308453.1853678,2.0330488681793213,1.1585229635238647,4.535892963409424,123.46,1.8940413070121993,-0.2607421875,0.14822592550755279,-0.5769644302695653,0.0,0.2607421875,7.0484127147591895,-0.5403243425628732,4.0,1.2952768277946127
1757308453.341919,2.084028959274292,1.064749836921692,4.52370023727417,122.88,1.8905256820121994,-0.2642578125,0.13177032456996066,-0.5703202162346169,0.0,0.2642578125,7.047837153532728,-0.5420627304666874,4.0,1.2173976670467077
1757308453.4785106,2.18412184715271,0.6054617166519165,4.4993205070495605,119.39,1.880402772350632,-0.2642578125,0.08476598607094604,-0.552076080161086,0.0,0.2642578125,7.041912095134073,-0.5605846951959756,4.0,0.9957772496345534
1757308453.620593,2.18412184715271,0.6054617166519165,4.4993205070495605,119.39,1.8517961203027684,-0.2509765625,0.10040159384683806,-0.5493908509366416,0.0,0.2509765625,7.038766880549161,-0.5714814737824352,4.0,0.9952751349440829
1757308453.7836106,2.18412184715271,0.6054617166519165,4.4993205070495605,119.39,1.8466392189560301,-0.237109375,0.10314887174815277,-0.5488418603212524,0.0,0.237109375,7.036182860124563,-0.5806103904441485,4.0,0.9949237348364735
1757308453.924373,2.18412184715271,0.6054617166519165,4.4993205070495605,119.39,1.8697837502060302,-0.21396484375000002,0.0902157435646512,-0.5510191245392719,0.0,0.21396484375000002,7.031827377141287,-0.5947411485506118,4.0,0.9940700659003756
1757308454.0709069,2.0563583374023438,0.11690658330917358,4.530360698699951,106.69,1.8837485939560301,-0.2,0.08844555112852323,-0.5541451196603767,0.0,0.2,7.018670451768608,-0.6354009228778192,4.0,1.0190146547157513
1757308454.222852,2.0563583374023438,0.11690658330917358,4.530360698699951,106.69,1.8360680751006586,-0.17734375000000002,0.1139819811934184,-0.5490892624042543,0.0,0.17734375000000002,7.011133228294214,-0.6631445203288886,4.0,1.0158024227135884
1757308454.3755803,2.0563583374023438,0.11690658330917358,4.530360698699951,106.69,1.7163886539527502,-0.14570312500000002,0.17871784270789554,-0.5315518606660478,0.0,0.14570312500000002,7.0115174461859,-0.6605241949081495,4.0,1.0157751552756267
1757308454.5231652,2.0563583374023438,0.11690658330917358,4.530360698699951,106.69,1.7316230289527503,-0.13046875,0.1705979240377476,-0.5342124633489296,0.0,0.13046875,7.011308529444086,-0.6618119935076836,4.0,1.0157685380701293
1757308454.6797023,2.0563583374023438,0.11690658330917358,4.530360698699951,106.69,1.7490058414527503,-0.11308593750000001,0.16125652327018192,-0.5370916783865226,0.0,0.11308593750000001,7.010316122462775,-0.6673216816028543,4.0,1.0156466888774949
1757308454.8218377,1.8774091005325317,-0.24620595574378967,4.60276460647583,96.0,1.7683417789527502,-0.09375,0.18299406764114512,-0.5465445845849816,0.0,0.09375,7.0044824490790125,-0.6964673305557814,4.0,1.1468064299158565
1757308454.9793954,1.8774091005325317,-0.24620595574378967,4.60276460647583,96.0,1.6899602904627484,-0.049609375000000004,0.22516530725218437,-0.5305304582254943,0.0,0.049609375000000004,7.003516833817641,-0.7045321876150106,4.0,1.146556463118487
1757308455.1185536,1.8774091005325317,-0.24620595574378967,4.60276460647583,96.0,1.6552035819145565,-0.0203125,0.24346367846248798,-0.5223854929622795,0.0,0.0203125,7.003620225559573,-0.7033101826581227,4.0,1.1465507646008852
1757308455.282348,1.8774091005325317,-0.24620595574378967,4.60276460647583,96.0,1.6798129569145566,0.004296875,0.23051053393615717,-0.5282154494656821,0.0,-0.004296875,7.003058022765923,-0.7084467736213769,4.0,1.146449596343528
1757308455.421788,1.8774091005325317,-0.24620595574378967,4.60276460647583,96.0,1.6977817069145564,0.022265625,0.22089710643775184,-0.5322610435484293,0.0,-0.022265625,7.001851002647753,-0.7179008169390891,4.0,1.146105406055372
1757308455.5711207,1.8511375188827515,-0.5627927184104919,4.632961273193359,85.74,1.6519875548666922,0.018359375,0.24659825009732966,-0.5217182679194718,0.0,-0.018359375,7.00078395788236,-0.7310142911539776,4.0,1.1523933219657874
1757308455.723348,1.8511375188827515,-0.5627927184104919,4.632961273193359,85.74,1.541774160766648,0.017578125,0.302247559467719,-0.49143630296303153,0.0,-0.017578125,7.000323174307865,-0.7151417957569988,4.0,1.1514389402771812
1757308455.8865666,1.8511375188827515,-0.5627927184104919,4.632961273193359,85.74,1.515976550659938,0.01953125,0.3143779117721236,-0.48350083230515245,0.0,-0.01953125,6.9991334794057405,-0.6934616104857336,4.0,1.1496540436146958
1757308456.040193,1.8511375188827515,-0.5627927184104919,4.632961273193359,85.74,1.521445300659938,0.025,0.3113796316227887,-0.48523010746025647,0.0,-0.025,6.998185175934451,-0.6742617366719522,4.0,1.1482545513983249
1757308456.190107,1.8762389421463013,-0.7199617624282837,4.667515277862549,85.55,1.5151953006599381,0.018750000000000003,0.30775447238750375,-0.483644745811734,0.0,-0.018750000000000003,6.997521059982564,-0.6623297366503559,4.0,1.1216063867564774
1757308456.3230479,1.9828269481658936,-1.0132039785385132,4.7786641120910645,83.93,1.5127767286875309,0.0140625,0.28529153416345654,-0.48427165184031157,0.0,-0.0140625,6.99769356134398,-0.6652995565270041,4.0,1.0269199948699619
1757308456.4709368,1.9828269481658936,-1.0132039785385132,4.7786641120910645,83.93,1.470473157628029,0.001953125,0.30545781700136326,-0.47177905845511414,0.0,-0.001953125,6.996911808320584,-0.6575333689634278,4.0,1.0266836549904346
1757308456.6353261,1.9828269481658936,-1.0132039785385132,4.7786641120910645,83.93,1.453136091198841,-0.01171875,0.3134573513473565,-0.46642845138296524,0.0,0.01171875,6.995530219018247,-0.6458454111662383,4.0,1.026146277083039
1757308456.7715356,1.9828269481658936,-1.0132039785385132,4.7786641120910645,83.93,1.433604841198841,-0.03125,0.32225839945376394,-0.46025197547096075,0.0,0.03125,6.993330832961964,-0.6299146111066987,4.0,1.0251427759560015
1757308456.9260948,2.1983203887939453,-1.3222671747207642,4.847815990447998,86.52,1.428917341198841,-0.035937500000000004,0.2797638964655209,-0.46511385589873405,0.0,0.035937500000000004,6.993382902873985,-0.6302791475393796,4.0,0.8447365195331287
1757308457.0715365,2.1983203887939453,-1.3222671747207642,4.847815990447998,86.52,1.432200126439197,-0.04609375,0.2782342162070842,-0.4660299351137892,0.0,0.04609375,6.99354109237532,-0.6314131996923503,4.0,0.8447312423774367
1757308457.2279122,2.1983203887939453,-1.3222671747207642,4.847815990447998,86.52,1.4547397627703087,-0.05078125,0.26761744648325303,-0.4721873217334224,0.0,0.05078125,6.994299199822015,-0.6379160693164578,4.0,0.8445587199762903
1757308457.3698974,2.1983203887939453,-1.3222671747207642,4.847815990447998,86.52,1.448535431325494,-0.0615234375,0.27051965975023984,-0.4705205876732441,0.0,0.0615234375,6.994874479561476,-0.6425979465598601,4.0,0.8444691561994251
1757308457.518893,2.1983203887939453,-1.3222671747207642,4.847815990447998,86.52,1.449511993825494,-0.060546875,0.27003780507605896,-0.4707872524384695,0.0,0.060546875,6.995445265435658,-0.6472810278734746,4.0,0.8443795661085964
1757308457.6832473,2.4636988639831543,-1.6222628355026245,4.740459442138672,86.45,1.4432619938254938,-0.066796875,0.22076646107930453,-0.4757850405462615,0.0,0.066796875,6.997929745946873,-0.6666561701963364,4.0,0.6338357534262355
1757308457.8235555,2.4636988639831543,-1.6222628355026245,4.740459442138672,86.45,1.4468981093530866,-0.0654296875,0.2186421495015329,-0.4766335494697507,0.0,0.0654296875,7.000326821579076,-0.6859042066872734,4.0,0.6322522283871708
1757308457.98795,2.4636988639831543,-1.6222628355026245,4.740459442138672,86.45,1.4498527633490979,-0.058984375000000006,0.216851365569924,-0.47732385158819224,0.0,0.058984375000000006,7.002632298606665,-0.7048735919290937,4.0,0.6307148204318951
1757308458.1269567,2.4636988639831543,-1.6222628355026245,4.740459442138672,86.45,1.4498527633490979,-0.058984375000000006,0.21650691297659477,-0.47736571522957494,0.0,0.058984375000000006,7.004822501782875,-0.722894507908823,4.0,0.629326871421183
1757308458.2726827,2.4636988639831543,-1.6222628355026245,4.740459442138672,86.45,1.452587138349098,-0.05625,0.21486656340106763,-0.477995636888202,0.0,0.05625,7.0069308021127945,-0.7406466906914992,4.0,0.6279804959002195
1757308458.4319615,2.7876992225646973,-1.9035239219665527,4.603092193603516,83.76,1.4513903743687133,-0.052734375,0.15185267516069828,-0.4853669621208873,0.0,0.052734375,7.010814145139127,-0.7730141684355545,4.0,0.37181334826860546
1757308458.5835032,2.7876992225646973,-1.9035239219665527,4.603092193603516,83.76,1.4340119038211774,-0.050390625,0.15944637750198296,-0.48276741243145976,0.0,0.050390625,7.01452372877476,-0.7999647468462975,4.0,0.3685109888027114
1757308458.7211607,2.7876992225646973,-1.9035239219665527,4.603092193603516,83.76,1.4208721564704505,-0.041015625,0.1651923898464543,-0.48071885212000337,0.0,0.041015625,7.017957946589121,-0.8226992303438372,4.0,0.3661505798822464
1757308458.8710794,2.7876992225646973,-1.9035239219665527,4.603092193603516,83.76,1.4322002814704504,-0.029687500000000002,0.1590829765661536,-0.4826504152788446,0.0,0.029687500000000002,7.021315325796094,-0.8467681312496297,4.0,0.36351213024026574
1757308459.048872,2.9247584342956543,-2.0583114624023438,4.52781343460083,80.56,1.4540752814704505,-0.0078125,0.1242592379444438,-0.48885549838056086,0.0,0.0078125,7.025544026988091,-0.8828325792046708,4.0,0.2659340222368076
1757308459.1854131,2.9996275901794434,-2.180380344390869,4.500827312469482,78.15,1.4360028661433275,-0.0021484375,0.12254931911173074,-0.48795733852582324,0.0,0.0021484375,7.030548229090075,-0.9197324237896622,4.0,0.22345289744207353
1757308459.3171246,2.9996275901794434,-2.180380344390869,4.500827312469482,78.15,1.3602638729335688,-0.0037109375000000003,0.15868981323362774,-0.4773775033026489,0.0,0.0037109375000000003,7.034627825764568,-0.9388227976222118,4.0,0.22169303042158894
1757308459.479952,2.9996275901794434,-2.180380344390869,4.500827312469482,78.15,1.3538185604335686,-0.01015625,0.1614300767186967,-0.47641825730604215,0.0,0.01015625,7.038328415409243,-0.9556094611891934,4.0,0.22032795787844872
1757308459.6337106,2.9996275901794434,-2.180380344390869,4.500827312469482,78.15,1.3485451229335688,-0.0154296875,0.1636791288573165,-0.4756193394739936,0.0,0.0154296875,7.041683424189475,-0.9704556580355527,4.0,0.21925741237798135
1757308459.7758913,3.1293985843658447,-2.5804479122161865,4.469645023345947,76.4,1.3424904354335687,-0.021484375,0.16801107259046716,-0.47428146749080013,0.0,0.021484375,7.049409759416936,-1.0037076471132824,4.0,0.22523342267882462
1757308459.9324064,3.1293985843658447,-2.5804479122161865,4.469645023345947,76.4,1.3067028119252633,-0.028125,0.1841802207380905,-0.46815375646200375,0.0,0.028125,7.055920170402673,-1.0277837607517677,4.0,0.2223616298057527
1757308460.0687237,3.1293985843658447,-2.5804479122161865,4.469645023345947,76.4,1.303548736023668,-0.0298828125,0.18506499864993445,-0.46773229602966815,0.0,0.0298828125,7.062002406327499,-1.0499981477234,4.0,0.2199110538189588
1757308460.2327583,3.1293985843658447,-2.5804479122161865,4.469645023345947,76.4,1.2951502985236678,-0.03828125,0.18853667098723065,-0.46628883592356757,0.0,0.03828125,7.0674776665143515,-1.069355877081678,4.0,0.21804053986001648
1757308460.37876,3.1293985843658447,-2.5804479122161865,4.469645023345947,76.4,1.2990565485236678,-0.034375,0.18627140487850855,-0.467145012402896,0.0,0.034375,7.072827463429712,-1.0885560961571152,4.0,0.21620356660573758
1757308460.5244334,3.229794979095459,-2.979933023452759,4.467555522918701,74.47,1.300619048523668,-0.0328125,0.1999505694936134,-0.46344484825127297,0.0,0.0328125,7.0834641923315935,-1.1269629104773278,4.0,0.27601036535509227
1757308460.6838326,3.229794979095459,-2.979933023452759,4.467555522918701,74.47,1.275519492602129,-0.0390625,0.21036112103233606,-0.458632807439064,0.0,0.0390625,7.092941352429507,-1.158120494870437,4.0,0.2711708922851024
1757308460.8287237,3.229794979095459,-2.979933023452759,4.467555522918701,74.47,1.260293568960177,-0.039453125000000006,0.21648426964937934,-0.4556448624156053,0.0,0.039453125000000006,7.101410206259099,-1.1845129238969445,4.0,0.26766186583407414
1757308460.9735153,3.229794979095459,-2.979933023452759,4.467555522918701,74.47,1.2679107564601773,-0.0318359375,0.21215553356142003,-0.4575468039011217,0.0,0.0318359375,7.1097452745121466,-1.2111850765429242,4.0,0.2640923529635
1757308461.120232,3.229794979095459,-2.979933023452759,4.467555522918701,74.47,1.2696685689601772,-0.030078125,0.21055945857822034,-0.45816483397034213,0.0,0.030078125,7.11772931638916,-1.2368925865544778,4.0,0.26077732060359615
1757308461.2952886,3.3258581161499023,-3.335009813308716,4.505924701690674,72.24,1.263618068381388,-0.0328125,0.22873531942752248,-0.4519948797077935,0.0,0.0328125,7.130630798552497,-1.2775631676714407,4.0,0.3254342977787914
1757308461.4409173,3.3258581161499023,-3.335009813308716,4.505924701690674,72.24,1.2557640867474136,-0.0328125,0.23065831383425744,-0.45071236735447884,0.0,0.0328125,7.142672920184768,-1.3145152141415248,4.0,0.31861941754115364
1757308461.5986123,3.3258581161499023,-3.335009813308716,4.505924701690674,72.24,1.2252789766407035,-0.035546875,0.24330572001045148,-0.44382634472821225,0.0,0.035546875,7.152975535177076,-1.3431370225045645,4.0,0.3144391238916713
1757308461.7242775,3.3258581161499023,-3.335009813308716,4.505924701690674,72.24,1.2202008516407037,-0.040625,0.24473516777778898,-0.44288541038119633,0.0,0.040625,7.162527990843785,-1.3692577915878592,4.0,0.3109415141339147
1757308461.8812616,3.4534177780151367,-3.685575246810913,4.551517486572266,73.54,1.1936383516407036,-0.0671875,0.26921941798253585,-0.43115571538340847,0.0,0.0671875,7.177029468433263,-1.4058664953022881,4.0,0.3660458097371757
1757308462.0277085,3.4534177780151367,-3.685575246810913,4.551517486572266,73.54,1.1707370111799345,-0.08066406250000001,0.2779369961926248,-0.4253365186072336,0.0,0.08066406250000001,7.189676669034464,-1.4357749915373077,4.0,0.36133370534176734
1757308462.1757061,3.4534177780151367,-3.685575246810913,4.551517486572266,73.54,1.20656200691663,-0.07695312500000001,0.2609699958581791,-0.4356111120879485,0.0,0.07695312500000001,7.203413475632098,-1.4718064480537463,4.0,0.3546802438866248
1757308462.3273382,3.4534177780151367,-3.685575246810913,4.551517486572266,73.54,1.22257763191663,-0.060937500000000006,0.2522696335417405,-0.44034837443311947,0.0,0.060937500000000006,7.217084861143697,-1.5094675105072666,4.0,0.34748603133190326
1757308462.48002,3.4534177780151367,-3.685575246810913,4.551517486572266,73.54,1.24601513191663,-0.037500000000000006,0.2399076030041315,-0.4468037887840477,0.0,0.037500000000000006,7.230827770261284,-1.550283491090499,4.0,0.33915857414413964
1757308462.6167495,3.658543825149536,-3.9887499809265137,4.568027973175049,68.08,1.2546088819166301,-0.02890625,0.22883402425894153,-0.45121274221631397,0.0,0.02890625,7.249590232593791,-1.6076323811396682,4.0,0.30875101676030425
1757308462.7757316,3.658543825149536,-3.9887499809265137,4.568027973175049,68.08,1.2314543096995498,-0.015234375000000001,0.23627452737049875,-0.4468332382313224,0.0,0.015234375000000001,7.267065600488914,-1.6571381306546205,4.0,0.2962592127834629
1757308462.9250312,3.658543825149536,-3.9887499809265137,4.568027973175049,68.08,1.1718139047577396,-0.01640625,0.2610296858228216,-0.4325704296320886,0.0,0.01640625,7.281568326324928,-1.6915378538337589,4.0,0.28992891467670034
1757308463.0854015,3.658543825149536,-3.9887499809265137,4.568027973175049,68.08,1.1643920297577395,-0.023828125000000002,0.26303305412994965,-0.4311375948614243,0.0,0.023828125000000002,7.294967041924069,-1.7226713815750354,4.0,0.2847037272063053
1757308463.219734,3.658543825149536,-3.9887499809265137,4.568027973175049,68.08,1.1483764047577396,-0.039843750000000004,0.2690426201062444,-0.42725699909857734,0.0,0.039843750000000004,7.306775557805268,-1.7489429906704244,4.0,0.2809263166698255
1757308463.382109,3.861358165740967,-4.231792449951172,4.542618751525879,68.17,1.1040282165566138,-0.061328125000000004,0.2789643099674075,-0.41932129826274045,0.0,0.061328125000000004,7.321778775666356,-1.7787167897240141,4.0,0.24170849922473003
1757308463.523243,3.861358165740967,-4.231792449951172,4.542618751525879,68.17,1.1206503260845346,-0.069140625,0.2706763692075607,-0.4245185389313765,0.0,0.069140625,7.337074402848909,-1.8103693449501796,4.0,0.23602327830341885
1757308463.6722443,3.861358165740967,-4.231792449951172,4.542618751525879,68.17,1.1206503260845346,-0.069140625,0.2695199457030116,-0.42507736341377095,0.0,0.069140625,7.3516052486723344,-1.840439272415037,4.0,0.2308858079157714
1757308463.8307595,3.861358165740967,-4.231792449951172,4.542618751525879,68.17,1.1362753260845346,-0.053515625000000004,0.2615649628559208,-0.42983084764587876,0.0,0.053515625000000004,7.366335595208636,-1.872178571160346,4.0,0.22523897999392162
1757308463.987828,3.861358165740967,-4.231792449951172,4.542618751525879,68.17,1.1692831385845346,-0.0205078125,0.24552731995757618,-0.4389548489412626,0.0,0.0205078125,7.382010452416124,-1.9090972428194406,4.0,0.21780814510377322
1757308464.1404705,4.04765510559082,-4.479241371154785,4.5150933265686035,64.3,1.2009693546240932,-0.0015625,0.22582544311679464,-0.44871192338022675,0.0,0.0015625,7.403537936039473,-1.9646285201942746,4.0,0.19347437835451764
1757308464.280229,4.04765510559082,-4.479241371154785,4.5150933265686035,64.3,1.2221960783996915,0.019140625,0.21219632924832382,-0.45487750934306614,0.0,-0.019140625,7.424324127726096,-2.0218209529206352,4.0,0.17621943832003417
1757308464.422962,4.04765510559082,-4.479241371154785,4.5150933265686035,64.3,1.1605279590323538,0.03828125,0.2376241111261888,-0.44189337580894744,0.0,-0.03828125,7.442405953263054,-2.0633931171702926,4.0,0.1666120654617309
1757308464.586405,4.04765510559082,-4.479241371154785,4.5150933265686035,64.3,1.1632623340323538,0.041015625,0.2343684163338383,-0.4434249580900222,0.0,-0.041015625,7.459696472362096,-2.1034450498218265,4.0,0.15769581006326305
1757308464.7258046,4.199644565582275,-4.769880294799805,4.526916027069092,57.34,1.1620904590323538,0.039843750000000004,0.2437349848539196,-0.4393183858789181,0.0,-0.039843750000000004,7.48257208933278,-2.156264172232276,4.0,0.1962605212669457
1757308464.8683681,4.199644565582275,-4.769880294799805,4.526916027069092,57.34,1.0854122755509852,0.034375,0.2751073487890152,-0.4201819590115516,0.0,-0.034375,7.500769541414537,-2.1907634469893473,4.0,0.18918486351740071
1757308465.0374143,4.199644565582275,-4.769880294799805,4.526916027069092,57.34,1.0148342930935488,0.0140625,0.3035562582955458,-0.40004437992925573,0.0,-0.0140625,7.512604049427871,-2.209810241819863,4.0,0.18684358649415067
1757308465.1702518,4.199644565582275,-4.769880294799805,4.526916027069092,57.34,0.9886624180935487,-0.012109375,0.3136767818319705,-0.39212441107167456,0.0,0.012109375,7.521316133298173,-2.2230460131663183,4.0,0.1856740032969304
1757308465.3355286,4.199644565582275,-4.769880294799805,4.526916027069092,57.34,0.9667874180935487,-0.033984375000000004,0.32207340188177097,-0.38524217344556966,0.0,0.033984375000000004,7.527270457303775,-2.231674989568571,4.0,0.185161914043384
1757308465.469485,4.37680196762085,-5.097121715545654,4.557326316833496,62.77,0.9413967930935487,-0.059375000000000004,0.34611137465486846,-0.366483403382693,0.0,0.059375000000000004,7.540863191993566,-2.250341316918297,4.0,0.2562239214575994
1757308465.6322927,4.37680196762085,-5.097121715545654,4.557326316833496,62.77,0.9446628306490619,-0.08281250000000001,0.3444372521065994,-0.36795562269382115,0.0,0.08281250000000001,7.554123375658334,-2.268676510101757,4.0,0.25387747944999894
1757308465.7756047,4.37680196762085,-5.097121715545654,4.557326316833496,62.77,0.9775744214768407,-0.11796875000000001,0.33137359706954755,-0.379608986282352,0.0,0.11796875000000001,7.570026615165926,-2.2922637001324526,4.0,0.250166130437381
1757308465.9333007,4.37680196762085,-5.097121715545654,4.557326316833496,62.77,0.9611681714768406,-0.134375,0.33703437750497106,-0.3744863036194091,0.0,0.134375,7.583518266699527,-2.3115825971136585,4.0,0.24761787394908552
1757308466.0832155,4.37680196762085,-5.097121715545654,4.557326316833496,62.77,0.9443712964768407,-0.151171875,0.3429468266263269,-0.36901136032808435,0.0,0.151171875,7.594560322859835,-2.3268413588631787,4.0,0.2459889410278837
1757308466.2219145,4.568190574645996,-5.403311729431152,4.5628662109375,67.36,0.9693585806819549,-0.15253906250000002,0.3463662828127001,-0.36871754941544593,0.0,0.15253906250000002,7.617878515661764,-2.3608205322091327,4.0,0.3078241866109712
1757308466.3710575,4.568190574645996,-5.403311729431152,4.5628662109375,67.36,1.0410377255725685,-0.13828125,0.31619499073645774,-0.39426038532862845,0.0,0.13828125,7.64527649259014,-2.407607271220159,4.0,0.294496821206808
1757308466.5208292,4.568190574645996,-5.403311729431152,4.5628662109375,67.36,1.0453803466433802,-0.1302734375,0.31177819987617267,-0.3971961536298169,0.0,0.1302734375,7.671565108254792,-2.4529500013925976,4.0,0.28200511701308706
1757308466.695649,4.568190574645996,-5.403311729431152,4.5628662109375,67.36,1.0590522216433802,-0.1166015625,0.30356482653899247,-0.40296827144758307,0.0,0.1166015625,7.697339851029743,-2.4988410509108117,4.0,0.269370576124464
1757308466.8356915,4.609455585479736,-5.459024906158447,4.565223217010498,67.36,1.0694037841433803,-0.10625000000000001,0.2980851343662166,-0.4067972394646565,0.0,0.10625000000000001,7.724055281045222,-2.5475818731277764,4.0,0.26347649204254964
1757308466.9722297,4.818090438842773,-5.734846591949463,4.593125820159912,59.67,1.0676461266746338,-0.09160156250000001,0.3048774443650728,-0.40292748084273894,0.0,0.09160156250000001,7.757592397065434,-2.6085141420890814,4.0,0.29122667187890094
1757308467.1228113,4.818090438842773,-5.734846591949463,4.593125820159912,59.67,0.9807164017085637,-0.07695312500000001,0.3365217589344152,-0.37640087614339574,0.0,0.07695312500000001,7.784357620791632,-2.6484818388076543,4.0,0.2806995204222078
1757308467.2743645,4.818090438842773,-5.734846591949463,4.593125820159912,59.67,0.9695629646650165,-0.07187500000000001,0.3389313444496144,-0.373836623675847,0.0,0.07187500000000001,7.8088856785256135,-2.684239685101008,4.0,0.27212577832406915
1757308467.424747,4.818090438842773,-5.734846591949463,4.593125820159912,59.67,0.9836254646650164,-0.0578125,0.33178833683473496,-0.3797985618662682,0.0,0.0578125,7.833337944077142,-2.7209842643882802,4.0,0.26322455980383364
1757308467.5812082,4.97490119934082,-5.952604293823242,4.607001304626465,55.52,0.9980785896650165,-0.043359375000000006,0.33377794037923647,-0.37970943065436424,0.0,0.043359375000000006,7.86495658824827,-2.77001989724444,4.0,0.2989840186141475
1757308467.7281902,5.051707744598389,-6.060776233673096,4.6142497062683105,53.92,1.0012035896650164,-0.040234375,0.33525106115968795,-0.37904632410810124,0.0,0.040234375,7.8987716193163955,-2.822823366367185,4.0,0.31162515504523913
1757308467.8848903,5.051707744598389,-6.060776233673096,4.6142497062683105,53.92,0.971342021833577,-0.020703125000000003,0.34375731222121486,-0.37068641531185853,0.0,0.020703125000000003,7.9288742087334505,-2.86687576411798,4.0,0.2987308675663618
1757308468.0199506,5.051707744598389,-6.060776233673096,4.6142497062683105,53.92,0.9492846576753425,0.008203125,0.3498904786522729,-0.36441744180890795,0.0,-0.008203125,7.955698150586013,-2.9043292435212154,4.0,0.28909289707124763
1757308468.1771793,5.051707744598389,-6.060776233673096,4.6142497062683105,53.92,0.9590502826753425,0.017968750000000002,0.34435999951687124,-0.36918844513600213,0.0,-0.017968750000000002,7.982008430658232,-2.9418338654347074,4.0,0.2795401163110123
1757308468.3184566,5.2277512550354,-6.307420253753662,4.624764919281006,47.29,0.9590502826753425,0.017968750000000002,0.3553946222352107,-0.36144742551232883,0.0,-0.017968750000000002,8.015704256862913,-2.9898663918236466,4.0,0.3334565380543273
1757308468.4833398,5.2277512550354,-6.307420253753662,4.624764919281006,47.29,0.8635474322528198,0.0078125,0.38716233884446527,-0.3268334873383765,0.0,-0.0078125,8.038782796808725,-3.016866530621917,4.0,0.32777565657702556
1757308468.6219451,5.2277512550354,-6.307420253753662,4.624764919281006,47.29,0.8246555883193151,-0.0017578125,0.3990433876467165,-0.31202643816075243,0.0,0.0017578125,8.056029446173007,-3.0355233835492004,4.0,0.32486608529308825
1757308468.779198,5.2277512550354,-6.307420253753662,4.624764919281006,47.29,0.8003662032681184,-0.025,0.4062145422569445,-0.3025236229434703,0.0,0.025,8.06919963663416,-3.0490938592618564,4.0,0.32325338123179836
1757308468.9355235,5.2277512550354,-6.307420253753662,4.624764919281006,47.29,0.8003662032681184,-0.025,0.4059533350073508,-0.3027771254219261,0.0,0.025,8.081711317572255,-3.0619858111888796,4.0,0.3217973991779335
1757308469.077059,5.480240821838379,-6.564063549041748,4.6115570068359375,50.49,0.7681977925713095,-0.059960937500000006,0.4219532533604316,-0.2828655443378281,0.0,0.059960937500000006,8.10193782715597,-3.0815282132781068,4.0,0.35905351567672295
1757308469.2324662,5.480240821838379,-6.564063549041748,4.6115570068359375,50.49,0.7858504294812102,-0.07285156250000001,0.4161565337848362,-0.2910069206484347,0.0,0.07285156250000001,8.123518035024217,-3.1031279499721105,4.0,0.35488112887768786
1757308469.3693013,5.480240821838379,-6.564063549041748,4.6115570068359375,50.49,0.798013614331937,-0.083203125,0.4117840649178537,-0.2968292713774445,0.0,0.083203125,8.145599085610378,-3.1257732738760713,4.0,0.35039937138609734
1757308469.5239449,5.480240821838379,-6.564063549041748,4.6115570068359375,50.49,0.797232364331937,-0.083984375,0.41129978602750017,-0.29720677525333883,0.0,0.083984375,8.166475282700056,-3.1471495181911124,4.0,0.34639587163258323
1757308469.6878877,5.58803129196167,-6.6403093338012695,4.617213249206543,51.13,0.799380801831937,-0.08183593750000001,0.4088164631002158,-0.2998827287151833,0.0,0.08183593750000001,8.191111469979981,-3.1724844795147904,4.0,0.3361083511829914
1757308469.8206484,5.808878421783447,-6.774632930755615,4.632011413574219,49.78,0.8189493465447008,-0.0734375,0.3975965130767208,-0.3127560112937004,0.0,0.0734375,8.225400025926435,-3.2091546793989045,4.0,0.30722785840121336
1757308469.9680743,5.808878421783447,-6.774632930755615,4.632011413574219,49.78,0.8077626466783472,-0.0703125,0.3993867576093608,-0.30989858769689504,0.0,0.0703125,8.256736101585915,-3.241924693714904,4.0,0.2979105049574038
1757308470.1324635,5.808878421783447,-6.774632930755615,4.632011413574219,49.78,0.7891374016427772,-0.07968750000000001,0.4038544548373283,-0.30363202700889314,0.0,0.07968750000000001,8.284312547716095,-3.269708144654239,4.0,0.29095232647249425
1757308470.2758787,5.808878421783447,-6.774632930755615,4.632011413574219,49.78,0.7856217766427772,-0.083203125,0.4038513642490966,-0.30327792416984517,0.0,0.083203125,8.310077482449499,-3.2954846047263957,4.0,0.2849118795593286
1757308470.4386933,6.132515907287598,-6.9333953857421875,4.630992412567139,50.48,0.7707780266427773,-0.098046875,0.3985605949852204,-0.30728724039185806,0.0,0.098046875,8.344955749906573,-3.329357647010217,4.0,0.22894526796128378
1757308470.5788124,6.132515907287598,-6.9333953857421875,4.630992412567139,50.48,0.7528924724576062,-0.10703125000000001,0.40256805375023363,-0.30163025453590603,0.0,0.10703125000000001,8.37596204759218,-3.358410977100744,4.0,0.22061181660632467
1757308470.7212608,6.132515907287598,-6.9333953857421875,4.630992412567139,50.48,0.7682513698751562,-0.10703125000000001,0.39636471335944645,-0.30935392747421886,0.0,0.10703125000000001,8.40727493653285,-3.3886680353912215,4.0,0.21184290180189258
1757308470.8743522,6.132515907287598,-6.9333953857421875,4.630992412567139,50.48,0.7870968939067374,-0.0939453125,0.3887842203696705,-0.3184430718319581,0.0,0.0939453125,8.439216842869115,-3.4207186478761376,4.0,0.20235256385728828
1757308471.033658,6.132515907287598,-6.9333953857421875,4.630992412567139,50.48,0.8150265814067374,-0.06601562500000001,0.3777336969558851,-0.33106663807533776,0.0,0.06601562500000001,8.47262729956201,-3.45616996727673,4.0,0.19132651305941195
1757308471.1717904,6.487846374511719,-7.1359028816223145,4.588656902313232,42.67,0.8384640814067374,-0.042578125,0.36361281325879824,-0.34545519688712467,0.0,0.042578125,8.51973981083328,-3.508568062554675,4.0,0.15766146122878855
1757308471.3313894,6.487846374511719,-7.1359028816223145,4.588656902313232,42.67,0.806076089354557,-0.0074218750000000005,0.37150218002349045,-0.33648008674835184,0.0,0.0074218750000000005,8.5616484766022,-3.552246749547287,4.0,0.14044036686846173
1757308471.4672465,6.487846374511719,-7.1359028816223145,4.588656902313232,42.67,0.7654351168259805,0.020703125000000003,0.3828747676544626,-0.32318111058737037,0.0,-0.020703125000000003,8.597254007839885,-3.5864583332887525,4.0,0.12894140976085744
1757308471.6304722,6.487846374511719,-7.1359028816223145,4.588656902313232,42.67,0.7814507418259805,0.03671875,0.37555777158277887,-0.33138013007608463,0.0,-0.03671875,8.632835833597992,-3.621760349187888,4.0,0.11705932892105331
1757308471.7742844,6.487846374511719,-7.1359028816223145,4.588656902313232,42.67,0.7822319918259805,0.037500000000000006,0.3733914095265115,-0.3335929066115746,0.0,-0.037500000000000006,8.66672333107352,-3.655433935964326,4.0,0.10623536509119802
1757308471.9313066,6.785427570343018,-7.392979621887207,4.596071720123291,34.86,0.7744194918259805,0.029687500000000002,0.3863503605490653,-0.3200713523024831,0.0,-0.029687500000000002,8.712074432125405,-3.6998000219104976,4.0,0.16551841764024022
1757308472.074836,6.785427570343018,-7.392979621887207,4.596071720123291,34.86,0.6173397041152374,0.013281250000000001,0.4311195574446696,-0.25645905944247194,0.0,-0.013281250000000001,8.735184874832939,-3.7162061356311247,4.0,0.16175645799312832
1757308472.2195501,6.785427570343018,-7.392979621887207,4.596071720123291,34.86,0.5974842772452232,-0.010937500000000001,0.4357830035179633,-0.2483535920850398,0.0,0.010937500000000001,8.754053585405792,-3.7290453489174684,4.0,0.15931517726466904
1757308472.3742054,6.785427570343018,-7.392979621887207,4.596071720123291,34.86,0.5744374022452233,-0.033984375000000004,0.44120841767826274,-0.238526472002222,0.0,0.033984375000000004,8.768248949342818,-3.738233254471189,4.0,0.15797446254293934
1757308472.5414848,6.912193775177002,-7.513075351715088,4.589339256286621,37.74,0.5599842772452233,-0.0484375,0.45076130704294204,-0.22231258290186878,0.0,0.0484375,8.786572123253237,-3.749720558509596,4.0,0.20429940552284442
1757308472.6762774,7.030792713165283,-7.610400199890137,4.580916404724121,39.53,0.5750645888323178,-0.0658203125,0.4517587931789534,-0.22229419809110115,0.0,0.0658203125,8.812854789002897,-3.766755332217375,4.0,0.2366674534267883
1757308472.8291163,7.030792713165283,-7.610400199890137,4.580916404724121,39.53,0.5971552158133585,-0.0927734375,0.4459731096827373,-0.23334419055650296,0.0,0.0927734375,8.841284772506038,-3.7860868295281356,4.0,0.2312237298050661
1757308472.9787529,7.030792713165283,-7.610400199890137,4.580916404724121,39.53,0.5832880283133585,-0.106640625,0.4486037017966307,-0.22798961560263273,0.0,0.106640625,8.866123454178286,-3.802477329397004,4.0,0.22714034738994648
1757308473.1299977,7.030792713165283,-7.610400199890137,4.580916404724121,39.53,0.5774286533133585,-0.1125,0.44947127870940606,-0.22606415071220376,0.0,0.1125,8.888782322323285,-3.817239571465725,4.0,0.22376525635222588
1757308473.2772706,7.300420761108398,-7.792487621307373,4.58831262588501,43.68,0.5661005283133584,-0.12382812500000001,0.45869714036754816,-0.21042453025602822,0.0,0.12382812500000001,8.922184801724296,-3.8384662026951677,4.0,0.2736873987551869
1757308473.4331377,7.300420761108398,-7.792487621307373,4.58831262588501,43.68,0.5926003795264501,-0.1306640625,0.45177266234214275,-0.2242687995837403,0.0,0.1306640625,8.957984011757675,-3.862570826251969,4.0,0.26518017743231326
1757308473.576578,7.300420761108398,-7.792487621307373,4.58831262588501,43.68,0.6177870856371486,-0.13671875,0.4445631165937339,-0.23757107164855334,0.0,0.13671875,8.99569151463433,-3.889364778885527,4.0,0.25538609890989505
1757308473.7245176,7.300420761108398,-7.792487621307373,4.58831262588501,43.68,0.6357973172711231,-0.1265625,0.43866365081546266,-0.24763746808140907,0.0,0.1265625,9.034060285611794,-3.9176821496808096,4.0,0.24495270219439735
1757308473.8824813,7.300420761108398,-7.792487621307373,4.58831262588501,43.68,0.6553285672711231,-0.10703125000000001,0.4320373353497375,-0.2583772010216485,0.0,0.10703125000000001,9.073182204597932,-3.94775308284415,4.0,0.23375327655912326
1757308474.0198705,7.638398170471191,-7.955775260925293,4.59270715713501,39.32,0.6789613797711231,-0.0833984375,0.42594035394259516,-0.26835415759615877,0.0,0.0833984375,9.127673264988204,-3.99172437198435,4.0,0.2345766916259926
1757308474.1703005,7.638398170471191,-7.955775260925293,4.59270715713501,39.32,0.679115365668402,-0.058984375000000006,0.42268878650820757,-0.2723967531753322,0.0,0.058984375000000006,9.17945742371375,-4.0335245083780755,4.0,0.2141327207222279
1757308474.324516,7.638398170471191,-7.955775260925293,4.59270715713501,39.32,0.6409509618841704,-0.045312500000000006,0.430639475611211,-0.258932301691605,0.0,0.045312500000000006,9.223947794112485,-4.066715347675827,4.0,0.1998517376061013
1757308474.47269,7.638398170471191,-7.955775260925293,4.59270715713501,39.32,0.6454431493841705,-0.040820312500000004,0.42745938658288546,-0.26353680080561037,0.0,0.040820312500000004,9.266800562761903,-4.098985148089452,4.0,0.18646919559745623
1757308474.6223557,7.638398170471191,-7.955775260925293,4.59270715713501,39.32,0.6444665868841705,-0.041796875000000004,0.425911170179489,-0.2655215624126218,0.0,0.041796875000000004,9.307382093540381,-4.12948256020863,4.0,0.17444884589822696
1757308474.7925158,7.97761869430542,-8.188994407653809,4.60378885269165,32.81,0.6079767222694832,-0.0435546875,0.4467502464598467,-0.23337383467754244,0.0,0.0435546875,9.35775279970144,-4.164536113242423,4.0,0.2545310801936651
1757308474.9197688,7.97761869430542,-8.188994407653809,4.60378885269165,32.81,0.5374695298944964,-0.0484375,0.46095758226323114,-0.2032061820576286,0.0,0.0484375,9.395327170187171,-4.18693025458538,4.0,0.2457525608379818
1757308475.0710483,7.97761869430542,-8.188994407653809,4.60378885269165,32.81,0.5160019025793395,-0.056640625,0.4644340278717849,-0.19463834337421299,0.0,0.056640625,9.427575983958722,-4.205223882608062,4.0,0.23943436534191598
1757308475.223839,7.97761869430542,-8.188994407653809,4.60378885269165,32.81,0.5167831525793395,-0.055859375,0.46356992490008087,-0.19625381040237314,0.0,0.055859375,9.458340736774376,-4.222707437837129,4.0,0.23367099501024224
1757308475.378898,8.088844299316406,-8.268221855163574,4.606257915496826,32.87,0.5163925275793395,-0.05625,0.4673408668382903,-0.18956613454793048,0.0,0.05625,9.493409136250303,-4.242618629227957,4.0,0.2635998538575812
1757308475.530963,8.253379821777344,-8.384161949157715,4.604919910430908,31.79,0.520369412630536,-0.0533203125,0.47263463336837813,-0.18086335024682906,0.0,0.0533203125,9.536065772897125,-4.267063119372681,4.0,0.31228315668363216
1757308475.683216,8.253379821777344,-8.384161949157715,4.604919910430908,31.79,0.5206479209453649,-0.044140625,0.4713529989848897,-0.1831421608473272,0.0,0.044140625,9.576633963572718,-4.2903258317413595,4.0,0.3023825585413986
1757308475.8325918,8.253379821777344,-8.384161949157715,4.604919910430908,31.79,0.5165589192089973,-0.03828125,0.4710347260304369,-0.183085095742257,0.0,0.03828125,9.6145151023072,-4.311842380543962,4.0,0.2937717592831586
1757308475.9729927,8.253379821777344,-8.384161949157715,4.604919910430908,31.79,0.5196839192089974,-0.03515625,0.4694626147981069,-0.18629992991761968,0.0,0.03515625,9.651009358733127,-4.3327222849056,4.0,0.2857358382950439
1757308476.1271179,8.566274642944336,-8.534733772277832,4.619712829589844,28.38,0.5255432942089974,-0.029296875,0.4732080328563897,-0.18069312199786933,0.0,0.029296875,9.701603045109813,-4.362063884770045,4.0,0.3243663779654318
1757308476.2833593,8.566274642944336,-8.534733772277832,4.619712829589844,28.38,0.5170577840354642,-0.0171875,0.47310961638350507,-0.17951061332847446,0.0,0.0171875,9.748358798117497,-4.3886520877362445,4.0,0.3113009967761071
1757308476.427561,8.566274642944336,-8.534733772277832,4.619712829589844,28.38,0.5029872202555493,-0.005078125,0.4743234822507661,-0.17513542165628582,0.0,0.005078125,9.790541692839598,-4.41186059279643,4.0,0.3008037694768566
1757308476.5729165,8.566274642944336,-8.534733772277832,4.619712829589844,28.38,0.4976681917159907,0.0023437500000000003,0.47416984344771523,-0.1745951390887031,0.0,-0.0023437500000000003,9.829749524456275,-4.433161368991877,4.0,0.2917671133937976
1757308476.7188275,8.566274642944336,-8.534733772277832,4.619712829589844,28.38,0.5007931917159907,0.0054687500000000005,0.4726103579202071,-0.17792422974439465,0.0,-0.0054687500000000005,9.867510014056757,-4.453828925513564,4.0,0.2833395685350668
1757308476.87566,8.846993446350098,-8.630269050598145,4.668945789337158,24.69,0.5070431917159908,0.01171875,0.47164919983408327,-0.18058634747831565,0.0,-0.01171875,9.917160931900947,-4.481409174914401,4.0,0.2846582961992139
1757308477.03257,8.846993446350098,-8.630269050598145,4.668945789337158,24.69,0.4689867176957195,0.013281250000000001,0.47708771458559857,-0.1646634140818682,0.0,-0.013281250000000001,9.958220683571772,-4.50221381495506,4.0,0.27500479546673695
1757308477.1733472,8.846993446350098,-8.630269050598145,4.668945789337158,24.69,0.45045304231739997,0.01953125,0.4792686050582432,-0.1574245383077041,0.0,-0.01953125,9.994089490976858,-4.519560470376874,4.0,0.2677575337761562
1757308477.3228602,8.846993446350098,-8.630269050598145,4.668945789337158,24.69,0.45045304231739997,0.01953125,0.478555546600764,-0.15889897564781097,0.0,-0.01953125,10.02816485801169,-4.536039793027597,4.0,0.26120629837060516
1757308477.482279,8.846993446350098,-8.630269050598145,4.668945789337158,24.69,0.4473280423174,0.01640625,0.4784326387012405,-0.15868903578564653,0.0,-0.01640625,10.05999337388166,-4.551309964900876,4.0,0.25549950616656414
1757308477.621457,9.14494800567627,-8.763035774230957,4.68183708190918,23.17,0.42796310643143115,0.006640625000000001,0.48608399508048267,-0.1391612020853625,0.0,-0.006640625000000001,10.101636599331771,-4.570305855375016,4.0,0.3004926738340439
1757308477.7749777,9.14494800567627,-8.763035774230957,4.68183708190918,23.17,0.3948599249311032,-0.004296875,0.4898425112821313,-0.12439113870083887,0.0,0.004296875,10.1353179200868,-4.584342458887246,4.0,0.2944511163905146
1757308477.9407227,9.14494800567627,-8.763035774230957,4.68183708190918,23.17,0.3875959126870862,-0.016796875,0.49026210772987544,-0.1219835031854786,0.0,0.016796875,10.165985255813101,-4.596862318579136,4.0,0.2894659724428186
1757308478.0830312,9.14494800567627,-8.763035774230957,4.68183708190918,23.17,0.3805646626870862,-0.023828125000000002,0.4907281759093373,-0.1194819564846196,0.0,0.023828125000000002,10.193816450143819,-4.6079966780575985,4.0,0.2853792019527157
1757308478.2393403,9.260407447814941,-8.806233406066895,4.671999454498291,23.83,0.3696271626870862,-0.034765625,0.4929659149633316,-0.11162900603345298,0.0,0.034765625,10.223949859411656,-4.619671394308681,4.0,0.2960115755480208
1757308478.3800657,9.498143196105957,-8.885183334350586,4.642477989196777,25.06,0.3629865376870862,-0.041406250000000006,0.4957315826420061,-0.10299444043313724,0.0,0.041406250000000006,10.263027700759626,-4.634513798029626,4.0,0.3189396629805259
1757308478.5297203,9.498143196105957,-8.885183334350586,4.642477989196777,25.06,0.3718959356834255,-0.051171875000000006,0.494083801819524,-0.10922854387138099,0.0,0.051171875000000006,10.301784929297968,-4.649630897105993,4.0,0.31111870446366474
1757308478.6744785,9.498143196105957,-8.885183334350586,4.642477989196777,25.06,0.38073888554977897,-0.056640625,0.4923779531789727,-0.11539376219758839,0.0,0.056640625,10.340214059090284,-4.665012914699576,4.0,0.30336167538641234
1757308478.8255465,9.498143196105957,-8.885183334350586,4.642477989196777,25.06,0.38503576054977895,-0.05234375,0.49118828603282383,-0.1192092219945195,0.0,0.05234375,10.377500694821773,-4.680123833061974,4.0,0.2960208356018672
1757308478.9769301,9.867440223693848,-8.972929954528809,4.623516082763672,23.43,0.386402948049779,-0.0509765625,0.49217077741755366,-0.11706410508518254,0.0,0.0509765625,10.430544909831145,-4.701705204692916,4.0,0.30818381120867056
1757308479.1268666,9.867440223693848,-8.972929954528809,4.623516082763672,23.43,0.3849942014001778,-0.052734375,0.49108905914921785,-0.11944590814543957,0.0,0.052734375,10.480693569946911,-4.722026207706293,4.0,0.29491121345253024
1757308479.2791357,9.867440223693848,-8.972929954528809,4.623516082763672,23.43,0.3511181437422714,-0.0578125,0.4940854903450078,-0.10483940914158837,0.0,0.0578125,10.522302584561176,-4.737267429334169,4.0,0.2859866704201215
1757308479.4341834,9.867440223693848,-8.972929954528809,4.623516082763672,23.43,0.3515087687422714,-0.057421875000000004,0.49334709770143215,-0.10693403248059923,0.0,0.057421875000000004,10.561902547317619,-4.751790289744079,4.0,0.27788475634300625
1757308479.5700336,9.867440223693848,-8.972929954528809,4.623516082763672,23.43,0.34877439374227137,-0.06015625,0.49302965006445554,-0.1072566226731249,0.0,0.06015625,10.599020034126069,-4.7652877001479865,4.0,0.2707683570855224
1757308479.7207499,10.156906127929688,-9.045175552368164,4.641922950744629,22.27,0.3515087687422714,-0.057421875000000004,0.49438548427659185,-0.1041026295377565,0.0,0.057421875000000004,10.648711142201044,-4.783511379564686,4.0,0.28994798264724864
1757308479.870402,10.156906127929688,-9.045175552368164,4.641922950744629,22.27,0.34993797241547653,-0.057421875000000004,0.49357493597364216,-0.10599324806820054,0.0,0.057421875000000004,10.695637080191686,-4.800637385611109,4.0,0.2785903388829434
1757308480.0346842,10.156906127929688,-9.045175552368164,4.641922950744629,22.27,0.3330207619191372,-0.0556640625,0.4945781108848263,-0.09970782648403095,0.0,0.0556640625,10.73714426749215,-4.8149948686879025,4.0,0.26978979754091803
1757308480.1800196,10.156906127929688,-9.045175552368164,4.641922950744629,22.27,0.3420051369191372,-0.046679687500000004,0.4929335849931717,-0.10619434100568886,0.0,0.046679687500000004,10.778222488742385,-4.8296184904120825,4.0,0.26109790580095993
1757308480.3485322,10.156906127929688,-9.045175552368164,4.641922950744629,22.27,0.3474738869191372,-0.0412109375,0.49163891698348944,-0.1108393566345624,0.0,0.0412109375,10.818244258514218,-4.844113111495436,4.0,0.2527983440408459
1757308480.473842,10.57726001739502,-9.130288124084473,4.637272834777832,18.93,0.3461150732615587,-0.035937500000000004,0.4937401300062736,-0.10476110600015427,0.0,0.035937500000000004,10.875973641982855,-4.864932182037741,4.0,0.27580298211549525
1757308480.6294148,10.57726001739502,-9.130288124084473,4.637272834777832,18.93,0.3216638710800483,-0.0328125,0.4951300419562866,-0.09573068540137036,0.0,0.0328125,10.926496300922855,-4.8817682024120606,4.0,0.2628496931723614
1757308480.7706807,10.57726001739502,-9.130288124084473,4.637272834777832,18.93,0.2979689524025266,-0.032421875,0.49655807558722076,-0.08625571087780362,0.0,0.032421875,10.970155286567461,-4.895176411616992,4.0,0.25329729852232674
1757308480.9255025,10.57726001739502,-9.130288124084473,4.637272834777832,18.93,0.29718770240252657,-0.033203125,0.4959975689429501,-0.08791746930705702,0.0,0.033203125,11.011485729128198,-4.907834170312282,4.0,0.2447225304437266
1757308481.075728,10.82284164428711,-9.189385414123535,4.628697395324707,17.02,0.29835957740252655,-0.032031250000000004,0.4979325292921253,-0.08187080029487086,0.0,0.032031250000000004,11.06301702223603,-4.923682092175137,4.0,0.27245936704546114
1757308481.2245054,10.874349594116211,-9.20470142364502,4.631170749664307,17.0,0.2650320075006031,-0.041796875000000004,0.5005586843213465,-0.06459018764919373,0.0,0.041796875000000004,11.108341760751877,-4.935983993081716,4.0,0.2751258269250769
1757308481.380341,10.874349594116211,-9.20470142364502,4.631170749664307,17.0,0.23967472283903604,-0.057031250000000006,0.5016169539454074,-0.053590395313521555,0.0,0.057031250000000006,11.146519983359724,-4.945313680679312,4.0,0.2680745853027773
1757308481.527266,10.874349594116211,-9.20470142364502,4.631170749664307,17.0,0.23537784783903604,-0.061328125000000004,0.5014887603135664,-0.052909914495652244,0.0,0.061328125000000004,11.18194877994412,-4.95381032972597,4.0,0.26200567238973616
1757308481.6830163,10.874349594116211,-9.20470142364502,4.631170749664307,17.0,0.23576847283903604,-0.060937500000000006,0.5011462426155243,-0.05444536641665661,0.0,0.060937500000000006,11.215682843183252,-4.961914478891973,4.0,0.25649497186188963
1757308481.817895,11.210070610046387,-9.303109169006348,4.641108512878418,16.92,0.23498722283903606,-0.06171875,0.5054575382862831,-0.03622287111556145,0.0,0.06171875,11.264566659238717,-4.973617762784876,4.0,0.3298343681858258
1757308481.970979,11.210070610046387,-9.303109169006348,4.641108512878418,16.92,0.2407675889454179,-0.0615234375,0.5045950528553153,-0.04176956375626287,0.0,0.0615234375,11.31212583379889,-4.985294986542456,4.0,0.31902009522779284
1757308482.1253488,11.210070610046387,-9.303109169006348,4.641108512878418,16.92,0.2304659594374406,-0.06484375,0.504490936356493,-0.03873277242120682,0.0,0.06484375,11.355301593379455,-4.99542552747219,4.0,0.3101311342070403
1757308482.2757947,11.210070610046387,-9.303109169006348,4.641108512878418,16.92,0.2302706469374406,-0.06503906250000001,0.5040407374118694,-0.04058687461852861,0.0,0.06503906250000001,11.396280253732975,-5.005032108312028,4.0,0.3021088376595742
1757308482.430157,11.210070610046387,-9.303109169006348,4.641108512878418,16.92,0.23554408443744063,-0.059765625,0.503372607515123,-0.04510720800724284,0.0,0.059765625,11.436244566344792,-5.014623505456326,4.0,0.2944457087011525
1757308482.5764918,11.611963272094727,-9.344568252563477,4.604938507080078,13.8,0.2421847094374406,-0.053125000000000006,0.5044162639962139,-0.04296667274939828,0.0,0.053125000000000006,11.49493118649215,-5.029121065963114,4.0,0.31703381147258014
1757308482.728951,11.611963272094727,-9.344568252563477,4.604938507080078,13.8,0.23243583212228364,-0.049609375000000004,0.5040116109630977,-0.041424932742771786,0.0,0.049609375000000004,11.548838549016036,-5.041881704464331,4.0,0.3031495746554169
1757308482.892909,11.611963272094727,-9.344568252563477,4.604938507080078,13.8,0.19124606177521747,-0.049609375000000004,0.5048727439421008,-0.022790242895907184,0.0,0.049609375000000004,11.592028432652485,-5.050243797073224,4.0,0.2943707253618939
1757308483.019386,11.611963272094727,-9.344568252563477,4.604938507080078,13.8,0.19534762427521749,-0.0455078125,0.5043737002235567,-0.026889010968971838,0.0,0.0455078125,11.63387295572451,-5.058523615368793,4.0,0.2861006365065739
1757308483.195966,11.611963272094727,-9.344568252563477,4.604938507080078,13.8,0.20179293677521748,-0.0390625,0.5037897379256985,-0.0320954023946628,0.0,0.0390625,11.674901718374516,-5.066917169968116,4.0,0.27811407426793266
1757308483.3299809,12.006298065185547,-9.359021186828613,4.592365264892578,10.79,0.20687106177521747,-0.033984375000000004,0.5041473386088465,-0.032141866940267744,0.0,0.033984375000000004,11.733912255409654,-5.0793019196139,4.0,0.2883786021684367
1757308483.4852324,12.006298065185547,-9.359021186828613,4.592365264892578,10.79,0.19514827988526,-0.0326171875,0.5038251012765338,-0.029590946584968664,0.0,0.0326171875,11.787726272717874,-5.089939006798415,4.0,0.2746738224470322
1757308483.6288476,12.006298065185547,-9.359021186828613,4.592365264892578,10.79,0.16615503472735357,-0.0328125,0.5040701843512506,-0.017364126884944014,0.0,0.0328125,11.83317322692855,-5.097560513383924,4.0,0.26497588280838613
1757308483.783892,12.006298065185547,-9.359021186828613,4.592365264892578,10.79,0.15531321379018814,-0.033007812500000004,0.5039238333256113,-0.013846010781861734,0.0,0.033007812500000004,11.874185769320977,-5.103982019984356,4.0,0.25708961264585994
1757308483.9212494,12.380199432373047,-9.424309730529785,4.622450828552246,9.18,0.15550852629018816,-0.0328125,0.5069191227725894,0.005178617987420253,0.0,0.0328125,11.931932953520596,-5.113035295581276,4.0,0.33451613095433785
1757308484.0744734,12.380199432373047,-9.424309730529785,4.622450828552246,9.18,0.1409183956246324,-0.0337890625,0.5063541358636312,0.009504008475374595,0.0,0.0337890625,11.983880470700214,-5.120404500266461,4.0,0.3221139446420693
1757308484.2265434,12.380199432373047,-9.424309730529785,4.622450828552246,9.18,0.13522122533307945,-0.025,0.5059315090292564,0.009740629025515021,0.0,0.025,12.032081841259076,-5.126962367181119,4.0,0.3114243839504738
1757308484.3767598,12.380199432373047,-9.424309730529785,4.622450828552246,9.18,0.13385403783307945,-0.0263671875,0.505599099828911,0.008066208826029417,0.0,0.0263671875,12.077596276087728,-5.1330913057259355,4.0,0.30187450300097307
1757308484.5272427,12.380199432373047,-9.424309730529785,4.622450828552246,9.18,0.13248685033307944,-0.027734375000000002,0.5053061201242485,0.006645313343993292,0.0,0.027734375000000002,12.120557432024315,-5.138816631662175,4.0,0.2933512631494528
1757308484.667661,12.742541313171387,-9.471200942993164,4.622752666473389,6.87,0.13736966283307944,-0.022851562500000002,0.5076307632540452,0.020802740777930512,0.0,0.022851562500000002,12.18045742179319,-5.14709722480614,4.0,0.3604829166716961
1757308484.8285732,12.742541313171387,-9.471200942993164,4.622752666473389,6.87,0.10693029879718152,-0.021875000000000002,0.5064514908818808,0.033345404906828274,0.0,0.021875000000000002,12.231184552177657,-5.152542260860561,4.0,0.3488272614319037
1757308484.9743092,12.742541313171387,-9.471200942993164,4.622752666473389,6.87,0.09881036961201045,-0.02109375,0.5059221247707617,0.03501635015421245,0.0,0.02109375,12.277701375693788,-5.1571536228237544,4.0,0.33901837379551125
1757308485.128772,12.742541313171387,-9.471200942993164,4.622752666473389,6.87,0.10759943211201045,-0.012304687500000001,0.5059517112145923,0.02817412014442023,0.0,0.012304687500000001,12.323706048025647,-5.162122891724625,4.0,0.329385248652974
1757308485.278923,12.742541313171387,-9.471200942993164,4.622752666473389,6.87,0.11599786961201045,-0.00390625,0.5058975628873003,0.02158172528894925,0.0,0.00390625,12.369135898675523,-5.16741642131446,4.0,0.31995287157348784
1757308485.4339976,13.045217514038086,-9.44814682006836,4.622290134429932,4.22,0.10907470440722405,-0.006640625000000001,0.5057154453016248,0.024895653391079034,0.0,0.006640625000000001,12.425700635909491,-5.173610788209805,4.0,0.3191966208941306
1757308485.5751097,13.045217514038086,-9.44814682006836,4.622290134429932,4.22,0.08248747045809265,-0.012109375,0.5046560440557895,0.03568382183759191,0.0,0.012109375,12.474016113251452,-5.177605273568157,4.0,0.3085724016946667
1757308485.7252796,13.045217514038086,-9.44814682006836,4.622290134429932,4.22,0.038496644434160704,-0.03515625,0.5025396880564231,0.05631373056826469,0.0,0.03515625,12.51074583540111,-5.179019943533991,4.0,0.30245328425691564
1757308485.8791456,13.045217514038086,-9.44814682006836,4.622290134429932,4.22,0.014473206934160703,-0.0591796875,0.501027382188848,0.06736178870715288,0.0,0.0591796875,12.540552788257227,-5.179451375855752,4.0,0.2984238135494435
1757308486.0348485,13.098039627075195,-9.447978973388672,4.627150535583496,4.22,0.007637269434160696,-0.06601562500000001,0.5005597997631732,0.07138766569276002,0.0,0.06601562500000001,12.570055435763791,-5.1796766999046895,4.0,0.30083382660889235
1757308486.1839457,13.394063949584961,-9.430434226989746,4.702733516693115,6.27,0.0037310194341606956,-0.06992187500000001,0.5002968092827218,0.07861866712570115,0.0,0.06992187500000001,12.612048263514781,-5.179833376688131,4.0,0.321938930832391
1757308486.3314695,13.394063949584961,-9.430434226989746,4.702733516693115,6.27,0.03173110943847736,-0.067578125,0.5022265207683239,0.0622113924403134,0.0,0.067578125,12.657848980101557,-5.181287172195711,4.0,0.31245442579469707
1757308486.4688747,13.394063949584961,-9.430434226989746,4.702733516693115,6.27,0.06099464410004445,-0.0484375,0.5036613764147391,0.044699984488274475,0.0,0.0484375,12.707449593383016,-5.184316301352108,4.0,0.30127384766000365
1757308486.6264534,13.394063949584961,-9.430434226989746,4.702733516693115,6.27,0.07329933160004445,-0.0361328125,0.5039672478437416,0.03569392045435172,0.0,0.0361328125,12.757102389151067,-5.1879623502548755,4.0,0.29002187108139044
1757308486.7801518,13.837238311767578,-9.282150268554688,4.790914058685303,0.13,0.08638526910004446,-0.023046875,0.5026799314780833,0.00933605011040782,0.0,0.023046875,12.828303196862505,-5.194128396690319,4.0,0.21068556068129674
1757308486.9187334,13.837238311767578,-9.282150268554688,4.790914058685303,0.13,0.06459369746175334,-0.011328125000000001,0.5020548015347475,0.015612880707615955,0.0,0.011328125000000001,12.891706091856069,-5.198229529476225,4.0,0.19194940116957504
1757308487.0767274,13.837238311767578,-9.282150268554688,4.790914058685303,0.13,-0.012965446972407372,-0.015234375000000001,0.49936587392346776,0.05214759177284184,0.0,0.015234375000000001,12.93632755976715,-5.197650959780098,4.0,0.18267555357214782
1757308487.2310565,13.837238311767578,-9.282150268554688,4.790914058685303,0.13,-0.01804357197240737,-0.0203125,0.49913062069692227,0.05268800352323147,0.0,0.0203125,12.977674285353245,-5.196904836187463,4.0,0.1746952653077427
1757308487.388475,13.837238311767578,-9.282150268554688,4.790914058685303,0.13,-0.02390294697240737,-0.026171875,0.4988538487222573,0.05391709674217219,0.0,0.026171875,13.01574732499365,-5.195994604979458,4.0,0.1679150121276134
1757308487.5339475,14.1669282913208,-9.234869003295898,4.7278618812561035,359.83,-0.032496696972407375,-0.034765625,0.49821177899026275,0.06313329495763226,0.0,0.034765625,13.066687725626075,-5.194338627251756,4.0,0.1876502984532591
1757308487.674746,14.1669282913208,-9.234869003295898,4.7278618812561035,359.83,6.229399702738432,-0.0396484375,0.49687663484373157,0.0714642881755392,0.0,0.0396484375,13.110695589282667,-5.191969352579426,4.0,0.17859606885113344
1757308487.8204033,14.1669282913208,-9.234869003295898,4.7278618812561035,359.83,6.238030747451196,-0.0421875,0.49757529898274233,0.06495186906240367,0.0,0.0421875,13.154284252628706,-5.189999786889906,4.0,0.16970201896100257
1757308487.98434,14.1669282913208,-9.234869003295898,4.7278618812561035,359.83,6.231780747451196,-0.0484375,0.4972566754651384,0.0661742941961236,0.0,0.0484375,13.194404848851452,-5.18793558681745,4.0,0.16214751343130018
1757308488.1202095,14.1669282913208,-9.234869003295898,4.7278618812561035,359.83,6.222991684951196,-0.0572265625,0.49674911685725975,0.06899481045708024,0.0,0.0572265625,13.230704468350309,-5.18574793844739,4.0,0.15594711762522273
1757308488.2855532,14.494963645935059,-9.243696212768555,4.614367961883545,0.32,6.219280747451196,-0.060937500000000006,0.4951671279086055,0.0915050081555398,0.0,0.060937500000000006,13.280728831603845,-5.182546794748668,4.0,0.23878529531954662
1757308488.421132,14.494963645935059,-9.243696212768555,4.614367961883545,0.32,-0.0615857762244017,-0.062109375,0.4955419448333999,0.0876975116257996,0.0,0.062109375,13.328736739904578,-5.179586446827437,4.0,0.2281288279766729
1757308488.5722132,14.494963645935059,-9.243696212768555,4.614367961883545,0.32,-0.058477446393618154,-0.06406250000000001,0.4959569886292166,0.08368266313070444,0.0,0.06406250000000001,13.374993043687098,-5.176878408785795,4.0,0.21821540472873568
1757308488.7331657,14.494963645935059,-9.243696212768555,4.614367961883545,0.32,-0.05769619639361814,-0.06328125,0.49615243085422817,0.08104074216067969,0.0,0.06328125,13.419099392565494,-5.174330812735204,4.0,0.2091826582683538
1757308488.8935227,14.552276611328125,-9.245573997497559,4.601555347442627,0.23,-0.05808682139361815,-0.063671875,0.4960108278849204,0.08312456003116206,0.0,0.063671875,13.4637695975905,-5.171733140273034,4.0,0.21675548839956527
1757308489.032525,14.869964599609375,-9.223112106323242,4.56785774230957,358.57,-0.05613369639361815,-0.06171875,0.4953873987337275,0.09612248471760676,0.0,0.06171875,13.522510962448237,-5.168432302632994,4.0,0.27271103805913466
1757308489.1802487,14.869964599609375,-9.223112106323242,4.56785774230957,358.57,6.2182335499,-0.060937500000000006,0.49473739614829915,0.09715295114329606,0.0,0.060937500000000006,13.576468891041214,-5.164922703611964,4.0,0.25934647291839497
1757308489.3326483,14.869964599609375,-9.223112106323242,4.56785774230957,358.57,6.205492723876067,-0.052734375,0.4936706886742973,0.10073503667920893,0.0,0.052734375,13.62505287600088,-5.161140475232314,4.0,0.2484607484788386
1757308489.473351,14.869964599609375,-9.223112106323242,4.56785774230957,358.57,6.208813036376067,-0.0494140625,0.49419086657426364,0.09656643856596678,0.0,0.0494140625,13.671905536443912,-5.1576494976351865,4.0,0.2383170883587269
1757308489.6212058,15.28111457824707,-9.184343338012695,4.556401252746582,355.83,6.213305223876067,-0.044921875,0.4932535175253961,0.11386364371148064,0.0,0.044921875,13.73795019366408,-5.153026764419046,4.0,0.31658078047616733
1757308489.7761297,15.28111457824707,-9.184343338012695,4.556401252746582,355.83,6.194530489926936,-0.042578125,0.4913777675541032,0.11917951833288289,0.0,0.042578125,13.79672726640273,-5.14780219880052,4.0,0.3008220214415749
1757308489.9230843,15.28111457824707,-9.184343338012695,4.556401252746582,355.83,6.166850389871422,-0.0435546875,0.48822426394340934,0.12988223323891432,0.0,0.0435546875,13.84667842267637,-5.141964777184355,4.0,0.2893392863532096
1757308490.0729477,15.28111457824707,-9.184343338012695,4.556401252746582,355.83,6.167631639871423,-0.042773437500000004,0.48862711122343944,0.12690299248739673,0.0,0.042773437500000004,13.894298577252558,-5.136437470359942,4.0,0.27887842009936126
1757308490.2270975,15.28111457824707,-9.184343338012695,4.556401252746582,355.83,6.168217577371423,-0.0421875,0.48897423210783164,0.12425387791142284,0.0,0.0421875,13.93966246125367,-5.131198987216535,4.0,0.26936446213917264
1757308490.364993,15.64572525024414,-9.165763854980469,4.581144332885742,354.03,6.160957829564244,-0.0431640625,0.0,0.0,0.0,0.0,13.93966246125367,-5.131198987216535,4.0,0.26936446213917264
1757308490.51205,15.64572525024414,-9.165763854980469,4.581144332885742,354.03,6.142503008048289,-0.047656250000000004,0.0,0.0,0.0,0.0,13.93966246125367,-5.131198987216535,4.0,0.26936446213917264
1757308490.6619985,15.64572525024414,-9.165763854980469,4.581144332885742,354.03,6.127036025835524,-0.051953125,0.0,0.0,0.0,0.0,13.93966246125367,-5.131198987216535,4.0,0.26936446213917264
1757308490.8140447,15.64572525024414,-9.165763854980469,4.581144332885742,354.03,6.111801650835524,-0.0671875,0.0,0.0,0.0,0.0,13.93966246125367,-5.131198987216535,4.0,0.26936446213917264
1757308490.9621575,15.64572525024414,-9.165763854980469,4.581144332885742,354.03,6.102817275835524,-0.076171875,0.0,0.0,0.0,0.0,13.93966246125367,-5.131198987216535,4.0,0.26936446213917264
1757308491.1132007,15.877518653869629,-9.133736610412598,4.584900379180908,355.52,6.0978638282843285,-0.080078125,0.0,0.0,0.0,0.0,13.93966246125367,-5.131198987216535,4.0,0.26936446213917264
1757308491.2631404,15.877518653869629,-9.133736610412598,4.584900379180908,355.52,6.103876801603474,-0.0908203125,0.0,0.0,0.0,0.0,13.93966246125367,-5.131198987216535,4.0,0.26936446213917264
1757308491.412563,15.877518653869629,-9.133736610412598,4.584900379180908,355.52,6.10987736919024,-0.0951171875,0.0,0.0,0.0,0.0,13.93966246125367,-5.131198987216535,4.0,0.26936446213917264
1757308491.564261,15.877518653869629,-9.133736610412598,4.584900379180908,355.52,6.1038226816902394,-0.10117187500000001,0.0,0.0,0.0,0.0,13.93966246125367,-5.131198987216535,4.0,0.26936446213917264
1757308491.7292595,15.944393157958984,-9.134552955627441,4.610991954803467,355.92,6.10265080669024,-0.10234375000000001,0.0,0.0,0.0,0.0,13.93966246125367,-5.131198987216535,4.0,0.26936446213917264
1757308491.8621671,16.022933959960938,-9.142823219299316,4.767498016357422,356.39,6.124243111454201,-0.09296875,0.0,0.0,0.0,0.0,13.93966246125367,-5.131198987216535,4.0,0.26936446213917264
1757308492.0123272,16.022933959960938,-9.142823219299316,4.767498016357422,356.39,6.137100396115768,-0.090234375,0.0,0.0,0.0,0.0,13.93966246125367,-5.131198987216535,4.0,0.26936446213917264
1757308492.1628327,16.022933959960938,-9.142823219299316,4.767498016357422,356.39,6.12935860868259,-0.0908203125,0.0,0.0,0.0,0.0,13.93966246125367,-5.131198987216535,4.0,0.26936446213917264
1757308492.3127666,16.022933959960938,-9.142823219299316,4.767498016357422,356.39,6.13267892118259,-0.08750000000000001,0.0,0.0,0.0,0.0,13.93966246125367,-5.131198987216535,4.0,0.26936446213917264
1757308492.4628322,16.138845443725586,-9.2130126953125,5.462925910949707,354.84,6.139710171182591,-0.08046875,0.0,0.0,0.0,0.0,13.93966246125367,-5.131198987216535,4.0,0.26936446213917264
1757308492.61745,16.138845443725586,-9.2130126953125,5.462925910949707,354.84,6.121837255276678,-0.0712890625,0.0,0.0,0.0,0.0,13.93966246125367,-5.131198987216535,4.0,0.26936446213917264
1757308492.7617116,16.138845443725586,-9.2130126953125,5.462925910949707,354.84,6.141563817776678,-0.051562500000000004,0.0,0.0,0.0,0.0,13.93966246125367,-5.131198987216535,4.0,0.26936446213917264
1757308492.9125066,16.138845443725586,-9.2130126953125,5.462925910949707,354.84,6.145079442776678,-0.048046875,0.0,0.0,0.0,0.0,13.93966246125367,-5.131198987216535,4.0,0.26936446213917264
1757308493.0636086,16.138845443725586,-9.2130126953125,5.462925910949707,354.84,6.147813817776679,-0.045312500000000006,0.0,0.0,0.0,0.0,13.93966246125367,-5.131198987216535,4.0,0.26936446213917264
1757308493.2120054,16.154193878173828,-9.324620246887207,6.428892612457275,352.01,6.138945901414315,-0.043359375000000006,0.0,0.0,0.0,0.0,13.93966246125367,-5.131198987216535,4.0,0.26936446213917264
1757308493.3620386,16.154193878173828,-9.324620246887207,6.428892612457275,352.01,6.1030211947248265,-0.044726562500000004,0.0,0.0,0.0,0.0,13.93966246125367,-5.131198987216535,4.0,0.26936446213917264
1757308493.5131683,16.154193878173828,-9.324620246887207,6.428892612457275,352.01,6.0925616249452395,-0.051171875000000006,0.0,0.0,0.0,0.0,13.93966246125367,-5.131198987216535,4.0,0.26936446213917264
1757308493.6627848,16.154193878173828,-9.324620246887207,6.428892612457275,352.01,6.091975687445239,-0.0517578125,0.0,0.0,0.0,0.0,13.93966246125367,-5.131198987216535,4.0,0.26936446213917264
1757308493.8130953,16.154193878173828,-9.324620246887207,6.428892612457275,352.01,6.089436624945239,-0.054296875,0.0,0.0,0.0,0.0,13.93966246125367,-5.131198987216535,4.0,0.26936446213917264
1757308493.963527,16.04476547241211,-9.387338638305664,7.972960472106934,353.42,6.090217874945239,-0.053515625000000004,0.0,0.0,0.0,0.0,13.93966246125367,-5.131198987216535,4.0,0.26936446213917264
1757308494.1131954,16.04476547241211,-9.387338638305664,7.972960472106934,353.42,6.097024659028016,-0.053515625000000004,0.0,0.0,0.0,0.0,13.93966246125367,-5.131198987216535,4.0,0.26936446213917264
1757308494.2614384,16.04476547241211,-9.387338638305664,7.972960472106934,353.42,6.121858267398359,-0.046484375,0.0,0.0,0.0,0.0,13.93966246125367,-5.131198987216535,4.0,0.26936446213917264
1757308494.4121456,16.04476547241211,-9.387338638305664,7.972960472106934,353.42,6.118928579898359,-0.0494140625,0.0,0.0,0.0,0.0,13.93966246125367,-5.131198987216535,4.0,0.26936446213917264
1757308494.5657446,15.985454559326172,-9.362542152404785,8.553509712219238,353.59,6.116975454898359,-0.0513671875,0.0,0.0,0.0,0.0,13.93966246125367,-5.131198987216535,4.0,0.26936446213917264
1757308494.7133007,15.88863754272461,-9.267372131347656,9.748794555664062,354.45,6.119747202126749,-0.051562500000000004,0.0,0.0,0.0,0.0,13.93966246125367,-5.131198987216535,4.0,0.26936446213917264
1757308494.8632562,15.88863754272461,-9.267372131347656,9.748794555664062,354.45,6.118741408693901,-0.067578125,0.0,0.0,0.0,0.0,13.93966246125367,-5.131198987216535,4.0,0.26936446213917264
1757308495.0122132,15.88863754272461,-9.267372131347656,9.748794555664062,354.45,6.1105382836939,-0.07578125000000001,0.0,0.0,0.0,0.0,13.93966246125367,-5.131198987216535,4.0,0.26936446213917264
1757308495.1622436,15.88863754272461,-9.267372131347656,9.748794555664062,354.45,6.095694533693901,-0.09062500000000001,0.0,0.0,0.0,0.0,13.93966246125367,-5.131198987216535,4.0,0.26936446213917264
1757308495.311936,15.925251960754395,-9.03966236114502,11.524857521057129,355.05,6.095694533693901,-0.09062500000000001,0.0,0.0,0.0,0.0,13.93966246125367,-5.131198987216535,4.0,0.26936446213917264
1757308495.4621131,15.925251960754395,-9.03966236114502,11.524857521057129,355.05,6.095694533693901,-0.09062500000000001,0.0,0.0,0.0,0.0,13.93966246125367,-5.131198987216535,4.0,0.26936446213917264
1757308495.6129656,15.925251960754395,-9.03966236114502,11.524857521057129,355.05,6.095694533693901,-0.09062500000000001,0.0,0.0,0.0,0.0,13.93966246125367,-5.131198987216535,4.0,0.26936446213917264
1757308495.7619963,15.925251960754395,-9.03966236114502,11.524857521057129,355.05,6.095694533693901,-0.09062500000000001,0.0,0.0,0.0,0.0,13.93966246125367,-5.131198987216535,4.0,0.26936446213917264
1757308495.915477,15.925251960754395,-9.03966236114502,11.524857521057129,355.05,6.095694533693901,-0.09062500000000001,0.0,0.0,0.0,0.0,13.93966246125367,-5.131198987216535,4.0,0.26936446213917264
1757308496.0620315,15.968985557556152,-8.838983535766602,12.996100425720215,353.24,6.095694533693901,-0.09062500000000001,0.0,0.0,0.0,0.0,13.93966246125367,-5.131198987216535,4.0,0.26936446213917264
1757308496.2178342,15.968985557556152,-8.838983535766602,12.996100425720215,353.24,6.095694533693901,-0.09062500000000001,0.0,0.0,0.0,0.0,13.93966246125367,-5.131198987216535,4.0,0.26936446213917264
1757308496.3642561,15.968985557556152,-8.838983535766602,12.996100425720215,353.24,6.095694533693901,-0.09062500000000001,0.0,0.0,0.0,0.0,13.93966246125367,-5.131198987216535,4.0,0.26936446213917264
1757308496.5121553,15.968985557556152,-8.838983535766602,12.996100425720215,353.24,6.095694533693901,-0.09062500000000001,0.0,0.0,0.0,0.0,13.93966246125367,-5.131198987216535,4.0,0.26936446213917264
1757308496.6681833,15.968985557556152,-8.838983535766602,12.996100425720215,353.24,6.095694533693901,-0.09062500000000001,0.0,0.0,0.0,0.0,13.93966246125367,-5.131198987216535,4.0,0.26936446213917264
1757308496.8146636,16.071178436279297,-8.722119331359863,14.421319007873535,350.41,6.095694533693901,-0.09062500000000001,0.0,0.0,0.0,0.0,13.93966246125367,-5.131198987216535,4.0,0.26936446213917264
1757308496.9622738,16.071178436279297,-8.722119331359863,14.421319007873535,350.41,6.095694533693901,-0.09062500000000001,0.0,0.0,0.0,0.0,13.93966246125367,-5.131198987216535,4.0,0.26936446213917264
1757308497.1141317,16.071178436279297,-8.722119331359863,14.421319007873535,350.41,6.095694533693901,-0.09062500000000001,0.0,0.0,0.0,0.0,13.93966246125367,-5.131198987216535,4.0,0.26936446213917264
1757308497.26417,16.071178436279297,-8.722119331359863,14.421319007873535,350.41,6.095694533693901,-0.09062500000000001,0.0,0.0,0.0,0.0,13.93966246125367,-5.131198987216535,4.0,0.26936446213917264
1757308497.4133987,16.04411506652832,-8.70101547241211,15.267498016357422,350.65,6.095694533693901,-0.09062500000000001,0.0,0.0,0.0,0.0,13.93966246125367,-5.131198987216535,4.0,0.26936446213917264
1757308497.5634327,16.04411506652832,-8.70101547241211,15.267498016357422,350.65,6.095694533693901,-0.09062500000000001,0.0,0.0,0.0,0.0,13.93966246125367,-5.131198987216535,4.0,0.26936446213917264
1757308497.7133965,16.04411506652832,-8.70101547241211,15.267498016357422,350.65,6.095694533693901,-0.09062500000000001,0.0,0.0,0.0,0.0,13.93966246125367,-5.131198987216535,4.0,0.26936446213917264
1757308497.862089,16.04411506652832,-8.70101547241211,15.267498016357422,350.65,6.095694533693901,-0.09062500000000001,0.0,0.0,0.0,0.0,13.93966246125367,-5.131198987216535,4.0,0.26936446213917264
1757308498.0207107,16.04411506652832,-8.70101547241211,15.267498016357422,350.65,6.095694533693901,-0.09062500000000001,0.0,0.0,0.0,0.0,13.93966246125367,-5.131198987216535,4.0,0.26936446213917264
1757308498.162971,15.726551055908203,-8.649330139160156,15.571314811706543,353.85,6.095694533693901,-0.09062500000000001,0.0,0.0,0.0,0.0,13.93966246125367,-5.131198987216535,4.0,0.26936446213917264
1757308498.3120868,15.726551055908203,-8.649330139160156,15.571314811706543,353.85,5.950690160519712,-0.170703125,0.0,0.0,0.0,0.0,13.93966246125367,-5.131198987216535,4.0,0.26936446213917264
1757308498.4665868,15.726551055908203,-8.649330139160156,15.571314811706543,353.85,5.996550683181935,-0.17929687500000002,0.0,0.0,0.0,0.0,13.93966246125367,-5.131198987216535,4.0,0.26936446213917264
1757308498.611666,15.726551055908203,-8.649330139160156,15.571314811706543,353.85,5.998113183181935,-0.177734375,0.0,0.0,0.0,0.0,13.93966246125367,-5.131198987216535,4.0,0.26936446213917264
1757308498.762003,15.726551055908203,-8.649330139160156,15.571314811706543,353.85,6.015300683181936,-0.160546875,0.0,0.0,0.0,0.0,13.93966246125367,-5.131198987216535,4.0,0.26936446213917264
1757308498.9123986,14.711729049682617,-8.214508056640625,15.65822982788086,354.85,6.034050683181936,-0.14179687500000002,0.0,0.0,0.0,0.0,13.93966246125367,-5.131198987216535,4.0,0.26936446213917264
1757308499.0637593,14.711729049682617,-8.214508056640625,15.65822982788086,354.85,6.034050683181936,-0.14179687500000002,0.0,0.0,0.0,0.0,13.93966246125367,-5.131198987216535,4.0,0.26936446213917264
1757308499.218,14.711729049682617,-8.214508056640625,15.65822982788086,354.85,6.034050683181936,-0.14179687500000002,0.0,0.0,0.0,0.0,13.93966246125367,-5.131198987216535,4.0,0.26936446213917264
1757308499.3625143,14.711729049682617,-8.214508056640625,15.65822982788086,354.85,6.034050683181936,-0.14179687500000002,0.0,0.0,0.0,0.0,13.93966246125367,-5.131198987216535,4.0,0.26936446213917264
1757308499.5145884,14.711729049682617,-8.214508056640625,15.65822982788086,354.85,6.034050683181936,-0.14179687500000002,0.0,0.0,0.0,0.0,13.93966246125367,-5.131198987216535,4.0,0.26936446213917264
1757308499.6618595,12.72838020324707,-7.240619659423828,15.664826393127441,355.58,6.034050683181936,-0.14179687500000002,0.0,0.0,0.0,0.0,13.93966246125367,-5.131198987216535,4.0,0.26936446213917264
1757308499.8123984,12.72838020324707,-7.240619659423828,15.664826393127441,355.58,6.034050683181936,-0.14179687500000002,0.0,0.0,0.0,0.0,13.93966246125367,-5.131198987216535,4.0,0.26936446213917264
1757308499.9638157,12.72838020324707,-7.240619659423828,15.664826393127441,355.58,6.034050683181936,-0.14179687500000002,0.0,0.0,0.0,0.0,13.93966246125367,-5.131198987216535,4.0,0.26936446213917264
1757308500.1175048,12.72838020324707,-7.240619659423828,15.664826393127441,355.58,6.034050683181936,-0.14179687500000002,0.0,0.0,0.0,0.0,13.93966246125367,-5.131198987216535,4.0,0.26936446213917264
1757308500.2625368,10.808201789855957,-6.066472053527832,15.80196762084961,353.04,6.034050683181936,-0.14179687500000002,0.0,0.0,0.0,0.0,13.93966246125367,-5.131198987216535,4.0,0.26936446213917264
1757308500.413669,10.808201789855957,-6.066472053527832,15.80196762084961,353.04,6.034050683181936,-0.14179687500000002,0.0,0.0,0.0,0.0,13.93966246125367,-5.131198987216535,4.0,0.26936446213917264
1757308500.5623004,10.808201789855957,-6.066472053527832,15.80196762084961,353.04,6.034050683181936,-0.14179687500000002,0.0,0.0,0.0,0.0,13.93966246125367,-5.131198987216535,4.0,0.26936446213917264
1757308500.714084,10.808201789855957,-6.066472053527832,15.80196762084961,353.04,6.034050683181936,-0.14179687500000002,0.0,0.0,0.0,0.0,13.93966246125367,-5.131198987216535,4.0,0.26936446213917264
1757308500.8620636,10.808201789855957,-6.066472053527832,15.80196762084961,353.04,6.034050683181936,-0.14179687500000002,0.0,0.0,0.0,0.0,13.93966246125367,-5.131198987216535,4.0,0.26936446213917264
1757308501.0136907,8.42816162109375,-4.3193745613098145,15.887843132019043,345.64,6.034050683181936,-0.14179687500000002,0.0,0.0,0.0,0.0,13.93966246125367,-5.131198987216535,4.0,0.26936446213917264
1757308501.1632893,8.42816162109375,-4.3193745613098145,15.887843132019043,345.64,6.277493796606151,0.16796875,0.0,0.0,0.0,0.0,13.93966246125367,-5.131198987216535,4.0,0.26936446213917264
1757308501.311757,8.42816162109375,-4.3193745613098145,15.887843132019043,345.64,6.277493796606151,0.16796875,0.0,0.0,0.0,0.0,13.93966246125367,-5.131198987216535,4.0,0.26936446213917264
1757308501.4619362,8.42816162109375,-4.3193745613098145,15.887843132019043,345.64,6.277493796606151,0.16796875,0.0,0.0,0.0,0.0,13.93966246125367,-5.131198987216535,4.0,0.26936446213917264
1757308501.6125262,8.42816162109375,-4.3193745613098145,15.887843132019043,345.64,6.277493796606151,0.16796875,0.0,0.0,0.0,0.0,13.93966246125367,-5.131198987216535,4.0,0.26936446213917264
1757308501.7621908,6.14174747467041,-2.3893351554870605,16.027732849121094,346.54,6.277493796606151,0.16796875,0.0,0.0,0.0,0.0,13.93966246125367,-5.131198987216535,4.0,0.26936446213917264
1757308501.9119837,6.14174747467041,-2.3893351554870605,16.027732849121094,346.54,6.277493796606151,0.16796875,0.0,0.0,0.0,0.0,13.93966246125367,-5.131198987216535,4.0,0.26936446213917264
1757308502.0619552,6.14174747467041,-2.3893351554870605,16.027732849121094,346.54,6.277493796606151,0.16796875,0.0,0.0,0.0,0.0,13.93966246125367,-5.131198987216535,4.0,0.26936446213917264
1757308502.2122304,6.14174747467041,-2.3893351554870605,16.027732849121094,346.54,6.277493796606151,0.16796875,0.0,0.0,0.0,0.0,13.93966246125367,-5.131198987216535,4.0,0.26936446213917264
1757308502.3631144,5.786966800689697,-2.060255289077759,16.0501651763916,346.84,6.277493796606151,0.16796875,0.0,0.0,0.0,0.0,13.93966246125367,-5.131198987216535,4.0,0.26936446213917264
1757308502.5120142,4.518703937530518,-0.8170145750045776,16.06359100341797,347.68,6.277493796606151,0.16796875,0.0,0.0,0.0,0.0,13.93966246125367,-5.131198987216535,4.0,0.26936446213917264
1757308502.6623747,4.518703937530518,-0.8170145750045776,16.06359100341797,347.68,6.277493796606151,0.16796875,0.0,0.0,0.0,0.0,13.93966246125367,-5.131198987216535,4.0,0.26936446213917264
1757308502.8131962,4.518703937530518,-0.8170145750045776,16.06359100341797,347.68,6.277493796606151,0.16796875,0.0,0.0,0.0,0.0,13.93966246125367,-5.131198987216535,4.0,0.26936446213917264
1757308502.9621425,4.518703937530518,-0.8170145750045776,16.06359100341797,347.68,6.277493796606151,0.16796875,0.0,0.0,0.0,0.0,13.93966246125367,-5.131198987216535,4.0,0.26936446213917264
1757308503.1140203,3.1734724044799805,0.791195273399353,16.047460556030273,347.3,6.277493796606151,0.16796875,0.0,0.0,0.0,0.0,13.93966246125367,-5.131198987216535,4.0,0.26936446213917264
1757308503.263127,3.1734724044799805,0.791195273399353,16.047460556030273,347.3,6.277493796606151,0.16796875,0.0,0.0,0.0,0.0,13.93966246125367,-5.131198987216535,4.0,0.26936446213917264
1757308503.412391,3.1734724044799805,0.791195273399353,16.047460556030273,347.3,6.277493796606151,0.16796875,0.0,0.0,0.0,0.0,13.93966246125367,-5.131198987216535,4.0,0.26936446213917264
1757308503.5625052,3.1734724044799805,0.791195273399353,16.047460556030273,347.3,6.277493796606151,0.16796875,0.0,0.0,0.0,0.0,13.93966246125367,-5.131198987216535,4.0,0.26936446213917264
1757308503.7121453,3.1734724044799805,0.791195273399353,16.047460556030273,347.3,6.277493796606151,0.16796875,0.0,0.0,0.0,0.0,13.93966246125367,-5.131198987216535,4.0,0.26936446213917264
1757308503.8619606,2.3433754444122314,1.8199023008346558,15.981710433959961,346.08,6.277493796606151,0.16796875,0.0,0.0,0.0,0.0,13.93966246125367,-5.131198987216535,4.0,0.26936446213917264
1757308504.0127728,2.3433754444122314,1.8199023008346558,15.981710433959961,346.08,6.277493796606151,0.16796875,0.0,0.0,0.0,0.0,13.93966246125367,-5.131198987216535,4.0,0.26936446213917264
1757308504.1621046,2.3433754444122314,1.8199023008346558,15.981710433959961,346.08,6.277493796606151,0.16796875,0.0,0.0,0.0,0.0,13.93966246125367,-5.131198987216535,4.0,0.26936446213917264
1757308504.3134046,2.3433754444122314,1.8199023008346558,15.981710433959961,346.08,6.277493796606151,0.16796875,0.0,0.0,0.0,0.0,13.93966246125367,-5.131198987216535,4.0,0.26936446213917264
1757308504.4623451,2.3433754444122314,1.8199023008346558,15.981710433959961,346.08,6.277493796606151,0.16796875,0.0,0.0,0.0,0.0,13.93966246125367,-5.131198987216535,4.0,0.26936446213917264
1757308504.6138732,2.040675401687622,2.1458349227905273,15.772723197937012,349.51,6.277493796606151,0.16796875,0.0,0.0,0.0,0.0,13.93966246125367,-5.131198987216535,4.0,0.26936446213917264
1757308504.7626553,2.040675401687622,2.1458349227905273,15.772723197937012,349.51,6.277493796606151,0.16796875,0.0,0.0,0.0,0.0,13.93966246125367,-5.131198987216535,4.0,0.26936446213917264
1757308504.9133685,2.040675401687622,2.1458349227905273,15.772723197937012,349.51,6.277493796606151,0.16796875,0.0,0.0,0.0,0.0,13.93966246125367,-5.131198987216535,4.0,0.26936446213917264
1757308505.0618925,2.040675401687622,2.1458349227905273,15.772723197937012,349.51,6.277493796606151,0.16796875,0.0,0.0,0.0,0.0,13.93966246125367,-5.131198987216535,4.0,0.26936446213917264
1757308505.2143166,2.016000986099243,2.1287288665771484,15.579315185546875,354.36,6.277493796606151,0.16796875,0.0,0.0,0.0,0.0,13.93966246125367,-5.131198987216535,4.0,0.26936446213917264
1757308505.3628402,2.011286497116089,2.1128761768341064,15.536438941955566,354.67,6.277493796606151,0.16796875,0.0,0.0,0.0,0.0,13.93966246125367,-5.131198987216535,4.0,0.26936446213917264
1757308505.5136712,2.011286497116089,2.1128761768341064,15.536438941955566,354.67,6.277493796606151,0.16796875,0.0,0.0,0.0,0.0,13.93966246125367,-5.131198987216535,4.0,0.26936446213917264
1757308505.6640286,2.011286497116089,2.1128761768341064,15.536438941955566,354.67,6.277493796606151,0.16796875,0.0,0.0,0.0,0.0,13.93966246125367,-5.131198987216535,4.0,0.26936446213917264
1757308505.812231,2.011286497116089,2.1128761768341064,15.536438941955566,354.67,6.277493796606151,0.16796875,0.0,0.0,0.0,0.0,13.93966246125367,-5.131198987216535,4.0,0.26936446213917264
1757308505.9658418,1.9277746677398682,1.9485996961593628,15.336699485778809,353.99,6.277493796606151,0.16796875,0.0,0.0,0.0,0.0,13.93966246125367,-5.131198987216535,4.0,0.26936446213917264
1757308506.112577,1.9277746677398682,1.9485996961593628,15.336699485778809,353.99,6.277493796606151,0.16796875,0.0,0.0,0.0,0.0,13.93966246125367,-5.131198987216535,4.0,0.26936446213917264
1757308506.263989,1.9277746677398682,1.9485996961593628,15.336699485778809,353.99,6.277493796606151,0.16796875,0.0,0.0,0.0,0.0,13.93966246125367,-5.131198987216535,4.0,0.26936446213917264
1757308506.41246,1.9277746677398682,1.9485996961593628,15.336699485778809,353.99,6.277493796606151,0.16796875,0.0,0.0,0.0,0.0,13.93966246125367,-5.131198987216535,4.0,0.26936446213917264
1757308506.5636759,1.9277746677398682,1.9485996961593628,15.336699485778809,353.99,6.277493796606151,0.16796875,0.0,0.0,0.0,0.0,13.93966246125367,-5.131198987216535,4.0,0.26936446213917264
1757308506.7127652,1.6874500513076782,1.6607762575149536,15.338785171508789,353.44,6.277493796606151,0.16796875,0.0,0.0,0.0,0.0,13.93966246125367,-5.131198987216535,4.0,0.26936446213917264
1757308506.8692148,1.6874500513076782,1.6607762575149536,15.338785171508789,353.44,6.277493796606151,0.16796875,0.0,0.0,0.0,0.0,13.93966246125367,-5.131198987216535,4.0,0.26936446213917264
1757308507.015231,1.6874500513076782,1.6607762575149536,15.338785171508789,353.44,6.277493796606151,0.16796875,0.0,0.0,0.0,0.0,13.93966246125367,-5.131198987216535,4.0,0.26936446213917264
1757308507.162067,1.6874500513076782,1.6607762575149536,15.338785171508789,353.44,6.277493796606151,0.16796875,0.0,0.0,0.0,0.0,13.93966246125367,-5.131198987216535,4.0,0.26936446213917264
1757308507.3128698,1.6874500513076782,1.6607762575149536,15.338785171508789,353.44,6.277493796606151,0.16796875,0.0,0.0,0.0,0.0,13.93966246125367,-5.131198987216535,4.0,0.26936446213917264
1757308507.4622912,1.4390287399291992,1.4173674583435059,15.41297435760498,352.05,6.277493796606151,0.16796875,0.0,0.0,0.0,0.0,13.93966246125367,-5.131198987216535,4.0,0.26936446213917264
1757308507.6143358,1.4390287399291992,1.4173674583435059,15.41297435760498,352.05,6.277493796606151,0.16796875,0.0,0.0,0.0,0.0,13.93966246125367,-5.131198987216535,4.0,0.26936446213917264
1757308507.763822,1.4390287399291992,1.4173674583435059,15.41297435760498,352.05,6.277493796606151,0.16796875,0.0,0.0,0.0,0.0,13.93966246125367,-5.131198987216535,4.0,0.26936446213917264
1757308507.912242,1.4390287399291992,1.4173674583435059,15.41297435760498,352.05,6.277493796606151,0.16796875,0.0,0.0,0.0,0.0,13.93966246125367,-5.131198987216535,4.0,0.26936446213917264
1757308508.0660572,1.3156657218933105,1.3031895160675049,15.437854766845703,353.08,6.277493796606151,0.16796875,0.0,0.0,0.0,0.0,13.93966246125367,-5.131198987216535,4.0,0.26936446213917264
1757308508.2130632,1.2688626050949097,1.2294305562973022,15.46230411529541,355.02,6.277493796606151,0.16796875,0.0,0.0,0.0,0.0,13.93966246125367,-5.131198987216535,4.0,0.26936446213917264
1757308508.367138,1.2688626050949097,1.2294305562973022,15.46230411529541,355.02,6.277493796606151,0.16796875,0.0,0.0,0.0,0.0,13.93966246125367,-5.131198987216535,4.0,0.26936446213917264
1757308508.5149422,1.2688626050949097,1.2294305562973022,15.46230411529541,355.02,6.277493796606151,0.16796875,0.0,0.0,0.0,0.0,13.93966246125367,-5.131198987216535,4.0,0.26936446213917264
1757308508.6629736,1.2688626050949097,1.2294305562973022,15.46230411529541,355.02,6.277493796606151,0.16796875,0.0,0.0,0.0,0.0,13.93966246125367,-5.131198987216535,4.0,0.26936446213917264
1757308508.8124468,1.2795137166976929,1.2638980150222778,15.54995059967041,354.98,6.277493796606151,0.16796875,0.0,0.0,0.0,0.0,13.93966246125367,-5.131198987216535,4.0,0.26936446213917264
1757308508.963548,1.2795137166976929,1.2638980150222778,15.54995059967041,354.98,6.277493796606151,0.16796875,0.0,0.0,0.0,0.0,13.93966246125367,-5.131198987216535,4.0,0.26936446213917264
1757308509.1189601,1.2795137166976929,1.2638980150222778,15.54995059967041,354.98,6.277493796606151,0.16796875,0.0,0.0,0.0,0.0,13.93966246125367,-5.131198987216535,4.0,0.26936446213917264
1757308509.2622082,1.2795137166976929,1.2638980150222778,15.54995059967041,354.98,6.277493796606151,0.16796875,0.0,0.0,0.0,0.0,13.93966246125367,-5.131198987216535,4.0,0.26936446213917264
1757308509.4191253,1.2795137166976929,1.2638980150222778,15.54995059967041,354.98,6.277493796606151,0.16796875,0.0,0.0,0.0,0.0,13.93966246125367,-5.131198987216535,4.0,0.26936446213917264
1757308509.5624914,1.2877486944198608,1.3888511657714844,15.618117332458496,356.95,6.277493796606151,0.16796875,0.0,0.0,0.0,0.0,13.93966246125367,-5.131198987216535,4.0,0.26936446213917264
1757308509.714013,1.2877486944198608,1.3888511657714844,15.618117332458496,356.95,6.277493796606151,0.16796875,0.0,0.0,0.0,0.0,13.93966246125367,-5.131198987216535,4.0,0.26936446213917264
1757308509.8620472,1.2877486944198608,1.3888511657714844,15.618117332458496,356.95,6.277493796606151,0.16796875,0.0,0.0,0.0,0.0,13.93966246125367,-5.131198987216535,4.0,0.26936446213917264
1757308510.013798,1.2877486944198608,1.3888511657714844,15.618117332458496,356.95,6.277493796606151,0.16796875,0.0,0.0,0.0,0.0,13.93966246125367,-5.131198987216535,4.0,0.26936446213917264
1757308510.1621296,1.2877486944198608,1.3888511657714844,15.618117332458496,356.95,6.277493796606151,0.16796875,0.0,0.0,0.0,0.0,13.93966246125367,-5.131198987216535,4.0,0.26936446213917264
1757308510.31229,1.2304502725601196,1.3436808586120605,15.596297264099121,353.72,6.277493796606151,0.16796875,0.0,0.0,0.0,0.0,13.93966246125367,-5.131198987216535,4.0,0.26936446213917264
1757308510.461876,1.2304502725601196,1.3436808586120605,15.596297264099121,353.72,6.277493796606151,0.16796875,0.0,0.0,0.0,0.0,13.93966246125367,-5.131198987216535,4.0,0.26936446213917264
1757308510.612511,1.2304502725601196,1.3436808586120605,15.596297264099121,353.72,6.277493796606151,0.16796875,0.0,0.0,0.0,0.0,13.93966246125367,-5.131198987216535,4.0,0.26936446213917264
1757308510.7639754,1.2304502725601196,1.3436808586120605,15.596297264099121,353.72,6.277493796606151,0.16796875,0.0,0.0,0.0,0.0,13.93966246125367,-5.131198987216535,4.0,0.26936446213917264
1757308510.9129221,1.2230533361434937,1.287822961807251,15.554697036743164,352.14,6.277493796606151,0.16796875,0.0,0.0,0.0,0.0,13.93966246125367,-5.131198987216535,4.0,0.26936446213917264
1757308511.0619407,1.2230533361434937,1.287822961807251,15.554697036743164,351.87,6.277493796606151,0.16796875,0.0,0.0,0.0,0.0,13.93966246125367,-5.131198987216535,4.0,0.26936446213917264
1757308511.217542,1.2230533361434937,1.287822961807251,15.554697036743164,351.87,6.277493796606151,0.16796875,0.0,0.0,0.0,0.0,13.93966246125367,-5.131198987216535,4.0,0.26936446213917264
1757308511.3620956,1.2230533361434937,1.287822961807251,15.554697036743164,351.87,6.277493796606151,0.16796875,0.0,0.0,0.0,0.0,13.93966246125367,-5.131198987216535,4.0,0.26936446213917264
1757308511.5127676,1.2230533361434937,1.287822961807251,15.554697036743164,351.87,6.277493796606151,0.16796875,0.0,0.0,0.0,0.0,13.93966246125367,-5.131198987216535,4.0,0.26936446213917264
1757308511.6645029,1.2697727680206299,1.296739101409912,15.063459396362305,350.0,6.277493796606151,0.16796875,0.0,0.0,0.0,0.0,13.93966246125367,-5.131198987216535,4.0,0.26936446213917264
1757308511.812439,1.2697727680206299,1.296739101409912,15.063459396362305,350.0,6.277493796606151,0.16796875,0.0,0.0,0.0,0.0,13.93966246125367,-5.131198987216535,4.0,0.26936446213917264
1757308511.9638987,1.2697727680206299,1.296739101409912,15.063459396362305,350.0,6.277493796606151,0.16796875,0.0,0.0,0.0,0.0,13.93966246125367,-5.131198987216535,4.0,0.26936446213917264
1757308512.1132188,1.2697727680206299,1.296739101409912,15.063459396362305,350.0,6.277493796606151,0.16796875,0.0,0.0,0.0,0.0,13.93966246125367,-5.131198987216535,4.0,0.26936446213917264
1757308512.2633283,1.2697727680206299,1.296739101409912,15.063459396362305,350.0,6.277493796606151,0.16796875,0.0,0.0,0.0,0.0,13.93966246125367,-5.131198987216535,4.0,0.26936446213917264
1757308512.4120865,1.400413990020752,1.3561736345291138,13.997504234313965,352.14,6.277493796606151,0.16796875,0.0,0.0,0.0,0.0,13.93966246125367,-5.131198987216535,4.0,0.26936446213917264
1757308512.562861,1.400413990020752,1.3561736345291138,13.997504234313965,352.14,6.277493796606151,0.16796875,0.0,0.0,0.0,0.0,13.93966246125367,-5.131198987216535,4.0,0.26936446213917264
1757308512.7121766,1.400413990020752,1.3561736345291138,13.997504234313965,352.14,6.277493796606151,0.16796875,0.0,0.0,0.0,0.0,13.93966246125367,-5.131198987216535,4.0,0.26936446213917264
1757308512.8618176,1.400413990020752,1.3561736345291138,13.997504234313965,352.14,6.277493796606151,0.16796875,0.0,0.0,0.0,0.0,13.93966246125367,-5.131198987216535,4.0,0.26936446213917264
1757308513.0144715,1.400413990020752,1.3561736345291138,13.997504234313965,352.14,6.277493796606151,0.16796875,0.0,0.0,0.0,0.0,13.93966246125367,-5.131198987216535,4.0,0.26936446213917264
1757308513.1623924,1.5045721530914307,1.444891333580017,12.99429988861084,358.93,6.277493796606151,0.16796875,0.0,0.0,0.0,0.0,13.93966246125367,-5.131198987216535,4.0,0.26936446213917264
1757308513.3120596,1.5045721530914307,1.444891333580017,12.99429988861084,358.93,6.277493796606151,0.16796875,0.0,0.0,0.0,0.0,13.93966246125367,-5.131198987216535,4.0,0.26936446213917264
1757308513.4619238,1.5045721530914307,1.444891333580017,12.99429988861084,358.93,6.277493796606151,0.16796875,0.0,0.0,0.0,0.0,13.93966246125367,-5.131198987216535,4.0,0.26936446213917264
1757308513.6140406,1.5045721530914307,1.444891333580017,12.99429988861084,358.93,6.277493796606151,0.16796875,0.0,0.0,0.0,0.0,13.93966246125367,-5.131198987216535,4.0,0.26936446213917264
1757308513.7620032,1.5329716205596924,1.4853870868682861,11.878902435302734,358.07,6.277493796606151,0.16796875,0.0,0.0,0.0,0.0,13.93966246125367,-5.131198987216535,4.0,0.26936446213917264
1757308513.914626,1.5329716205596924,1.4853870868682861,11.878902435302734,358.07,6.277493796606151,0.16796875,0.0,0.0,0.0,0.0,13.93966246125367,-5.131198987216535,4.0,0.26936446213917264
1757308514.0621471,1.5329716205596924,1.4853870868682861,11.878902435302734,358.07,6.277493796606151,0.16796875,0.0,0.0,0.0,0.0,13.93966246125367,-5.131198987216535,4.0,0.26936446213917264
1757308514.21196,1.5329716205596924,1.4853870868682861,11.878902435302734,358.07,6.277493796606151,0.16796875,0.0,0.0,0.0,0.0,13.93966246125367,-5.131198987216535,4.0,0.26936446213917264
1757308514.364191,1.5329716205596924,1.4853870868682861,11.878902435302734,358.07,6.277493796606151,0.16796875,0.0,0.0,0.0,0.0,13.93966246125367,-5.131198987216535,4.0,0.26936446213917264
1757308514.512944,1.446273684501648,1.3948125839233398,11.148772239685059,357.45,6.277493796606151,0.16796875,0.0,0.0,0.0,0.0,13.93966246125367,-5.131198987216535,4.0,0.26936446213917264
1757308514.6649792,1.446273684501648,1.3948125839233398,11.148772239685059,357.45,6.277493796606151,0.16796875,0.0,0.0,0.0,0.0,13.93966246125367,-5.131198987216535,4.0,0.26936446213917264
1757308514.8129754,1.446273684501648,1.3948125839233398,11.148772239685059,357.45,6.277493796606151,0.16796875,0.0,0.0,0.0,0.0,13.93966246125367,-5.131198987216535,4.0,0.26936446213917264
1757308514.9654317,1.446273684501648,1.3948125839233398,11.148772239685059,357.45,6.277493796606151,0.16796875,0.0,0.0,0.0,0.0,13.93966246125367,-5.131198987216535,4.0,0.26936446213917264
1757308515.1300962,1.446273684501648,1.3948125839233398,11.148772239685059,357.45,6.277493796606151,0.16796875,0.0,0.0,0.0,0.0,13.93966246125367,-5.131198987216535,4.0,0.26936446213917264
1757308515.262609,1.3824671506881714,1.3253862857818604,10.88624382019043,356.27,6.277493796606151,0.16796875,0.0,0.0,0.0,0.0,13.93966246125367,-5.131198987216535,4.0,0.26936446213917264
1757308515.4138243,1.3824671506881714,1.3253862857818604,10.88624382019043,356.27,6.277493796606151,0.16796875,0.0,0.0,0.0,0.0,13.93966246125367,-5.131198987216535,4.0,0.26936446213917264
1757308515.562757,1.3824671506881714,1.3253862857818604,10.88624382019043,356.27,6.277493796606151,0.16796875,0.0,0.0,0.0,0.0,13.93966246125367,-5.131198987216535,4.0,0.26936446213917264
1757308515.7123277,1.3824671506881714,1.3253862857818604,10.88624382019043,356.27,6.277493796606151,0.16796875,0.0,0.0,0.0,0.0,13.93966246125367,-5.131198987216535,4.0,0.26936446213917264
1757308515.8648078,1.3824671506881714,1.3253862857818604,10.88624382019043,356.27,6.277493796606151,0.16796875,0.0,0.0,0.0,0.0,13.93966246125367,-5.131198987216535,4.0,0.26936446213917264
1757308516.017743,1.3630433082580566,1.3166780471801758,10.593362808227539,356.63,6.277493796606151,0.16796875,0.0,0.0,0.0,0.0,13.93966246125367,-5.131198987216535,4.0,0.26936446213917264
1757308516.1633065,1.3630433082580566,1.3166780471801758,10.593362808227539,356.63,6.277493796606151,0.16796875,0.0,0.0,0.0,0.0,13.93966246125367,-5.131198987216535,4.0,0.26936446213917264
1757308516.3126001,1.3630433082580566,1.3166780471801758,10.593362808227539,356.63,6.277493796606151,0.16796875,0.0,0.0,0.0,0.0,13.93966246125367,-5.131198987216535,4.0,0.26936446213917264
1757308516.4639716,1.3630433082580566,1.3166780471801758,10.593362808227539,356.63,6.277493796606151,0.16796875,0.0,0.0,0.0,0.0,13.93966246125367,-5.131198987216535,4.0,0.26936446213917264
1757308516.6120322,1.432789921760559,1.4163365364074707,10.254569053649902,0.49,6.277493796606151,0.16796875,0.0,0.0,0.0,0.0,13.93966246125367,-5.131198987216535,4.0,0.26936446213917264
1757308516.762368,1.432789921760559,1.4163365364074707,10.254569053649902,0.43,6.277493796606151,0.16796875,0.0,0.0,0.0,0.0,13.93966246125367,-5.131198987216535,4.0,0.26936446213917264
1757308516.9137044,1.432789921760559,1.4163365364074707,10.254569053649902,0.43,6.277493796606151,0.16796875,0.0,0.0,0.0,0.0,13.93966246125367,-5.131198987216535,4.0,0.26936446213917264
1757308517.0621061,1.432789921760559,1.4163365364074707,10.254569053649902,0.43,6.277493796606151,0.16796875,0.0,0.0,0.0,0.0,13.93966246125367,-5.131198987216535,4.0,0.26936446213917264
1757308517.2118745,1.432789921760559,1.4163365364074707,10.254569053649902,0.43,6.277493796606151,0.16796875,0.0,0.0,0.0,0.0,13.93966246125367,-5.131198987216535,4.0,0.26936446213917264
1757308517.36318,1.5701512098312378,1.5186599493026733,9.910926818847656,358.16,6.277493796606151,0.16796875,0.0,0.0,0.0,0.0,13.93966246125367,-5.131198987216535,4.0,0.26936446213917264
1757308517.512,1.5701512098312378,1.5186599493026733,9.910926818847656,358.16,6.277493796606151,0.16796875,0.0,0.0,0.0,0.0,13.93966246125367,-5.131198987216535,4.0,0.26936446213917264
1757308517.662242,1.5701512098312378,1.5186599493026733,9.910926818847656,358.16,6.277493796606151,0.16796875,0.0,0.0,0.0,0.0,13.93966246125367,-5.131198987216535,4.0,0.26936446213917264
1757308517.8134234,1.5701512098312378,1.5186599493026733,9.910926818847656,358.16,6.277493796606151,0.16796875,0.0,0.0,0.0,0.0,13.93966246125367,-5.131198987216535,4.0,0.26936446213917264
1757308517.9620411,1.5701512098312378,1.5186599493026733,9.910926818847656,358.16,6.277493796606151,0.16796875,0.0,0.0,0.0,0.0,13.93966246125367,-5.131198987216535,4.0,0.26936446213917264
1757308518.1132822,1.6064350605010986,1.4447778463363647,9.569900512695312,355.18,6.277493796606151,0.16796875,0.0,0.0,0.0,0.0,13.93966246125367,-5.131198987216535,4.0,0.26936446213917264
1757308518.2653263,1.6064350605010986,1.4447778463363647,9.569900512695312,355.18,6.277493796606151,0.16796875,0.0,0.0,0.0,0.0,13.93966246125367,-5.131198987216535,4.0,0.26936446213917264
1757308518.4124506,1.6064350605010986,1.4447778463363647,9.569900512695312,355.18,6.277493796606151,0.16796875,0.0,0.0,0.0,0.0,13.93966246125367,-5.131198987216535,4.0,0.26936446213917264
1757308518.561859,1.6064350605010986,1.4447778463363647,9.569900512695312,355.18,6.277493796606151,0.16796875,0.0,0.0,0.0,0.0,13.93966246125367,-5.131198987216535,4.0,0.26936446213917264
1757308518.7160115,1.6064350605010986,1.4447778463363647,9.569900512695312,355.18,6.277493796606151,0.16796875,0.0,0.0,0.0,0.0,13.93966246125367,-5.131198987216535,4.0,0.26936446213917264
1757308518.8618839,1.5629041194915771,1.2936619520187378,9.154197692871094,357.19,6.277493796606151,0.16796875,0.0,0.0,0.0,0.0,13.93966246125367,-5.131198987216535,4.0,0.26936446213917264
1757308519.0119784,1.5629041194915771,1.2936619520187378,9.154197692871094,357.19,6.277493796606151,0.16796875,0.0,0.0,0.0,0.0,13.93966246125367,-5.131198987216535,4.0,0.26936446213917264
1757308519.1619375,1.5629041194915771,1.2936619520187378,9.154197692871094,357.19,6.277493796606151,0.16796875,0.0,0.0,0.0,0.0,13.93966246125367,-5.131198987216535,4.0,0.26936446213917264
1757308519.3146968,1.5629041194915771,1.2936619520187378,9.154197692871094,357.19,6.277493796606151,0.16796875,0.0,0.0,0.0,0.0,13.93966246125367,-5.131198987216535,4.0,0.26936446213917264
1757308519.462578,1.5091466903686523,1.3053635358810425,8.709699630737305,357.51,6.277493796606151,0.16796875,0.0,0.0,0.0,0.0,13.93966246125367,-5.131198987216535,4.0,0.26936446213917264
1757308519.6138284,1.5091466903686523,1.3053635358810425,8.709699630737305,357.51,6.277493796606151,0.16796875,0.0,0.0,0.0,0.0,13.93966246125367,-5.131198987216535,4.0,0.26936446213917264
1757308519.763452,1.5091466903686523,1.3053635358810425,8.709699630737305,357.51,6.277493796606151,0.16796875,0.0,0.0,0.0,0.0,13.93966246125367,-5.131198987216535,4.0,0.26936446213917264
1757308519.9137294,1.5091466903686523,1.3053635358810425,8.709699630737305,357.51,6.277493796606151,0.16796875,0.0,0.0,0.0,0.0,13.93966246125367,-5.131198987216535,4.0,0.26936446213917264
1757308520.065056,1.5091466903686523,1.3053635358810425,8.709699630737305,357.51,6.277493796606151,0.16796875,0.0,0.0,0.0,0.0,13.93966246125367,-5.131198987216535,4.0,0.26936446213917264
1757308520.2125885,1.4812641143798828,1.4640790224075317,8.30440616607666,358.97,6.277493796606151,0.16796875,0.0,0.0,0.0,0.0,13.93966246125367,-5.131198987216535,4.0,0.26936446213917264
1757308520.3623734,1.4812641143798828,1.4640790224075317,8.30440616607666,358.97,6.277493796606151,0.16796875,0.0,0.0,0.0,0.0,13.93966246125367,-5.131198987216535,4.0,0.26936446213917264
1757308520.5218341,1.4812641143798828,1.4640790224075317,8.30440616607666,358.97,6.277493796606151,0.16796875,0.0,0.0,0.0,0.0,13.93966246125367,-5.131198987216535,4.0,0.26936446213917264
1757308520.663199,1.4812641143798828,1.4640790224075317,8.30440616607666,358.97,6.277493796606151,0.16796875,0.0,0.0,0.0,0.0,13.93966246125367,-5.131198987216535,4.0,0.26936446213917264
1757308520.812969,1.4812641143798828,1.4640790224075317,8.30440616607666,358.97,6.277493796606151,0.16796875,0.0,0.0,0.0,0.0,13.93966246125367,-5.131198987216535,4.0,0.26936446213917264
1757308520.9620895,1.474111557006836,1.537084937095642,8.03306770324707,0.16,6.277493796606151,0.16796875,0.0,0.0,0.0,0.0,13.93966246125367,-5.131198987216535,4.0,0.26936446213917264
1757308521.1127043,1.474111557006836,1.537084937095642,8.03306770324707,0.16,6.277493796606151,0.16796875,0.0,0.0,0.0,0.0,13.93966246125367,-5.131198987216535,4.0,0.26936446213917264
1757308521.2621763,1.474111557006836,1.537084937095642,8.03306770324707,0.16,6.277493796606151,0.16796875,0.0,0.0,0.0,0.0,13.93966246125367,-5.131198987216535,4.0,0.26936446213917264
1757308521.411961,1.474111557006836,1.537084937095642,8.03306770324707,0.16,6.277493796606151,0.16796875,0.0,0.0,0.0,0.0,13.93966246125367,-5.131198987216535,4.0,0.26936446213917264
1757308521.5747354,1.4817488193511963,1.5441300868988037,7.980500221252441,359.3,6.277493796606151,0.16796875,0.0,0.0,0.0,0.0,13.93966246125367,-5.131198987216535,4.0,0.26936446213917264
1757308521.7119555,1.5290933847427368,1.5878100395202637,7.711665630340576,355.1,6.277493796606151,0.16796875,0.0,0.0,0.0,0.0,13.93966246125367,-5.131198987216535,4.0,0.26936446213917264
1757308521.8679688,1.5290933847427368,1.5878100395202637,7.711665630340576,355.1,6.277493796606151,0.16796875,0.0,0.0,0.0,0.0,13.93966246125367,-5.131198987216535,4.0,0.26936446213917264
1757308522.0135772,1.5290933847427368,1.5878100395202637,7.711665630340576,355.1,6.277493796606151,0.16796875,0.0,0.0,0.0,0.0,13.93966246125367,-5.131198987216535,4.0,0.26936446213917264
1757308522.1672406,1.5290933847427368,1.5878100395202637,7.711665630340576,355.1,6.277493796606151,0.16796875,0.0,0.0,0.0,0.0,13.93966246125367,-5.131198987216535,4.0,0.26936446213917264
1757308522.3150556,1.6095770597457886,1.5027216672897339,7.4057841300964355,350.1,6.277493796606151,0.16796875,0.0,0.0,0.0,0.0,13.93966246125367,-5.131198987216535,4.0,0.26936446213917264
1757308522.4623628,1.6095770597457886,1.5027216672897339,7.4057841300964355,350.1,6.277493796606151,0.16796875,0.0,0.0,0.0,0.0,13.93966246125367,-5.131198987216535,4.0,0.26936446213917264
1757308522.6132388,1.6095770597457886,1.5027216672897339,7.4057841300964355,350.1,6.277493796606151,0.16796875,0.0,0.0,0.0,0.0,13.93966246125367,-5.131198987216535,4.0,0.26936446213917264
1757308522.763781,1.6095770597457886,1.5027216672897339,7.4057841300964355,350.1,6.277493796606151,0.16796875,0.0,0.0,0.0,0.0,13.93966246125367,-5.131198987216535,4.0,0.26936446213917264
1757308522.9130814,1.6095770597457886,1.5027216672897339,7.4057841300964355,350.1,6.277493796606151,0.16796875,0.0,0.0,0.0,0.0,13.93966246125367,-5.131198987216535,4.0,0.26936446213917264
1757308523.0632107,1.6446177959442139,1.321198582649231,6.964090347290039,352.45,6.277493796606151,0.16796875,0.0,0.0,0.0,0.0,13.93966246125367,-5.131198987216535,4.0,0.26936446213917264
1757308523.2131817,1.6446177959442139,1.321198582649231,6.964090347290039,352.45,6.277493796606151,0.16796875,0.0,0.0,0.0,0.0,13.93966246125367,-5.131198987216535,4.0,0.26936446213917264
1757308523.363961,1.6446177959442139,1.321198582649231,6.964090347290039,352.45,6.277493796606151,0.16796875,0.0,0.0,0.0,0.0,13.93966246125367,-5.131198987216535,4.0,0.26936446213917264
1757308523.5153933,1.6446177959442139,1.321198582649231,6.964090347290039,352.45,6.277493796606151,0.16796875,0.0,0.0,0.0,0.0,13.93966246125367,-5.131198987216535,4.0,0.26936446213917264
1757308523.6641226,1.6446177959442139,1.321198582649231,6.964090347290039,352.45,6.277493796606151,0.16796875,0.0,0.0,0.0,0.0,13.93966246125367,-5.131198987216535,4.0,0.26936446213917264
1757308523.8147025,1.597476840019226,1.2574260234832764,6.63741397857666,358.41,6.277493796606151,0.16796875,0.0,0.0,0.0,0.0,13.93966246125367,-5.131198987216535,4.0,0.26936446213917264
1757308523.9620566,1.597476840019226,1.2574260234832764,6.63741397857666,358.41,6.277493796606151,0.16796875,0.0,0.0,0.0,0.0,13.93966246125367,-5.131198987216535,4.0,0.26936446213917264
1757308524.1159139,1.597476840019226,1.2574260234832764,6.63741397857666,358.41,6.277493796606151,0.16796875,0.0,0.0,0.0,0.0,13.93966246125367,-5.131198987216535,4.0,0.26936446213917264
1757308524.2624712,1.597476840019226,1.2574260234832764,6.63741397857666,358.41,6.277493796606151,0.16796875,0.0,0.0,0.0,0.0,13.93966246125367,-5.131198987216535,4.0,0.26936446213917264
1757308524.413291,1.5682599544525146,1.309643268585205,6.497165203094482,357.47,6.277493796606151,0.16796875,0.0,0.0,0.0,0.0,13.93966246125367,-5.131198987216535,4.0,0.26936446213917264
1757308524.5620546,1.5593892335891724,1.3517652750015259,6.358875274658203,355.42,6.277493796606151,0.16796875,0.0,0.0,0.0,0.0,13.93966246125367,-5.131198987216535,4.0,0.26936446213917264
1757308524.7120886,1.5593892335891724,1.3517652750015259,6.358875274658203,355.42,6.277493796606151,0.16796875,0.0,0.0,0.0,0.0,13.93966246125367,-5.131198987216535,4.0,0.26936446213917264
1757308524.8618593,1.5593892335891724,1.3517652750015259,6.358875274658203,355.42,6.277493796606151,0.16796875,0.0,0.0,0.0,0.0,13.93966246125367,-5.131198987216535,4.0,0.26936446213917264
1757308525.0124679,1.5593892335891724,1.3517652750015259,6.358875274658203,355.42,6.277493796606151,0.16796875,0.0,0.0,0.0,0.0,13.93966246125367,-5.131198987216535,4.0,0.26936446213917264
1757308525.16214,1.5754402875900269,1.4433603286743164,6.128215789794922,353.03,6.277493796606151,0.16796875,0.0,0.0,0.0,0.0,13.93966246125367,-5.131198987216535,4.0,0.26936446213917264
1757308525.3128357,1.5754402875900269,1.4433603286743164,6.128215789794922,353.03,6.277493796606151,0.16796875,0.0,0.0,0.0,0.0,13.93966246125367,-5.131198987216535,4.0,0.26936446213917264
1757308525.4743807,1.5754402875900269,1.4433603286743164,6.128215789794922,353.03,6.277493796606151,0.16796875,0.0,0.0,0.0,0.0,13.93966246125367,-5.131198987216535,4.0,0.26936446213917264
1757308525.61207,1.5754402875900269,1.4433603286743164,6.128215789794922,353.03,6.277493796606151,0.16796875,0.0,0.0,0.0,0.0,13.93966246125367,-5.131198987216535,4.0,0.26936446213917264
1757308525.7647977,1.5754402875900269,1.4433603286743164,6.128215789794922,353.03,6.277493796606151,0.16796875,0.0,0.0,0.0,0.0,13.93966246125367,-5.131198987216535,4.0,0.26936446213917264
1757308525.9124532,1.6048214435577393,1.5856032371520996,5.8217339515686035,355.68,6.277493796606151,0.16796875,0.0,0.0,0.0,0.0,13.93966246125367,-5.131198987216535,4.0,0.26936446213917264
1757308526.062446,1.6048214435577393,1.5856032371520996,5.8217339515686035,355.68,6.277493796606151,0.16796875,0.0,0.0,0.0,0.0,13.93966246125367,-5.131198987216535,4.0,0.26936446213917264
1757308526.2118278,1.6048214435577393,1.5856032371520996,5.8217339515686035,355.68,6.277493796606151,0.16796875,0.0,0.0,0.0,0.0,13.93966246125367,-5.131198987216535,4.0,0.26936446213917264
1757308526.3675723,1.6048214435577393,1.5856032371520996,5.8217339515686035,355.68,6.277493796606151,0.16796875,0.0,0.0,0.0,0.0,13.93966246125367,-5.131198987216535,4.0,0.26936446213917264
1757308526.5133142,1.6048214435577393,1.5856032371520996,5.8217339515686035,355.68,6.277493796606151,0.16796875,0.0,0.0,0.0,0.0,13.93966246125367,-5.131198987216535,4.0,0.26936446213917264
1757308526.6650536,1.6338638067245483,1.529309630393982,5.500300884246826,350.89,6.277493796606151,0.16796875,0.0,0.0,0.0,0.0,13.93966246125367,-5.131198987216535,4.0,0.26936446213917264
1757308526.8118153,1.6338638067245483,1.529309630393982,5.500300884246826,350.89,6.277493796606151,0.16796875,0.0,0.0,0.0,0.0,13.93966246125367,-5.131198987216535,4.0,0.26936446213917264
1757308526.9638145,1.6338638067245483,1.529309630393982,5.500300884246826,350.89,6.277493796606151,0.16796875,0.0,0.0,0.0,0.0,13.93966246125367,-5.131198987216535,4.0,0.26936446213917264
1757308527.11327,1.6338638067245483,1.529309630393982,5.500300884246826,350.89,6.277493796606151,0.16796875,0.0,0.0,0.0,0.0,13.93966246125367,-5.131198987216535,4.0,0.26936446213917264
1757308527.2636611,1.7168134450912476,1.4426294565200806,5.332223415374756,352.86,6.277493796606151,0.16796875,0.0,0.0,0.0,0.0,13.93966246125367,-5.131198987216535,4.0,0.26936446213917264
1757308527.4127364,1.7746412754058838,1.3695793151855469,5.177792072296143,354.43,6.277493796606151,0.16796875,0.0,0.0,0.0,0.0,13.93966246125367,-5.131198987216535,4.0,0.26936446213917264
1757308527.565085,1.7746412754058838,1.3695793151855469,5.177792072296143,354.43,6.277493796606151,0.16796875,0.0,0.0,0.0,0.0,13.93966246125367,-5.131198987216535,4.0,0.26936446213917264
1757308527.7123256,1.7746412754058838,1.3695793151855469,5.177792072296143,354.43,6.277493796606151,0.16796875,0.0,0.0,0.0,0.0,13.93966246125367,-5.131198987216535,4.0,0.26936446213917264
1757308527.8643603,1.7746412754058838,1.3695793151855469,5.177792072296143,354.43,6.277493796606151,0.16796875,0.0,0.0,0.0,0.0,13.93966246125367,-5.131198987216535,4.0,0.26936446213917264
1757308528.0153158,1.8283841609954834,1.3028483390808105,4.6790971755981445,352.91,6.277493796606151,0.16796875,0.0,0.0,0.0,0.0,13.93966246125367,-5.131198987216535,4.0,0.26936446213917264
1757308528.1634326,1.8283841609954834,1.3028483390808105,4.6790971755981445,352.91,6.277493796606151,0.16796875,0.0,0.0,0.0,0.0,13.93966246125367,-5.131198987216535,4.0,0.26936446213917264
1757308528.3127294,1.8283841609954834,1.3028483390808105,4.6790971755981445,352.91,6.277493796606151,0.16796875,0.0,0.0,0.0,0.0,13.93966246125367,-5.131198987216535,4.0,0.26936446213917264
1757308528.4622257,1.8283841609954834,1.3028483390808105,4.6790971755981445,352.91,6.277493796606151,0.16796875,0.0,0.0,0.0,0.0,13.93966246125367,-5.131198987216535,4.0,0.26936446213917264
1757308528.6134574,1.8283841609954834,1.3028483390808105,4.6790971755981445,352.91,6.277493796606151,0.16796875,0.0,0.0,0.0,0.0,13.93966246125367,-5.131198987216535,4.0,0.26936446213917264
1757308528.7651157,1.6383817195892334,1.2953717708587646,4.362218379974365,352.73,6.277493796606151,0.16796875,0.0,0.0,0.0,0.0,13.93966246125367,-5.131198987216535,4.0,0.26936446213917264
1757308528.9126,1.6383817195892334,1.2953717708587646,4.362218379974365,352.73,6.277493796606151,0.16796875,0.0,0.0,0.0,0.0,13.93966246125367,-5.131198987216535,4.0,0.26936446213917264
1757308529.0619047,1.6383817195892334,1.2953717708587646,4.362218379974365,352.73,6.277493796606151,0.16796875,0.0,0.0,0.0,0.0,13.93966246125367,-5.131198987216535,4.0,0.26936446213917264
1757308529.212032,1.6383817195892334,1.2953717708587646,4.362218379974365,352.73,6.277493796606151,0.16796875,0.0,0.0,0.0,0.0,13.93966246125367,-5.131198987216535,4.0,0.26936446213917264
1757308529.3621778,1.6383817195892334,1.2953717708587646,4.362218379974365,352.73,6.277493796606151,0.16796875,0.0,0.0,0.0,0.0,13.93966246125367,-5.131198987216535,4.0,0.26936446213917264
1757308529.512519,1.5127806663513184,1.3451899290084839,4.018619060516357,351.7,6.277493796606151,0.16796875,0.0,0.0,0.0,0.0,13.93966246125367,-5.131198987216535,4.0,0.26936446213917264
1757308529.6633134,1.5127806663513184,1.3451899290084839,4.018619060516357,351.7,6.277493796606151,0.16796875,0.0,0.0,0.0,0.0,13.93966246125367,-5.131198987216535,4.0,0.26936446213917264
1757308529.811815,1.5127806663513184,1.3451899290084839,4.018619060516357,351.7,6.277493796606151,0.16796875,0.0,0.0,0.0,0.0,13.93966246125367,-5.131198987216535,4.0,0.26936446213917264
1757308529.9628031,1.5127806663513184,1.3451899290084839,4.018619060516357,351.7,6.277493796606151,0.16796875,0.0,0.0,0.0,0.0,13.93966246125367,-5.131198987216535,4.0,0.26936446213917264
1757308530.1124065,1.5520453453063965,1.3083319664001465,3.5301411151885986,353.4,6.277493796606151,0.16796875,0.0,0.0,0.0,0.0,13.93966246125367,-5.131198987216535,4.0,0.26936446213917264
1757308530.2623677,1.5520453453063965,1.3083319664001465,3.5301411151885986,353.4,6.277493796606151,0.16796875,0.0,0.0,0.0,0.0,13.93966246125367,-5.131198987216535,4.0,0.26936446213917264
1757308530.4143374,1.5520453453063965,1.3083319664001465,3.5301411151885986,353.4,6.277493796606151,0.16796875,0.0,0.0,0.0,0.0,13.93966246125367,-5.131198987216535,4.0,0.26936446213917264
1757308530.5643916,1.5520453453063965,1.3083319664001465,3.5301411151885986,353.4,6.277493796606151,0.16796875,0.0,0.0,0.0,0.0,13.93966246125367,-5.131198987216535,4.0,0.26936446213917264
1757308530.7123606,1.5520453453063965,1.3083319664001465,3.5301411151885986,353.4,6.277493796606151,0.16796875,0.0,0.0,0.0,0.0,13.93966246125367,-5.131198987216535,4.0,0.26936446213917264
1757308530.86248,1.5257842540740967,1.3540233373641968,3.0654146671295166,356.03,6.277493796606151,0.16796875,0.0,0.0,0.0,0.0,13.93966246125367,-5.131198987216535,4.0,0.26936446213917264
1757308531.0124345,1.5257842540740967,1.3540233373641968,3.0654146671295166,356.03,6.277493796606151,0.16796875,0.0,0.0,0.0,0.0,13.93966246125367,-5.131198987216535,4.0,0.26936446213917264
1757308531.1630101,1.5257842540740967,1.3540233373641968,3.0654146671295166,356.03,6.277493796606151,0.16796875,0.0,0.0,0.0,0.0,13.93966246125367,-5.131198987216535,4.0,0.26936446213917264
1757308531.312483,1.5257842540740967,1.3540233373641968,3.0654146671295166,356.03,6.277493796606151,0.16796875,0.0,0.0,0.0,0.0,13.93966246125367,-5.131198987216535,4.0,0.26936446213917264
1757308531.4643204,1.5257842540740967,1.3540233373641968,3.0654146671295166,356.03,6.277493796606151,0.16796875,0.0,0.0,0.0,0.0,13.93966246125367,-5.131198987216535,4.0,0.26936446213917264
1757308531.6121643,1.5006107091903687,1.378782868385315,2.973853826522827,9.79,6.277493796606151,0.16796875,0.0,0.0,0.0,0.0,13.93966246125367,-5.131198987216535,4.0,0.26936446213917264
1757308531.7621405,1.5006107091903687,1.378782868385315,2.973853826522827,9.79,6.277493796606151,0.16796875,0.0,0.0,0.0,0.0,13.93966246125367,-5.131198987216535,4.0,0.26936446213917264
1757308531.911906,1.5006107091903687,1.378782868385315,2.973853826522827,9.79,6.277493796606151,0.16796875,0.0,0.0,0.0,0.0,13.93966246125367,-5.131198987216535,4.0,0.26936446213917264
1757308532.061896,1.5006107091903687,1.378782868385315,2.973853826522827,9.79,6.277493796606151,0.16796875,0.0,0.0,0.0,0.0,13.93966246125367,-5.131198987216535,4.0,0.26936446213917264
1757308532.2141066,1.5006107091903687,1.378782868385315,2.973853826522827,9.79,6.277493796606151,0.16796875,0.0,0.0,0.0,0.0,13.93966246125367,-5.131198987216535,4.0,0.26936446213917264
1757308532.3660781,1.5015957355499268,1.4061253070831299,2.905524492263794,10.18,6.277493796606151,0.16796875,0.0,0.0,0.0,0.0,13.93966246125367,-5.131198987216535,4.0,0.26936446213917264
1757308532.5120325,1.5015957355499268,1.4061253070831299,2.905524492263794,10.18,6.277493796606151,0.16796875,0.0,0.0,0.0,0.0,13.93966246125367,-5.131198987216535,4.0,0.26936446213917264
1757308532.6617782,1.5015957355499268,1.4061253070831299,2.905524492263794,10.18,6.277493796606151,0.16796875,0.0,0.0,0.0,0.0,13.93966246125367,-5.131198987216535,4.0,0.26936446213917264
1757308532.8119075,1.5015957355499268,1.4061253070831299,2.905524492263794,10.18,6.277493796606151,0.16796875,0.0,0.0,0.0,0.0,13.93966246125367,-5.131198987216535,4.0,0.26936446213917264
1757308532.9661841,1.5063257217407227,1.4215925931930542,2.8273351192474365,10.49,6.277493796606151,0.16796875,0.0,0.0,0.0,0.0,13.93966246125367,-5.131198987216535,4.0,0.26936446213917264
1757308533.1131604,1.5077662467956543,1.4248570203781128,2.7659101486206055,10.49,6.277493796606151,0.16796875,0.0,0.0,0.0,0.0,13.93966246125367,-5.131198987216535,4.0,0.26936446213917264
1757308533.2632458,1.5077662467956543,1.4248570203781128,2.7659101486206055,10.49,6.277493796606151,0.16796875,0.0,0.0,0.0,0.0,13.93966246125367,-5.131198987216535,4.0,0.26936446213917264
1757308533.4140887,1.5077662467956543,1.4248570203781128,2.7659101486206055,10.49,6.277493796606151,0.16796875,0.0,0.0,0.0,0.0,13.93966246125367,-5.131198987216535,4.0,0.26936446213917264
1757308533.5635843,1.5077662467956543,1.4248570203781128,2.7659101486206055,10.49,6.277493796606151,0.16796875,0.0,0.0,0.0,0.0,13.93966246125367,-5.131198987216535,4.0,0.26936446213917264
1757308533.7130673,1.5102345943450928,1.4523940086364746,2.1941192150115967,10.68,6.277493796606151,0.16796875,0.0,0.0,0.0,0.0,13.93966246125367,-5.131198987216535,4.0,0.26936446213917264
1757308533.8618808,1.5102345943450928,1.4523940086364746,2.1941192150115967,10.68,6.277493796606151,0.16796875,0.0,0.0,0.0,0.0,13.93966246125367,-5.131198987216535,4.0,0.26936446213917264
1757308534.0123065,1.5102345943450928,1.4523940086364746,2.1941192150115967,10.68,6.277493796606151,0.16796875,0.0,0.0,0.0,0.0,13.93966246125367,-5.131198987216535,4.0,0.26936446213917264
1757308534.1626933,1.5102345943450928,1.4523940086364746,2.1941192150115967,10.68,6.277493796606151,0.16796875,0.0,0.0,0.0,0.0,13.93966246125367,-5.131198987216535,4.0,0.26936446213917264
1757308534.3151705,1.5102345943450928,1.4523940086364746,2.1941192150115967,10.68,6.277493796606151,0.16796875,0.0,0.0,0.0,0.0,13.93966246125367,-5.131198987216535,4.0,0.26936446213917264
1757308534.4624,1.502774953842163,1.4772342443466187,1.783449649810791,10.89,6.277493796606151,0.16796875,0.0,0.0,0.0,0.0,13.93966246125367,-5.131198987216535,4.0,0.26936446213917264
1757308534.6128998,1.502774953842163,1.4772342443466187,1.783449649810791,10.89,6.277493796606151,0.16796875,0.0,0.0,0.0,0.0,13.93966246125367,-5.131198987216535,4.0,0.26936446213917264
1757308534.761891,1.502774953842163,1.4772342443466187,1.783449649810791,10.89,6.277493796606151,0.16796875,0.0,0.0,0.0,0.0,13.93966246125367,-5.131198987216535,4.0,0.26936446213917264
1757308534.912583,1.502774953842163,1.4772342443466187,1.783449649810791,10.89,6.277493796606151,0.16796875,0.0,0.0,0.0,0.0,13.93966246125367,-5.131198987216535,4.0,0.26936446213917264
1757308535.0632427,1.502774953842163,1.4772342443466187,1.783449649810791,10.89,6.277493796606151,0.16796875,0.0,0.0,0.0,0.0,13.93966246125367,-5.131198987216535,4.0,0.26936446213917264
1757308535.2142692,1.4982651472091675,1.4933738708496094,1.4699333906173706,11.09,6.277493796606151,0.16796875,0.0,0.0,0.0,0.0,13.93966246125367,-5.131198987216535,4.0,0.26936446213917264
1757308535.3629901,1.4982651472091675,1.4933738708496094,1.4699333906173706,11.09,6.277493796606151,0.16796875,0.0,0.0,0.0,0.0,13.93966246125367,-5.131198987216535,4.0,0.26936446213917264
1757308535.5136788,1.4982651472091675,1.4933738708496094,1.4699333906173706,11.09,6.277493796606151,0.16796875,0.0,0.0,0.0,0.0,13.93966246125367,-5.131198987216535,4.0,0.26936446213917264
1757308535.664878,1.4982651472091675,1.4933738708496094,1.4699333906173706,11.09,6.277493796606151,0.16796875,0.0,0.0,0.0,0.0,13.93966246125367,-5.131198987216535,4.0,0.26936446213917264
1757308535.8131456,1.4935697317123413,1.5259220600128174,1.251407265663147,11.28,6.277493796606151,0.16796875,0.0,0.0,0.0,0.0,13.93966246125367,-5.131198987216535,4.0,0.26936446213917264
1757308535.9625323,1.4935697317123413,1.5259220600128174,1.251407265663147,11.28,6.277493796606151,0.16796875,0.0,0.0,0.0,0.0,13.93966246125367,-5.131198987216535,4.0,0.26936446213917264
1757308536.1124158,1.4935697317123413,1.5259220600128174,1.251407265663147,11.28,6.277493796606151,0.16796875,0.0,0.0,0.0,0.0,13.93966246125367,-5.131198987216535,4.0,0.26936446213917264
1757308536.264327,1.4935697317123413,1.5259220600128174,1.251407265663147,11.28,6.277493796606151,0.16796875,0.0,0.0,0.0,0.0,13.93966246125367,-5.131198987216535,4.0,0.26936446213917264
1757308536.4153783,1.4935697317123413,1.5259220600128174,1.251407265663147,11.28,6.277493796606151,0.16796875,0.0,0.0,0.0,0.0,13.93966246125367,-5.131198987216535,4.0,0.26936446213917264
1757308536.5618968,1.4833120107650757,1.5406490564346313,1.057578444480896,11.47,6.277493796606151,0.16796875,0.0,0.0,0.0,0.0,13.93966246125367,-5.131198987216535,4.0,0.26936446213917264
1757308536.7153199,1.4833120107650757,1.5406490564346313,1.057578444480896,11.47,6.277493796606151,0.16796875,0.0,0.0,0.0,0.0,13.93966246125367,-5.131198987216535,4.0,0.26936446213917264
1757308536.862499,1.4833120107650757,1.5406490564346313,1.057578444480896,11.47,6.277493796606151,0.16796875,0.0,0.0,0.0,0.0,13.93966246125367,-5.131198987216535,4.0,0.26936446213917264
1757308537.0125358,1.4833120107650757,1.5406490564346313,1.057578444480896,11.47,6.277493796606151,0.16796875,0.0,0.0,0.0,0.0,13.93966246125367,-5.131198987216535,4.0,0.26936446213917264
1757308537.1651413,1.4833120107650757,1.5406490564346313,1.057578444480896,11.47,6.277493796606151,0.16796875,0.0,0.0,0.0,0.0,13.93966246125367,-5.131198987216535,4.0,0.26936446213917264
1757308537.3133478,1.4783862829208374,1.558358073234558,0.8601776957511902,11.66,6.277493796606151,0.16796875,0.0,0.0,0.0,0.0,13.93966246125367,-5.131198987216535,4.0,0.26936446213917264
1757308537.4710233,1.4783862829208374,1.558358073234558,0.8601776957511902,11.66,6.277493796606151,0.16796875,0.0,0.0,0.0,0.0,13.93966246125367,-5.131198987216535,4.0,0.26936446213917264
1757308537.612022,1.4783862829208374,1.558358073234558,0.8601776957511902,11.66,6.277493796606151,0.16796875,0.0,0.0,0.0,0.0,13.93966246125367,-5.131198987216535,4.0,0.26936446213917264
1757308537.7630174,1.4783862829208374,1.558358073234558,0.8601776957511902,11.66,6.277493796606151,0.16796875,0.0,0.0,0.0,0.0,13.93966246125367,-5.131198987216535,4.0,0.26936446213917264
1757308537.9246576,1.4799612760543823,1.5604838132858276,0.829635739326477,11.7,6.277493796606151,0.16796875,0.0,0.0,0.0,0.0,13.93966246125367,-5.131198987216535,4.0,0.26936446213917264
1757308538.0635428,1.4778460264205933,1.5677579641342163,0.7075415849685669,11.86,6.277493796606151,0.16796875,0.0,0.0,0.0,0.0,13.93966246125367,-5.131198987216535,4.0,0.26936446213917264
1757308538.2122273,1.4778460264205933,1.5677579641342163,0.7075415849685669,11.86,6.277493796606151,0.16796875,0.0,0.0,0.0,0.0,13.93966246125367,-5.131198987216535,4.0,0.26936446213917264
1757308538.3618073,1.4778460264205933,1.5677579641342163,0.7075415849685669,11.86,6.277493796606151,0.16796875,0.0,0.0,0.0,0.0,13.93966246125367,-5.131198987216535,4.0,0.26936446213917264
1757308538.5123804,1.4778460264205933,1.5677579641342163,0.7075415849685669,11.86,6.277493796606151,0.16796875,0.0,0.0,0.0,0.0,13.93966246125367,-5.131198987216535,4.0,0.26936446213917264
1757308538.6738434,1.4757957458496094,1.5699067115783691,0.6771669387817383,11.89,6.277493796606151,0.16796875,0.0,0.0,0.0,0.0,13.93966246125367,-5.131198987216535,4.0,0.26936446213917264
1757308538.8142383,1.4664822816848755,1.570527195930481,0.6343171000480652,12.02,6.277493796606151,0.16796875,0.0,0.0,0.0,0.0,13.93966246125367,-5.131198987216535,4.0,0.26936446213917264
1757308538.965144,1.4664822816848755,1.570527195930481,0.6343171000480652,12.02,6.277493796606151,0.16796875,0.0,0.0,0.0,0.0,13.93966246125367,-5.131198987216535,4.0,0.26936446213917264
1757308539.1154377,1.4664822816848755,1.570527195930481,0.6343171000480652,12.02,6.277493796606151,0.16796875,0.0,0.0,0.0,0.0,13.93966246125367,-5.131198987216535,4.0,0.26936446213917264
1757308539.2639148,1.4664822816848755,1.570527195930481,0.6343171000480652,12.02,6.277493796606151,0.16796875,0.0,0.0,0.0,0.0,13.93966246125367,-5.131198987216535,4.0,0.26936446213917264
1757308539.4120693,1.4546841382980347,1.5616377592086792,0.6178808212280273,12.22,6.277493796606151,0.16796875,0.0,0.0,0.0,0.0,13.93966246125367,-5.131198987216535,4.0,0.26936446213917264
1757308539.5620472,1.4546841382980347,1.5616377592086792,0.6178808212280273,12.22,6.277493796606151,0.16796875,0.0,0.0,0.0,0.0,13.93966246125367,-5.131198987216535,4.0,0.26936446213917264
1757308539.7132204,1.4546841382980347,1.5616377592086792,0.6178808212280273,12.22,6.277493796606151,0.16796875,0.0,0.0,0.0,0.0,13.93966246125367,-5.131198987216535,4.0,0.26936446213917264
1757308539.8622553,1.4546841382980347,1.5616377592086792,0.6178808212280273,12.22,6.277493796606151,0.16796875,0.0,0.0,0.0,0.0,13.93966246125367,-5.131198987216535,4.0,0.26936446213917264
1757308540.0132763,1.4546841382980347,1.5616377592086792,0.6178808212280273,12.22,6.277493796606151,0.16796875,0.0,0.0,0.0,0.0,13.93966246125367,-5.131198987216535,4.0,0.26936446213917264
1757308540.1624188,1.4443533420562744,1.559621810913086,0.643571138381958,12.43,6.277493796606151,0.16796875,0.0,0.0,0.0,0.0,13.93966246125367,-5.131198987216535,4.0,0.26936446213917264
1757308540.3124278,1.4443533420562744,1.559621810913086,0.643571138381958,12.43,6.277493796606151,0.16796875,0.0,0.0,0.0,0.0,13.93966246125367,-5.131198987216535,4.0,0.26936446213917264
1757308540.463122,1.4443533420562744,1.559621810913086,0.643571138381958,12.43,6.277493796606151,0.16796875,0.0,0.0,0.0,0.0,13.93966246125367,-5.131198987216535,4.0,0.26936446213917264
1757308540.613942,1.4443533420562744,1.559621810913086,0.643571138381958,12.43,6.277493796606151,0.16796875,0.0,0.0,0.0,0.0,13.93966246125367,-5.131198987216535,4.0,0.26936446213917264
1757308540.7634363,1.4407391548156738,1.5579750537872314,0.6641092896461487,12.49,6.277493796606151,0.16796875,0.0,0.0,0.0,0.0,13.93966246125367,-5.131198987216535,4.0,0.26936446213917264
1757308540.9126973,1.4369056224822998,1.5580791234970093,0.7080186605453491,12.63,6.277493796606151,0.16796875,0.0,0.0,0.0,0.0,13.93966246125367,-5.131198987216535,4.0,0.26936446213917264
1757308541.06399,1.4369056224822998,1.5580791234970093,0.7080186605453491,12.63,6.277493796606151,0.16796875,0.0,0.0,0.0,0.0,13.93966246125367,-5.131198987216535,4.0,0.26936446213917264
1757308541.2160916,1.4369056224822998,1.5580791234970093,0.7080186605453491,12.63,6.277493796606151,0.16796875,0.0,0.0,0.0,0.0,13.93966246125367,-5.131198987216535,4.0,0.26936446213917264
1757308541.363119,1.4369056224822998,1.5580791234970093,0.7080186605453491,12.63,6.277493796606151,0.16796875,0.0,0.0,0.0,0.0,13.93966246125367,-5.131198987216535,4.0,0.26936446213917264
1757308541.5135481,1.439226508140564,1.5612481832504272,0.7842873930931091,12.83,6.277493796606151,0.16796875,0.0,0.0,0.0,0.0,13.93966246125367,-5.131198987216535,4.0,0.26936446213917264
1757308541.6657262,1.439226508140564,1.5612481832504272,0.7842873930931091,12.83,6.277493796606151,0.16796875,0.0,0.0,0.0,0.0,13.93966246125367,-5.131198987216535,4.0,0.26936446213917264
1757308541.8119316,1.439226508140564,1.5612481832504272,0.7842873930931091,12.83,6.277493796606151,0.16796875,0.0,0.0,0.0,0.0,13.93966246125367,-5.131198987216535,4.0,0.26936446213917264
1757308541.9654253,1.439226508140564,1.5612481832504272,0.7842873930931091,12.83,6.277493796606151,0.16796875,0.0,0.0,0.0,0.0,13.93966246125367,-5.131198987216535,4.0,0.26936446213917264
1757308542.113094,1.439226508140564,1.5612481832504272,0.7842873930931091,12.83,6.277493796606151,0.16796875,0.0,0.0,0.0,0.0,13.93966246125367,-5.131198987216535,4.0,0.26936446213917264
1757308542.263254,1.4390394687652588,1.5787181854248047,0.9077823758125305,13.04,6.277493796606151,0.16796875,0.0,0.0,0.0,0.0,13.93966246125367,-5.131198987216535,4.0,0.26936446213917264
1757308542.4119084,1.4390394687652588,1.5787181854248047,0.9077823758125305,13.04,6.277493796606151,0.16796875,0.0,0.0,0.0,0.0,13.93966246125367,-5.131198987216535,4.0,0.26936446213917264
1757308542.5618432,1.4390394687652588,1.5787181854248047,0.9077823758125305,13.04,6.277493796606151,0.16796875,0.0,0.0,0.0,0.0,13.93966246125367,-5.131198987216535,4.0,0.26936446213917264
1757308542.7127345,1.4390394687652588,1.5787181854248047,0.9077823758125305,13.04,6.277493796606151,0.16796875,0.0,0.0,0.0,0.0,13.93966246125367,-5.131198987216535,4.0,0.26936446213917264
1757308542.863515,1.4390394687652588,1.5787181854248047,0.9077823758125305,13.04,6.277493796606151,0.16796875,0.0,0.0,0.0,0.0,13.93966246125367,-5.131198987216535,4.0,0.26936446213917264
1757308543.0124378,1.4454787969589233,1.5864653587341309,1.0332090854644775,13.24,6.277493796606151,0.16796875,0.0,0.0,0.0,0.0,13.93966246125367,-5.131198987216535,4.0,0.26936446213917264
1757308543.162103,1.4454787969589233,1.5864653587341309,1.0332090854644775,13.24,6.277493796606151,0.16796875,0.0,0.0,0.0,0.0,13.93966246125367,-5.131198987216535,4.0,0.26936446213917264
1757308543.3118653,1.4454787969589233,1.5864653587341309,1.0332090854644775,13.24,6.277493796606151,0.16796875,0.0,0.0,0.0,0.0,13.93966246125367,-5.131198987216535,4.0,0.26936446213917264
1757308543.4629583,1.4454787969589233,1.5864653587341309,1.0332090854644775,13.24,6.277493796606151,0.16796875,0.0,0.0,0.0,0.0,13.93966246125367,-5.131198987216535,4.0,0.26936446213917264
1757308543.6115282,1.4507583379745483,1.6028281450271606,1.1259006261825562,13.45,6.277493796606151,0.16796875,0.0,0.0,0.0,0.0,13.93966246125367,-5.131198987216535,4.0,0.26936446213917264
1757308543.7662005,1.4507583379745483,1.6028281450271606,1.1259006261825562,13.45,6.277493796606151,0.16796875,0.0,0.0,0.0,0.0,13.93966246125367,-5.131198987216535,4.0,0.26936446213917264
1757308543.9124267,1.4507583379745483,1.6028281450271606,1.1259006261825562,13.45,6.277493796606151,0.16796875,0.0,0.0,0.0,0.0,13.93966246125367,-5.131198987216535,4.0,0.26936446213917264
1757308544.0632186,1.4507583379745483,1.6028281450271606,1.1259006261825562,13.45,6.277493796606151,0.16796875,0.0,0.0,0.0,0.0,13.93966246125367,-5.131198987216535,4.0,0.26936446213917264
1757308544.2136002,1.4507583379745483,1.6028281450271606,1.1259006261825562,13.45,6.277493796606151,0.16796875,0.0,0.0,0.0,0.0,13.93966246125367,-5.131198987216535,4.0,0.26936446213917264
1757308544.3709295,1.4511994123458862,1.606629729270935,1.1946399211883545,13.62,6.277493796606151,0.16796875,0.0,0.0,0.0,0.0,13.93966246125367,-5.131198987216535,4.0,0.26936446213917264
1757308544.5132687,1.4511994123458862,1.606629729270935,1.1946399211883545,13.62,6.277493796606151,0.16796875,0.0,0.0,0.0,0.0,13.93966246125367,-5.131198987216535,4.0,0.26936446213917264
1757308544.6631129,1.4511994123458862,1.606629729270935,1.1946399211883545,13.62,6.277493796606151,0.16796875,0.0,0.0,0.0,0.0,13.93966246125367,-5.131198987216535,4.0,0.26936446213917264
1757308544.8129528,1.4511994123458862,1.606629729270935,1.1946399211883545,13.62,6.277493796606151,0.16796875,0.0,0.0,0.0,0.0,13.93966246125367,-5.131198987216535,4.0,0.26936446213917264
1757308544.9619884,1.4511994123458862,1.606629729270935,1.1946399211883545,13.62,6.277493796606151,0.16796875,0.0,0.0,0.0,0.0,13.93966246125367,-5.131198987216535,4.0,0.26936446213917264
1757308545.1140704,1.4455052614212036,1.608438491821289,1.2528287172317505,13.83,6.277493796606151,0.16796875,0.0,0.0,0.0,0.0,13.93966246125367,-5.131198987216535,4.0,0.26936446213917264
1757308545.2710712,1.4455052614212036,1.608438491821289,1.2528287172317505,13.83,6.277493796606151,0.16796875,0.0,0.0,0.0,0.0,13.93966246125367,-5.131198987216535,4.0,0.26936446213917264
1757308545.411995,1.4455052614212036,1.608438491821289,1.2528287172317505,13.83,6.277493796606151,0.16796875,0.0,0.0,0.0,0.0,13.93966246125367,-5.131198987216535,4.0,0.26936446213917264
1757308545.5631738,1.4455052614212036,1.608438491821289,1.2528287172317505,13.83,6.277493796606151,0.16796875,0.0,0.0,0.0,0.0,13.93966246125367,-5.131198987216535,4.0,0.26936446213917264
1757308545.712662,1.4455052614212036,1.608438491821289,1.2528287172317505,13.83,6.277493796606151,0.16796875,0.0,0.0,0.0,0.0,13.93966246125367,-5.131198987216535,4.0,0.26936446213917264
1757308545.8622994,1.4489244222640991,1.6229925155639648,1.2532036304473877,14.05,6.277493796606151,0.16796875,0.0,0.0,0.0,0.0,13.93966246125367,-5.131198987216535,4.0,0.26936446213917264
1757308546.014053,1.4489244222640991,1.6229925155639648,1.2532036304473877,14.05,6.277493796606151,0.16796875,0.0,0.0,0.0,0.0,13.93966246125367,-5.131198987216535,4.0,0.26936446213917264
1757308546.1627936,1.4489244222640991,1.6229925155639648,1.2532036304473877,14.05,6.277493796606151,0.16796875,0.0,0.0,0.0,0.0,13.93966246125367,-5.131198987216535,4.0,0.26936446213917264
1757308546.3148816,1.4489244222640991,1.6229925155639648,1.2532036304473877,14.05,6.277493796606151,0.16796875,0.0,0.0,0.0,0.0,13.93966246125367,-5.131198987216535,4.0,0.26936446213917264
1757308546.4633322,1.453391671180725,1.6341841220855713,1.239450216293335,14.19,6.277493796606151,0.16796875,0.0,0.0,0.0,0.0,13.93966246125367,-5.131198987216535,4.0,0.26936446213917264
1757308546.61291,1.4549357891082764,1.637821912765503,1.2279330492019653,14.26,6.277493796606151,0.16796875,0.0,0.0,0.0,0.0,13.93966246125367,-5.131198987216535,4.0,0.26936446213917264
1757308546.762028,1.4549357891082764,1.637821912765503,1.2279330492019653,14.26,6.277493796606151,0.16796875,0.0,0.0,0.0,0.0,13.93966246125367,-5.131198987216535,4.0,0.26936446213917264
1757308546.912047,1.4549357891082764,1.637821912765503,1.2279330492019653,14.26,6.277493796606151,0.16796875,0.0,0.0,0.0,0.0,13.93966246125367,-5.131198987216535,4.0,0.26936446213917264
1757308547.0631397,1.4549357891082764,1.637821912765503,1.2279330492019653,14.26,6.277493796606151,0.16796875,0.0,0.0,0.0,0.0,13.93966246125367,-5.131198987216535,4.0,0.26936446213917264
1757308547.2126484,1.4545546770095825,1.6525664329528809,1.1713160276412964,14.46,6.277493796606151,0.16796875,0.0,0.0,0.0,0.0,13.93966246125367,-5.131198987216535,4.0,0.26936446213917264
1757308547.3632915,1.4545546770095825,1.6525664329528809,1.1713160276412964,14.46,6.277493796606151,0.16796875,0.0,0.0,0.0,0.0,13.93966246125367,-5.131198987216535,4.0,0.26936446213917264
1757308547.5118525,1.4545546770095825,1.6525664329528809,1.1713160276412964,14.46,6.277493796606151,0.16796875,0.0,0.0,0.0,0.0,13.93966246125367,-5.131198987216535,4.0,0.26936446213917264
1757308547.666036,1.4545546770095825,1.6525664329528809,1.1713160276412964,14.46,6.277493796606151,0.16796875,0.0,0.0,0.0,0.0,13.93966246125367,-5.131198987216535,4.0,0.26936446213917264
1757308547.813353,1.4545546770095825,1.6525664329528809,1.1713160276412964,14.46,6.277493796606151,0.16796875,0.0,0.0,0.0,0.0,13.93966246125367,-5.131198987216535,4.0,0.26936446213917264
1757308547.9621594,1.4511162042617798,1.6694358587265015,1.097247838973999,14.67,6.277493796606151,0.16796875,0.0,0.0,0.0,0.0,13.93966246125367,-5.131198987216535,4.0,0.26936446213917264
1757308548.1119306,1.4511162042617798,1.6694358587265015,1.097247838973999,14.67,6.277493796606151,0.16796875,0.0,0.0,0.0,0.0,13.93966246125367,-5.131198987216535,4.0,0.26936446213917264
1757308548.2619512,1.4511162042617798,1.6694358587265015,1.097247838973999,14.67,6.277493796606151,0.16796875,0.0,0.0,0.0,0.0,13.93966246125367,-5.131198987216535,4.0,0.26936446213917264
1757308548.4137945,1.4511162042617798,1.6694358587265015,1.097247838973999,14.67,6.277493796606151,0.16796875,0.0,0.0,0.0,0.0,13.93966246125367,-5.131198987216535,4.0,0.26936446213917264
1757308548.5622542,1.4511162042617798,1.6694358587265015,1.097247838973999,14.67,6.277493796606151,0.16796875,0.0,0.0,0.0,0.0,13.93966246125367,-5.131198987216535,4.0,0.26936446213917264
1757308548.712767,1.460211157798767,1.6806482076644897,1.03059983253479,14.87,6.277493796606151,0.16796875,0.0,0.0,0.0,0.0,13.93966246125367,-5.131198987216535,4.0,0.26936446213917264
1757308548.8632004,1.460211157798767,1.6806482076644897,1.03059983253479,14.87,6.277493796606151,0.16796875,0.0,0.0,0.0,0.0,13.93966246125367,-5.131198987216535,4.0,0.26936446213917264
1757308549.0134912,1.460211157798767,1.6806482076644897,1.03059983253479,14.87,6.277493796606151,0.16796875,0.0,0.0,0.0,0.0,13.93966246125367,-5.131198987216535,4.0,0.26936446213917264
1757308549.1635506,1.460211157798767,1.6806482076644897,1.03059983253479,14.87,6.277493796606151,0.16796875,0.0,0.0,0.0,0.0,13.93966246125367,-5.131198987216535,4.0,0.26936446213917264
1757308549.3114438,1.4483115673065186,1.677515983581543,0.9933064579963684,15.05,6.277493796606151,0.16796875,0.0,0.0,0.0,0.0,13.93966246125367,-5.131198987216535,4.0,0.26936446213917264
1757308549.4620578,1.4483115673065186,1.677515983581543,0.9933064579963684,15.05,6.277493796606151,0.16796875,0.0,0.0,0.0,0.0,13.93966246125367,-5.131198987216535,4.0,0.26936446213917264
1757308549.6154265,1.4483115673065186,1.677515983581543,0.9933064579963684,15.05,6.277493796606151,0.16796875,0.0,0.0,0.0,0.0,13.93966246125367,-5.131198987216535,4.0,0.26936446213917264
1757308549.7619078,1.4483115673065186,1.677515983581543,0.9933064579963684,15.05,6.277493796606151,0.16796875,0.0,0.0,0.0,0.0,13.93966246125367,-5.131198987216535,4.0,0.26936446213917264
1757308549.9118893,1.4483115673065186,1.677515983581543,0.9933064579963684,15.05,6.277493796606151,0.16796875,0.0,0.0,0.0,0.0,13.93966246125367,-5.131198987216535,4.0,0.26936446213917264
1757308550.064124,1.4407341480255127,1.685036063194275,0.9396106004714966,15.22,6.277493796606151,0.16796875,0.0,0.0,0.0,0.0,13.93966246125367,-5.131198987216535,4.0,0.26936446213917264
1757308550.2120204,1.4407341480255127,1.685036063194275,0.9396106004714966,15.22,6.277493796606151,0.16796875,0.0,0.0,0.0,0.0,13.93966246125367,-5.131198987216535,4.0,0.26936446213917264
1757308550.362736,1.4407341480255127,1.685036063194275,0.9396106004714966,15.22,6.277493796606151,0.16796875,0.0,0.0,0.0,0.0,13.93966246125367,-5.131198987216535,4.0,0.26936446213917264
1757308550.5128124,1.4407341480255127,1.685036063194275,0.9396106004714966,15.22,6.277493796606151,0.16796875,0.0,0.0,0.0,0.0,13.93966246125367,-5.131198987216535,4.0,0.26936446213917264
1757308550.6624827,1.4407341480255127,1.685036063194275,0.9396106004714966,15.22,6.277493796606151,0.16796875,0.0,0.0,0.0,0.0,13.93966246125367,-5.131198987216535,4.0,0.26936446213917264
1757308550.8128297,1.4239412546157837,1.6875991821289062,0.879063069820404,15.41,6.277493796606151,0.16796875,0.0,0.0,0.0,0.0,13.93966246125367,-5.131198987216535,4.0,0.26936446213917264
1757308550.96295,1.4239412546157837,1.6875991821289062,0.879063069820404,15.41,6.277493796606151,0.16796875,0.0,0.0,0.0,0.0,13.93966246125367,-5.131198987216535,4.0,0.26936446213917264
1757308551.11217,1.4239412546157837,1.6875991821289062,0.879063069820404,15.41,6.277493796606151,0.16796875,0.0,0.0,0.0,0.0,13.93966246125367,-5.131198987216535,4.0,0.26936446213917264
1757308551.2621117,1.4239412546157837,1.6875991821289062,0.879063069820404,15.41,6.277493796606151,0.16796875,0.0,0.0,0.0,0.0,13.93966246125367,-5.131198987216535,4.0,0.26936446213917264
1757308551.4165397,1.4239412546157837,1.6875991821289062,0.879063069820404,15.41,6.277493796606151,0.16796875,0.0,0.0,0.0,0.0,13.93966246125367,-5.131198987216535,4.0,0.26936446213917264
1757308551.5632517,1.4212874174118042,1.6866759061813354,0.8358696103096008,15.6,6.277493796606151,0.16796875,0.0,0.0,0.0,0.0,13.93966246125367,-5.131198987216535,4.0,0.26936446213917264
1757308551.713446,1.4212874174118042,1.6866759061813354,0.8358696103096008,15.6,6.277493796606151,0.16796875,0.0,0.0,0.0,0.0,13.93966246125367,-5.131198987216535,4.0,0.26936446213917264
1757308551.8621008,1.4212874174118042,1.6866759061813354,0.8358696103096008,15.6,6.277493796606151,0.16796875,0.0,0.0,0.0,0.0,13.93966246125367,-5.131198987216535,4.0,0.26936446213917264
1757308552.0134864,1.4212874174118042,1.6866759061813354,0.8358696103096008,15.6,6.277493796606151,0.16796875,0.0,0.0,0.0,0.0,13.93966246125367,-5.131198987216535,4.0,0.26936446213917264
1757308552.1621385,1.4222331047058105,1.6896694898605347,0.7788698673248291,15.8,6.277493796606151,0.16796875,0.0,0.0,0.0,0.0,13.93966246125367,-5.131198987216535,4.0,0.26936446213917264
1757308552.31273,1.4222331047058105,1.6896694898605347,0.7788698673248291,15.8,6.277493796606151,0.16796875,0.0,0.0,0.0,0.0,13.93966246125367,-5.131198987216535,4.0,0.26936446213917264
1757308552.4638271,1.4222331047058105,1.6896694898605347,0.7788698673248291,15.8,6.277493796606151,0.16796875,0.0,0.0,0.0,0.0,13.93966246125367,-5.131198987216535,4.0,0.26936446213917264
1757308552.6139274,1.4222331047058105,1.6896694898605347,0.7788698673248291,15.8,6.277493796606151,0.16796875,0.0,0.0,0.0,0.0,13.93966246125367,-5.131198987216535,4.0,0.26936446213917264
1757308552.763098,1.4222331047058105,1.6896694898605347,0.7788698673248291,15.8,6.277493796606151,0.16796875,0.0,0.0,0.0,0.0,13.93966246125367,-5.131198987216535,4.0,0.26936446213917264
1757308552.9125624,1.4130041599273682,1.6890772581100464,0.7224141955375671,16.0,6.277493796606151,0.16796875,0.0,0.0,0.0,0.0,13.93966246125367,-5.131198987216535,4.0,0.26936446213917264
1757308553.0698347,1.4130041599273682,1.6890772581100464,0.7224141955375671,16.0,6.277493796606151,0.16796875,0.0,0.0,0.0,0.0,13.93966246125367,-5.131198987216535,4.0,0.26936446213917264
1757308553.2118952,1.4130041599273682,1.6890772581100464,0.7224141955375671,16.0,6.277493796606151,0.16796875,0.0,0.0,0.0,0.0,13.93966246125367,-5.131198987216535,4.0,0.26936446213917264
1757308553.3632033,1.4130041599273682,1.6890772581100464,0.7224141955375671,16.0,6.277493796606151,0.16796875,0.0,0.0,0.0,0.0,13.93966246125367,-5.131198987216535,4.0,0.26936446213917264
1757308553.515922,1.4130041599273682,1.6890772581100464,0.7224141955375671,16.0,6.277493796606151,0.16796875,0.0,0.0,0.0,0.0,13.93966246125367,-5.131198987216535,4.0,0.26936446213917264
1757308553.6630135,1.4150722026824951,1.6954716444015503,0.627972424030304,16.2,6.277493796606151,0.16796875,0.0,0.0,0.0,0.0,13.93966246125367,-5.131198987216535,4.0,0.26936446213917264
1757308553.8135712,1.4150722026824951,1.6954716444015503,0.627972424030304,16.2,6.277493796606151,0.16796875,0.0,0.0,0.0,0.0,13.93966246125367,-5.131198987216535,4.0,0.26936446213917264
1757308553.9633183,1.4150722026824951,1.6954716444015503,0.627972424030304,16.2,6.277493796606151,0.16796875,0.0,0.0,0.0,0.0,13.93966246125367,-5.131198987216535,4.0,0.26936446213917264
1757308554.1153922,1.4150722026824951,1.6954716444015503,0.627972424030304,16.2,6.277493796606151,0.16796875,0.0,0.0,0.0,0.0,13.93966246125367,-5.131198987216535,4.0,0.26936446213917264
1757308554.286159,1.4153491258621216,1.6983460187911987,0.6111112236976624,16.23,6.277493796606151,0.16796875,0.0,0.0,0.0,0.0,13.93966246125367,-5.131198987216535,4.0,0.26936446213917264
1757308554.4121134,1.4182121753692627,1.6935075521469116,0.5318343043327332,16.4,6.277493796606151,0.16796875,0.0,0.0,0.0,0.0,13.93966246125367,-5.131198987216535,4.0,0.26936446213917264
1757308554.5621123,1.4182121753692627,1.6935075521469116,0.5318343043327332,16.4,6.277493796606151,0.16796875,0.0,0.0,0.0,0.0,13.93966246125367,-5.131198987216535,4.0,0.26936446213917264
1757308554.7126133,1.4182121753692627,1.6935075521469116,0.5318343043327332,16.4,6.277493796606151,0.16796875,0.0,0.0,0.0,0.0,13.93966246125367,-5.131198987216535,4.0,0.26936446213917264
1757308554.8636103,1.4182121753692627,1.6935075521469116,0.5318343043327332,16.4,6.277493796606151,0.16796875,0.0,0.0,0.0,0.0,13.93966246125367,-5.131198987216535,4.0,0.26936446213917264
1757308555.0135078,1.415551781654358,1.6904656887054443,0.4402417540550232,16.56,6.277493796606151,0.16796875,0.0,0.0,0.0,0.0,13.93966246125367,-5.131198987216535,4.0,0.26936446213917264
1757308555.162017,1.415551781654358,1.6904656887054443,0.4402417540550232,16.56,6.277493796606151,0.16796875,0.0,0.0,0.0,0.0,13.93966246125367,-5.131198987216535,4.0,0.26936446213917264
1757308555.3140755,1.415551781654358,1.6904656887054443,0.4402417540550232,16.56,6.277493796606151,0.16796875,0.0,0.0,0.0,0.0,13.93966246125367,-5.131198987216535,4.0,0.26936446213917264
1757308555.4620929,1.415551781654358,1.6904656887054443,0.4402417540550232,16.56,6.277493796606151,0.16796875,0.0,0.0,0.0,0.0,13.93966246125367,-5.131198987216535,4.0,0.26936446213917264
1757308555.6177762,1.415551781654358,1.6904656887054443,0.4402417540550232,16.56,6.277493796606151,0.16796875,0.0,0.0,0.0,0.0,13.93966246125367,-5.131198987216535,4.0,0.26936446213917264
1757308555.7619405,1.4165525436401367,1.7001564502716064,0.3502925932407379,16.74,6.277493796606151,0.16796875,0.0,0.0,0.0,0.0,13.93966246125367,-5.131198987216535,4.0,0.26936446213917264
1757308555.9122417,1.4165525436401367,1.7001564502716064,0.3502925932407379,16.74,6.277493796606151,0.16796875,0.0,0.0,0.0,0.0,13.93966246125367,-5.131198987216535,4.0,0.26936446213917264
1757308556.0651245,1.4165525436401367,1.7001564502716064,0.3502925932407379,16.74,6.277493796606151,0.16796875,0.0,0.0,0.0,0.0,13.93966246125367,-5.131198987216535,4.0,0.26936446213917264
1757308556.2178764,1.4165525436401367,1.7001564502716064,0.3502925932407379,16.74,6.277493796606151,0.16796875,0.0,0.0,0.0,0.0,13.93966246125367,-5.131198987216535,4.0,0.26936446213917264
1757308556.3637652,1.4165525436401367,1.7001564502716064,0.3502925932407379,16.74,6.277493796606151,0.16796875,0.0,0.0,0.0,0.0,13.93966246125367,-5.131198987216535,4.0,0.26936446213917264
1757308556.5136259,1.4185030460357666,1.699898362159729,0.26341214776039124,16.92,6.277493796606151,0.16796875,0.0,0.0,0.0,0.0,13.93966246125367,-5.131198987216535,4.0,0.26936446213917264
1757308556.6641695,1.4185030460357666,1.699898362159729,0.26341214776039124,16.92,6.277493796606151,0.16796875,0.0,0.0,0.0,0.0,13.93966246125367,-5.131198987216535,4.0,0.26936446213917264
1757308556.8123496,1.4185030460357666,1.699898362159729,0.26341214776039124,16.92,6.277493796606151,0.16796875,0.0,0.0,0.0,0.0,13.93966246125367,-5.131198987216535,4.0,0.26936446213917264
1757308556.9623544,1.4185030460357666,1.699898362159729,0.26341214776039124,16.92,6.277493796606151,0.16796875,0.0,0.0,0.0,0.0,13.93966246125367,-5.131198987216535,4.0,0.26936446213917264
1757308557.1195948,1.4175223112106323,1.696473240852356,0.24918833374977112,16.95,6.277493796606151,0.16796875,0.0,0.0,0.0,0.0,13.93966246125367,-5.131198987216535,4.0,0.26936446213917264
1757308557.2631626,1.4117200374603271,1.6819345951080322,0.18341748416423798,17.1,6.277493796606151,0.16796875,0.0,0.0,0.0,0.0,13.93966246125367,-5.131198987216535,4.0,0.26936446213917264
1757308557.4125533,1.4117200374603271,1.6819345951080322,0.18341748416423798,17.1,6.277493796606151,0.16796875,0.0,0.0,0.0,0.0,13.93966246125367,-5.131198987216535,4.0,0.26936446213917264
1757308557.5625541,1.4117200374603271,1.6819345951080322,0.18341748416423798,17.1,6.277493796606151,0.16796875,0.0,0.0,0.0,0.0,13.93966246125367,-5.131198987216535,4.0,0.26936446213917264
1757308557.7128108,1.4117200374603271,1.6819345951080322,0.18341748416423798,17.1,6.277493796606151,0.16796875,0.0,0.0,0.0,0.0,13.93966246125367,-5.131198987216535,4.0,0.26936446213917264
1757308557.8618321,1.402888298034668,1.6944856643676758,0.12784937024116516,17.27,6.277493796606151,0.16796875,0.0,0.0,0.0,0.0,13.93966246125367,-5.131198987216535,4.0,0.26936446213917264
1757308558.0124726,1.402888298034668,1.6944856643676758,0.12784937024116516,17.27,6.277493796606151,0.16796875,0.0,0.0,0.0,0.0,13.93966246125367,-5.131198987216535,4.0,0.26936446213917264
1757308558.1629283,1.402888298034668,1.6944856643676758,0.12784937024116516,17.27,6.277493796606151,0.16796875,0.0,0.0,0.0,0.0,13.93966246125367,-5.131198987216535,4.0,0.26936446213917264
1757308558.3120444,1.402888298034668,1.6944856643676758,0.12784937024116516,17.27,6.277493796606151,0.16796875,0.0,0.0,0.0,0.0,13.93966246125367,-5.131198987216535,4.0,0.26936446213917264
1757308558.4635437,1.402888298034668,1.6944856643676758,0.12784937024116516,17.27,6.277493796606151,0.16796875,0.0,0.0,0.0,0.0,13.93966246125367,-5.131198987216535,4.0,0.26936446213917264
1757308558.6122143,1.3988885879516602,1.6986892223358154,0.08727525174617767,17.45,6.277493796606151,0.16796875,0.0,0.0,0.0,0.0,13.93966246125367,-5.131198987216535,4.0,0.26936446213917264
1757308558.763107,1.3988885879516602,1.6986892223358154,0.08727525174617767,17.45,6.277493796606151,0.16796875,0.0,0.0,0.0,0.0,13.93966246125367,-5.131198987216535,4.0,0.26936446213917264
1757308558.9118464,1.3988885879516602,1.6986892223358154,0.08727525174617767,17.45,6.277493796606151,0.16796875,0.0,0.0,0.0,0.0,13.93966246125367,-5.131198987216535,4.0,0.26936446213917264
1757308559.0624335,1.3988885879516602,1.6986892223358154,0.08727525174617767,17.45,6.277493796606151,0.16796875,0.0,0.0,0.0,0.0,13.93966246125367,-5.131198987216535,4.0,0.26936446213917264
1757308559.2151332,1.3988885879516602,1.6986892223358154,0.08727525174617767,17.45,6.277493796606151,0.16796875,0.0,0.0,0.0,0.0,13.93966246125367,-5.131198987216535,4.0,0.26936446213917264
                                                                                                                                                                                                                                                                                                                                                                                                                                                                                                                                                                                                                                                                                                                                                                                                                                                                                                                                                                                                                                                                                                                                                                                                                                                                                                                                                                                                                                 