timestamp,x,y,z,compass_hdg,bearing,yaw_error,vel_x,vel_y,vel_z,yaw_rate,estimated_state_x,estimated_state_y,desired_radius,distance_error
1757308300.979867,0.0,0.0,0.0,0.0,0.0,0.0,0.0,0.0,0.0,0.0,0.0,0.0,4.0,0.0
1757308301.06419,1.1810510158538818,0.4967570900917053,0.5128101706504822,191.27,0.0,0.0,0.0,0.0,0.0,0.0,0.0,0.0,4.0,0.0
1757308301.208298,1.187122106552124,0.5246384143829346,0.5357627272605896,191.26,0.0,0.0,0.0,0.0,0.0,0.0,0.0,0.0,4.0,0.0
1757308301.3584914,1.187122106552124,0.5246384143829346,0.5357627272605896,191.26,0.0,0.0,0.0,0.0,0.0,0.0,0.0,0.0,4.0,0.0
1757308301.5084362,1.187122106552124,0.5246384143829346,0.5357627272605896,191.26,0.0,0.0,0.0,0.0,0.0,0.0,0.0,0.0,4.0,0.0
1757308301.6585038,1.187122106552124,0.5246384143829346,0.5357627272605896,191.26,0.0,0.0,0.0,0.0,0.0,0.0,0.0,0.0,4.0,0.0
1757308301.8082743,1.1985996961593628,0.540142297744751,0.56510329246521,191.24,0.0,0.0,0.0,0.0,0.0,0.0,0.0,0.0,4.0,0.0
1757308301.9582365,1.1985996961593628,0.540142297744751,0.56510329246521,191.24,0.0,0.0,0.0,0.0,0.0,0.0,0.0,0.0,4.0,0.0
1757308302.1093233,1.1985996961593628,0.540142297744751,0.56510329246521,191.24,0.0,0.0,0.0,0.0,0.0,0.0,0.0,0.0,4.0,0.0
1757308302.2582483,1.1985996961593628,0.540142297744751,0.56510329246521,191.24,0.0,0.0,0.0,0.0,0.0,0.0,0.0,0.0,4.0,0.0
1757308302.4082236,1.1985996961593628,0.540142297744751,0.56510329246521,191.24,0.0,0.0,0.0,0.0,0.0,0.0,0.0,0.0,4.0,0.0
1757308302.558815,1.209509253501892,0.5354593396186829,0.5892722606658936,191.22,0.0,0.0,0.0,0.0,0.0,0.0,0.0,0.0,4.0,0.0
1757308302.7082608,1.209509253501892,0.5354593396186829,0.5892722606658936,191.22,0.0,0.0,0.0,0.0,0.0,0.0,0.0,0.0,4.0,0.0
1757308302.8583329,1.209509253501892,0.5354593396186829,0.5892722606658936,191.22,0.0,0.0,0.0,0.0,0.0,0.0,0.0,0.0,4.0,0.0
1757308303.0086129,1.209509253501892,0.5354593396186829,0.5892722606658936,191.22,0.0,0.0,0.0,0.0,0.0,0.0,0.0,0.0,4.0,0.0
1757308303.1583629,1.209509253501892,0.5354593396186829,0.5892722606658936,191.22,0.0,0.0,0.0,0.0,0.0,0.0,0.0,0.0,4.0,0.0
1757308303.3099496,1.2190548181533813,0.5388009548187256,0.5974858999252319,191.2,0.0,0.0,0.0,0.0,0.0,0.0,0.0,0.0,4.0,0.0
1757308303.4588237,1.2190548181533813,0.5388009548187256,0.5974858999252319,191.2,0.0,0.0,0.0,0.0,0.0,0.0,0.0,0.0,4.0,0.0
1757308303.6105216,1.2236683368682861,0.5487549304962158,0.607367217540741,191.2,0.0,0.0,0.0,0.0,0.0,0.0,0.0,0.0,4.0,0.0
1757308303.7609844,1.2265496253967285,0.5518412590026855,0.6098246574401855,191.19,0.0,0.0,0.0,0.0,0.0,0.0,0.0,0.0,4.0,0.0
1757308303.910747,1.2306301593780518,0.553223192691803,0.6116508841514587,191.19,0.0,0.0,0.0,0.0,0.0,0.0,0.0,0.0,4.0,0.0
1757308304.0588078,1.2355148792266846,0.5545594692230225,0.6144775152206421,191.18,0.0,0.0,0.0,0.0,0.0,0.0,0.0,0.0,4.0,0.0
1757308304.2103765,1.2355148792266846,0.5545594692230225,0.6144775152206421,191.18,0.0,0.0,0.0,0.0,0.0,0.0,0.0,0.0,4.0,0.0
1757308304.3582866,1.2355148792266846,0.5545594692230225,0.6144775152206421,191.18,0.0,0.0,0.0,0.0,0.0,0.0,0.0,0.0,4.0,0.0
1757308304.510702,1.2355148792266846,0.5545594692230225,0.6144775152206421,191.18,0.0,0.0,0.0,0.0,0.0,0.0,0.0,0.0,4.0,0.0
1757308304.658442,1.2355148792266846,0.5545594692230225,0.6144775152206421,191.18,0.0,0.0,0.0,0.0,0.0,0.0,0.0,0.0,4.0,0.0
1757308304.8085463,1.2225677967071533,0.5741614103317261,0.6260612607002258,191.17,0.0,0.0,0.0,0.0,0.0,0.0,0.07546747441723833,-5.329726349073244,4.0,0.0
1757308304.9584816,1.2225677967071533,0.5741614103317261,0.6260612607002258,191.17,0.0,0.0,0.0,0.0,0.0,0.0,0.07546747441723833,-5.329726349073244,4.0,0.0
1757308305.1082058,1.2225677967071533,0.5741614103317261,0.6260612607002258,191.17,0.0,0.0,0.0,0.0,0.0,0.0,0.07546747441723833,-5.329726349073244,4.0,0.0
1757308305.2584922,1.2225677967071533,0.5741614103317261,0.6260612607002258,191.17,0.0,0.0,0.0,0.0,0.0,0.0,0.07546747441723833,-5.329726349073244,4.0,0.0
1757308305.4084048,1.2225677967071533,0.5741614103317261,0.6260612607002258,191.17,0.0,0.0,0.0,0.0,0.0,0.0,0.07546747441723833,-5.329726349073244,4.0,0.0
1757308305.5582724,1.209029197692871,0.5688607692718506,0.6297810077667236,191.15,0.0,0.0,0.0,0.0,0.0,0.0,0.07546747441723833,-5.329726349073244,4.0,0.0
1757308305.708208,1.209029197692871,0.5688607692718506,0.6297810077667236,191.15,0.0,0.0,0.0,0.0,0.0,0.0,0.07546747441723833,-5.329726349073244,4.0,0.0
1757308305.858541,1.209029197692871,0.5688607692718506,0.6297810077667236,191.15,0.0,0.0,0.0,0.0,0.0,0.0,0.07546747441723833,-5.329726349073244,4.0,0.0
1757308306.008244,1.209029197692871,0.5688607692718506,0.6297810077667236,191.15,0.0,0.0,0.0,0.0,0.0,0.0,0.07546747441723833,-5.329726349073244,4.0,0.0
1757308306.1599417,1.2134538888931274,0.561737596988678,0.6242899298667908,191.14,0.0,0.0,0.0,0.0,0.0,0.0,0.07546747441723833,-5.329726349073244,4.0,0.0
1757308306.308577,1.2168326377868652,0.5590671896934509,0.617017924785614,191.14,0.0,0.0,0.0,0.0,0.0,0.0,0.07546747441723833,-5.329726349073244,4.0,0.0
1757308306.4598942,1.2168326377868652,0.5590671896934509,0.617017924785614,191.14,0.0,0.0,0.0,0.0,0.0,0.0,0.07546747441723833,-5.329726349073244,4.0,0.0
1757308306.6084862,1.2168326377868652,0.5590671896934509,0.617017924785614,191.14,0.0,0.0,0.0,0.0,0.0,0.0,0.07546747441723833,-5.329726349073244,4.0,0.0
1757308306.7591453,1.2168326377868652,0.5590671896934509,0.617017924785614,191.14,0.0,0.0,0.0,0.0,0.0,0.0,0.07546747441723833,-5.329726349073244,4.0,0.0
1757308306.908299,1.2271614074707031,0.5472692847251892,0.6388497352600098,191.14,0.0,0.0,0.0,0.0,0.0,0.0,0.07546747441723833,-5.329726349073244,4.0,0.0
1757308307.0582657,1.2271614074707031,0.5472692847251892,0.6388497352600098,191.14,0.0,0.0,0.0,0.0,0.0,0.0,0.07546747441723833,-5.329726349073244,4.0,0.0
1757308307.2083864,1.2271614074707031,0.5472692847251892,0.6388497352600098,191.14,0.0,0.0,0.0,0.0,0.0,0.0,0.07546747441723833,-5.329726349073244,4.0,0.0
1757308307.3583794,1.2271614074707031,0.5472692847251892,0.6388497352600098,191.14,0.0,0.0,0.0,0.0,0.0,0.0,0.07546747441723833,-5.329726349073244,4.0,0.0
1757308307.5082145,1.2271614074707031,0.5472692847251892,0.6388497352600098,191.14,0.0,0.0,0.0,0.0,0.0,0.0,0.07546747441723833,-5.329726349073244,4.0,0.0
1757308307.6585894,1.2502107620239258,0.5485952496528625,0.6598056554794312,191.13,0.0,0.0,0.0,0.0,0.0,0.0,0.07546747441723833,-5.329726349073244,4.0,0.0
1757308307.808272,1.2502107620239258,0.5485952496528625,0.6598056554794312,191.13,0.0,0.0,0.0,0.0,0.0,0.0,0.07546747441723833,-5.329726349073244,4.0,0.0
1757308307.9584134,1.2502107620239258,0.5485952496528625,0.6598056554794312,191.13,0.0,0.0,0.0,0.0,0.0,0.0,0.07546747441723833,-5.329726349073244,4.0,0.0
1757308308.1084237,1.2502107620239258,0.5485952496528625,0.6598056554794312,191.13,0.0,0.0,0.0,0.0,0.0,0.0,0.07546747441723833,-5.329726349073244,4.0,0.0
1757308308.258211,1.2502107620239258,0.5485952496528625,0.6598056554794312,191.13,0.0,0.0,0.0,0.0,0.0,0.0,0.07546747441723833,-5.329726349073244,4.0,0.0
1757308308.4082901,1.2510377168655396,0.5547882914543152,0.6657731533050537,191.12,0.0,0.0,0.0,0.0,0.0,0.0,0.07546747441723833,-5.329726349073244,4.0,0.0
1757308308.5584366,1.2510377168655396,0.5547882914543152,0.6657731533050537,191.12,0.0,0.0,0.0,0.0,0.0,0.0,0.07546747441723833,-5.329726349073244,4.0,0.0
1757308308.7084358,1.2510377168655396,0.5547882914543152,0.6657731533050537,191.12,0.0,0.0,0.0,0.0,0.0,0.0,0.07546747441723833,-5.329726349073244,4.0,0.0
1757308308.858662,1.2510377168655396,0.5547882914543152,0.6657731533050537,191.12,0.0,0.0,0.0,0.0,0.0,0.0,0.07546747441723833,-5.329726349073244,4.0,0.0
1757308309.008406,1.2529597282409668,0.5555581450462341,0.675123393535614,191.12,0.0,0.0,0.0,0.0,0.0,0.0,0.07546747441723833,-5.329726349073244,4.0,0.0
1757308309.158255,1.2569564580917358,0.5558228492736816,0.6770580410957336,191.12,0.0,0.0,0.0,0.0,0.0,0.0,0.07546747441723833,-5.329726349073244,4.0,0.0
1757308309.3082604,1.2569564580917358,0.5558228492736816,0.6770580410957336,191.12,0.0,0.0,0.0,0.0,0.0,0.0,0.07546747441723833,-5.329726349073244,4.0,0.0
1757308309.4633813,1.2569564580917358,0.5558228492736816,0.6770580410957336,191.12,0.0,0.0,0.0,0.0,0.0,0.0,0.07546747441723833,-5.329726349073244,4.0,0.0
1757308309.609351,1.2569564580917358,0.5558228492736816,0.6770580410957336,191.12,0.0,0.0,0.0,0.0,0.0,0.0,0.07546747441723833,-5.329726349073244,4.0,0.0
1757308309.7589722,1.2621663808822632,0.5609631538391113,0.6649088859558105,191.11,0.0,0.0,0.0,0.0,0.0,0.0,0.07546747441723833,-5.329726349073244,4.0,0.0
1757308309.910582,1.2621663808822632,0.5609631538391113,0.6649088859558105,191.11,0.0,0.0,0.0,0.0,0.0,0.0,0.07546747441723833,-5.329726349073244,4.0,0.0
1757308310.0585744,1.2621663808822632,0.5609631538391113,0.6649088859558105,191.11,0.0,0.0,0.0,0.0,0.0,0.0,0.07546747441723833,-5.329726349073244,4.0,0.0
1757308310.2098212,1.2621663808822632,0.5609631538391113,0.6649088859558105,191.11,0.0,0.0,0.0,0.0,0.0,0.0,0.07546747441723833,-5.329726349073244,4.0,0.0
1757308310.358591,1.2621663808822632,0.5609631538391113,0.6649088859558105,191.11,0.0,0.0,0.0,0.0,0.0,0.0,0.07546747441723833,-5.329726349073244,4.0,0.0
1757308310.510789,1.2621421813964844,0.5839033722877502,0.653363823890686,191.17,0.0,0.0,0.0,0.0,0.0,0.0,0.07546747441723833,-5.329726349073244,4.0,0.0
1757308310.6583197,1.2621421813964844,0.5839033722877502,0.653363823890686,191.17,3.4370612334863635,0.1015625,0.0,0.0,0.0,0.0,0.07546747441723833,-5.329726349073244,4.0,0.0
1757308310.809451,1.2621421813964844,0.5839033722877502,0.653363823890686,191.17,3.4370612334863635,0.1015625,0.0,0.0,0.0,0.0,0.07546747441723833,-5.329726349073244,4.0,0.0
1757308310.9590988,1.2621421813964844,0.5839033722877502,0.653363823890686,191.17,3.4370612334863635,0.1015625,0.0,0.0,0.0,0.0,0.07546747441723833,-5.329726349073244,4.0,0.0
1757308311.108817,1.2621421813964844,0.5839033722877502,0.653363823890686,191.17,3.4370612334863635,0.1015625,0.0,0.0,0.0,0.0,0.07546747441723833,-5.329726349073244,4.0,0.0
1757308311.260901,1.3116601705551147,0.5527177453041077,0.8185870051383972,202.1,3.4370612334863635,0.1015625,0.0,0.0,0.0,0.0,0.07546747441723833,-5.329726349073244,4.0,0.0
1757308311.4084456,1.3116601705551147,0.5527177453041077,0.8185870051383972,202.1,3.4370612334863635,0.1015625,0.0,0.0,0.0,0.0,0.07546747441723833,-5.329726349073244,4.0,0.0
1757308311.5623002,1.3116601705551147,0.5527177453041077,0.8185870051383972,202.1,3.4370612334863635,0.1015625,0.0,0.0,0.0,0.0,0.07546747441723833,-5.329726349073244,4.0,0.0
1757308311.710918,1.3116601705551147,0.5527177453041077,0.8185870051383972,202.1,3.42574791828054,-0.1015625,0.0,0.0,0.0,0.0,0.07546747441723833,-5.329726349073244,4.0,0.0
1757308311.862164,1.4488329887390137,0.425941526889801,1.3827929496765137,211.82,3.3956697932805397,-0.131640625,0.0,0.0,0.0,0.0,0.07546747441723833,-5.329726349073244,4.0,0.0
1757308312.0083277,1.4488329887390137,0.425941526889801,1.3827929496765137,211.82,3.4123871167775355,-0.17792968750000002,0.0,0.0,0.0,0.0,0.07546747441723833,-5.329726349073244,4.0,0.0
1757308312.165917,1.4488329887390137,0.425941526889801,1.3827929496765137,211.82,3.458555146140556,-0.1869140625,0.0,0.0,0.0,0.0,0.07546747441723833,-5.329726349073244,4.0,0.0
1757308312.3098624,1.4488329887390137,0.425941526889801,1.3827929496765137,211.82,3.4989095465743887,-0.19765625,0.0,0.0,0.0,0.0,0.07546747441723833,-5.329726349073244,4.0,0.0
1757308312.4607046,1.4488329887390137,0.425941526889801,1.3827929496765137,211.82,3.492268921574389,-0.20468750000000002,0.0,0.0,0.0,0.0,0.07546747441723833,-5.329726349073244,4.0,0.0
1757308312.608426,1.4957940578460693,0.40009501576423645,2.3613338470458984,215.68,3.491194702824389,-0.20576171875000002,0.0,0.0,0.0,0.0,0.07546747441723833,-5.329726349073244,4.0,0.0
1757308312.7584305,1.4957940578460693,0.40009501576423645,2.3613338470458984,215.68,3.5465133437858145,-0.20419921875000002,0.0,0.0,0.0,0.0,0.07546747441723833,-5.329726349073244,4.0,0.0
1757308312.9093113,1.4957940578460693,0.40009501576423645,2.3613338470458984,215.68,3.5756542557013704,-0.18867187500000002,0.0,0.0,0.0,0.0,0.07546747441723833,-5.329726349073244,4.0,0.0
1757308313.0589905,1.4957940578460693,0.40009501576423645,2.3613338470458984,215.68,3.5912792557013704,-0.17304687500000002,0.0,0.0,0.0,0.0,0.07546747441723833,-5.329726349073244,4.0,0.0
1757308313.2087634,1.4957940578460693,0.40009501576423645,2.3613338470458984,215.68,3.6104198807013703,-0.15390625000000002,0.0,0.0,0.0,0.0,0.07546747441723833,-5.329726349073244,4.0,0.0
1757308313.3588972,1.4731286764144897,0.4895274043083191,3.403970956802368,217.62,3.62389644320137,-0.1404296875,0.0,0.0,0.0,0.0,0.07546747441723833,-5.329726349073244,4.0,0.0
1757308313.5093575,1.4731286764144897,0.4895274043083191,3.403970956802368,217.62,3.6267931779410705,-0.106640625,0.0,0.0,0.0,0.0,0.07546747441723833,-5.329726349073244,4.0,0.0
1757308313.660444,1.4731286764144897,0.4895274043083191,3.403970956802368,217.62,3.71654489319006,-0.08164062500000001,0.0,0.0,0.0,0.0,0.07546747441723833,-5.329726349073244,4.0,0.0
1757308313.8116117,1.4731286764144897,0.4895274043083191,3.403970956802368,217.62,3.73646676819006,-0.06171875,0.0,0.0,0.0,0.0,0.07546747441723833,-5.329726349073244,4.0,0.0
1757308313.9591262,1.4731286764144897,0.4895274043083191,3.403970956802368,217.62,3.75795114319006,-0.040234375,0.0,0.0,0.0,0.0,0.07546747441723833,-5.329726349073244,4.0,0.0
1757308314.1159773,1.4305888414382935,0.5278268456459045,4.154557228088379,210.2,3.77045114319006,-0.027734375000000002,-0.6936560770806056,-0.10363318624594514,0.0,0.027734375000000002,-0.019540794775267156,-5.260620389944846,4.0,1.9673274890057
1757308314.2772615,1.4305888414382935,0.5278268456459045,4.154557228088379,210.2,3.719770534330372,0.017578125,-0.6832647797491161,-0.13212616584338305,0.0,-0.017578125,-0.10114935773966208,-5.207365310760891,4.0,1.9362152068242064
1757308314.4195824,1.4305888414382935,0.5278268456459045,4.154557228088379,210.2,3.702275837692081,0.03359375,-0.6774884032809769,-0.13870700852907664,0.0,-0.03359375,-0.17536068687325382,-5.160767893756914,4.0,1.9109376579901003
1757308314.568841,1.4305888414382935,0.5278268456459045,4.154557228088379,210.2,3.713994587692081,0.045312500000000006,-0.6757128527003647,-0.12555247939251457,0.0,-0.045312500000000006,-0.24812649034899031,-5.113880336543603,4.0,1.8861655680711502
1757308314.7341003,1.3417158126831055,0.5308424234390259,4.524343490600586,204.0,3.722197712692081,0.053515625000000004,-0.6701599723387341,-0.11000578536864414,0.0,-0.053515625000000004,-0.32199795297340256,-5.06541817720197,4.0,1.8383282028609589
1757308314.869483,1.3417158126831055,0.5308424234390259,4.524343490600586,204.0,3.6608534601322504,0.04453125,-0.6603133352403137,-0.14766074144042063,0.0,-0.04453125,-0.37984809569031847,-5.032352150730294,4.0,1.8234797295672749
1757308315.0228999,1.3417158126831055,0.5308424234390259,4.524343490600586,204.0,3.596533774001609,0.02890625,-0.6487148894548982,-0.18828018662276233,0.0,-0.02890625,-0.4201839538587351,-5.012621309550985,4.0,1.8167242453391008
1757308315.16893,1.3417158126831055,0.5308424234390259,4.524343490600586,204.0,3.5487529240684323,-0.01171875,-0.6387050960985814,-0.21840814777977388,0.0,0.01171875,-0.4466923071578173,-5.001189338557779,4.0,1.8139297397590228
1757308315.3156824,1.3417158126831055,0.5308424234390259,4.524343490600586,204.0,3.5257060490684324,-0.034765625,-0.6333670092503654,-0.23273428572677757,0.0,0.034765625,-0.4659288802103473,-4.993414104149564,4.0,1.8124856574748645
1757308315.487036,1.0512419939041138,0.46494537591934204,4.551440715789795,210.69,3.496213861568432,-0.0642578125,-0.6132838953939964,-0.21634962318083054,0.0,0.0642578125,-0.48808692442882007,-4.985209548822416,4.0,1.6633666862126173
1757308315.6211016,1.0512419939041138,0.46494537591934204,4.551440715789795,210.69,3.519472176628262,-0.09335937500000001,-0.6178822364087089,-0.2013551641037848,0.0,0.09335937500000001,-0.515046019430871,-4.974507973209882,4.0,1.6604691393973683
1757308315.7688196,1.0512419939041138,0.46494537591934204,4.551440715789795,210.69,3.567273263526853,-0.10996093750000001,-0.6262001444647122,-0.1702828409718037,0.0,0.10996093750000001,-0.5523717360914084,-4.957584365415909,4.0,1.654679990122827
1757308315.9224496,1.0512419939041138,0.46494537591934204,4.551440715789795,210.69,3.560437326026853,-0.11679687500000001,-0.6245407825497675,-0.17347973108485662,0.0,0.11679687500000001,-0.5861905618898604,-4.942528645920525,4.0,1.649952271625577
1757308316.0791664,1.0512419939041138,0.46494537591934204,4.551440715789795,210.69,3.5606326385268527,-0.1166015625,-0.6241389343911354,-0.17237953003626882,0.0,0.1166015625,-0.6183656611029591,-4.928197162670737,4.0,1.645668796804154
1757308316.22314,0.7293189167976379,0.3582049608230591,4.602011203765869,211.56,3.559460763526853,-0.11777343750000001,-0.6038844408049338,-0.12795035545747174,0.0,0.11777343750000001,-0.6601136098068088,-4.909660324991655,4.0,1.4480205043188077
1757308316.3751335,0.7293189167976379,0.3582049608230591,4.602011203765869,211.56,3.5966862095863545,-0.1107421875,-0.6071065191594228,-0.10309530039164694,0.0,0.1107421875,-0.7080540763969626,-4.88620052761386,4.0,1.4378148229516317
1757308316.5358796,0.7293189167976379,0.3582049608230591,4.602011203765869,211.56,3.5840201280192034,-0.1083984375,-0.6048920762124643,-0.10896125170311702,0.0,0.1083984375,-0.7508149426510101,-4.865942592368941,4.0,1.429780280951367
1757308316.674607,0.7293189167976379,0.3582049608230591,4.602011203765869,211.56,3.5951529405192035,-0.09726562500000001,-0.6051632192646836,-0.1003651483064047,0.0,0.09726562500000001,-0.7938977895725157,-4.844941699181366,4.0,1.4215241676193182
1757308316.8471065,0.7293189167976379,0.3582049608230591,4.602011203765869,211.56,3.6047232530192033,-0.08769531250000001,-0.6051663667370297,-0.0927073332971369,0.0,0.08769531250000001,-0.8369198081172081,-4.823458486220227,4.0,1.4132005155773966
1757308316.973931,0.3063887357711792,0.2864062190055847,4.695146560668945,205.47,3.606780353408833,-0.0765625,-0.5838188857361462,-0.0485537674425969,0.0,0.0765625,-0.8936908781672322,-4.794963576130317,4.0,1.2211598399886245
1757308317.117383,0.3063887357711792,0.2864062190055847,4.695146560668945,205.47,3.589900670172137,-0.061328125000000004,-0.581643361906175,-0.05575469858973228,0.0,0.061328125000000004,-0.944201486364245,-4.770669490255832,4.0,1.2094136553841253
1757308317.2746608,0.3063887357711792,0.2864062190055847,4.695146560668945,205.47,3.5412061390727487,-0.044921875,-0.5776344052645893,-0.08256626782151621,0.0,0.044921875,-0.981762019055243,-4.754806261734749,4.0,1.203187065936799
1757308317.4212976,0.3063887357711792,0.2864062190055847,4.695146560668945,205.47,3.5529248890727487,-0.033203125,-0.5779090258374698,-0.07429402074593716,0.0,0.033203125,-1.0200262730949894,-4.73811478098883,4.0,1.1966516195652677
1757308317.5709205,-0.25436556339263916,0.25410348176956177,4.696842193603516,199.48,3.553315514072749,-0.0328125,-0.5617001627521498,-0.03688360150804368,0.0,0.0328125,-1.0794181396056328,-4.712179477897116,4.0,1.0343498278319236
1757308317.715834,-0.25436556339263916,0.25410348176956177,4.696842193603516,199.48,3.524268226517236,-0.03515625,-0.5593186373018396,-0.05051500770015535,0.0,0.03515625,-1.129932195096675,-4.691846638259128,4.0,1.022851731473403
1757308317.8780828,-0.25436556339263916,0.25410348176956177,4.696842193603516,199.48,3.436270291878288,-0.045312500000000006,-0.552462345709141,-0.0986425959476846,0.0,0.045312500000000006,-1.1585736736175543,-4.683153544897216,4.0,1.0193723964223835
1757308318.0241659,-0.25436556339263916,0.25410348176956177,4.696842193603516,199.48,3.426114041878288,-0.055468750000000004,-0.5512490880977489,-0.10362281703017626,0.0,0.055468750000000004,-1.1834335114447585,-4.675883136599541,4.0,1.0167654229987875
1757308318.1825771,-0.25436556339263916,0.25410348176956177,4.696842193603516,199.48,3.4087312293782883,-0.07285156250000001,-0.5492592995326995,-0.11280402930132682,0.0,0.07285156250000001,-1.2029781368877452,-4.670534164095515,4.0,1.0151691654085342
1757308318.3148103,-0.8186674118041992,0.20332863926887512,4.651281833648682,198.8,3.398770291878288,-0.08281250000000001,-0.5396069299106272,-0.08594457334402161,0.0,0.08281250000000001,-1.2449510505398245,-4.659495216117658,4.0,0.8814724816565365
1757308318.470504,-0.8186674118041992,0.20332863926887512,4.651281833648682,198.8,3.358037439629955,-0.10312500000000001,-0.5354479977653083,-0.10688488102739198,0.0,0.10312500000000001,-1.2756182345114668,-4.652751828154656,4.0,0.8775323228519145
1757308318.620328,-0.8186674118041992,0.20332863926887512,4.651281833648682,198.8,3.3533083029647277,-0.11640625,-0.5347636648756671,-0.10861158118367806,0.0,0.11640625,-1.303662599752002,-4.646724065030499,4.0,0.8742416401748274
1757308318.7640696,-0.8186674118041992,0.20332863926887512,4.651281833648682,198.8,3.3499879904647276,-0.11972656250000001,-0.534255328593216,-0.10970198269232999,0.0,0.11972656250000001,-1.3295367397775244,-4.641252578262662,4.0,0.8714427681666619
1757308318.9272454,-0.8186674118041992,0.20332863926887512,4.651281833648682,198.8,3.3478395529647273,-0.12187500000000001,-0.5338943224234798,-0.11025646216658815,0.0,0.12187500000000001,-1.3536187502979375,-4.636214092838155,4.0,0.8690190788747394
1757308319.0648842,-1.3045439720153809,0.190350741147995,4.63426399230957,197.07,3.3535825468427185,-0.11875000000000001,-0.5318008419992143,-0.09456036588384412,0.0,0.11875000000000001,-1.4009137867516384,-4.626035083727013,4.0,0.8173498477118315
1757308319.2214856,-1.3045439720153809,0.190350741147995,4.63426399230957,197.07,3.349734526161536,-0.1171875,-0.5310082930717018,-0.09459495718412766,0.0,0.1171875,-1.4449904214231046,-4.616726068971706,4.0,0.8091280564715504
1757308319.3939164,-1.3045439720153809,0.190350741147995,4.63426399230957,197.07,3.331707856905225,-0.1078125,-0.528932399433965,-0.1026731069422615,0.0,0.1078125,-1.4828206618821793,-4.609446043807404,4.0,0.8031064692569583
1757308319.515904,-1.3045439720153809,0.190350741147995,4.63426399230957,197.07,3.346942231905225,-0.10039062500000001,-0.5301002743707031,-0.09299591341346772,0.0,0.10039062500000001,-1.5221854807729105,-4.601246921460476,4.0,0.7965379167321522
1757308319.6688874,-1.3831119537353516,0.19641423225402832,4.6337385177612305,194.43,3.3582703569052255,-0.08125,-0.5308501461209773,-0.08576049227801008,0.0,0.08125,-1.5659188517079776,-4.59161973846873,4.0,0.7915224789978312
1757308319.8207932,-1.7046324014663696,0.22046734392642975,4.624666690826416,188.12,3.350915162582091,-0.068359375,-0.5306978042143389,-0.09198240370615421,0.0,0.068359375,-1.621460633843197,-4.579820760120154,4.0,0.8010085841186232
1757308319.9701715,-1.7046324014663696,0.22046734392642975,4.624666690826416,188.12,3.2658347422576446,-0.04453125,-0.5208173035746833,-0.13559080408174265,0.0,0.04453125,-1.6550693279792594,-4.5756235272088475,4.0,0.7963469580964047
1757308320.1199825,-1.7046324014663696,0.22046734392642975,4.624666690826416,188.12,3.2575321388517327,-0.025781250000000002,-0.5195663179854878,-0.13898896429859228,0.0,0.025781250000000002,-1.685068654055073,-4.572129752340086,4.0,0.7926370264557914
1757308320.2748964,-1.7046324014663696,0.22046734392642975,4.624666690826416,188.12,3.2829227638517327,-0.000390625,-0.5227546490252993,-0.12453868744320346,0.0,0.000390625,-1.7194451682746485,-4.5672387074454095,4.0,0.7877289660551012
1757308320.4311438,-2.1189188957214355,0.15995171666145325,4.635944366455078,178.61,3.2950321388517327,0.01171875,-0.522064205595031,-0.10423185072826756,0.0,-0.01171875,-1.774652600088492,-4.558700595941502,4.0,0.731194239253135
1757308320.5703475,-2.1189188957214355,0.15995171666145325,4.635944366455078,178.61,3.2417747076855212,0.01640625,-0.5156044729789496,-0.13017323327531483,0.0,-0.01640625,-1.815172113779185,-4.5546276326806545,4.0,0.7243539821634162
1757308320.723617,-2.1189188957214355,0.15995171666145325,4.635944366455078,178.61,3.121629451987072,0.004296875,-0.4962877668129974,-0.19092006225233701,0.0,-0.004296875,-1.8256487463724491,-4.554836807597423,4.0,0.7239007408054592
1757308320.868419,-2.1189188957214355,0.15995171666145325,4.635944366455078,178.61,3.109520076987072,-0.0078125,-0.4939411806606582,-0.1968637068203367,0.0,0.0078125,-1.8327415884450262,-4.5550643713513095,4.0,0.7236928521464172
1757308321.021377,-2.1189188957214355,0.15995171666145325,4.635944366455078,178.61,3.083348201987072,-0.033984375000000004,-0.4886203383666098,-0.2097218547102177,0.0,0.033984375000000004,-1.8333018242450256,-4.5550970389272765,4.0,0.7236915520700107
1757308321.1706882,-2.486940860748291,0.0465170256793499,4.664459705352783,181.15,3.0575669519870723,-0.059765625,-0.48465935941349664,-0.20315973392256698,0.0,0.059765625,-1.8465117493374756,-4.556209631804613,4.0,0.647068121972814
1757308321.3254235,-2.486940860748291,0.0465170256793499,4.664459705352783,181.15,3.050302862227428,-0.08046875,-0.4831821949152064,-0.20655064030835762,0.0,0.08046875,-1.8573745160707575,-4.557204055500671,4.0,0.6465687959667585
1757308321.4672236,-2.486940860748291,0.0465170256793499,4.664459705352783,181.15,3.074554564987728,-0.087109375,-0.4880667918934045,-0.1945054512463377,0.0,0.087109375,-1.873326536660388,-4.558275053343603,4.0,0.6454959508924754
1757308321.624864,-2.486940860748291,0.0465170256793499,4.664459705352783,181.15,3.072210814987728,-0.08945312500000001,-0.4876251851007238,-0.19542426220422052,0.0,0.08945312500000001,-1.887936566897911,-4.559290353791066,4.0,0.6445955432992578
1757308321.7734978,-2.486940860748291,0.0465170256793499,4.664459705352783,181.15,3.072992064987728,-0.08867187500000001,-0.4877920046203098,-0.19483521932329287,0.0,0.08867187500000001,-1.9019975183244753,-4.560256459321584,4.0,0.6437614770736877
1757308321.924138,-2.767296314239502,-0.15968267619609833,4.624598503112793,181.49,3.0818392017752925,-0.0908203125,-0.49192787195956117,-0.14987256477519179,0.0,0.0908203125,-1.9319919646333297,-4.56205086716177,4.0,0.48091274689625596
1757308322.081923,-2.767296314239502,-0.15968267619609833,4.624598503112793,181.49,3.091912255960463,-0.08964843750000001,-0.49346378236771365,-0.14387972057807574,0.0,0.08964843750000001,-1.9627365991101358,-4.563579530687369,4.0,0.47678722302134435
1757308322.2176805,-2.767296314239502,-0.15968267619609833,4.624598503112793,181.49,3.079707434444509,-0.087890625,-0.4917184755314307,-0.14912608417904014,0.0,0.087890625,-1.9892186761412958,-4.565220475181899,4.0,0.47371971732708573
1757308322.3801951,-2.767296314239502,-0.15968267619609833,4.624598503112793,181.49,3.082441809444509,-0.08515625,-0.49216734331464485,-0.14705589364647295,0.0,0.08515625,-2.014987405790936,-4.566746497468804,4.0,0.47081426794961523
1757308322.5252814,-2.8500940799713135,-0.23012346029281616,4.615561485290527,181.23,3.0896683719445086,-0.07792968750000001,-0.49397766095955287,-0.12886283168431226,0.0,0.07792968750000001,-2.0453916868830406,-4.568326638267645,4.0,0.412204976520572
1757308322.666373,-3.0347955226898193,-0.34664905071258545,4.605032444000244,179.38,3.093919578389323,-0.069140625,-0.4955111493815962,-0.106008215414256,0.0,0.069140625,-2.084701754202643,-4.570202091072771,4.0,0.3290967249131693
1757308322.8263197,-3.0347955226898193,-0.34664905071258545,4.605032444000244,179.38,3.077060674727428,-0.0537109375,-0.493736586843563,-0.11306288733134173,0.0,0.0537109375,-2.1184189803572937,-4.572380955775808,4.0,0.3239514452415584
1757308322.9709027,-3.0347955226898193,-0.34664905071258545,4.605032444000244,179.38,3.089170049727428,-0.0416015625,-0.4951405901060646,-0.10572056652638574,0.0,0.0416015625,-2.153056094617701,-4.574198388647611,4.0,0.31852264364699323
1757308323.1151369,-3.0347955226898193,-0.34664905071258545,4.605032444000244,179.38,3.0963966122274282,-0.034375,-0.4959523655302621,-0.10079722540733693,0.0,0.034375,-2.1875126513425274,-4.575756749833937,4.0,0.31314736530599063
1757308323.2749295,-3.404524803161621,-0.4859757721424103,4.593836307525635,174.07,3.101474737227428,-0.029296875,-0.4970473444948061,-0.08359075865750479,0.0,0.029296875,-2.2400705004832684,-4.577866393137919,4.0,0.25435337944759073
1757308323.4217134,-3.404524803161621,-0.4859757721424103,4.593836307525635,174.07,3.0130946289465292,-0.025,-0.48787524275538974,-0.12600641154942208,0.0,0.025,-2.2713355851971317,-4.5819061537734305,4.0,0.24979570036949017
1757308323.580128,-3.404524803161621,-0.4859757721424103,4.593836307525635,174.07,3.0199305664465292,-0.0181640625,-0.4888624219872599,-0.12154615694446008,0.0,0.0181640625,-2.3024896879445484,-4.5857152391077625,4.0,0.24527326472217315
1757308323.727614,-3.404524803161621,-0.4859757721424103,4.593836307525635,174.07,3.024032128946529,-0.0140625,-0.4894836671002734,-0.11846617189350626,0.0,0.0140625,-2.332956457935773,-4.589313520520513,4.0,0.24094793598727637
1757308323.8660235,-3.404524803161621,-0.4859757721424103,4.593836307525635,174.07,3.026571191446529,-0.0115234375,-0.4898991347334817,-0.11621671799209228,0.0,0.0115234375,-2.362438149784878,-4.592719581746525,4.0,0.2368961883515226
1757308324.0184326,-3.728003740310669,-0.5860943794250488,4.576782703399658,171.17,3.0161615546589653,-0.010937500000000001,-0.4890491573401626,-0.11824625470179062,0.0,0.010937500000000001,-2.404782789553135,-4.598058947202242,4.0,0.22454416211066608
1757308324.170905,-3.728003740310669,-0.5860943794250488,4.576782703399658,171.17,2.9963977749618285,-0.011328125000000001,-0.486838688424219,-0.12637058066254353,0.0,0.011328125000000001,-2.4408406206609494,-4.603331462729175,4.0,0.21840997060032574
1757308324.3201659,-3.728003740310669,-0.5860943794250488,4.576782703399658,171.17,2.9718550806386936,-0.015625,-0.48376091262265997,-0.1372877352295631,0.0,0.015625,-2.4699195836210524,-4.608315209491494,4.0,0.2143844332397853
1757308324.466971,-3.728003740310669,-0.5860943794250488,4.576782703399658,171.17,2.9656050806386935,-0.021875000000000002,-0.4830380937845669,-0.13949498427030874,0.0,0.021875000000000002,-2.4962288056922417,-4.612993705867263,4.0,0.21107915798967003
1757308324.6215818,-3.728003740310669,-0.5860943794250488,4.576782703399658,171.17,2.968730080638694,-0.018750000000000003,-0.48360671584098464,-0.13721129781232372,0.0,0.018750000000000003,-2.521879657267486,-4.617472477954911,4.0,0.20793829291768517
1757308324.771801,-4.138293743133545,-0.7116920948028564,4.575809955596924,169.5,2.9663863306386937,-0.02109375,-0.48286857380320986,-0.14068999403994012,0.0,0.02109375,-2.5667247352593376,-4.625411016343948,4.0,0.2174666499380269
1757308324.9162645,-4.138293743133545,-0.7116920948028564,4.575809955596924,169.5,2.9530428969455453,-0.0185546875,-0.48130417942812903,-0.14525565959233439,0.0,0.0185546875,-2.6065143288490726,-4.633003522253726,4.0,0.20987309607812943
1757308325.077335,-4.138293743133545,-0.7116920948028564,4.575809955596924,169.5,2.9476448595123688,-0.016796875,-0.4808249040410897,-0.14626404236083654,0.0,0.016796875,-2.6431782535494164,-4.640204932293564,4.0,0.20340141332274886
1757308325.2144284,-4.138293743133545,-0.7116920948028564,4.575809955596924,169.5,2.9374346446303883,-0.020898437500000002,-0.4795686260149859,-0.1498995146919666,0.0,0.020898437500000002,-2.675864411055477,-4.646972358655775,4.0,0.19822942517349862
1757308325.3802438,-4.335657596588135,-0.7690718173980713,4.58711051940918,168.7,2.9327471446303885,-0.025585937500000003,-0.47822960396327,-0.15512363534042045,0.0,0.025585937500000003,-2.7159598157264497,-4.655470010382882,4.0,0.21040518427429689
1757308325.52102,-4.5391340255737305,-0.8144531846046448,4.606329441070557,168.16,2.9127298231144336,-0.031640625,-0.4732161891508169,-0.17244628997050365,0.0,0.031640625,-2.7599920805456812,-4.665727069695441,4.0,0.24236450561954204
1757308325.6819825,-4.5391340255737305,-0.8144531846046448,4.606329441070557,168.16,2.8997478610040637,-0.035546875,-0.4713839404697291,-0.17676576463870886,0.0,0.035546875,-2.7990710814474418,-4.6753667985499545,4.0,0.23491121322155717
1757308325.8236585,-4.5391340255737305,-0.8144531846046448,4.606329441070557,168.16,2.8970550451536643,-0.037890625000000004,-0.4713021701809079,-0.17644775501523682,0.0,0.037890625000000004,-2.8356270708342275,-4.684488666894241,4.0,0.22836973064398958
1757308325.9700263,-4.5391340255737305,-0.8144531846046448,4.606329441070557,168.16,2.8954925451536644,-0.039453125000000006,-0.47137946797207075,-0.1757763691122538,0.0,0.039453125000000006,-2.870025872595505,-4.693129366244566,4.0,0.22256449901706343
1757308326.1159065,-4.912934303283691,-0.9034094214439392,4.616348743438721,167.25,2.8954925451536644,-0.039453125000000006,-0.46711474249851437,-0.19275432890269828,0.0,0.039453125000000006,-2.9213363938759573,-4.706018152050818,4.0,0.2925860959152491
1757308326.2693927,-4.912934303283691,-0.9034094214439392,4.616348743438721,167.25,2.8968223604252743,-0.03515625,-0.468074493459937,-0.18931514141522282,0.0,0.03515625,-2.970366796247789,-4.718264898217014,4.0,0.28096844511346575
1757308326.4185636,-4.912934303283691,-0.9034094214439392,4.616348743438721,167.25,2.889961611460516,-0.0291015625,-0.467380475243423,-0.19012651748947046,0.0,0.0291015625,-3.01547763166312,-4.729861993224375,4.0,0.27107493551243245
1757308326.5702722,-4.912934303283691,-0.9034094214439392,4.616348743438721,167.25,2.894844423960516,-0.02421875,-0.4688751806670564,-0.1855714987590926,0.0,0.02421875,-3.0593749099516034,-4.740918883511557,4.0,0.2617087296139937
1757308326.7221553,-4.912934303283691,-0.9034094214439392,4.616348743438721,167.25,2.901485048960516,-0.017578125,-0.47063373625055155,-0.18026212001071962,0.0,0.017578125,-3.102491371607349,-4.751475119345221,4.0,0.25268306181183764
1757308326.8683574,-5.2279253005981445,-1.0044535398483276,4.643485069274902,164.7,2.9032428614605164,-0.0158203125,-0.4686260263831775,-0.18899896794735221,0.0,0.0158203125,-3.1598562253290967,-4.765412964607708,4.0,0.29205376186862164
1757308327.023122,-5.2279253005981445,-1.0044535398483276,4.643485069274902,164.7,2.874569606251413,-0.0146484375,-0.46376878642941693,-0.1996006847708449,0.0,0.0146484375,-3.2082003430244845,-4.778637778025279,4.0,0.2806256047392486
1757308327.1754022,-5.2279253005981445,-1.0044535398483276,4.643485069274902,164.7,2.8612760280346605,-0.013281250000000001,-0.4617085502683098,-0.20354559220139273,0.0,0.013281250000000001,-3.251286553161035,-4.79104217570936,4.0,0.2714580923967471
1757308327.3373077,-5.2279253005981445,-1.0044535398483276,4.643485069274902,164.7,2.8577604030346606,-0.016796875,-0.4615506224019667,-0.20324603581722878,0.0,0.016796875,-3.291470199892993,-4.802764069065487,4.0,0.2634517979459945
1757308327.4718323,-5.2279253005981445,-1.0044535398483276,4.643485069274902,164.7,2.8577604030346606,-0.016796875,-0.46205739137860974,-0.2015087886922586,0.0,0.016796875,-3.3296446642883533,-4.8138998677538085,4.0,0.2562131877270035
1757308327.6144588,-5.511172771453857,-1.1264312267303467,4.652139663696289,163.89,2.8453601915030795,-0.0234375,-0.45831099436798156,-0.2111943648799461,0.0,0.0234375,-3.377948190532689,-4.828642731231772,4.0,0.272823087457402
1757308327.7669828,-5.511172771453857,-1.1264312267303467,4.652139663696289,163.89,2.827208689766712,-0.031640625,-0.455091933991633,-0.2173570214929369,0.0,0.031640625,-3.419973809057887,-4.842308123225103,4.0,0.26390128992563433
1757308327.924823,-5.511172771453857,-1.1264312267303467,4.652139663696289,163.89,2.8219435485935063,-0.038476562500000006,-0.4545421828035495,-0.21793451116765955,0.0,0.038476562500000006,-3.458783916058079,-4.855154269440362,4.0,0.25625134866227395
1757308328.072402,-5.511172771453857,-1.1264312267303467,4.652139663696289,163.89,2.8170607360935063,-0.043359375000000006,-0.45399528501132025,-0.21859781549245574,0.0,0.043359375000000006,-3.4946247117365115,-4.867212066923281,4.0,0.2496949739368759
1757308328.2191255,-5.755860328674316,-1.233643651008606,4.640267372131348,164.44,2.8178419860935064,-0.042578125,-0.4526631528622925,-0.22272150645699257,0.0,0.042578125,-3.5414504799151016,-4.882924789027776,4.0,0.26859037652763007
1757308328.367245,-5.755860328674316,-1.233643651008606,4.640267372131348,164.44,2.8320456786802732,-0.038671875,-0.45664741106281165,-0.21356032119551327,0.0,0.038671875,-3.588954644918603,-4.898117954326478,4.0,0.25721178260722954
1757308328.5210059,-5.755860328674316,-1.233643651008606,4.640267372131348,164.44,2.836010080483464,-0.037500000000000006,-0.4582919407860295,-0.20920766798122994,0.0,0.037500000000000006,-3.634924689999964,-4.912619832911292,4.0,0.24655551363764072
1757308328.6727774,-5.755860328674316,-1.233643651008606,4.640267372131348,164.44,2.8325194219794754,-0.037500000000000006,-0.458268941203564,-0.20858235910076675,0.0,0.037500000000000006,-3.677858184146553,-4.9263287527988515,4.0,0.23721797570594916
1757308328.817447,-5.755860328674316,-1.233643651008606,4.640267372131348,164.44,2.8325194219794754,-0.037500000000000006,-0.45891111957489256,-0.20657118961603432,0.0,0.037500000000000006,-3.718645003585813,-4.939352226692033,4.0,0.22877314698591356
1757308328.9654393,-6.065985202789307,-1.3704323768615723,4.566586971282959,162.29,2.8295897344794754,-0.040429687500000006,-0.45614885227571494,-0.2145965039319093,0.0,0.040429687500000006,-3.772820606529707,-4.956825882854166,4.0,0.25685591080603754
1757308329.124253,-6.065985202789307,-1.3704323768615723,4.566586971282959,162.29,2.80297761154996,-0.0412109375,-0.4511761091972191,-0.22410559779501804,0.0,0.0412109375,-3.8186428023082746,-4.9729635154743725,4.0,0.24603090776252934
1757308329.267431,-6.065985202789307,-1.3704323768615723,4.566586971282959,162.29,2.7916745305615973,-0.040820312500000004,-0.4493703765958295,-0.22711893274070405,0.0,0.040820312500000004,-3.859794769534407,-4.987981337887687,4.0,0.2372085992085129
1757308329.42692,-6.065985202789307,-1.3704323768615723,4.566586971282959,162.29,2.7942135930615977,-0.03828125,-0.4506419202195474,-0.22405400149626084,0.0,0.03828125,-3.8994210515969807,-5.002328475469796,4.0,0.2290270148483753
1757308329.5717955,-6.065985202789307,-1.3704323768615723,4.566586971282959,162.29,2.7977292180615976,-0.034765625,-0.45207325121296005,-0.2206631207215543,0.0,0.034765625,-3.9378006754768013,-5.016071824039702,4.0,0.22135717052153936
1757308329.7161312,-6.421302318572998,-1.5237860679626465,4.521366596221924,160.1,2.794267635459204,-0.0361328125,-0.44713966025758795,-0.23373784464040306,0.0,0.0361328125,-3.99170194100789,-5.035584083927677,4.0,0.2703259008652301
1757308329.870704,-6.421302318572998,-1.5237860679626465,4.521366596221924,160.1,2.7764860566636624,-0.035937500000000004,-0.4439654157445614,-0.2388979743855175,0.0,0.035937500000000004,-4.039133481208736,-5.053714516269347,4.0,0.2585353373988042
1757308330.0430155,-6.421302318572998,-1.5237860679626465,4.521366596221924,160.1,2.7567721324429213,-0.037500000000000006,-0.4400080619794464,-0.24553365997668278,0.0,0.037500000000000006,-4.080047247526542,-5.070285127150649,4.0,0.24960361498836026
1757308330.1730313,-6.421302318572998,-1.5237860679626465,4.521366596221924,160.1,2.7587252574429213,-0.035546875,-0.4412558572185558,-0.2427641966642976,0.0,0.035546875,-4.119323304810232,-5.086103220510845,4.0,0.2413689859694239
1757308330.3416226,-6.421302318572998,-1.5237860679626465,4.521366596221924,160.1,2.7663424449429215,-0.0279296875,-0.44382929176646935,-0.237524912906637,0.0,0.0279296875,-4.158223517951285,-5.101426620565131,4.0,0.23332464871868996
1757308330.4769206,-6.775612831115723,-1.690147042274475,4.489754676818848,157.3,2.7565353383089475,-0.0298828125,-0.4366410337631754,-0.2538020851784514,0.0,0.0298828125,-4.2112545058173385,-5.122919483470665,4.0,0.2848407500819885
1757308330.626708,-6.775612831115723,-1.690147042274475,4.489754676818848,157.3,2.7246498553950573,-0.027539062500000003,-0.4293785856589841,-0.2652209064740314,0.0,0.027539062500000003,-4.254891573052302,-5.142246805014314,4.0,0.27446235598832747
1757308330.770945,-6.775612831115723,-1.690147042274475,4.489754676818848,157.3,2.7221607258870804,-0.0232421875,-0.4296510787296037,-0.26419420053401005,0.0,0.0232421875,-4.295826014512175,-5.160499118695408,4.0,0.2652885236663458
1757308330.9172657,-6.775612831115723,-1.690147042274475,4.489754676818848,157.3,2.7282154133870806,-0.0171875,-0.432126250185101,-0.25957397674228067,0.0,0.0171875,-4.335975965009818,-5.178110988338503,4.0,0.2564915749365211
1757308331.0781765,-7.102099895477295,-1.8356356620788574,4.48471736907959,153.29,2.7469654133870804,0.0015625,-0.43076493289839496,-0.2661982836183292,0.0,-0.0015625,-4.394524163080536,-5.202494811015033,4.0,0.3204984521972776
1757308331.2215493,-7.102099895477295,-1.8356356620788574,4.48471736907959,153.29,2.7541962403239175,0.0203125,-0.4343071207738158,-0.25908496304233974,0.0,-0.0203125,-4.45169841680534,-5.225822744553533,4.0,0.30325417008159494
1757308331.365602,-7.102099895477295,-1.8356356620788574,4.48471736907959,153.29,2.691430835382108,0.016015625000000002,-0.4182254285924476,-0.28369657233490747,0.0,-0.016015625000000002,-4.492721886946689,-5.245647527604861,4.0,0.29383680575208704
1757308331.5152757,-7.102099895477295,-1.8356356620788574,4.48471736907959,153.29,2.694946460382108,0.01953125,-0.4201716266495523,-0.28023793848839834,0.0,-0.01953125,-4.532426666232347,-5.264663152886807,4.0,0.28502625870773635
1757308331.6830149,-7.102099895477295,-1.8356356620788574,4.48471736907959,153.29,2.679321460382108,0.00390625,-0.41649579530425535,-0.28525544615711584,0.0,-0.00390625,-4.566916229614383,-5.2818486353758844,4.0,0.2782636754855181
1757308331.8223553,-7.435483932495117,-2.042694568634033,4.52095890045166,152.73,2.6720948978821077,-0.0033203125000000003,-0.4104627088638241,-0.2960649118160728,0.0,0.0033203125000000003,-4.615637626258873,-5.306566667148847,4.0,0.31328114852923683
1757308331.9720118,-7.435483932495117,-2.042694568634033,4.52095890045166,152.73,2.613601168897407,-0.024804687500000002,-0.39334518177064365,-0.31802400245606294,0.0,0.024804687500000002,-4.6498235435893855,-5.32650465115802,4.0,0.3061946612298687
1757308332.1297789,-7.435483932495117,-2.042694568634033,4.52095890045166,152.73,2.622281991570939,-0.043359375000000006,-0.39696549115326785,-0.31306779188592676,0.0,0.043359375000000006,-4.684059835082324,-5.34607572001714,4.0,0.29914661242635265
1757308332.2747977,-7.435483932495117,-2.042694568634033,4.52095890045166,152.73,2.6129069915709393,-0.052734375,-0.3947334632105138,-0.31554231910950237,0.0,0.052734375,-4.7146937274155505,-5.363970594660561,4.0,0.2934337983850961
1757308332.4244404,-7.435483932495117,-2.042694568634033,4.52095890045166,152.73,2.5933757415709393,-0.072265625,-0.38901283492813604,-0.32234431917484074,0.0,0.072265625,-4.7399191055170276,-5.379374586387605,4.0,0.28946421797844035
1757308332.5695398,-7.695961952209473,-2.2726731300354004,4.538562774658203,155.56,2.602941789634102,-0.07421875,-0.3935240415826945,-0.3161894727846394,0.0,0.07421875,-4.780427122201977,-5.403582063813532,4.0,0.2781928540680063
1757308332.7293205,-7.695961952209473,-2.2726731300354004,4.538562774658203,155.56,2.629516462819601,-0.07871093750000001,-0.4032053809049728,-0.3030974047271382,0.0,0.07871093750000001,-4.8243382135858335,-5.428263947412623,4.0,0.26661180598168066
1757308332.8748121,-7.695961952209473,-2.2726731300354004,4.538562774658203,155.56,2.638471684402379,-0.0765625,-0.4072668417895484,-0.2969972986291619,0.0,0.0765625,-4.867891387125932,-5.45223395194047,4.0,0.25530141603219203
1757308333.0235999,-7.695961952209473,-2.2726731300354004,4.538562774658203,155.56,2.6380810594023787,-0.07695312500000001,-0.408380984875215,-0.2949231938858402,0.0,0.07695312500000001,-4.9091870199117755,-5.474982513904584,4.0,0.24510305096348173
1757308333.1819878,-7.695961952209473,-2.2726731300354004,4.538562774658203,155.56,2.642182621902379,-0.07285156250000001,-0.41073408265879413,-0.29114340210769196,0.0,0.07285156250000001,-4.949252888258961,-5.496839915278328,4.0,0.2355238331346472
1757308333.3259535,-7.940745830535889,-2.502089500427246,4.559235572814941,153.52,2.645104013075584,-0.068359375,-0.4138850179825784,-0.28569280035281164,0.0,0.068359375,-5.002174667443178,-5.525510389082434,4.0,0.2161919252468305
1757308333.476032,-7.940745830535889,-2.502089500427246,4.559235572814941,153.52,2.6240769437524496,-0.069140625,-0.40938995299699044,-0.2915154232628885,0.0,0.069140625,-5.048148023690429,-5.5516815405097235,4.0,0.20322895915765837
1757308333.6302361,-7.940745830535889,-2.502089500427246,4.559235572814941,153.52,2.607749780161695,-0.0716796875,-0.40587666174389697,-0.2959599693869462,0.0,0.0716796875,-5.088537136404448,-5.575555174039989,4.0,0.19300437416356697
1757308333.7740185,-7.940745830535889,-2.502089500427246,4.559235572814941,153.52,2.613999780161695,-0.0654296875,-0.4089504781118915,-0.29130312746104015,0.0,0.0654296875,-5.128153291566615,-5.598639035043401,4.0,0.18321596509158944
1757308333.9298277,-8.214635848999023,-2.7265684604644775,4.562682628631592,152.08,2.613804467661695,-0.065625,-0.40692974580331154,-0.29475177502473443,0.0,0.065625,-5.1808543580721125,-5.6293611073287515,4.0,0.1988135568729419
1757308334.074423,-8.214635848999023,-2.7265684604644775,4.562682628631592,152.08,2.5973899988505265,-0.072265625,-0.403834044504094,-0.2984216689472358,0.0,0.072265625,-5.227594326958833,-5.657646118272166,4.0,0.1849293053158707
1757308334.221531,-8.214635848999023,-2.7265684604644775,4.562682628631592,152.08,2.5769529764329766,-0.07734375,-0.3990742013657052,-0.30436558260066277,0.0,0.07734375,-5.267930280359024,-5.683196194351193,4.0,0.17429290599522673
1757308334.3774238,-8.214635848999023,-2.7265684604644775,4.562682628631592,152.08,2.5910154764329763,-0.06328125,-0.40473728649921853,-0.2964064670142443,0.0,0.06328125,-5.30902459668319,-5.7084239799950085,4.0,0.16341675657615085
1757308334.5328193,-8.214635848999023,-2.7265684604644775,4.562682628631592,152.08,2.6113279764329764,-0.04296875,-0.4121522345171578,-0.28560347854964024,0.0,0.04296875,-5.352092901624254,-5.733673747465493,4.0,0.15172666883002872
1757308334.6677103,-8.461051940917969,-2.892091989517212,4.550307273864746,147.83,2.6226561014329763,-0.031640625,-0.41029351757168103,-0.2897888782843439,0.0,0.031640625,-5.408116626546605,-5.7656717323636935,4.0,0.19259759245189478
1757308334.828915,-8.461051940917969,-2.892091989517212,4.550307273864746,147.83,2.5924868718694856,-0.028125,-0.4032188675227022,-0.29900426044061074,0.0,0.028125,-5.455216088944331,-5.794490741068804,4.0,0.1783929544764371
1757308334.967534,-8.461051940917969,-2.892091989517212,4.550307273864746,147.83,2.5598077332232174,-0.0203125,-0.39458176617622814,-0.30997015911649284,0.0,0.0203125,-5.493498360049113,-5.819669853198429,4.0,0.1685832609225706
1757308335.1207895,-8.461051940917969,-2.892091989517212,4.550307273864746,147.83,2.5687921082232177,-0.011328125000000001,-0.3986562769872181,-0.30438823331158366,0.0,0.011328125000000001,-5.53161746741191,-5.8442538867736245,4.0,0.15894772775257415
1757308335.2787328,-8.461051940917969,-2.892091989517212,4.550307273864746,147.83,2.5707452332232177,-0.009375000000000001,-0.40044916911161654,-0.30174168047201433,0.0,0.009375000000000001,-5.568210427774257,-5.867752597000117,4.0,0.15007085133412357
1757308335.43967,-8.776266098022461,-3.131951093673706,4.548669815063477,144.49,2.5556605796836585,-0.01171875,-0.38886725315735365,-0.3182721984191624,0.0,0.01171875,-5.616540408403799,-5.899828239510352,4.0,0.2005964252806942
1757308335.5751934,-8.776266098022461,-3.131951093673706,4.548669815063477,144.49,2.5235922675177753,-0.008007812500000001,-0.38005154683860687,-0.3283416256277396,0.0,0.008007812500000001,-5.656133865345931,-5.927975012527373,4.0,0.18962706027503629
1757308335.727999,-8.776266098022461,-3.131951093673706,4.548669815063477,144.49,2.523388736206607,0.0015625,-0.3814201187747027,-0.32640068436465186,0.0,-0.0015625,-5.693708314243328,-5.954697997822744,4.0,0.179720394382894
1757308335.883075,-8.776266098022461,-3.131951093673706,4.548669815063477,144.49,2.524169986206607,0.0023437500000000003,-0.38298143910469334,-0.324262614692299,0.0,-0.0023437500000000003,-5.729554021615392,-5.980149354534726,4.0,0.17069392424047436
1757308336.0342703,-8.823016166687012,-3.1693809032440186,4.55171537399292,144.49,2.518310611206607,-0.003515625,-0.38105304768395143,-0.3265314645179406,0.0,0.003515625,-5.764920665415963,-6.005573566486662,4.0,0.17084366980178523
1757308336.1843395,-9.061711311340332,-3.3824000358581543,4.620138645172119,142.9,2.5004125737734304,-0.014257812500000001,-0.37083059386392314,-0.3390834412849119,0.0,0.014257812500000001,-5.80791476129343,-6.037663486347488,4.0,0.19971617857702828
1757308336.3154762,-9.061711311340332,-3.3824000358581543,4.620138645172119,142.9,2.4721506456235014,-0.020703125000000003,-0.36257331352386385,-0.34756603826716725,0.0,0.020703125000000003,-5.843351451771477,-6.065706182045886,4.0,0.1902233902087982
1757308336.4659212,-9.061711311340332,-3.3824000358581543,4.620138645172119,142.9,2.464778626099897,-0.029296875,-0.3612523903130753,-0.34867213465788366,0.0,0.029296875,-5.875639585175599,-6.091646646415933,4.0,0.18223268614805033
1757308336.633837,-9.061711311340332,-3.3824000358581543,4.620138645172119,142.9,2.450325501099897,-0.043750000000000004,-0.3571593801047142,-0.35266765686283624,0.0,0.043750000000000004,-5.903663941193116,-6.114835922392584,4.0,0.17605903527655364
1757308336.7700295,-9.319512367248535,-3.6558895111083984,4.650720119476318,144.99,2.4378255010998973,-0.05625,-0.34934409950495726,-0.36108580921618155,0.0,0.05625,-5.942284052402338,-6.14761469031831,4.0,0.19694715946097574
1757308336.92555,-9.319512367248535,-3.6558895111083984,4.650720119476318,144.99,2.433520252257475,-0.0671875,-0.34947444724088206,-0.36061476013481,0.0,0.0671875,-5.978170433501165,-6.1783399824022265,4.0,0.18656449829082078
1757308337.0751595,-9.319512367248535,-3.6558895111083984,4.650720119476318,144.99,2.4545763199665784,-0.07597656250000001,-0.35877787849958037,-0.35099679956476004,0.0,0.07597656250000001,-6.016190038142892,-6.209528693379363,4.0,0.1752857965889536
1757308337.2185943,-9.319512367248535,-3.6558895111083984,4.650720119476318,144.99,2.4547716324665787,-0.07578125000000001,-0.3604669241027529,-0.3489505151124982,0.0,0.07578125000000001,-6.052345177914914,-6.239176111845428,4.0,0.16506315733694876
1757308337.364204,-9.319512367248535,-3.6558895111083984,4.650720119476318,144.99,2.4567247574665787,-0.07382812500000001,-0.3626365156008579,-0.3464230451806983,0.0,0.07382812500000001,-6.087055214688535,-6.2675253411456495,4.0,0.15564928162503477
1757308337.5164657,-9.604382514953613,-3.872746229171753,4.583852767944336,142.96,2.4657091324665785,-0.06484375,-0.352955156625647,-0.3590875281227109,0.0,0.06484375,-6.135655586860625,-6.306496791047825,4.0,0.2373586465048616
1757308337.6680806,-9.604382514953613,-3.872746229171753,4.583852767944336,142.96,2.4900442635885867,-0.037890625000000004,-0.36446248549238425,-0.3466240761303715,0.0,0.037890625000000004,-6.1866352704916086,-6.345376472339031,4.0,0.2183997613375972
1757308337.821325,-9.604382514953613,-3.872746229171753,4.583852767944336,142.96,2.4755914486510937,-0.01953125,-0.3618198945235986,-0.34879450168763076,0.0,0.01953125,-6.232227356220097,-6.3812011827015755,4.0,0.2028296025964904
1757308337.9794633,-9.604382514953613,-3.872746229171753,4.583852767944336,142.96,2.4865289486510935,-0.00859375,-0.36793734501939535,-0.3417908615173408,0.0,0.00859375,-6.2776657695722315,-6.416108126817616,4.0,0.18756899004633265
1757308338.1184494,-9.604382514953613,-3.872746229171753,4.583852767944336,142.96,2.5041070736510935,0.008984375000000001,-0.3762217785484411,-0.3321200420372945,0.0,-0.008984375000000001,-6.32425749330428,-6.45061595337964,4.0,0.17188596112569687
1757308338.2732956,-9.916027069091797,-4.070771217346191,4.539814472198486,136.26,2.5084039486510936,0.013281250000000001,-0.36112702757001774,-0.3530046637368617,0.0,-0.013281250000000001,-6.384205992232326,-6.494618749510478,4.0,0.2835495769428995
1757308338.41546,-9.916027069091797,-4.070771217346191,4.539814472198486,136.26,2.4957878000759646,0.022656250000000003,-0.35982824329210533,-0.3533082628672879,0.0,-0.022656250000000003,-6.438583559784648,-6.535598001857945,4.0,0.26239186819665417
1757308338.5812023,-9.916027069091797,-4.070771217346191,4.539814472198486,136.26,2.421012963633827,0.028515625000000003,-0.33426795301693146,-0.37710755758799686,0.0,-0.028515625000000003,-6.475654631934123,-6.568149889259814,4.0,0.2512424933521826
1757308338.73098,-9.916027069091797,-4.070771217346191,4.539814472198486,136.26,2.3883418887674734,0.01015625,-0.3230317549272648,-0.3864809962603738,0.0,-0.01015625,-6.504884620085178,-6.595558467355202,4.0,0.24387128282926795
1757308338.8975558,-9.969069480895996,-4.1027960777282715,4.5448431968688965,135.61,2.3692012637674735,-0.008984375000000001,-0.3124911372735528,-0.3957585625599541,0.0,0.008984375000000001,-6.531443905797405,-6.621435684879106,4.0,0.2615507817320246
1757308339.0193806,-10.253121376037598,-4.339022636413574,4.567831039428711,136.92,2.3406691236295103,-0.026171875,-0.2841766629699908,-0.4208926104718973,0.0,0.026171875,-6.564564465302697,-6.6556009656595,4.0,0.35568447425453886
1757308339.1753685,-10.253121376037598,-4.339022636413574,4.567831039428711,136.92,2.338599539991875,-0.0390625,-0.2849201353592012,-0.41992054320696115,0.0,0.0390625,-6.595655455648995,-6.6878057570738365,4.0,0.34670439605715675
1757308339.322435,-10.253121376037598,-4.339022636413574,4.567831039428711,136.92,2.3346266868306356,-0.055078125000000006,-0.2846578650386128,-0.4197003882278,0.0,0.055078125000000006,-6.624484194100252,-6.717905653849794,4.0,0.33890449408426804
1757308339.4782867,-10.253121376037598,-4.339022636413574,4.567831039428711,136.92,2.326032936830636,-0.063671875,-0.2822078875220606,-0.42103222221480413,0.0,0.063671875,-6.650367272708581,-6.745399140962915,4.0,0.33249177849204603
1757308339.614036,-10.439351081848145,-4.571706295013428,4.557606220245361,139.25,2.3229079368306356,-0.066796875,-0.2764133845660017,-0.42610089061416534,0.0,0.066796875,-6.684568470791333,-6.78195651842189,4.0,0.35701715699763703
1757308339.7685914,-10.439351081848145,-4.571706295013428,4.557606220245361,139.25,2.3632043404925316,-0.0587890625,-0.2958297831745169,-0.41210948794920804,0.0,0.0587890625,-6.724503190847426,-6.821335253921064,4.0,0.34291668191186275
1757308339.9208684,-10.439351081848145,-4.571706295013428,4.557606220245361,139.25,2.3784178584021043,-0.051953125,-0.30454386186957816,-0.4049697361994139,0.0,0.051953125,-6.765315669794918,-6.860372901903204,4.0,0.32857147873446557
1757308340.0646958,-10.439351081848145,-4.571706295013428,4.557606220245361,139.25,2.379980358402104,-0.050390625,-0.30744436872927133,-0.4021147301541557,0.0,0.050390625,-6.80438247858624,-6.897624078725241,4.0,0.3154246932702547
1757308340.227089,-10.439351081848145,-4.571706295013428,4.557606220245361,139.25,2.392480358402104,-0.037890625000000004,-0.31468476860735606,-0.39583362907156544,0.0,0.037890625000000004,-6.843850916783513,-6.93432734672342,4.0,0.3022784278755166
1757308340.3684614,-10.613626480102539,-4.833234786987305,4.592290878295898,135.78,2.3957882651697244,-0.028125,-0.3171712782505323,-0.3935144126012573,0.0,0.028125,-6.893187781572415,-6.9799042520621235,4.0,0.2953293123816634
1757308340.5292516,-10.613626480102539,-4.833234786987305,4.592290878295898,135.78,2.3762405775473883,-0.028125,-0.31223485830280123,-0.3967075952791824,0.0,0.028125,-6.936303151163991,-7.021324780627055,4.0,0.2790705399446374
1757308340.6674833,-10.613626480102539,-4.833234786987305,4.592290878295898,135.78,2.352400201846262,-0.0291015625,-0.30486771173106453,-0.40187607997379804,0.0,0.0291015625,-6.972837925037532,-7.058137858736133,4.0,0.2667944620487308
1757308340.8281455,-10.613626480102539,-4.833234786987305,4.592290878295898,135.78,2.340315870857901,-0.029492187500000003,-0.3017855685508372,-0.40379052952847827,0.0,0.029492187500000003,-7.005373059124981,-7.091722979425531,4.0,0.2567900659275102
1757308340.9653695,-10.613626480102539,-4.833234786987305,4.592290878295898,135.78,2.3307455583579006,-0.0390625,-0.2994032185383699,-0.4052386230441362,0.0,0.0390625,-7.034600981678521,-7.122477726478375,4.0,0.24853583654169142
1757308341.1142063,-10.79746150970459,-5.166508197784424,4.6177897453308105,134.7,2.3213705583579007,-0.0484375,-0.2997107724615869,-0.4041852967577586,0.0,0.0484375,-7.073345225341036,-7.16401895674473,4.0,0.2260018139636406
1757308341.276668,-10.79746150970459,-5.166508197784424,4.6177897453308105,134.7,2.298415253015151,-0.055859375,-0.2924476362814543,-0.4090938656058882,0.0,0.055859375,-7.106108520367501,-7.200805251882037,4.0,0.21478960283880522
1757308341.429422,-10.79746150970459,-5.166508197784424,4.6177897453308105,134.7,2.287872564936362,-0.06308593750000001,-0.28985683646783617,-0.41063860084342096,0.0,0.06308593750000001,-7.135438161371416,-7.234443700420473,4.0,0.20556443855042072
1757308341.5765352,-10.79746150970459,-5.166508197784424,4.6177897453308105,134.7,2.2837710024363616,-0.0671875,-0.2896855377916664,-0.4105136260658543,0.0,0.0671875,-7.162617239099089,-7.265874981878526,4.0,0.19755092473114022
1757308341.7247458,-10.958337783813477,-5.449289798736572,4.635053634643555,134.79,2.2837710024363616,-0.0671875,-0.2904019729870951,-0.4098941143259533,0.0,0.0671875,-7.198874251535529,-7.3078044532953434,4.0,0.1937623647194755
1757308341.8748755,-10.996075630187988,-5.508760929107666,4.624903678894043,134.15,2.288566509715949,-0.06640625,-0.29370273966875204,-0.4073281287421997,0.0,0.06640625,-7.236438231563464,-7.350826636441565,4.0,0.18665492240185877
1757308342.029362,-10.996075630187988,-5.508760929107666,4.624903678894043,134.15,2.276124816550393,-0.065234375,-0.29098908515884264,-0.40892697101453246,0.0,0.065234375,-7.269979354097784,-7.390220121334729,4.0,0.17416843822922434
1757308342.1834788,-10.996075630187988,-5.508760929107666,4.624903678894043,134.15,2.284718566550393,-0.056640625,-0.29678207869906376,-0.40442759930508576,0.0,0.056640625,-7.303304062652317,-7.428684798565709,4.0,0.16205111868110134
1757308342.3161168,-10.996075630187988,-5.508760929107666,4.624903678894043,134.15,2.290968566550393,-0.050390625,-0.3014740724731061,-0.40066080794206954,0.0,0.050390625,-7.336023991575828,-7.465977877824132,4.0,0.15050312391769616
1757308342.4638567,-11.258902549743652,-5.784821510314941,4.645966053009033,131.29,2.292140441550393,-0.049218750000000006,-0.283690085371373,-0.41636008925416657,0.0,0.049218750000000006,-7.379881982192825,-7.515847741295982,4.0,0.2477349700548368
1757308342.6252713,-11.258902549743652,-5.784821510314941,4.645966053009033,131.29,2.2713586177192813,-0.042773437500000004,-0.2780224374662646,-0.41959706096791866,0.0,0.042773437500000004,-7.417828097676001,-7.560847579421789,4.0,0.2317988544440448
1757308342.7779787,-11.258902549743652,-5.784821510314941,4.645966053009033,131.29,2.261364649943355,-0.030078125,-0.2763971424733415,-0.4202211555795953,0.0,0.030078125,-7.452147045580684,-7.602381259538169,4.0,0.21840146388077386
1757308342.915549,-11.258902549743652,-5.784821510314941,4.645966053009033,131.29,2.2670287124433552,-0.0244140625,-0.2812057814146823,-0.41661528684099103,0.0,0.0244140625,-7.485715752291433,-7.64254154753912,4.0,0.20571781568520642
1757308343.0757008,-11.258902549743652,-5.784821510314941,4.645966053009033,131.29,2.2746458999433554,-0.016796875,-0.2866981537851331,-0.4124857505070709,0.0,0.016796875,-7.518901975472912,-7.6816351930512665,4.0,0.19350765380977997
1757308343.2782288,-11.527645111083984,-5.985943794250488,4.629507064819336,126.74,2.289099024943355,-0.0023437500000000003,-0.26659497111384123,-0.43105529777003204,0.0,0.0023437500000000003,-7.563701280595599,-7.732888908690134,4.0,0.3318203937988331
1757308343.3958995,-11.527645111083984,-5.985943794250488,4.629507064819336,126.74,2.2914427749433552,0.0,-0.2712020245543648,-0.427269913141009,0.0,-0.0,-7.606694199367342,-7.78184395059193,4.0,0.31266894435902426
1757308343.5373647,-11.527645111083984,-5.985943794250488,4.629507064819336,126.74,2.2835389378329847,0.0011718750000000002,-0.27092812835820973,-0.42671068852138616,0.0,-0.0011718750000000002,-7.646099779230463,-7.827435967333133,4.0,0.29621782347665704
1757308343.6701558,-11.527645111083984,-5.985943794250488,4.629507064819336,126.74,2.251969180431061,-0.0068359375,-0.2595917770890899,-0.43321168675233745,0.0,0.0068359375,-7.678016097576063,-7.866809516164088,4.0,0.28454191314678745
1757308343.8231616,-11.527645111083984,-5.985943794250488,4.629507064819336,126.74,2.2102931060211604,-0.017968750000000002,-0.24273628748563425,-0.44259556555061674,0.0,0.017968750000000002,-7.701536474771285,-7.898433045215251,4.0,0.2774668241755398
1757308343.9669104,-11.748900413513184,-6.312686920166016,4.596738338470459,127.35,2.178943550099622,-0.030468750000000003,-0.21684828224491742,-0.4582679793860141,0.0,0.030468750000000003,-7.730418627420004,-7.939920579968603,4.0,0.3354452192084212
1757308344.114131,-11.748900413513184,-6.312686920166016,4.596738338470459,127.35,2.1800488994540093,-0.033203125,-0.21950470844993952,-0.45652771275337484,0.0,0.033203125,-7.758033914434325,-7.979494976197331,4.0,0.32495832455306317
1757308344.2636106,-11.748900413513184,-6.312686920166016,4.596738338470459,127.35,2.1800488994540093,-0.033203125,-0.22144958018186378,-0.4551705678263187,0.0,0.033203125,-7.784268437097929,-8.017090652614622,4.0,0.3154720241937685
1757308344.4168892,-11.748900413513184,-6.312686920166016,4.596738338470459,127.35,2.1800488994540093,-0.033203125,-0.22320850452219904,-0.45394317827338415,0.0,0.033203125,-7.809191233628354,-8.052806545211048,4.0,0.3068927002580013
1757308344.56503,-11.879270553588867,-6.694422245025635,4.543034553527832,129.65,2.1800488994540093,-0.033203125,-0.22995904947349174,-0.44923260138282134,0.0,0.033203125,-7.843959813584154,-8.102632047975785,4.0,0.27396626303042915
1757308344.7307167,-11.879270553588867,-6.694422245025635,4.543034553527832,129.65,2.171272320202015,-0.040234375,-0.22895436834754868,-0.44921541888155003,0.0,0.040234375,-7.875551663375496,-8.148762593581443,4.0,0.2596796594683992
1757308344.8662,-11.879270553588867,-6.694422245025635,4.543034553527832,129.65,2.1727267354068016,-0.04296875,-0.23230308689825574,-0.44703013030777405,0.0,0.04296875,-7.905797454207893,-8.192790125310381,4.0,0.24659802385076812
1757308345.014156,-11.879270553588867,-6.694422245025635,4.543034553527832,129.65,2.172074272261189,-0.0474609375,-0.23443945735250474,-0.44551589893938415,0.0,0.0474609375,-7.934427554100321,-8.23452408083759,4.0,0.2348199436676346
1757308345.1635146,-11.879270553588867,-6.694422245025635,4.543034553527832,129.65,2.1574424274147783,-0.065234375,-0.22984435799618108,-0.4476031945864939,0.0,0.065234375,-7.9593701034123985,-8.272048091660267,4.0,0.22546125899449265
1757308345.3165798,-11.987399101257324,-6.991271018981934,4.386765956878662,127.67,2.1574424274147783,-0.065234375,-0.23283113856052318,-0.44561785453682523,0.0,0.065234375,-7.9915648628652205,-8.320482455246198,4.0,0.21111556514450402
1757308345.464097,-11.987399101257324,-6.991271018981934,4.386765956878662,127.67,2.1453912042179697,-0.080078125,-0.23015714490746816,-0.4466347255800048,0.0,0.080078125,-8.020260252084645,-8.364801685620023,4.0,0.1981873637095335
1757308345.613657,-11.987399101257324,-6.991271018981934,4.386765956878662,127.67,2.153245185851944,-0.080078125,-0.23625952366693354,-0.44309967779856624,0.0,0.080078125,-8.048730435624192,-8.408025160586059,4.0,0.18572612044705128
1757308345.7655883,-11.987399101257324,-6.991271018981934,4.386765956878662,127.67,2.1692108003442954,-0.079296875,-0.2459508339122638,-0.4374663345210506,0.0,0.079296875,-8.078255239236467,-8.451328617098977,4.0,0.17290952739148757
1757308345.9172974,-11.987399101257324,-6.991271018981934,4.386765956878662,127.67,2.1692108003442954,-0.079296875,-0.24834707888630075,-0.43583254664445836,0.0,0.079296875,-8.10630380266813,-8.492466900786248,4.0,0.1613086634227674
1757308346.0812912,-12.120113372802734,-7.242857456207275,4.321446418762207,125.34,2.1692108003442954,-0.079296875,-0.2431874035981676,-0.43935047366120356,0.0,0.079296875,-8.140910696759319,-8.543224160783799,4.0,0.1862880339750026
1757308346.2256806,-12.120113372802734,-7.242857456207275,4.321446418762207,125.34,2.169759365615904,-0.07578125000000001,-0.2467229101003154,-0.43696810540802467,0.0,0.07578125000000001,-8.173875855987296,-8.591516581933867,4.0,0.170332358041418
1757308346.3646812,-12.120113372802734,-7.242857456207275,4.321446418762207,125.34,2.169759365615904,-0.07578125000000001,-0.24970708292775284,-0.434931062533024,0.0,0.07578125000000001,-8.205192757253874,-8.637394382026432,4.0,0.15587977009954024
1757308346.5136154,-12.120113372802734,-7.242857456207275,4.321446418762207,125.34,2.169759365615904,-0.07578125000000001,-0.2524092364027173,-0.43308653046278817,0.0,0.07578125000000001,-8.234943813457123,-8.68097829211437,4.0,0.14279302446258946
1757308346.6666055,-12.120113372802734,-7.242857456207275,4.321446418762207,125.34,2.166310266261517,-0.075390625,-0.2532983074709834,-0.4323389853043761,0.0,0.075390625,-8.262675330537851,-8.721906120404872,4.0,0.13127258855876445
1757308346.8141394,-12.25987434387207,-7.607476234436035,4.3272857666015625,121.63,2.1453995780603914,-0.0734375,-0.24412832665821294,-0.43758912738805494,0.0,0.0734375,-8.29629155523469,-8.773824491315178,4.0,0.13162882876807824
1757308346.9636598,-12.25987434387207,-7.607476234436035,4.3272857666015625,121.63,2.1452707912060034,-0.0697265625,-0.24749559906306234,-0.43540445016407175,0.0,0.0697265625,-8.328206756241418,-8.823129643931688,4.0,0.1153156903989565
1757308347.1208894,-12.25987434387207,-7.607476234436035,4.3272857666015625,121.63,2.1452707912060034,-0.0697265625,-0.2505971181869253,-0.43339683836264004,0.0,0.0697265625,-8.35852619719781,-8.869969538917372,4.0,0.1005373678847139
1757308347.2649837,-12.25987434387207,-7.607476234436035,4.3272857666015625,121.63,2.153253792241246,-0.048828125,-0.25701233120334915,-0.42943056337211266,0.0,0.048828125,-8.388552752285396,-8.91555504542986,4.0,0.08634323585968584
1757308347.4248338,-12.359602928161621,-7.778110504150391,4.396467208862305,120.78,2.153253792241246,-0.048828125,-0.2515062779628412,-0.4330573259900952,0.0,0.048828125,-8.422506077703922,-8.967102068805403,4.0,0.11271595794126199
1757308347.5738096,-12.462213516235352,-7.950032711029053,4.480057239532471,119.84,2.1015588610750338,-0.042578125,-0.2208010535138246,-0.45016566006775993,0.0,0.042578125,-8.452060595059315,-9.017455473968209,4.0,0.14978527228305616
1757308347.7270398,-12.462213516235352,-7.950032711029053,4.480057239532471,119.84,2.0657879077359453,-0.044140625,-0.20697329986955335,-0.45647173008414815,0.0,0.044140625,-8.47499516818167,-9.05994130232602,4.0,0.13881713006152907
1757308347.8954709,-12.462213516235352,-7.950032711029053,4.480057239532471,119.84,2.050765592920788,-0.0458984375,-0.20201153841776676,-0.45853055923838465,0.0,0.0458984375,-8.494772156652207,-9.097932198478356,4.0,0.13016515105840742
1757308348.0165558,-12.462213516235352,-7.950032711029053,4.480057239532471,119.84,2.0564463255900045,-0.03515625,-0.2064421010157864,-0.45641019791912246,0.0,0.03515625,-8.514301564947054,-9.13493278654791,4.0,0.12189240083842634
1757308348.1706095,-12.718977928161621,-8.25997543334961,4.531851768493652,117.35,2.0658213255900044,-0.025781250000000002,-0.17645581737694038,-0.47294822174936346,0.0,0.025781250000000002,-8.54345850873846,-9.188941111705855,4.0,0.277609104808878
1757308348.3143978,-12.718977928161621,-8.25997543334961,4.531851768493652,117.35,2.062891793121258,-0.012304687500000001,-0.1784200250558432,-0.47166698988689837,0.0,0.012304687500000001,-8.570722236021808,-9.239798418708348,4.0,0.2624028868711683
1757308348.480314,-12.718977928161621,-8.25997543334961,4.531851768493652,117.35,2.0454095022153456,-0.0027343750000000003,-0.17281900853797172,-0.473341298382532,0.0,0.0027343750000000003,-8.594125078685206,-9.285348464183386,4.0,0.2503883213413509
1757308348.6343873,-12.718977928161621,-8.25997543334961,4.531851768493652,117.35,2.0536126272153457,0.0054687500000000005,-0.17927436544666756,-0.47055617923541815,0.0,-0.0054687500000000005,-8.617499117770057,-9.329938753333037,4.0,0.23874391042923904
1757308348.7698636,-12.718977928161621,-8.25997543334961,4.531851768493652,117.35,2.054784502215346,0.006640625000000001,-0.18218096274156664,-0.46910761669619083,0.0,-0.006640625000000001,-8.639866651618657,-9.372487615302173,4.0,0.22810030172095352
1757308348.9366488,-12.973577499389648,-8.516473770141602,4.54231071472168,113.91,2.062597002215346,0.014453125,-0.14818177794317428,-0.4878438061097192,0.0,-0.014453125,-8.670368745219534,-9.42942601945868,4.0,0.39898708698939256
1757308349.0713525,-12.973577499389648,-8.516473770141602,4.54231071472168,113.91,2.038004529931442,0.01953125,-0.13926559716204936,-0.4897637977477363,0.0,-0.01953125,-8.695659242662423,-9.479559950099418,4.0,0.38498798188385575
1757308349.2307837,-12.973577499389648,-8.516473770141602,4.54231071472168,113.91,2.002948300946741,0.014843750000000001,-0.12413954933676409,-0.4933637743735264,0.0,-0.014843750000000001,-8.714865690851408,-9.521201913705156,4.0,0.37562623068421086
1757308349.3674695,-12.973577499389648,-8.516473770141602,4.54231071472168,113.91,1.9935733009467407,0.0054687500000000005,-0.12126475789791138,-0.49371590053171194,0.0,-0.0054687500000000005,-8.73191468115413,-9.559096350891497,4.0,0.36792459979464986
1757308349.5473247,-12.973577499389648,-8.516473770141602,4.54231071472168,113.91,1.9859561134467407,-0.0021484375,-0.11896381197140425,-0.49398028892125767,0.0,0.0021484375,-8.747176158460848,-9.59372018418044,4.0,0.361528187592544
1757308349.6746466,-13.149951934814453,-8.822444915771484,4.570733547210693,113.85,1.9734561909623676,-0.0064453125000000005,-0.0904632768117338,-0.5049340902748642,0.0,0.0064453125000000005,-8.767077347076453,-9.640444038674312,4.0,0.458554947167225
1757308349.8136587,-13.149951934814453,-8.822444915771484,4.570733547210693,113.85,1.9655397930883647,-0.015234375000000001,-0.08864999326430864,-0.5047233729840523,0.0,0.015234375000000001,-8.784968321730622,-9.683388141848917,4.0,0.4490791385430537
1757308349.9699457,-13.149951934814453,-8.822444915771484,4.570733547210693,113.85,1.969479228395544,-0.017578125,-0.09268945576856084,-0.503505910304729,0.0,0.017578125,-8.802458617046968,-9.724908963930451,4.0,0.44017336443661925
1757308350.115308,-13.149951934814453,-8.822444915771484,4.570733547210693,113.85,1.971237040895544,-0.0158203125,-0.09546166723191857,-0.5025432894159151,0.0,0.0158203125,-8.819292957319881,-9.764677050105274,4.0,0.4319756964953614
1757308350.2759824,-13.192676544189453,-9.043045997619629,4.581315994262695,113.71,1.979244853395544,-0.0078125,-0.10227697419234569,-0.5005534765201862,0.0,0.0078125,-8.84063729813005,-9.813995298533039,4.0,0.4197973283647496
1757308350.4281015,-13.192676544189453,-9.043045997619629,4.581315994262695,113.71,2.0005546179547182,0.0054687500000000005,-0.1160265524326544,-0.49683650066120255,0.0,-0.0054687500000000005,-8.863812216959241,-9.864559290171764,4.0,0.4061264681584129
1757308350.5859814,-13.192676544189453,-9.043045997619629,4.581315994262695,113.71,1.9994576424427521,0.014843750000000001,-0.11827021232960815,-0.4956890176596034,0.0,-0.014843750000000001,-8.885678150265711,-9.912405786840452,4.0,0.3938618103413045
1757308350.7245853,-13.192676544189453,-9.043045997619629,4.581315994262695,113.71,1.9986763924427522,0.0140625,-0.12039048378333816,-0.4946376708969154,0.0,-0.0140625,-8.906345911521232,-9.957724091834157,4.0,0.38283770046141186
1757308350.868852,-13.192676544189453,-9.043045997619629,4.581315994262695,113.71,1.9955513924427521,0.010937500000000001,-0.121052038605337,-0.4940128762194884,0.0,-0.010937500000000001,-8.925570000953577,-10.000228173327667,4.0,0.3731448602601306
1757308351.018007,-13.221880912780762,-9.347314834594727,4.609860897064209,112.37,1.9838326424427521,-0.00078125,-0.1248177336682346,-0.4912065177496901,0.0,0.00078125,-8.948178375078554,-10.051816506352417,4.0,0.3313803788482579
1757308351.171744,-13.221880912780762,-9.347314834594727,4.609860897064209,112.37,1.9413545384580508,-0.012890625000000001,-0.10593011615491058,-0.49525411488236043,0.0,0.012890625000000001,-8.964311106765608,-10.093341612586684,4.0,0.32243642018861607
1757308351.3242888,-13.221880912780762,-9.347314834594727,4.609860897064209,112.37,1.9413046054660281,-0.019921875000000002,-0.10778919999920568,-0.49452764004994404,0.0,0.019921875000000002,-8.97963140015689,-10.132781364115145,4.0,0.31435262772461847
1757308351.4690192,-13.221880912780762,-9.347314834594727,4.609860897064209,112.37,1.9405233554660282,-0.020703125000000003,-0.10909249076446624,-0.49395686795545596,0.0,0.020703125000000003,-8.994096564944135,-10.170106086606737,4.0,0.3071041241418655
1757308351.6181214,-13.221880912780762,-9.347314834594727,4.609860897064209,112.37,1.9393514804660281,-0.021875000000000002,-0.1100217132488093,-0.4935019199969718,0.0,0.021875000000000002,-9.007707407915419,-10.205348905139235,4.0,0.3006372545617264
1757308351.7725594,-13.242971420288086,-9.726301193237305,4.637004852294922,113.39,1.9270467929660282,-0.0341796875,-0.11576742596160008,-0.4904174203639003,0.0,0.0341796875,-9.025636120805412,-10.2535277792321,4.0,0.25016292643497806
1757308351.9204156,-13.242971420288086,-9.726301193237305,4.637004852294922,113.39,1.940423489481983,-0.034765625,-0.1251687041515056,-0.48772017153454844,0.0,0.034765625,-9.044276972754579,-10.301641361507242,4.0,0.23793008118038372
1757308352.0775006,-13.242971420288086,-9.726301193237305,4.637004852294922,113.39,1.9516850888363704,-0.02734375,-0.1334715926893671,-0.4851510512639289,0.0,0.02734375,-9.063361250340222,-10.349299198831774,4.0,0.22578604376822398
1757308352.2353237,-13.242971420288086,-9.726301193237305,4.637004852294922,113.39,1.9548100888363704,-0.02421875,-0.13760205938688566,-0.4836749203877232,0.0,0.02421875,-9.081873310135068,-10.395112703496316,4.0,0.21450427910258085
1757308352.3801818,-13.246638298034668,-9.794251441955566,4.638463973999023,113.04,1.9512944638363703,-0.027734375000000002,-0.1400701455204139,-0.48248798641741103,0.0,0.027734375000000002,-9.100235146269029,-10.441018390799346,4.0,0.19654221747961476
1757308352.5203812,-13.287908554077148,-10.145658493041992,4.621842861175537,110.55,1.95299831145439,-0.019921875000000002,-0.14501368442260126,-0.48059185293381596,0.0,0.019921875000000002,-9.124250422358864,-10.500762603414298,4.0,0.17877350032603445
1757308352.6695688,-13.287908554077148,-10.145658493041992,4.621842861175537,110.55,1.9284141354972815,-0.01640625,-0.1366188449559263,-0.482717334835502,0.0,0.01640625,-9.143937314230294,-10.553445641413772,4.0,0.16398703108631896
1757308352.8245163,-13.287908554077148,-10.145658493041992,4.621842861175537,110.55,1.9146177380797311,-0.014843750000000001,-0.13277785017200594,-0.48354236647551124,0.0,0.014843750000000001,-9.16101010064707,-10.601129354464367,4.0,0.15195671346997663
1757308352.9747612,-13.287908554077148,-10.145658493041992,4.621842861175537,110.55,1.9111021130797312,-0.018359375,-0.13356754497320944,-0.4831243480301557,0.0,0.018359375,-9.176832824898623,-10.645816095173018,4.0,0.14138881029180794
1757308353.1154816,-13.35606575012207,-10.581069946289062,4.622076988220215,109.16,1.9001646130797312,-0.029296875,-0.12381003033492961,-0.48608269572407253,0.0,0.029296875,-9.197702933966625,-10.70687208493504,4.0,0.1602653147211841
1757308353.2684574,-13.35606575012207,-10.581069946289062,4.622076988220215,109.16,1.8728959175990187,-0.029687500000000002,-0.11400724799119324,-0.4881880795596991,0.0,0.029687500000000002,-9.214321412548832,-10.76019826928766,4.0,0.14561613200260837
1757308353.4305723,-13.35606575012207,-10.581069946289062,4.622076988220215,109.16,1.8663342239770102,-0.038867187500000004,-0.11381842235730955,-0.488007124180591,0.0,0.038867187500000004,-9.229392946263795,-10.809701772839558,4.0,0.13300144473908126
1757308353.5688648,-13.35606575012207,-10.581069946289062,4.622076988220215,109.16,1.86184203647701,-0.043359375000000006,-0.11425991647352682,-0.4877242163220714,0.0,0.043359375000000006,-9.24324062254998,-10.855929731736708,4.0,0.12199932455655649
1757308353.7200005,-13.35606575012207,-10.581069946289062,4.622076988220215,109.16,1.8487560989770102,-0.056445312500000004,-0.10999382222265439,-0.48857101298629213,0.0,0.056445312500000004,-9.255097555266465,-10.897482457545522,4.0,0.11315657524690614
1757308353.877714,-13.451071739196777,-11.090143203735352,4.664506912231445,109.97,1.8143810989770102,-0.0908203125,-0.07602772132298424,-0.4963147956880347,0.0,0.0908203125,-9.269556138980613,-10.955661326307533,4.0,0.1836775796191148
1757308354.0195794,-13.451071739196777,-11.090143203735352,4.664506912231445,109.97,1.794106048721027,-0.105859375,-0.06912983274849588,-0.497032011079925,0.0,0.105859375,-9.28126214393148,-11.007207550351497,4.0,0.1706342902931146
1757308354.1656587,-13.451071739196777,-11.090143203735352,4.664506912231445,109.97,1.791429825524218,-0.111328125,-0.07061763443280995,-0.4965831550405567,0.0,0.111328125,-9.292133178012763,-11.055677349744903,4.0,0.1590813710234915
1757308354.32537,-13.451071739196777,-11.090143203735352,4.664506912231445,109.97,1.8076198284181642,-0.11171875,-0.08155341496862807,-0.49467352634008843,0.0,0.11171875,-9.303972572358056,-11.104731701560882,4.0,0.14712482617333578
1757308354.465663,-13.451071739196777,-11.090143203735352,4.664506912231445,109.97,1.8279323284181643,-0.09140625000000001,-0.09466601196450738,-0.4921045907287731,0.0,0.09140625000000001,-9.31720374239484,-11.155048522896474,4.0,0.13437750035463836
1757308354.6226113,-13.620676040649414,-11.49986743927002,4.662926197052002,108.55,1.8702859099853155,-0.06406250000000001,-0.07865156741329267,-0.4990074446387571,0.0,0.06406250000000001,-9.340793578157584,-11.231446148579696,4.0,0.2882914875321845
1757308354.7743986,-13.620676040649414,-11.49986743927002,4.662926197052002,108.55,1.885719784406526,-0.045312500000000006,-0.09311955605968528,-0.4955267663769089,0.0,0.045312500000000006,-9.365277066505218,-11.306603102679103,4.0,0.25978538578475874
1757308354.9155068,-13.620676040649414,-11.49986743927002,4.662926197052002,108.55,1.8547111530398448,-0.039843750000000004,-0.08293678196705694,-0.496650917154909,0.0,0.039843750000000004,-9.384570497544852,-11.372722314173794,4.0,0.23801322026688965
1757308355.0695152,-13.620676040649414,-11.49986743927002,4.662926197052002,108.55,1.8484611530398447,-0.04609375,-0.08439688693931703,-0.49585819650390595,0.0,0.04609375,-9.402160685279977,-11.434436261217781,4.0,0.21902275918832093
1757308355.228588,-13.679398536682129,-11.61911392211914,4.649718284606934,105.66,1.8433830280398447,-0.051171875000000006,-0.07175855822326062,-0.4991091566077733,0.0,0.051171875000000006,-9.4200558656762,-11.498451652341537,4.0,0.2610514397739667
1757308355.375826,-13.77828598022461,-11.855611801147461,4.656586647033691,104.89,1.7976305126572085,-0.046484375,-0.026425870977209234,-0.5070458490110124,0.0,0.046484375,-9.434990514517471,-11.563158027709457,4.0,0.35313044969138385
1757308355.5175433,-13.77828598022461,-11.855611801147461,4.656586647033691,104.89,1.7970821024168522,-0.03359375,-0.03048444212124786,-0.5060618441523735,0.0,0.03359375,-9.449119084225932,-11.624525517964038,4.0,0.3353300778241035
1757308355.67938,-13.77828598022461,-11.855611801147461,4.656586647033691,104.89,1.8095821024168524,-0.02109375,-0.04107379076601532,-0.5046027603133099,0.0,0.02109375,-9.463883763298059,-11.685178150342468,4.0,0.31776726083602824
1757308355.823613,-13.77828598022461,-11.855611801147461,4.656586647033691,104.89,1.8150508524168523,-0.015625,-0.047841995812937355,-0.503371356031535,0.0,0.015625,-9.478499425137477,-11.743821244135052,4.0,0.30123953622036925
1757308355.9686694,-13.816313743591309,-12.13752555847168,4.7497735023498535,100.71,1.8314571024168522,0.00078125,-0.049039125756399474,-0.5044003804876974,0.0,-0.00078125,-9.49780699483956,-11.816207655020353,4.0,0.33044405737942206
1757308356.1257434,-13.816313743591309,-12.13752555847168,4.7497735023498535,100.71,1.7647523396834892,0.00703125,-0.018952674470369482,-0.5058316538265091,0.0,-0.00703125,-9.508867041395336,-11.872514279716828,4.0,0.3155912770008982
1757308356.2701554,-13.816313743591309,-12.13752555847168,4.7497735023498535,100.71,1.771002339683489,0.013281250000000001,-0.025568498588813618,-0.5050022639387814,0.0,-0.013281250000000001,-9.519967487531392,-11.92721661922701,4.0,0.30149055582902307
1757308356.4239433,-13.816313743591309,-12.13752555847168,4.7497735023498535,100.71,1.7803773396834892,0.022656250000000003,-0.03365768685691821,-0.5040265374719746,0.0,-0.022656250000000003,-9.53140568939349,-11.980991710543572,4.0,0.28776630408847215
1757308356.567092,-13.816313743591309,-12.13752555847168,4.7497735023498535,100.71,1.7897523396834891,0.032031250000000004,-0.04164383670377661,-0.5029628802379776,0.0,-0.032031250000000004,-9.543173342486757,-12.033874457341136,4.0,0.27439731872430695
1757308356.7196088,-13.78111457824707,-12.370000839233398,4.829544544219971,97.38,1.7870179646834892,0.029296875,-0.05021745235586099,-0.5008895047061153,0.0,-0.029296875,-9.556448170281044,-12.094309232688463,4.0,0.23365233817278597
1757308356.875245,-13.78111457824707,-12.370000839233398,4.829544544219971,97.38,1.7557930862107538,0.017968750000000002,-0.03766823363239409,-0.5016305784334936,0.0,-0.017968750000000002,-9.5660875993318,-12.145819385602447,4.0,0.2209844535529477
1757308357.0356898,-13.78111457824707,-12.370000839233398,4.829544544219971,97.38,1.7214266150844288,0.006640625000000001,-0.022494906166385165,-0.5023122205987274,0.0,-0.006640625000000001,-9.572496383873158,-12.188043565517287,4.0,0.21254976890164823
1757308357.1748602,-13.78111457824707,-12.370000839233398,4.829544544219971,97.38,1.6814375630920781,-0.0181640625,-0.0035942434117287245,-0.5026767564545878,0.0,0.0181640625,-9.57606028028869,-12.220123305341689,4.0,0.2077244353621479
1757308357.3170962,-13.78111457824707,-12.370000839233398,4.829544544219971,97.38,1.6580000630920781,-0.0416015625,0.007419971218314621,-0.5025558597506672,0.0,0.0416015625,-9.57830528264218,-12.24580235145784,4.0,0.20464400866335009
1757308357.4693367,-13.785380363464355,-12.666674613952637,4.785645961761475,102.13,1.6533581541316367,-0.058984375000000006,0.013901743181066989,-0.502859335613878,0.0,0.058984375000000006,-9.581465409247741,-12.283991223421111,4.0,0.2212969002043419
1757308357.622768,-13.785380363464355,-12.666674613952637,4.785645961761475,102.13,1.6934257499238459,-0.07773437500000001,-0.008545296622888512,-0.5027300057445041,0.0,0.07773437500000001,-9.58693347415846,-12.32835763819864,4.0,0.21205587076022514
1757308357.7777963,-13.785380363464355,-12.666674613952637,4.785645961761475,102.13,1.6952000775618086,-0.0873046875,-0.01154643060699373,-0.502450305278604,0.0,0.0873046875,-9.592248318547869,-12.370859556319155,4.0,0.20355360313487836
1757308357.9554296,-13.785380363464355,-12.666674613952637,4.785645961761475,102.13,1.6869969525618087,-0.09550781250000001,-0.009177817340039036,-0.5023234486512497,0.0,0.09550781250000001,-9.596769771381826,-12.409595010860633,4.0,0.19649241801196382
1757308358.0764635,-13.79410457611084,-12.864374160766602,4.740542888641357,103.34,1.6868016400618087,-0.095703125,-0.005293778153909419,-0.5027664002353178,0.0,0.095703125,-9.602195589048538,-12.456157162375083,4.0,0.211738604613239
1757308358.2328494,-13.773704528808594,-13.078837394714355,4.6929612159729,103.46,1.6830907025618087,-0.09941406250000001,-0.005333765684536716,-0.5025676736634597,0.0,0.09941406250000001,-9.608281551415235,-12.510125666238961,4.0,0.20406727000199432
1757308358.365223,-13.773704528808594,-13.078837394714355,4.6929612159729,103.46,1.6952040319361394,-0.10859375,-0.014789073237018703,-0.5020450041595277,0.0,0.10859375,-9.614989642999204,-12.563767425411072,4.0,0.1904900160638361
1757308358.5168757,-13.773704528808594,-13.078837394714355,4.6929612159729,103.46,1.6960434337393306,-0.110546875,-0.018279558588873736,-0.5016459981260916,0.0,0.110546875,-9.621426401250908,-12.614890886030304,4.0,0.1781168020430064
1757308358.674451,-13.773704528808594,-13.078837394714355,4.6929612159729,103.46,1.716655144113333,-0.0890625,-0.031878042794470415,-0.5006833072771959,0.0,0.0890625,-9.629147858892736,-12.667452825626361,4.0,0.16492343913159324
1757308358.8159888,-13.734453201293945,-13.443203926086426,4.630518913269043,100.02,1.7338426441133332,-0.07187500000000001,-0.043181652482533306,-0.49961677653097264,0.0,0.07187500000000001,-9.640769148898668,-12.73809610481457,4.0,0.15396511305212623
1757308358.9949808,-13.734453201293945,-13.443203926086426,4.630518913269043,100.02,1.7601392740777635,-0.036328125,-0.062489642493417694,-0.49712312595869285,0.0,0.036328125,-9.654536912870741,-12.809938448878398,4.0,0.12877004508176615
1757308359.1214767,-13.734453201293945,-13.443203926086426,4.630518913269043,100.02,1.7351314428447284,-0.010546875,-0.05491357688982512,-0.49772197012822006,0.0,0.010546875,-9.665106825713538,-12.873677659835181,4.0,0.10900719059963127
1757308359.2688599,-13.734453201293945,-13.443203926086426,4.630518913269043,100.02,1.7488033178447284,0.003125,-0.06651528172709065,-0.4960607254979249,0.0,-0.003125,-9.676448762233106,-12.936719494573683,4.0,0.08948976118075969
1757308359.419462,-13.734453201293945,-13.443203926086426,4.630518913269043,100.02,1.7415767553447283,-0.0041015625,-0.06708769188039106,-0.49581119479638497,0.0,0.0041015625,-9.686550509360991,-12.995293809500803,4.0,0.07260846091271134
1757308359.5790188,-13.756366729736328,-13.825973510742188,4.596199035644531,94.53,1.7253658178447284,-0.0203125,-0.04509545068880515,-0.4990065470825602,0.0,0.0203125,-9.69769178063547,-13.066798227869144,4.0,0.1290664141648552
1757308359.723575,-13.756366729736328,-13.825973510742188,4.596199035644531,94.53,1.6175375778630319,-0.034765625,0.006216169385909447,-0.5008374470914672,0.0,0.034765625,-9.699906473333304,-13.11414569004371,4.0,0.11844250392034006
1757308359.8711293,-13.756366729736328,-13.825973510742188,4.596199035644531,94.53,1.5744691169102396,-0.075390625,0.026210006663221437,-0.5000996366520074,0.0,0.075390625,-9.700039927812796,-13.150481520632338,4.0,0.11218634703070762
1757308360.0276034,-13.756366729736328,-13.825973510742188,4.596199035644531,94.53,1.5615784919102396,-0.08828125,0.0314469351884664,-0.49973136200557444,0.0,0.08828125,-9.699745849274423,-13.182383828806621,4.0,0.10735689300229279
1757308360.1758878,-13.756366729736328,-13.825973510742188,4.596199035644531,94.53,1.5563050544102397,-0.09355468750000001,0.0330668375331801,-0.499573289743276,0.0,0.09355468750000001,-9.69932218381083,-13.211617687351058,4.0,0.1032966655310732
1757308360.3245811,-13.7701416015625,-14.282712936401367,4.540832996368408,97.83,1.5994438403517217,-0.08671875000000001,0.03391235044235809,-0.5011770105606571,0.0,0.08671875000000001,-9.701022551654237,-13.270956263522317,4.0,0.19301578907611727
1757308360.477868,-13.7701416015625,-14.282712936401367,4.540832996368408,97.83,1.636856302584429,-0.07792968750000001,0.010393778651316153,-0.5017805806433815,0.0,0.07792968750000001,-9.70524124368699,-13.334724884651648,4.0,0.1739784697236617
1757308360.624761,-13.7701416015625,-14.282712936401367,4.540832996368408,97.83,1.6344087322260525,-0.073046875,0.007385806372145184,-0.5014838066803704,0.0,0.073046875,-9.70906963619649,-13.394826796816487,4.0,0.15699979609678127
1757308360.7679172,-13.7701416015625,-14.282712936401367,4.540832996368408,97.83,1.6349946697260525,-0.0724609375,0.003238385255575134,-0.5012403142235569,0.0,0.0724609375,-9.712747574329414,-13.45203830402327,4.0,0.14155365015391297
1757308360.9370139,-13.788477897644043,-14.568109512329102,4.470850944519043,95.7,1.6449556072260525,-0.0625,0.013469112375313695,-0.502378752190738,0.0,0.0625,-9.717989461098409,-13.522592842695584,4.0,0.2026159970348571
1757308361.077072,-13.803717613220215,-14.706787109375,4.435827732086182,93.85,1.6290233330721346,-0.053125000000000006,0.02848262699894286,-0.50250912999973,0.0,0.053125000000000006,-9.722121105298825,-13.5934701575603,4.0,0.2307097145365642
1757308361.2218459,-13.803717613220215,-14.706787109375,4.435827732086182,93.85,1.5934602529966784,-0.04453125,0.04213783366450484,-0.5010836131774161,0.0,0.04453125,-9.723487088365868,-13.65373108350004,4.0,0.21393024735635002
1757308361.3660157,-13.803717613220215,-14.706787109375,4.435827732086182,93.85,1.6071321279966784,-0.030859375,0.031109000489835437,-0.50146112248236,0.0,0.030859375,-9.725667822509036,-13.713720797568115,4.0,0.19722179485016156
1757308361.5247245,-13.803717613220215,-14.706787109375,4.435827732086182,93.85,1.6114290029966782,-0.026562500000000003,0.025056860143380395,-0.5014317256965313,0.0,0.026562500000000003,-9.728019610383818,-13.771568167554245,4.0,0.18162034138262317
1757308361.6770856,-13.898134231567383,-15.084757804870605,4.371049880981445,90.67,1.6110383779966784,-0.026953125,0.0666900181503918,-0.5030903218003777,0.0,0.026953125,-9.730996507581,-13.84550301886513,4.0,0.34750379359327077
1757308361.8248534,-13.898134231567383,-15.084757804870605,4.371049880981445,90.67,1.5869445379923615,-0.025390625,0.07399665192386091,-0.5012602157028963,0.0,0.025390625,-9.732051248449038,-13.91081360799534,4.0,0.32832443326575955
1757308361.9669502,-13.898134231567383,-15.084757804870605,4.371049880981445,90.67,1.5637067699604523,-0.020703125000000003,0.081930059065615,-0.4994317081753043,0.0,0.020703125000000003,-9.731645594756992,-13.968031133039275,4.0,0.31354912111240285
1757308362.13316,-13.898134231567383,-15.084757804870605,4.371049880981445,90.67,1.5674509702832586,-0.0150390625,0.07661799607705641,-0.4997464823973312,0.0,0.0150390625,-9.731461135143942,-14.023169927450933,4.0,0.2997829612601741
1757308362.2585433,-13.898134231567383,-15.084757804870605,4.371049880981445,90.67,1.5778025327832588,-0.004687500000000001,0.0,0.0,0.0,0.0,-9.731461135143942,-14.023169927450933,4.0,0.2997829612601741
1757308362.4087665,-13.965598106384277,-15.341104507446289,4.389495849609375,88.4,1.5817087827832588,-0.00078125,0.0,0.0,0.0,0.0,-9.731461135143942,-14.023169927450933,4.0,0.2997829612601741
1757308362.5588257,-13.965598106384277,-15.341104507446289,4.389495849609375,88.4,1.5693336152633155,0.004296875,0.0,0.0,0.0,0.0,-9.731461135143942,-14.023169927450933,4.0,0.2997829612601741
1757308362.7092907,-13.965598106384277,-15.341104507446289,4.389495849609375,88.4,1.5459960587629875,0.003125,0.0,0.0,0.0,0.0,-9.731461135143942,-14.023169927450933,4.0,0.2997829612601741
1757308362.8587034,-13.965598106384277,-15.341104507446289,4.389495849609375,88.4,1.5440429337629875,0.0011718750000000002,0.0,0.0,0.0,0.0,-9.731461135143942,-14.023169927450933,4.0,0.2997829612601741
1757308363.0088294,-13.965598106384277,-15.341104507446289,4.389495849609375,88.4,1.5375976212629874,-0.0052734375,0.0,0.0,0.0,0.0,-9.731461135143942,-14.023169927450933,4.0,0.2997829612601741
1757308363.1587613,-13.932077407836914,-15.546768188476562,4.367646217346191,89.25,1.5038917545778163,-0.030078125,0.0,0.0,0.0,0.0,-9.731461135143942,-14.023169927450933,4.0,0.2997829612601741
1757308363.3098485,-13.932077407836914,-15.546768188476562,4.367646217346191,89.25,1.4669569900186423,-0.058984375000000006,0.0,0.0,0.0,0.0,-9.731461135143942,-14.023169927450933,4.0,0.2997829612601741
1757308363.459574,-13.932077407836914,-15.546768188476562,4.367646217346191,89.25,1.480948544904939,-0.07675781250000001,0.0,0.0,0.0,0.0,-9.731461135143942,-14.023169927450933,4.0,0.2997829612601741
1757308363.609961,-13.932077407836914,-15.546768188476562,4.367646217346191,89.25,1.460245419904939,-0.09746093750000001,0.0,0.0,0.0,0.0,-9.731461135143942,-14.023169927450933,4.0,0.2997829612601741
1757308363.7609167,-13.962909698486328,-15.685317039489746,4.624650955200195,94.96,1.446378232404939,-0.111328125,0.0,0.0,0.0,0.0,-9.731461135143942,-14.023169927450933,4.0,0.2997829612601741
1757308363.9101043,-13.962909698486328,-15.685317039489746,4.624650955200195,94.96,1.4968099514607802,-0.109765625,0.0,0.0,0.0,0.0,-9.731461135143942,-14.023169927450933,4.0,0.2997829612601741
1757308364.0595071,-13.962909698486328,-15.685317039489746,4.624650955200195,94.96,1.5589230482882315,-0.09355468750000001,0.0,0.0,0.0,0.0,-9.731461135143942,-14.023169927450933,4.0,0.2997829612601741
1757308364.2087028,-13.962909698486328,-15.685317039489746,4.624650955200195,94.96,1.5864662201938153,-0.07089843750000001,0.0,0.0,0.0,0.0,-9.731461135143942,-14.023169927450933,4.0,0.2997829612601741
1757308364.3592055,-13.962909698486328,-15.685317039489746,4.624650955200195,94.96,1.6073646576938152,-0.05,0.0,0.0,0.0,0.0,-9.731461135143942,-14.023169927450933,4.0,0.2997829612601741
1757308364.508583,-14.008343696594238,-15.765501022338867,5.201045513153076,89.53,1.6151771576938152,-0.0421875,0.0,0.0,0.0,0.0,-9.731461135143942,-14.023169927450933,4.0,0.2997829612601741
1757308364.659742,-14.008343696594238,-15.765501022338867,5.201045513153076,89.53,1.6018130994571198,-0.0234375,0.0,0.0,0.0,0.0,-9.731461135143942,-14.023169927450933,4.0,0.2997829612601741
1757308364.8107536,-14.008343696594238,-15.765501022338867,5.201045513153076,89.53,1.5594682793105232,-0.003125,0.0,0.0,0.0,0.0,-9.731461135143942,-14.023169927450933,4.0,0.2997829612601741
1757308364.960284,-14.008343696594238,-15.765501022338867,5.201045513153076,89.53,1.5696245293105233,0.00703125,0.0,0.0,0.0,0.0,-9.731461135143942,-14.023169927450933,4.0,0.2997829612601741
1757308365.108071,-14.008343696594238,-15.765501022338867,5.201045513153076,89.53,1.5727495293105234,0.01015625,0.0,0.0,0.0,0.0,-9.731461135143942,-14.023169927450933,4.0,0.2997829612601741
1757308365.2641885,-14.029081344604492,-15.8280029296875,6.004098892211914,84.65,1.5513235386605941,0.010546875,0.0,0.0,0.0,0.0,-9.731461135143942,-14.023169927450933,4.0,0.2997829612601741
1757308365.409059,-14.029081344604492,-15.8280029296875,6.004098892211914,84.65,1.4843859361675875,0.003125,0.0,0.0,0.0,0.0,-9.731461135143942,-14.023169927450933,4.0,0.2997829612601741
1757308365.5628307,-14.029081344604492,-15.8280029296875,6.004098892211914,84.65,1.4785930868132,0.0011718750000000002,0.0,0.0,0.0,0.0,-9.731461135143942,-14.023169927450933,4.0,0.2997829612601741
1757308365.7086527,-14.029081344604492,-15.8280029296875,6.004098892211914,84.65,1.4748821493132,-0.0025390625,0.0,0.0,0.0,0.0,-9.731461135143942,-14.023169927450933,4.0,0.2997829612601741
1757308365.8623414,-14.029081344604492,-15.8280029296875,6.004098892211914,84.65,1.4657024618132,-0.01171875,0.0,0.0,0.0,0.0,-9.731461135143942,-14.023169927450933,4.0,0.2997829612601741
1757308366.0102413,-13.990753173828125,-15.750587463378906,7.3746209144592285,86.91,1.4629015611675875,-0.018359375,0.0,0.0,0.0,0.0,-9.731461135143942,-14.023169927450933,4.0,0.2997829612601741
1757308366.1590948,-13.990753173828125,-15.750587463378906,7.3746209144592285,86.91,1.4672398402859355,-0.030078125,0.0,0.0,0.0,0.0,-9.731461135143942,-14.023169927450933,4.0,0.2997829612601741
1757308366.3136768,-13.990753173828125,-15.750587463378906,7.3746209144592285,86.91,1.4779984654082718,-0.038867187500000004,0.0,0.0,0.0,0.0,-9.731461135143942,-14.023169927450933,4.0,0.2997829612601741
1757308366.46083,-13.990753173828125,-15.750587463378906,7.3746209144592285,86.91,1.4664750279082719,-0.050390625,0.0,0.0,0.0,0.0,-9.731461135143942,-14.023169927450933,4.0,0.2997829612601741
1757308366.6088524,-13.960427284240723,-15.651594161987305,9.117523193359375,89.28,1.4453812779082718,-0.071484375,0.0,0.0,0.0,0.0,-9.731461135143942,-14.023169927450933,4.0,0.2997829612601741
1757308366.7581854,-13.960427284240723,-15.651594161987305,9.117523193359375,89.28,1.47832651913699,-0.063671875,0.0,0.0,0.0,0.0,-9.731461135143942,-14.023169927450933,4.0,0.2997829612601741
1757308366.909452,-13.960427284240723,-15.651594161987305,9.117523193359375,89.28,1.4976830811805375,-0.060546875,0.0,0.0,0.0,0.0,-9.731461135143942,-14.023169927450933,4.0,0.2997829612601741
1757308367.0585768,-13.960427284240723,-15.651594161987305,9.117523193359375,89.28,1.4832299561805375,-0.07500000000000001,0.0,0.0,0.0,0.0,-9.731461135143942,-14.023169927450933,4.0,0.2997829612601741
1757308367.2097607,-13.960427284240723,-15.651594161987305,9.117523193359375,89.28,1.4969018311805375,-0.061328125000000004,0.0,0.0,0.0,0.0,-9.731461135143942,-14.023169927450933,4.0,0.2997829612601741
1757308367.3604875,-13.865606307983398,-15.610320091247559,10.600247383117676,89.59,1.4937768311805375,-0.064453125,0.0,0.0,0.0,0.0,-9.731461135143942,-14.023169927450933,4.0,0.2997829612601741
1757308367.5097225,-13.865606307983398,-15.610320091247559,10.600247383117676,89.59,1.4825234506373184,-0.08164062500000001,0.0,0.0,0.0,0.0,-9.731461135143942,-14.023169927450933,4.0,0.2997829612601741
1757308367.660285,-13.865606307983398,-15.610320091247559,10.600247383117676,89.59,1.4825234506373184,-0.08164062500000001,0.0,0.0,0.0,0.0,-9.731461135143942,-14.023169927450933,4.0,0.2997829612601741
1757308367.810296,-13.865606307983398,-15.610320091247559,10.600247383117676,89.59,1.4825234506373184,-0.08164062500000001,0.0,0.0,0.0,0.0,-9.731461135143942,-14.023169927450933,4.0,0.2997829612601741
1757308367.9640615,-13.865606307983398,-15.610320091247559,10.600247383117676,89.59,1.4825234506373184,-0.08164062500000001,0.0,0.0,0.0,0.0,-9.731461135143942,-14.023169927450933,4.0,0.2997829612601741
1757308368.120017,-13.829306602478027,-15.631999015808105,12.390262603759766,88.74,1.4825234506373184,-0.08164062500000001,0.0,0.0,0.0,0.0,-9.731461135143942,-14.023169927450933,4.0,0.2997829612601741
1757308368.261934,-13.829306602478027,-15.631999015808105,12.390262603759766,88.74,1.4825234506373184,-0.08164062500000001,0.0,0.0,0.0,0.0,-9.731461135143942,-14.023169927450933,4.0,0.2997829612601741
1757308368.4087348,-13.829306602478027,-15.631999015808105,12.390262603759766,88.74,1.4825234506373184,-0.08164062500000001,0.0,0.0,0.0,0.0,-9.731461135143942,-14.023169927450933,4.0,0.2997829612601741
1757308368.5595012,-13.829306602478027,-15.631999015808105,12.390262603759766,88.74,1.4825234506373184,-0.08164062500000001,0.0,0.0,0.0,0.0,-9.731461135143942,-14.023169927450933,4.0,0.2997829612601741
1757308368.7162683,-13.81784439086914,-15.642523765563965,12.68606948852539,88.37,1.4825234506373184,-0.08164062500000001,0.0,0.0,0.0,0.0,-9.731461135143942,-14.023169927450933,4.0,0.2997829612601741
1757308368.8589423,-13.7736177444458,-15.692941665649414,13.961631774902344,84.59,1.4825234506373184,-0.08164062500000001,0.0,0.0,0.0,0.0,-9.731461135143942,-14.023169927450933,4.0,0.2997829612601741
1757308369.012418,-13.7736177444458,-15.692941665649414,13.961631774902344,84.59,1.4825234506373184,-0.08164062500000001,0.0,0.0,0.0,0.0,-9.731461135143942,-14.023169927450933,4.0,0.2997829612601741
1757308369.1610458,-13.7736177444458,-15.692941665649414,13.961631774902344,84.59,1.4825234506373184,-0.08164062500000001,0.0,0.0,0.0,0.0,-9.731461135143942,-14.023169927450933,4.0,0.2997829612601741
1757308369.308894,-13.7736177444458,-15.692941665649414,13.961631774902344,84.59,1.4825234506373184,-0.08164062500000001,0.0,0.0,0.0,0.0,-9.731461135143942,-14.023169927450933,4.0,0.2997829612601741
1757308369.4591012,-13.805892944335938,-15.745697021484375,15.07435417175293,84.26,1.4825234506373184,-0.08164062500000001,0.0,0.0,0.0,0.0,-9.731461135143942,-14.023169927450933,4.0,0.2997829612601741
1757308369.6100492,-13.805892944335938,-15.745697021484375,15.07435417175293,84.26,1.4825234506373184,-0.08164062500000001,0.0,0.0,0.0,0.0,-9.731461135143942,-14.023169927450933,4.0,0.2997829612601741
1757308369.7599716,-13.805892944335938,-15.745697021484375,15.07435417175293,84.26,1.4825234506373184,-0.08164062500000001,0.0,0.0,0.0,0.0,-9.731461135143942,-14.023169927450933,4.0,0.2997829612601741
1757308369.911223,-13.805892944335938,-15.745697021484375,15.07435417175293,84.26,1.4825234506373184,-0.08164062500000001,0.0,0.0,0.0,0.0,-9.731461135143942,-14.023169927450933,4.0,0.2997829612601741
1757308370.0623286,-13.805892944335938,-15.745697021484375,15.07435417175293,84.26,1.4825234506373184,-0.08164062500000001,0.0,0.0,0.0,0.0,-9.731461135143942,-14.023169927450933,4.0,0.2997829612601741
1757308370.2096016,-13.648426055908203,-15.514957427978516,15.611109733581543,84.66,1.4825234506373184,-0.08164062500000001,0.0,0.0,0.0,0.0,-9.731461135143942,-14.023169927450933,4.0,0.2997829612601741
1757308370.3592634,-13.648426055908203,-15.514957427978516,15.611109733581543,84.66,1.4825234506373184,-0.08164062500000001,0.0,0.0,0.0,0.0,-9.731461135143942,-14.023169927450933,4.0,0.2997829612601741
1757308370.5085871,-13.648426055908203,-15.514957427978516,15.611109733581543,84.66,1.4825234506373184,-0.08164062500000001,0.0,0.0,0.0,0.0,-9.731461135143942,-14.023169927450933,4.0,0.2997829612601741
1757308370.659876,-13.648426055908203,-15.514957427978516,15.611109733581543,84.66,1.4825234506373184,-0.08164062500000001,0.0,0.0,0.0,0.0,-9.731461135143942,-14.023169927450933,4.0,0.2997829612601741
1757308370.8133297,-13.648426055908203,-15.514957427978516,15.611109733581543,84.66,1.4825234506373184,-0.08164062500000001,0.0,0.0,0.0,0.0,-9.731461135143942,-14.023169927450933,4.0,0.2997829612601741
1757308370.958884,-13.054780960083008,-14.67739200592041,15.844237327575684,84.69,1.4825234506373184,-0.08164062500000001,0.0,0.0,0.0,0.0,-9.731461135143942,-14.023169927450933,4.0,0.2997829612601741
1757308371.119199,-13.054780960083008,-14.67739200592041,15.844237327575684,84.69,1.4825234506373184,-0.08164062500000001,0.0,0.0,0.0,0.0,-9.731461135143942,-14.023169927450933,4.0,0.2997829612601741
1757308371.2597342,-13.054780960083008,-14.67739200592041,15.844237327575684,84.69,1.4825234506373184,-0.08164062500000001,0.0,0.0,0.0,0.0,-9.731461135143942,-14.023169927450933,4.0,0.2997829612601741
1757308371.4093387,-13.054780960083008,-14.67739200592041,15.844237327575684,84.69,1.4825234506373184,-0.08164062500000001,0.0,0.0,0.0,0.0,-9.731461135143942,-14.023169927450933,4.0,0.2997829612601741
1757308371.5829997,-12.884931564331055,-14.455392837524414,15.867859840393066,85.03,1.4825234506373184,-0.08164062500000001,0.0,0.0,0.0,0.0,-9.731461135143942,-14.023169927450933,4.0,0.2997829612601741
1757308371.7093096,-11.745772361755371,-12.951942443847656,15.980032920837402,85.1,1.4825234506373184,-0.08164062500000001,0.0,0.0,0.0,0.0,-9.731461135143942,-14.023169927450933,4.0,0.2997829612601741
1757308371.8605993,-11.745772361755371,-12.951942443847656,15.980032920837402,85.1,1.4825234506373184,-0.08164062500000001,0.0,0.0,0.0,0.0,-9.731461135143942,-14.023169927450933,4.0,0.2997829612601741
1757308372.009928,-11.745772361755371,-12.951942443847656,15.980032920837402,85.1,1.4825234506373184,-0.08164062500000001,0.0,0.0,0.0,0.0,-9.731461135143942,-14.023169927450933,4.0,0.2997829612601741
1757308372.1701458,-11.745772361755371,-12.951942443847656,15.980032920837402,85.1,1.4825234506373184,-0.08164062500000001,0.0,0.0,0.0,0.0,-9.731461135143942,-14.023169927450933,4.0,0.2997829612601741
1757308372.3103445,-10.208328247070312,-11.040584564208984,15.990081787109375,85.38,1.4825234506373184,-0.08164062500000001,0.0,0.0,0.0,0.0,-9.731461135143942,-14.023169927450933,4.0,0.2997829612601741
1757308372.465771,-10.208328247070312,-11.040584564208984,15.990081787109375,85.38,1.4825234506373184,-0.08164062500000001,0.0,0.0,0.0,0.0,-9.731461135143942,-14.023169927450933,4.0,0.2997829612601741
1757308372.6125028,-10.208328247070312,-11.040584564208984,15.990081787109375,85.38,1.4825234506373184,-0.08164062500000001,0.0,0.0,0.0,0.0,-9.731461135143942,-14.023169927450933,4.0,0.2997829612601741
1757308372.7633939,-10.208328247070312,-11.040584564208984,15.990081787109375,85.38,1.4825234506373184,-0.08164062500000001,0.0,0.0,0.0,0.0,-9.731461135143942,-14.023169927450933,4.0,0.2997829612601741
1757308372.908381,-10.208328247070312,-11.040584564208984,15.990081787109375,85.38,1.4825234506373184,-0.08164062500000001,0.0,0.0,0.0,0.0,-9.731461135143942,-14.023169927450933,4.0,0.2997829612601741
1757308373.0585663,-7.897701740264893,-8.469676971435547,15.957676887512207,86.34,1.4825234506373184,-0.08164062500000001,0.0,0.0,0.0,0.0,-9.731461135143942,-14.023169927450933,4.0,0.2997829612601741
1757308373.209395,-7.897701740264893,-8.469676971435547,15.957676887512207,86.34,1.4825234506373184,-0.08164062500000001,0.0,0.0,0.0,0.0,-9.731461135143942,-14.023169927450933,4.0,0.2997829612601741
1757308373.3585577,-7.897701740264893,-8.469676971435547,15.957676887512207,86.34,1.4825234506373184,-0.08164062500000001,0.0,0.0,0.0,0.0,-9.731461135143942,-14.023169927450933,4.0,0.2997829612601741
1757308373.5096867,-7.897701740264893,-8.469676971435547,15.957676887512207,86.34,1.4825234506373184,-0.08164062500000001,0.0,0.0,0.0,0.0,-9.731461135143942,-14.023169927450933,4.0,0.2997829612601741
1757308373.659954,-7.897701740264893,-8.469676971435547,15.957676887512207,86.34,1.4825234506373184,-0.08164062500000001,0.0,0.0,0.0,0.0,-9.731461135143942,-14.023169927450933,4.0,0.2997829612601741
1757308373.8089364,-5.41124153137207,-6.015032768249512,15.864521980285645,87.28,1.4825234506373184,-0.08164062500000001,0.0,0.0,0.0,0.0,-9.731461135143942,-14.023169927450933,4.0,0.2997829612601741
1757308373.958488,-5.41124153137207,-6.015032768249512,15.864521980285645,87.28,1.4825234506373184,-0.08164062500000001,0.0,0.0,0.0,0.0,-9.731461135143942,-14.023169927450933,4.0,0.2997829612601741
1757308374.1102061,-5.41124153137207,-6.015032768249512,15.864521980285645,87.28,1.4825234506373184,-0.08164062500000001,0.0,0.0,0.0,0.0,-9.731461135143942,-14.023169927450933,4.0,0.2997829612601741
1757308374.2613392,-5.41124153137207,-6.015032768249512,15.864521980285645,87.28,1.4825234506373184,-0.08164062500000001,0.0,0.0,0.0,0.0,-9.731461135143942,-14.023169927450933,4.0,0.2997829612601741
1757308374.4100275,-3.3552889823913574,-4.126228332519531,15.632911682128906,89.67,1.4825234506373184,-0.08164062500000001,0.0,0.0,0.0,0.0,-9.731461135143942,-14.023169927450933,4.0,0.2997829612601741
1757308374.5588593,-3.3552889823913574,-4.126228332519531,15.632911682128906,89.67,1.4825234506373184,-0.08164062500000001,0.0,0.0,0.0,0.0,-9.731461135143942,-14.023169927450933,4.0,0.2997829612601741
1757308374.7091389,-3.3552889823913574,-4.126228332519531,15.632911682128906,89.67,1.4825234506373184,-0.08164062500000001,0.0,0.0,0.0,0.0,-9.731461135143942,-14.023169927450933,4.0,0.2997829612601741
1757308374.8597054,-3.3552889823913574,-4.126228332519531,15.632911682128906,89.67,1.4825234506373184,-0.08164062500000001,0.0,0.0,0.0,0.0,-9.731461135143942,-14.023169927450933,4.0,0.2997829612601741
1757308375.0107458,-3.3552889823913574,-4.126228332519531,15.632911682128906,89.67,1.4825234506373184,-0.08164062500000001,0.0,0.0,0.0,0.0,-9.731461135143942,-14.023169927450933,4.0,0.2997829612601741
1757308375.1593661,-1.3045947551727295,-2.0980284214019775,15.498157501220703,90.37,1.4825234506373184,-0.08164062500000001,0.0,0.0,0.0,0.0,-9.731461135143942,-14.023169927450933,4.0,0.2997829612601741
1757308375.308499,-1.3045947551727295,-2.0980284214019775,15.498157501220703,90.37,1.4825234506373184,-0.08164062500000001,0.0,0.0,0.0,0.0,-9.731461135143942,-14.023169927450933,4.0,0.2997829612601741
1757308375.4591715,-1.3045947551727295,-2.0980284214019775,15.498157501220703,90.37,1.4825234506373184,-0.08164062500000001,0.0,0.0,0.0,0.0,-9.731461135143942,-14.023169927450933,4.0,0.2997829612601741
1757308375.6110275,-1.3045947551727295,-2.0980284214019775,15.498157501220703,90.37,1.4825234506373184,-0.08164062500000001,0.0,0.0,0.0,0.0,-9.731461135143942,-14.023169927450933,4.0,0.2997829612601741
1757308375.7587082,-1.3045947551727295,-2.0980284214019775,15.498157501220703,90.37,1.4825234506373184,-0.08164062500000001,0.0,0.0,0.0,0.0,-9.731461135143942,-14.023169927450933,4.0,0.2997829612601741
1757308375.9086115,0.27793681621551514,-0.6272263526916504,15.533673286437988,84.1,1.4825234506373184,-0.08164062500000001,0.0,0.0,0.0,0.0,-9.731461135143942,-14.023169927450933,4.0,0.2997829612601741
1757308376.0641017,0.27793681621551514,-0.6272263526916504,15.533673286437988,84.1,1.4825234506373184,-0.08164062500000001,0.0,0.0,0.0,0.0,-9.731461135143942,-14.023169927450933,4.0,0.2997829612601741
1757308376.209588,0.27793681621551514,-0.6272263526916504,15.533673286437988,84.1,1.4825234506373184,-0.08164062500000001,0.0,0.0,0.0,0.0,-9.731461135143942,-14.023169927450933,4.0,0.2997829612601741
1757308376.3590086,0.27793681621551514,-0.6272263526916504,15.533673286437988,84.1,1.4825234506373184,-0.08164062500000001,0.0,0.0,0.0,0.0,-9.731461135143942,-14.023169927450933,4.0,0.2997829612601741
1757308376.509401,0.27793681621551514,-0.6272263526916504,15.533673286437988,84.1,1.4825234506373184,-0.08164062500000001,0.0,0.0,0.0,0.0,-9.731461135143942,-14.023169927450933,4.0,0.2997829612601741
1757308376.6591585,1.0960668325424194,0.02054011821746826,15.628341674804688,83.21,1.4825234506373184,-0.08164062500000001,0.0,0.0,0.0,0.0,-9.731461135143942,-14.023169927450933,4.0,0.2997829612601741
1757308376.8085403,1.0960668325424194,0.02054011821746826,15.628341674804688,83.21,1.4825234506373184,-0.08164062500000001,0.0,0.0,0.0,0.0,-9.731461135143942,-14.023169927450933,4.0,0.2997829612601741
1757308376.9608185,1.0960668325424194,0.02054011821746826,15.628341674804688,83.21,1.4825234506373184,-0.08164062500000001,0.0,0.0,0.0,0.0,-9.731461135143942,-14.023169927450933,4.0,0.2997829612601741
1757308377.1084037,1.0960668325424194,0.02054011821746826,15.628341674804688,83.21,1.4825234506373184,-0.08164062500000001,0.0,0.0,0.0,0.0,-9.731461135143942,-14.023169927450933,4.0,0.2997829612601741
1757308377.2610073,1.495833396911621,0.3185550570487976,15.65103530883789,86.57,1.4825234506373184,-0.08164062500000001,0.0,0.0,0.0,0.0,-9.731461135143942,-14.023169927450933,4.0,0.2997829612601741
1757308377.4092171,1.5434117317199707,0.3534269332885742,15.637845993041992,86.83,1.4825234506373184,-0.08164062500000001,0.0,0.0,0.0,0.0,-9.731461135143942,-14.023169927450933,4.0,0.2997829612601741
1757308377.5611205,1.5434117317199707,0.3534269332885742,15.637845993041992,86.83,1.4825234506373184,-0.08164062500000001,0.0,0.0,0.0,0.0,-9.731461135143942,-14.023169927450933,4.0,0.2997829612601741
1757308377.7122586,1.5434117317199707,0.3534269332885742,15.637845993041992,86.83,1.4825234506373184,-0.08164062500000001,0.0,0.0,0.0,0.0,-9.731461135143942,-14.023169927450933,4.0,0.2997829612601741
1757308377.8583941,1.5434117317199707,0.3534269332885742,15.637845993041992,86.83,1.4825234506373184,-0.08164062500000001,0.0,0.0,0.0,0.0,-9.731461135143942,-14.023169927450933,4.0,0.2997829612601741
1757308378.0120552,1.6902354955673218,0.5042774677276611,15.497567176818848,85.76,1.4825234506373184,-0.08164062500000001,0.0,0.0,0.0,0.0,-9.731461135143942,-14.023169927450933,4.0,0.2997829612601741
1757308378.1619503,1.6902354955673218,0.5042774677276611,15.497567176818848,85.76,1.4825234506373184,-0.08164062500000001,0.0,0.0,0.0,0.0,-9.731461135143942,-14.023169927450933,4.0,0.2997829612601741
1757308378.3084311,1.6902354955673218,0.5042774677276611,15.497567176818848,85.76,1.4825234506373184,-0.08164062500000001,0.0,0.0,0.0,0.0,-9.731461135143942,-14.023169927450933,4.0,0.2997829612601741
1757308378.4583793,1.6902354955673218,0.5042774677276611,15.497567176818848,85.76,1.4825234506373184,-0.08164062500000001,0.0,0.0,0.0,0.0,-9.731461135143942,-14.023169927450933,4.0,0.2997829612601741
1757308378.6088037,1.6902354955673218,0.5042774677276611,15.497567176818848,85.76,1.4825234506373184,-0.08164062500000001,0.0,0.0,0.0,0.0,-9.731461135143942,-14.023169927450933,4.0,0.2997829612601741
1757308378.759428,1.6527925729751587,0.5563098788261414,15.442543029785156,87.19,1.4825234506373184,-0.08164062500000001,0.0,0.0,0.0,0.0,-9.731461135143942,-14.023169927450933,4.0,0.2997829612601741
1757308378.9143307,1.6527925729751587,0.5563098788261414,15.442543029785156,87.19,1.4825234506373184,-0.08164062500000001,0.0,0.0,0.0,0.0,-9.731461135143942,-14.023169927450933,4.0,0.2997829612601741
1757308379.06602,1.6527925729751587,0.5563098788261414,15.442543029785156,87.19,1.4825234506373184,-0.08164062500000001,0.0,0.0,0.0,0.0,-9.731461135143942,-14.023169927450933,4.0,0.2997829612601741
1757308379.2184129,1.6527925729751587,0.5563098788261414,15.442543029785156,87.19,1.4825234506373184,-0.08164062500000001,0.0,0.0,0.0,0.0,-9.731461135143942,-14.023169927450933,4.0,0.2997829612601741
1757308379.3590014,1.6527925729751587,0.5563098788261414,15.442543029785156,87.19,1.4825234506373184,-0.08164062500000001,0.0,0.0,0.0,0.0,-9.731461135143942,-14.023169927450933,4.0,0.2997829612601741
1757308379.5085497,1.495065450668335,0.6319140791893005,15.450140953063965,90.57,1.4825234506373184,-0.08164062500000001,0.0,0.0,0.0,0.0,-9.731461135143942,-14.023169927450933,4.0,0.2997829612601741
1757308379.6589208,1.495065450668335,0.6319140791893005,15.450140953063965,90.57,1.4825234506373184,-0.08164062500000001,0.0,0.0,0.0,0.0,-9.731461135143942,-14.023169927450933,4.0,0.2997829612601741
1757308379.8114624,1.495065450668335,0.6319140791893005,15.450140953063965,90.57,1.4825234506373184,-0.08164062500000001,0.0,0.0,0.0,0.0,-9.731461135143942,-14.023169927450933,4.0,0.2997829612601741
1757308379.958493,1.495065450668335,0.6319140791893005,15.450140953063965,90.57,1.4825234506373184,-0.08164062500000001,0.0,0.0,0.0,0.0,-9.731461135143942,-14.023169927450933,4.0,0.2997829612601741
1757308380.1086485,1.3119362592697144,0.6655175685882568,15.466064453125,80.21,1.4825234506373184,-0.08164062500000001,0.0,0.0,0.0,0.0,-9.731461135143942,-14.023169927450933,4.0,0.2997829612601741
1757308380.2602825,1.3119362592697144,0.6655175685882568,15.466064453125,80.21,1.4825234506373184,-0.08164062500000001,0.0,0.0,0.0,0.0,-9.731461135143942,-14.023169927450933,4.0,0.2997829612601741
1757308380.408793,1.3119362592697144,0.6655175685882568,15.466064453125,80.21,1.4825234506373184,-0.08164062500000001,0.0,0.0,0.0,0.0,-9.731461135143942,-14.023169927450933,4.0,0.2997829612601741
1757308380.560115,1.3119362592697144,0.6655175685882568,15.466064453125,80.21,1.4825234506373184,-0.08164062500000001,0.0,0.0,0.0,0.0,-9.731461135143942,-14.023169927450933,4.0,0.2997829612601741
1757308380.7129214,1.3119362592697144,0.6655175685882568,15.466064453125,80.21,1.4825234506373184,-0.08164062500000001,0.0,0.0,0.0,0.0,-9.731461135143942,-14.023169927450933,4.0,0.2997829612601741
1757308380.8597205,1.106488585472107,0.5864635705947876,15.485976219177246,69.96,1.4825234506373184,-0.08164062500000001,0.0,0.0,0.0,0.0,-9.731461135143942,-14.023169927450933,4.0,0.2997829612601741
1757308381.0108263,1.106488585472107,0.5864635705947876,15.485976219177246,69.96,1.4825234506373184,-0.08164062500000001,0.0,0.0,0.0,0.0,-9.731461135143942,-14.023169927450933,4.0,0.2997829612601741
1757308381.1601844,1.106488585472107,0.5864635705947876,15.485976219177246,69.96,1.4825234506373184,-0.08164062500000001,0.0,0.0,0.0,0.0,-9.731461135143942,-14.023169927450933,4.0,0.2997829612601741
1757308381.311313,1.106488585472107,0.5864635705947876,15.485976219177246,69.96,1.4825234506373184,-0.08164062500000001,0.0,0.0,0.0,0.0,-9.731461135143942,-14.023169927450933,4.0,0.2997829612601741
1757308381.4610386,1.106488585472107,0.5864635705947876,15.485976219177246,69.96,1.4825234506373184,-0.08164062500000001,0.0,0.0,0.0,0.0,-9.731461135143942,-14.023169927450933,4.0,0.2997829612601741
1757308381.612856,1.004883885383606,0.4647543430328369,15.534367561340332,72.78,1.4825234506373184,-0.08164062500000001,0.0,0.0,0.0,0.0,-9.731461135143942,-14.023169927450933,4.0,0.2997829612601741
1757308381.7623203,1.004883885383606,0.4647543430328369,15.534367561340332,72.78,1.4825234506373184,-0.08164062500000001,0.0,0.0,0.0,0.0,-9.731461135143942,-14.023169927450933,4.0,0.2997829612601741
1757308381.9132435,1.004883885383606,0.4647543430328369,15.534367561340332,72.78,1.4825234506373184,-0.08164062500000001,0.0,0.0,0.0,0.0,-9.731461135143942,-14.023169927450933,4.0,0.2997829612601741
1757308382.0599694,1.004883885383606,0.4647543430328369,15.534367561340332,72.78,1.4825234506373184,-0.08164062500000001,0.0,0.0,0.0,0.0,-9.731461135143942,-14.023169927450933,4.0,0.2997829612601741
1757308382.2191548,1.004883885383606,0.4647543430328369,15.534367561340332,72.78,1.4825234506373184,-0.08164062500000001,0.0,0.0,0.0,0.0,-9.731461135143942,-14.023169927450933,4.0,0.2997829612601741
1757308382.36469,0.9014958739280701,0.5022013783454895,15.559036254882812,86.37,1.4825234506373184,-0.08164062500000001,0.0,0.0,0.0,0.0,-9.731461135143942,-14.023169927450933,4.0,0.2997829612601741
1757308382.5095778,0.9014958739280701,0.5022013783454895,15.559036254882812,86.37,1.4825234506373184,-0.08164062500000001,0.0,0.0,0.0,0.0,-9.731461135143942,-14.023169927450933,4.0,0.2997829612601741
1757308382.6598253,0.9014958739280701,0.5022013783454895,15.559036254882812,86.37,1.4825234506373184,-0.08164062500000001,0.0,0.0,0.0,0.0,-9.731461135143942,-14.023169927450933,4.0,0.2997829612601741
1757308382.8087473,0.9014958739280701,0.5022013783454895,15.559036254882812,86.37,1.4825234506373184,-0.08164062500000001,0.0,0.0,0.0,0.0,-9.731461135143942,-14.023169927450933,4.0,0.2997829612601741
1757308382.9588618,1.0909154415130615,0.5766710042953491,15.547450065612793,93.23,1.4825234506373184,-0.08164062500000001,0.0,0.0,0.0,0.0,-9.731461135143942,-14.023169927450933,4.0,0.2997829612601741
1757308383.1084716,1.0909154415130615,0.5766710042953491,15.547450065612793,93.23,1.4825234506373184,-0.08164062500000001,0.0,0.0,0.0,0.0,-9.731461135143942,-14.023169927450933,4.0,0.2997829612601741
1757308383.2618723,1.0909154415130615,0.5766710042953491,15.547450065612793,93.23,1.4825234506373184,-0.08164062500000001,0.0,0.0,0.0,0.0,-9.731461135143942,-14.023169927450933,4.0,0.2997829612601741
1757308383.408919,1.0909154415130615,0.5766710042953491,15.547450065612793,93.23,1.4825234506373184,-0.08164062500000001,0.0,0.0,0.0,0.0,-9.731461135143942,-14.023169927450933,4.0,0.2997829612601741
1757308383.558932,1.0909154415130615,0.5766710042953491,15.547450065612793,93.23,1.4825234506373184,-0.08164062500000001,0.0,0.0,0.0,0.0,-9.731461135143942,-14.023169927450933,4.0,0.2997829612601741
1757308383.708865,1.3771886825561523,0.6191285252571106,15.428404808044434,84.54,1.4825234506373184,-0.08164062500000001,0.0,0.0,0.0,0.0,-9.731461135143942,-14.023169927450933,4.0,0.2997829612601741
1757308383.8586006,1.3771886825561523,0.6191285252571106,15.428404808044434,84.54,1.4825234506373184,-0.08164062500000001,0.0,0.0,0.0,0.0,-9.731461135143942,-14.023169927450933,4.0,0.2997829612601741
1757308384.0124524,1.3771886825561523,0.6191285252571106,15.428404808044434,84.54,1.4825234506373184,-0.08164062500000001,0.0,0.0,0.0,0.0,-9.731461135143942,-14.023169927450933,4.0,0.2997829612601741
1757308384.1610668,1.3771886825561523,0.6191285252571106,15.428404808044434,84.54,1.4825234506373184,-0.08164062500000001,0.0,0.0,0.0,0.0,-9.731461135143942,-14.023169927450933,4.0,0.2997829612601741
1757308384.3111336,1.3771886825561523,0.6191285252571106,15.428404808044434,84.54,1.4825234506373184,-0.08164062500000001,0.0,0.0,0.0,0.0,-9.731461135143942,-14.023169927450933,4.0,0.2997829612601741
1757308384.462086,1.4522875547409058,0.5859378576278687,14.847089767456055,84.15,1.4825234506373184,-0.08164062500000001,0.0,0.0,0.0,0.0,-9.731461135143942,-14.023169927450933,4.0,0.2997829612601741
1757308384.6128576,1.4522875547409058,0.5859378576278687,14.847089767456055,84.15,1.4825234506373184,-0.08164062500000001,0.0,0.0,0.0,0.0,-9.731461135143942,-14.023169927450933,4.0,0.2997829612601741
1757308384.759438,1.4522875547409058,0.5859378576278687,14.847089767456055,84.15,1.4825234506373184,-0.08164062500000001,0.0,0.0,0.0,0.0,-9.731461135143942,-14.023169927450933,4.0,0.2997829612601741
1757308384.9095314,1.4522875547409058,0.5859378576278687,14.847089767456055,84.15,1.4825234506373184,-0.08164062500000001,0.0,0.0,0.0,0.0,-9.731461135143942,-14.023169927450933,4.0,0.2997829612601741
1757308385.063412,1.4484586715698242,0.5798882842063904,14.688207626342773,84.15,1.4825234506373184,-0.08164062500000001,0.0,0.0,0.0,0.0,-9.731461135143942,-14.023169927450933,4.0,0.2997829612601741
1757308385.2092836,1.422656536102295,0.5933012366294861,13.709707260131836,86.55,1.4825234506373184,-0.08164062500000001,0.0,0.0,0.0,0.0,-9.731461135143942,-14.023169927450933,4.0,0.2997829612601741
1757308385.3584752,1.422656536102295,0.5933012366294861,13.709707260131836,86.55,1.4825234506373184,-0.08164062500000001,0.0,0.0,0.0,0.0,-9.731461135143942,-14.023169927450933,4.0,0.2997829612601741
1757308385.5085542,1.422656536102295,0.5933012366294861,13.709707260131836,86.55,1.4825234506373184,-0.08164062500000001,0.0,0.0,0.0,0.0,-9.731461135143942,-14.023169927450933,4.0,0.2997829612601741
1757308385.660865,1.422656536102295,0.5933012366294861,13.709707260131836,86.55,1.4825234506373184,-0.08164062500000001,0.0,0.0,0.0,0.0,-9.731461135143942,-14.023169927450933,4.0,0.2997829612601741
1757308385.808536,1.3727585077285767,0.6214654445648193,12.526026725769043,81.67,1.4825234506373184,-0.08164062500000001,0.0,0.0,0.0,0.0,-9.731461135143942,-14.023169927450933,4.0,0.2997829612601741
1757308385.9646766,1.3727585077285767,0.6214654445648193,12.526026725769043,81.67,1.4825234506373184,-0.08164062500000001,0.0,0.0,0.0,0.0,-9.731461135143942,-14.023169927450933,4.0,0.2997829612601741
1757308386.1088386,1.3727585077285767,0.6214654445648193,12.526026725769043,81.67,1.4825234506373184,-0.08164062500000001,0.0,0.0,0.0,0.0,-9.731461135143942,-14.023169927450933,4.0,0.2997829612601741
1757308386.2583992,1.3727585077285767,0.6214654445648193,12.526026725769043,81.67,1.4825234506373184,-0.08164062500000001,0.0,0.0,0.0,0.0,-9.731461135143942,-14.023169927450933,4.0,0.2997829612601741
1757308386.4139469,1.3727585077285767,0.6214654445648193,12.526026725769043,81.67,1.4825234506373184,-0.08164062500000001,0.0,0.0,0.0,0.0,-9.731461135143942,-14.023169927450933,4.0,0.2997829612601741
1757308386.5597615,1.227617621421814,0.6330958604812622,11.529070854187012,85.27,1.4825234506373184,-0.08164062500000001,0.0,0.0,0.0,0.0,-9.731461135143942,-14.023169927450933,4.0,0.2997829612601741
1757308386.7102218,1.227617621421814,0.6330958604812622,11.529070854187012,85.27,1.4825234506373184,-0.08164062500000001,0.0,0.0,0.0,0.0,-9.731461135143942,-14.023169927450933,4.0,0.2997829612601741
1757308386.8594038,1.227617621421814,0.6330958604812622,11.529070854187012,85.27,1.4825234506373184,-0.08164062500000001,0.0,0.0,0.0,0.0,-9.731461135143942,-14.023169927450933,4.0,0.2997829612601741
1757308387.009459,1.227617621421814,0.6330958604812622,11.529070854187012,85.27,1.4825234506373184,-0.08164062500000001,0.0,0.0,0.0,0.0,-9.731461135143942,-14.023169927450933,4.0,0.2997829612601741
1757308387.1590157,1.227617621421814,0.6330958604812622,11.529070854187012,85.27,1.4825234506373184,-0.08164062500000001,0.0,0.0,0.0,0.0,-9.731461135143942,-14.023169927450933,4.0,0.2997829612601741
1757308387.3108969,1.136467456817627,0.6012621521949768,10.995696067810059,89.02,1.4825234506373184,-0.08164062500000001,0.0,0.0,0.0,0.0,-9.731461135143942,-14.023169927450933,4.0,0.2997829612601741
1757308387.46219,1.136467456817627,0.6012621521949768,10.995696067810059,89.02,1.4825234506373184,-0.08164062500000001,0.0,0.0,0.0,0.0,-9.731461135143942,-14.023169927450933,4.0,0.2997829612601741
1757308387.6116762,1.136467456817627,0.6012621521949768,10.995696067810059,89.02,1.4825234506373184,-0.08164062500000001,0.0,0.0,0.0,0.0,-9.731461135143942,-14.023169927450933,4.0,0.2997829612601741
1757308387.7585933,1.136467456817627,0.6012621521949768,10.995696067810059,89.02,1.4825234506373184,-0.08164062500000001,0.0,0.0,0.0,0.0,-9.731461135143942,-14.023169927450933,4.0,0.2997829612601741
1757308387.9089918,1.0779812335968018,0.5443959832191467,10.855926513671875,85.29,1.4825234506373184,-0.08164062500000001,0.0,0.0,0.0,0.0,-9.731461135143942,-14.023169927450933,4.0,0.2997829612601741
1757308388.060576,1.0600690841674805,0.49026429653167725,10.760862350463867,83.83,1.4825234506373184,-0.08164062500000001,0.0,0.0,0.0,0.0,-9.731461135143942,-14.023169927450933,4.0,0.2997829612601741
1757308388.212614,1.0600690841674805,0.49026429653167725,10.760862350463867,83.83,1.4825234506373184,-0.08164062500000001,0.0,0.0,0.0,0.0,-9.731461135143942,-14.023169927450933,4.0,0.2997829612601741
1757308388.3606615,1.0600690841674805,0.49026429653167725,10.760862350463867,83.83,1.4825234506373184,-0.08164062500000001,0.0,0.0,0.0,0.0,-9.731461135143942,-14.023169927450933,4.0,0.2997829612601741
1757308388.5087438,1.0600690841674805,0.49026429653167725,10.760862350463867,83.83,1.4825234506373184,-0.08164062500000001,0.0,0.0,0.0,0.0,-9.731461135143942,-14.023169927450933,4.0,0.2997829612601741
1757308388.6590152,1.025940179824829,0.40038737654685974,10.436914443969727,90.44,1.4825234506373184,-0.08164062500000001,0.0,0.0,0.0,0.0,-9.731461135143942,-14.023169927450933,4.0,0.2997829612601741
1757308388.809459,1.025940179824829,0.40038737654685974,10.436914443969727,90.44,1.4825234506373184,-0.08164062500000001,0.0,0.0,0.0,0.0,-9.731461135143942,-14.023169927450933,4.0,0.2997829612601741
1757308388.9599965,1.025940179824829,0.40038737654685974,10.436914443969727,90.44,1.4825234506373184,-0.08164062500000001,0.0,0.0,0.0,0.0,-9.731461135143942,-14.023169927450933,4.0,0.2997829612601741
1757308389.1123154,1.025940179824829,0.40038737654685974,10.436914443969727,90.44,1.4825234506373184,-0.08164062500000001,0.0,0.0,0.0,0.0,-9.731461135143942,-14.023169927450933,4.0,0.2997829612601741
1757308389.2605574,1.025940179824829,0.40038737654685974,10.436914443969727,90.44,1.4825234506373184,-0.08164062500000001,0.0,0.0,0.0,0.0,-9.731461135143942,-14.023169927450933,4.0,0.2997829612601741
1757308389.4136815,1.0670461654663086,0.522670567035675,10.108826637268066,88.51,1.4825234506373184,-0.08164062500000001,0.0,0.0,0.0,0.0,-9.731461135143942,-14.023169927450933,4.0,0.2997829612601741
1757308389.5609896,1.0670461654663086,0.522670567035675,10.108826637268066,88.51,1.4825234506373184,-0.08164062500000001,0.0,0.0,0.0,0.0,-9.731461135143942,-14.023169927450933,4.0,0.2997829612601741
1757308389.7092266,1.0670461654663086,0.522670567035675,10.108826637268066,88.51,1.4825234506373184,-0.08164062500000001,0.0,0.0,0.0,0.0,-9.731461135143942,-14.023169927450933,4.0,0.2997829612601741
1757308389.8607993,1.0670461654663086,0.522670567035675,10.108826637268066,88.51,1.4825234506373184,-0.08164062500000001,0.0,0.0,0.0,0.0,-9.731461135143942,-14.023169927450933,4.0,0.2997829612601741
1757308390.0086954,1.0670461654663086,0.522670567035675,10.108826637268066,88.51,1.4825234506373184,-0.08164062500000001,0.0,0.0,0.0,0.0,-9.731461135143942,-14.023169927450933,4.0,0.2997829612601741
1757308390.1590247,1.0646586418151855,0.5620470643043518,9.76705551147461,86.94,1.4825234506373184,-0.08164062500000001,0.0,0.0,0.0,0.0,-9.731461135143942,-14.023169927450933,4.0,0.2997829612601741
1757308390.3089538,1.0646586418151855,0.5620470643043518,9.76705551147461,86.94,1.4825234506373184,-0.08164062500000001,0.0,0.0,0.0,0.0,-9.731461135143942,-14.023169927450933,4.0,0.2997829612601741
1757308390.4614425,1.0646586418151855,0.5620470643043518,9.76705551147461,86.94,1.4825234506373184,-0.08164062500000001,0.0,0.0,0.0,0.0,-9.731461135143942,-14.023169927450933,4.0,0.2997829612601741
1757308390.6114476,1.0646586418151855,0.5620470643043518,9.76705551147461,86.94,1.4825234506373184,-0.08164062500000001,0.0,0.0,0.0,0.0,-9.731461135143942,-14.023169927450933,4.0,0.2997829612601741
1757308390.7595582,1.000509262084961,0.5507637858390808,9.457881927490234,87.92,1.4825234506373184,-0.08164062500000001,0.0,0.0,0.0,0.0,-9.731461135143942,-14.023169927450933,4.0,0.2997829612601741
1757308390.9087048,0.9960150718688965,0.546902060508728,9.400923728942871,87.92,1.4825234506373184,-0.08164062500000001,0.0,0.0,0.0,0.0,-9.731461135143942,-14.023169927450933,4.0,0.2997829612601741
1757308391.0590384,0.9960150718688965,0.546902060508728,9.400923728942871,87.92,1.4825234506373184,-0.08164062500000001,0.0,0.0,0.0,0.0,-9.731461135143942,-14.023169927450933,4.0,0.2997829612601741
1757308391.212444,0.9960150718688965,0.546902060508728,9.400923728942871,87.92,1.4825234506373184,-0.08164062500000001,0.0,0.0,0.0,0.0,-9.731461135143942,-14.023169927450933,4.0,0.2997829612601741
1757308391.3593569,0.9960150718688965,0.546902060508728,9.400923728942871,87.92,1.4825234506373184,-0.08164062500000001,0.0,0.0,0.0,0.0,-9.731461135143942,-14.023169927450933,4.0,0.2997829612601741
1757308391.5103958,1.0811352729797363,0.5477972030639648,9.014932632446289,88.88,1.4825234506373184,-0.08164062500000001,0.0,0.0,0.0,0.0,-9.731461135143942,-14.023169927450933,4.0,0.2997829612601741
1757308391.6591394,1.0811352729797363,0.5477972030639648,9.014932632446289,88.88,1.4825234506373184,-0.08164062500000001,0.0,0.0,0.0,0.0,-9.731461135143942,-14.023169927450933,4.0,0.2997829612601741
1757308391.8085737,1.0811352729797363,0.5477972030639648,9.014932632446289,88.88,1.4825234506373184,-0.08164062500000001,0.0,0.0,0.0,0.0,-9.731461135143942,-14.023169927450933,4.0,0.2997829612601741
1757308391.9599946,1.0811352729797363,0.5477972030639648,9.014932632446289,88.88,1.4825234506373184,-0.08164062500000001,0.0,0.0,0.0,0.0,-9.731461135143942,-14.023169927450933,4.0,0.2997829612601741
1757308392.1099937,1.0811352729797363,0.5477972030639648,9.014932632446289,88.88,1.4825234506373184,-0.08164062500000001,0.0,0.0,0.0,0.0,-9.731461135143942,-14.023169927450933,4.0,0.2997829612601741
1757308392.2612996,1.174806833267212,0.5715171694755554,8.622138023376465,88.15,1.4825234506373184,-0.08164062500000001,0.0,0.0,0.0,0.0,-9.731461135143942,-14.023169927450933,4.0,0.2997829612601741
1757308392.408796,1.174806833267212,0.5715171694755554,8.622138023376465,88.15,1.4825234506373184,-0.08164062500000001,0.0,0.0,0.0,0.0,-9.731461135143942,-14.023169927450933,4.0,0.2997829612601741
1757308392.5609121,1.174806833267212,0.5715171694755554,8.622138023376465,88.15,1.4825234506373184,-0.08164062500000001,0.0,0.0,0.0,0.0,-9.731461135143942,-14.023169927450933,4.0,0.2997829612601741
1757308392.712395,1.174806833267212,0.5715171694755554,8.622138023376465,88.15,1.4825234506373184,-0.08164062500000001,0.0,0.0,0.0,0.0,-9.731461135143942,-14.023169927450933,4.0,0.2997829612601741
1757308392.8597026,1.174806833267212,0.5715171694755554,8.622138023376465,88.15,1.4825234506373184,-0.08164062500000001,0.0,0.0,0.0,0.0,-9.731461135143942,-14.023169927450933,4.0,0.2997829612601741
1757308393.0096674,1.1707183122634888,0.5847849249839783,8.316863059997559,86.82,1.4825234506373184,-0.08164062500000001,0.0,0.0,0.0,0.0,-9.731461135143942,-14.023169927450933,4.0,0.2997829612601741
1757308393.159652,1.1707183122634888,0.5847849249839783,8.316863059997559,86.82,1.4825234506373184,-0.08164062500000001,0.0,0.0,0.0,0.0,-9.731461135143942,-14.023169927450933,4.0,0.2997829612601741
1757308393.3140523,1.1707183122634888,0.5847849249839783,8.316863059997559,86.82,1.4825234506373184,-0.08164062500000001,0.0,0.0,0.0,0.0,-9.731461135143942,-14.023169927450933,4.0,0.2997829612601741
1757308393.4597342,1.1707183122634888,0.5847849249839783,8.316863059997559,86.82,1.4825234506373184,-0.08164062500000001,0.0,0.0,0.0,0.0,-9.731461135143942,-14.023169927450933,4.0,0.2997829612601741
1757308393.6107106,1.1921623945236206,0.5412236452102661,8.090372085571289,85.27,1.4825234506373184,-0.08164062500000001,0.0,0.0,0.0,0.0,-9.731461135143942,-14.023169927450933,4.0,0.2997829612601741
1757308393.7594552,1.2263866662979126,0.5084376335144043,7.961887359619141,84.25,1.4825234506373184,-0.08164062500000001,0.0,0.0,0.0,0.0,-9.731461135143942,-14.023169927450933,4.0,0.2997829612601741
1757308393.9088054,1.2263866662979126,0.5084376335144043,7.961887359619141,84.25,1.4825234506373184,-0.08164062500000001,0.0,0.0,0.0,0.0,-9.731461135143942,-14.023169927450933,4.0,0.2997829612601741
1757308394.0593243,1.2263866662979126,0.5084376335144043,7.961887359619141,84.25,1.4825234506373184,-0.08164062500000001,0.0,0.0,0.0,0.0,-9.731461135143942,-14.023169927450933,4.0,0.2997829612601741
1757308394.2115397,1.2263866662979126,0.5084376335144043,7.961887359619141,84.25,1.4825234506373184,-0.08164062500000001,0.0,0.0,0.0,0.0,-9.731461135143942,-14.023169927450933,4.0,0.2997829612601741
1757308394.359353,1.2552556991577148,0.4746606647968292,7.647562503814697,86.42,1.4825234506373184,-0.08164062500000001,0.0,0.0,0.0,0.0,-9.731461135143942,-14.023169927450933,4.0,0.2997829612601741
1757308394.5112014,1.2552556991577148,0.4746606647968292,7.647562503814697,86.42,1.4825234506373184,-0.08164062500000001,0.0,0.0,0.0,0.0,-9.731461135143942,-14.023169927450933,4.0,0.2997829612601741
1757308394.6649737,1.2552556991577148,0.4746606647968292,7.647562503814697,86.42,1.4825234506373184,-0.08164062500000001,0.0,0.0,0.0,0.0,-9.731461135143942,-14.023169927450933,4.0,0.2997829612601741
1757308394.8095655,1.2552556991577148,0.4746606647968292,7.647562503814697,86.42,1.4825234506373184,-0.08164062500000001,0.0,0.0,0.0,0.0,-9.731461135143942,-14.023169927450933,4.0,0.2997829612601741
1757308394.9591515,1.2552556991577148,0.4746606647968292,7.647562503814697,86.42,1.4825234506373184,-0.08164062500000001,0.0,0.0,0.0,0.0,-9.731461135143942,-14.023169927450933,4.0,0.2997829612601741
1757308395.1123252,1.1938445568084717,0.5805739164352417,7.303582668304443,87.74,1.4825234506373184,-0.08164062500000001,0.0,0.0,0.0,0.0,-9.731461135143942,-14.023169927450933,4.0,0.2997829612601741
1757308395.2603302,1.1938445568084717,0.5805739164352417,7.303582668304443,87.74,1.4825234506373184,-0.08164062500000001,0.0,0.0,0.0,0.0,-9.731461135143942,-14.023169927450933,4.0,0.2997829612601741
1757308395.410562,1.1938445568084717,0.5805739164352417,7.303582668304443,87.74,1.4825234506373184,-0.08164062500000001,0.0,0.0,0.0,0.0,-9.731461135143942,-14.023169927450933,4.0,0.2997829612601741
1757308395.560129,1.1938445568084717,0.5805739164352417,7.303582668304443,87.74,1.4825234506373184,-0.08164062500000001,0.0,0.0,0.0,0.0,-9.731461135143942,-14.023169927450933,4.0,0.2997829612601741
1757308395.710229,1.1938445568084717,0.5805739164352417,7.303582668304443,87.74,1.4825234506373184,-0.08164062500000001,0.0,0.0,0.0,0.0,-9.731461135143942,-14.023169927450933,4.0,0.2997829612601741
1757308395.8587759,1.1319525241851807,0.616839587688446,6.935390472412109,86.78,1.4825234506373184,-0.08164062500000001,0.0,0.0,0.0,0.0,-9.731461135143942,-14.023169927450933,4.0,0.2997829612601741
1757308396.0095534,1.1319525241851807,0.616839587688446,6.935390472412109,86.78,1.4825234506373184,-0.08164062500000001,0.0,0.0,0.0,0.0,-9.731461135143942,-14.023169927450933,4.0,0.2997829612601741
1757308396.160029,1.1319525241851807,0.616839587688446,6.935390472412109,86.78,1.4825234506373184,-0.08164062500000001,0.0,0.0,0.0,0.0,-9.731461135143942,-14.023169927450933,4.0,0.2997829612601741
1757308396.3099473,1.1319525241851807,0.616839587688446,6.935390472412109,86.78,1.4825234506373184,-0.08164062500000001,0.0,0.0,0.0,0.0,-9.731461135143942,-14.023169927450933,4.0,0.2997829612601741
1757308396.4604452,1.1007411479949951,0.4341070353984833,6.581822872161865,87.07,1.4825234506373184,-0.08164062500000001,0.0,0.0,0.0,0.0,-9.731461135143942,-14.023169927450933,4.0,0.2997829612601741
1757308396.6104953,1.1007411479949951,0.4341070353984833,6.581822872161865,87.07,1.4825234506373184,-0.08164062500000001,0.0,0.0,0.0,0.0,-9.731461135143942,-14.023169927450933,4.0,0.2997829612601741
1757308396.7624614,1.1007411479949951,0.4341070353984833,6.581822872161865,87.07,1.4825234506373184,-0.08164062500000001,0.0,0.0,0.0,0.0,-9.731461135143942,-14.023169927450933,4.0,0.2997829612601741
1757308396.9083848,1.1007411479949951,0.4341070353984833,6.581822872161865,87.07,1.4825234506373184,-0.08164062500000001,0.0,0.0,0.0,0.0,-9.731461135143942,-14.023169927450933,4.0,0.2997829612601741
1757308397.0602114,1.1007411479949951,0.4341070353984833,6.581822872161865,87.07,1.4825234506373184,-0.08164062500000001,0.0,0.0,0.0,0.0,-9.731461135143942,-14.023169927450933,4.0,0.2997829612601741
1757308397.216893,1.1064647436141968,0.3522064685821533,6.268772602081299,87.33,1.4825234506373184,-0.08164062500000001,0.0,0.0,0.0,0.0,-9.731461135143942,-14.023169927450933,4.0,0.2997829612601741
1757308397.36271,1.1064647436141968,0.3522064685821533,6.268772602081299,87.33,1.4825234506373184,-0.08164062500000001,0.0,0.0,0.0,0.0,-9.731461135143942,-14.023169927450933,4.0,0.2997829612601741
1757308397.508659,1.1064647436141968,0.3522064685821533,6.268772602081299,87.33,1.4825234506373184,-0.08164062500000001,0.0,0.0,0.0,0.0,-9.731461135143942,-14.023169927450933,4.0,0.2997829612601741
1757308397.6590412,1.1064647436141968,0.3522064685821533,6.268772602081299,87.33,1.4825234506373184,-0.08164062500000001,0.0,0.0,0.0,0.0,-9.731461135143942,-14.023169927450933,4.0,0.2997829612601741
1757308397.8100607,1.1064647436141968,0.3522064685821533,6.268772602081299,87.33,1.4825234506373184,-0.08164062500000001,0.0,0.0,0.0,0.0,-9.731461135143942,-14.023169927450933,4.0,0.2997829612601741
1757308397.9587262,1.1563489437103271,0.39306640625,5.912376880645752,87.86,1.4825234506373184,-0.08164062500000001,0.0,0.0,0.0,0.0,-9.731461135143942,-14.023169927450933,4.0,0.2997829612601741
1757308398.10953,1.1563489437103271,0.39306640625,5.912376880645752,87.86,1.4825234506373184,-0.08164062500000001,0.0,0.0,0.0,0.0,-9.731461135143942,-14.023169927450933,4.0,0.2997829612601741
1757308398.2589478,1.1563489437103271,0.39306640625,5.912376880645752,87.86,1.4825234506373184,-0.08164062500000001,0.0,0.0,0.0,0.0,-9.731461135143942,-14.023169927450933,4.0,0.2997829612601741
1757308398.4087346,1.1563489437103271,0.39306640625,5.912376880645752,87.86,1.4825234506373184,-0.08164062500000001,0.0,0.0,0.0,0.0,-9.731461135143942,-14.023169927450933,4.0,0.2997829612601741
1757308398.5611844,1.1563489437103271,0.39306640625,5.912376880645752,87.86,1.4825234506373184,-0.08164062500000001,0.0,0.0,0.0,0.0,-9.731461135143942,-14.023169927450933,4.0,0.2997829612601741
1757308398.710382,1.1719387769699097,0.5440854430198669,5.511637210845947,86.81,1.4825234506373184,-0.08164062500000001,0.0,0.0,0.0,0.0,-9.731461135143942,-14.023169927450933,4.0,0.2997829612601741
1757308398.8586018,1.1719387769699097,0.5440854430198669,5.511637210845947,86.81,1.4825234506373184,-0.08164062500000001,0.0,0.0,0.0,0.0,-9.731461135143942,-14.023169927450933,4.0,0.2997829612601741
1757308399.0122502,1.1719387769699097,0.5440854430198669,5.511637210845947,86.81,1.4825234506373184,-0.08164062500000001,0.0,0.0,0.0,0.0,-9.731461135143942,-14.023169927450933,4.0,0.2997829612601741
1757308399.159716,1.1719387769699097,0.5440854430198669,5.511637210845947,86.81,1.4825234506373184,-0.08164062500000001,0.0,0.0,0.0,0.0,-9.731461135143942,-14.023169927450933,4.0,0.2997829612601741
1757308399.3089225,1.1776338815689087,0.69696044921875,5.122446537017822,89.17,1.4825234506373184,-0.08164062500000001,0.0,0.0,0.0,0.0,-9.731461135143942,-14.023169927450933,4.0,0.2997829612601741
1757308399.4587777,1.1776338815689087,0.69696044921875,5.122446537017822,89.34,1.4825234506373184,-0.08164062500000001,0.0,0.0,0.0,0.0,-9.731461135143942,-14.023169927450933,4.0,0.2997829612601741
1757308399.6087155,1.1776338815689087,0.69696044921875,5.122446537017822,89.34,1.4825234506373184,-0.08164062500000001,0.0,0.0,0.0,0.0,-9.731461135143942,-14.023169927450933,4.0,0.2997829612601741
1757308399.7592018,1.1776338815689087,0.69696044921875,5.122446537017822,89.34,1.4825234506373184,-0.08164062500000001,0.0,0.0,0.0,0.0,-9.731461135143942,-14.023169927450933,4.0,0.2997829612601741
1757308399.9099107,1.1776338815689087,0.69696044921875,5.122446537017822,89.34,1.4825234506373184,-0.08164062500000001,0.0,0.0,0.0,0.0,-9.731461135143942,-14.023169927450933,4.0,0.2997829612601741
1757308400.0603316,1.100661039352417,0.7345777750015259,4.726385593414307,91.24,1.4825234506373184,-0.08164062500000001,0.0,0.0,0.0,0.0,-9.731461135143942,-14.023169927450933,4.0,0.2997829612601741
1757308400.212356,1.100661039352417,0.7345777750015259,4.726385593414307,91.24,1.4825234506373184,-0.08164062500000001,0.0,0.0,0.0,0.0,-9.731461135143942,-14.023169927450933,4.0,0.2997829612601741
1757308400.3624005,1.100661039352417,0.7345777750015259,4.726385593414307,91.24,1.4825234506373184,-0.08164062500000001,0.0,0.0,0.0,0.0,-9.731461135143942,-14.023169927450933,4.0,0.2997829612601741
1757308400.5109417,1.100661039352417,0.7345777750015259,4.726385593414307,91.24,1.4825234506373184,-0.08164062500000001,0.0,0.0,0.0,0.0,-9.731461135143942,-14.023169927450933,4.0,0.2997829612601741
1757308400.659756,1.100661039352417,0.7345777750015259,4.726385593414307,91.24,1.4825234506373184,-0.08164062500000001,0.0,0.0,0.0,0.0,-9.731461135143942,-14.023169927450933,4.0,0.2997829612601741
1757308400.8092186,1.0387908220291138,0.7334049940109253,4.371883392333984,89.5,1.4825234506373184,-0.08164062500000001,0.0,0.0,0.0,0.0,-9.731461135143942,-14.023169927450933,4.0,0.2997829612601741
1757308400.9657445,1.0387908220291138,0.7334049940109253,4.371883392333984,89.5,1.4825234506373184,-0.08164062500000001,0.0,0.0,0.0,0.0,-9.731461135143942,-14.023169927450933,4.0,0.2997829612601741
1757308401.1086051,1.0387908220291138,0.7334049940109253,4.371883392333984,89.5,1.4825234506373184,-0.08164062500000001,0.0,0.0,0.0,0.0,-9.731461135143942,-14.023169927450933,4.0,0.2997829612601741
1757308401.2589548,1.0387908220291138,0.7334049940109253,4.371883392333984,89.5,1.4825234506373184,-0.08164062500000001,0.0,0.0,0.0,0.0,-9.731461135143942,-14.023169927450933,4.0,0.2997829612601741
1757308401.4171755,1.0306862592697144,0.7269872426986694,4.310192584991455,89.51,1.4825234506373184,-0.08164062500000001,0.0,0.0,0.0,0.0,-9.731461135143942,-14.023169927450933,4.0,0.2997829612601741
1757308401.5597887,1.014615774154663,0.7039514780044556,3.974364757537842,90.92,1.4825234506373184,-0.08164062500000001,0.0,0.0,0.0,0.0,-9.731461135143942,-14.023169927450933,4.0,0.2997829612601741
1757308401.7097273,1.014615774154663,0.7039514780044556,3.974364757537842,90.92,1.4825234506373184,-0.08164062500000001,0.0,0.0,0.0,0.0,-9.731461135143942,-14.023169927450933,4.0,0.2997829612601741
1757308401.8600087,1.014615774154663,0.7039514780044556,3.974364757537842,90.92,1.4825234506373184,-0.08164062500000001,0.0,0.0,0.0,0.0,-9.731461135143942,-14.023169927450933,4.0,0.2997829612601741
1757308402.0115287,1.014615774154663,0.7039514780044556,3.974364757537842,90.92,1.4825234506373184,-0.08164062500000001,0.0,0.0,0.0,0.0,-9.731461135143942,-14.023169927450933,4.0,0.2997829612601741
1757308402.1601796,1.0459706783294678,0.628466784954071,3.6332058906555176,88.41,1.4825234506373184,-0.08164062500000001,0.0,0.0,0.0,0.0,-9.731461135143942,-14.023169927450933,4.0,0.2997829612601741
1757308402.3115315,1.0459706783294678,0.628466784954071,3.6332058906555176,88.41,1.4825234506373184,-0.08164062500000001,0.0,0.0,0.0,0.0,-9.731461135143942,-14.023169927450933,4.0,0.2997829612601741
1757308402.459872,1.0459706783294678,0.628466784954071,3.6332058906555176,88.41,1.4825234506373184,-0.08164062500000001,0.0,0.0,0.0,0.0,-9.731461135143942,-14.023169927450933,4.0,0.2997829612601741
1757308402.6135094,1.0459706783294678,0.628466784954071,3.6332058906555176,88.41,1.4825234506373184,-0.08164062500000001,0.0,0.0,0.0,0.0,-9.731461135143942,-14.023169927450933,4.0,0.2997829612601741
1757308402.7613945,1.0459706783294678,0.628466784954071,3.6332058906555176,88.41,1.4825234506373184,-0.08164062500000001,0.0,0.0,0.0,0.0,-9.731461135143942,-14.023169927450933,4.0,0.2997829612601741
1757308402.9107413,1.1174246072769165,0.6172626614570618,3.3596351146698,93.35,1.4825234506373184,-0.08164062500000001,0.0,0.0,0.0,0.0,-9.731461135143942,-14.023169927450933,4.0,0.2997829612601741
1757308403.059891,1.1174246072769165,0.6172626614570618,3.3596351146698,93.35,1.4825234506373184,-0.08164062500000001,0.0,0.0,0.0,0.0,-9.731461135143942,-14.023169927450933,4.0,0.2997829612601741
1757308403.2084897,1.1174246072769165,0.6172626614570618,3.3596351146698,93.35,1.4825234506373184,-0.08164062500000001,0.0,0.0,0.0,0.0,-9.731461135143942,-14.023169927450933,4.0,0.2997829612601741
1757308403.358522,1.1174246072769165,0.6172626614570618,3.3596351146698,93.35,1.4825234506373184,-0.08164062500000001,0.0,0.0,0.0,0.0,-9.731461135143942,-14.023169927450933,4.0,0.2997829612601741
1757308403.5124605,1.1174246072769165,0.6172626614570618,3.3596351146698,93.35,1.4825234506373184,-0.08164062500000001,0.0,0.0,0.0,0.0,-9.731461135143942,-14.023169927450933,4.0,0.2997829612601741
1757308403.6610315,1.2499899864196777,0.6518701910972595,2.982175350189209,91.74,1.4825234506373184,-0.08164062500000001,0.0,0.0,0.0,0.0,-9.731461135143942,-14.023169927450933,4.0,0.2997829612601741
1757308403.8097708,1.2499899864196777,0.6518701910972595,2.982175350189209,91.74,1.4825234506373184,-0.08164062500000001,0.0,0.0,0.0,0.0,-9.731461135143942,-14.023169927450933,4.0,0.2997829612601741
1757308403.9605305,1.2499899864196777,0.6518701910972595,2.982175350189209,91.74,1.4825234506373184,-0.08164062500000001,0.0,0.0,0.0,0.0,-9.731461135143942,-14.023169927450933,4.0,0.2997829612601741
1757308404.109794,1.2499899864196777,0.6518701910972595,2.982175350189209,91.74,1.4825234506373184,-0.08164062500000001,0.0,0.0,0.0,0.0,-9.731461135143942,-14.023169927450933,4.0,0.2997829612601741
1757308404.268588,1.2581565380096436,0.6586738228797913,2.91251277923584,90.94,1.4825234506373184,-0.08164062500000001,0.0,0.0,0.0,0.0,-9.731461135143942,-14.023169927450933,4.0,0.2997829612601741
1757308404.4097,1.2303968667984009,0.6869968175888062,2.5845541954040527,89.36,1.4825234506373184,-0.08164062500000001,0.0,0.0,0.0,0.0,-9.731461135143942,-14.023169927450933,4.0,0.2997829612601741
1757308404.5587173,1.2303968667984009,0.6869968175888062,2.5845541954040527,89.36,1.4825234506373184,-0.08164062500000001,0.0,0.0,0.0,0.0,-9.731461135143942,-14.023169927450933,4.0,0.2997829612601741
1757308404.710447,1.2303968667984009,0.6869968175888062,2.5845541954040527,89.36,1.4825234506373184,-0.08164062500000001,0.0,0.0,0.0,0.0,-9.731461135143942,-14.023169927450933,4.0,0.2997829612601741
1757308404.8616972,1.2303968667984009,0.6869968175888062,2.5845541954040527,89.36,1.4825234506373184,-0.08164062500000001,0.0,0.0,0.0,0.0,-9.731461135143942,-14.023169927450933,4.0,0.2997829612601741
1757308405.0085726,1.1969059705734253,0.720694899559021,2.2025115489959717,86.67,1.4825234506373184,-0.08164062500000001,0.0,0.0,0.0,0.0,-9.731461135143942,-14.023169927450933,4.0,0.2997829612601741
1757308405.159283,1.1969059705734253,0.720694899559021,2.2025115489959717,86.67,1.4825234506373184,-0.08164062500000001,0.0,0.0,0.0,0.0,-9.731461135143942,-14.023169927450933,4.0,0.2997829612601741
1757308405.3172493,1.1969059705734253,0.720694899559021,2.2025115489959717,86.67,1.4825234506373184,-0.08164062500000001,0.0,0.0,0.0,0.0,-9.731461135143942,-14.023169927450933,4.0,0.2997829612601741
1757308405.4587202,1.1969059705734253,0.720694899559021,2.2025115489959717,86.67,1.4825234506373184,-0.08164062500000001,0.0,0.0,0.0,0.0,-9.731461135143942,-14.023169927450933,4.0,0.2997829612601741
1757308405.6102235,1.1969059705734253,0.720694899559021,2.2025115489959717,86.67,1.4825234506373184,-0.08164062500000001,0.0,0.0,0.0,0.0,-9.731461135143942,-14.023169927450933,4.0,0.2997829612601741
1757308405.7610977,1.2083841562271118,0.6662495136260986,1.8473306894302368,91.25,1.4825234506373184,-0.08164062500000001,0.0,0.0,0.0,0.0,-9.731461135143942,-14.023169927450933,4.0,0.2997829612601741
1757308405.908861,1.2083841562271118,0.6662495136260986,1.8473306894302368,91.25,1.4825234506373184,-0.08164062500000001,0.0,0.0,0.0,0.0,-9.731461135143942,-14.023169927450933,4.0,0.2997829612601741
1757308406.060727,1.2083841562271118,0.6662495136260986,1.8473306894302368,91.25,1.4825234506373184,-0.08164062500000001,0.0,0.0,0.0,0.0,-9.731461135143942,-14.023169927450933,4.0,0.2997829612601741
1757308406.2094014,1.2083841562271118,0.6662495136260986,1.8473306894302368,91.25,1.4825234506373184,-0.08164062500000001,0.0,0.0,0.0,0.0,-9.731461135143942,-14.023169927450933,4.0,0.2997829612601741
1757308406.3589296,1.2083841562271118,0.6662495136260986,1.8473306894302368,91.25,1.4825234506373184,-0.08164062500000001,0.0,0.0,0.0,0.0,-9.731461135143942,-14.023169927450933,4.0,0.2997829612601741
1757308406.5100443,1.2675279378890991,0.6065578460693359,1.526338815689087,89.09,1.4825234506373184,-0.08164062500000001,0.0,0.0,0.0,0.0,-9.731461135143942,-14.023169927450933,4.0,0.2997829612601741
1757308406.6585271,1.2675279378890991,0.6065578460693359,1.526338815689087,89.09,1.4825234506373184,-0.08164062500000001,0.0,0.0,0.0,0.0,-9.731461135143942,-14.023169927450933,4.0,0.2997829612601741
1757308406.809147,1.2675279378890991,0.6065578460693359,1.526338815689087,89.09,1.4825234506373184,-0.08164062500000001,0.0,0.0,0.0,0.0,-9.731461135143942,-14.023169927450933,4.0,0.2997829612601741
1757308406.9586189,1.2675279378890991,0.6065578460693359,1.526338815689087,89.09,1.4825234506373184,-0.08164062500000001,0.0,0.0,0.0,0.0,-9.731461135143942,-14.023169927450933,4.0,0.2997829612601741
1757308407.1127193,1.2694443464279175,0.583415150642395,1.382796049118042,89.22,1.4825234506373184,-0.08164062500000001,0.0,0.0,0.0,0.0,-9.731461135143942,-14.023169927450933,4.0,0.2997829612601741
1757308407.2598367,1.2886446714401245,0.5705625414848328,1.3427990674972534,88.65,1.4825234506373184,-0.08164062500000001,0.0,0.0,0.0,0.0,-9.731461135143942,-14.023169927450933,4.0,0.2997829612601741
1757308407.4121265,1.2886446714401245,0.5705625414848328,1.3427990674972534,88.65,1.4825234506373184,-0.08164062500000001,0.0,0.0,0.0,0.0,-9.731461135143942,-14.023169927450933,4.0,0.2997829612601741
1757308407.5610757,1.2886446714401245,0.5705625414848328,1.3427990674972534,88.65,1.4825234506373184,-0.08164062500000001,0.0,0.0,0.0,0.0,-9.731461135143942,-14.023169927450933,4.0,0.2997829612601741
1757308407.7099679,1.2886446714401245,0.5705625414848328,1.3427990674972534,88.65,1.4825234506373184,-0.08164062500000001,0.0,0.0,0.0,0.0,-9.731461135143942,-14.023169927450933,4.0,0.2997829612601741
1757308407.8683443,1.3074827194213867,0.5486555099487305,1.307076096534729,88.74,1.4825234506373184,-0.08164062500000001,0.0,0.0,0.0,0.0,-9.731461135143942,-14.023169927450933,4.0,0.2997829612601741
1757308408.0094702,1.309316635131836,0.5450443625450134,1.3021206855773926,88.77,1.4825234506373184,-0.08164062500000001,0.0,0.0,0.0,0.0,-9.731461135143942,-14.023169927450933,4.0,0.2997829612601741
1757308408.1599452,1.309316635131836,0.5450443625450134,1.3021206855773926,88.77,1.4825234506373184,-0.08164062500000001,0.0,0.0,0.0,0.0,-9.731461135143942,-14.023169927450933,4.0,0.2997829612601741
1757308408.3086224,1.309316635131836,0.5450443625450134,1.3021206855773926,88.77,1.4825234506373184,-0.08164062500000001,0.0,0.0,0.0,0.0,-9.731461135143942,-14.023169927450933,4.0,0.2997829612601741
1757308408.4589612,1.309316635131836,0.5450443625450134,1.3021206855773926,88.77,1.4825234506373184,-0.08164062500000001,0.0,0.0,0.0,0.0,-9.731461135143942,-14.023169927450933,4.0,0.2997829612601741
1757308408.6108632,1.3168755769729614,0.5247678160667419,1.2397632598876953,88.92,1.4825234506373184,-0.08164062500000001,0.0,0.0,0.0,0.0,-9.731461135143942,-14.023169927450933,4.0,0.2997829612601741
1757308408.7602215,1.3168755769729614,0.5247678160667419,1.2397632598876953,88.92,1.4825234506373184,-0.08164062500000001,0.0,0.0,0.0,0.0,-9.731461135143942,-14.023169927450933,4.0,0.2997829612601741
1757308408.9107132,1.3168755769729614,0.5247678160667419,1.2397632598876953,88.92,1.4825234506373184,-0.08164062500000001,0.0,0.0,0.0,0.0,-9.731461135143942,-14.023169927450933,4.0,0.2997829612601741
1757308409.0607338,1.3168755769729614,0.5247678160667419,1.2397632598876953,88.92,1.4825234506373184,-0.08164062500000001,0.0,0.0,0.0,0.0,-9.731461135143942,-14.023169927450933,4.0,0.2997829612601741
1757308409.2141314,1.3168755769729614,0.5247678160667419,1.2397632598876953,88.92,1.4825234506373184,-0.08164062500000001,0.0,0.0,0.0,0.0,-9.731461135143942,-14.023169927450933,4.0,0.2997829612601741
1757308409.3598852,1.304721713066101,0.5249972343444824,1.0808919668197632,89.26,1.4825234506373184,-0.08164062500000001,0.0,0.0,0.0,0.0,-9.731461135143942,-14.023169927450933,4.0,0.2997829612601741
1757308409.5092926,1.304721713066101,0.5249972343444824,1.0808919668197632,89.26,1.4825234506373184,-0.08164062500000001,0.0,0.0,0.0,0.0,-9.731461135143942,-14.023169927450933,4.0,0.2997829612601741
1757308409.658547,1.304721713066101,0.5249972343444824,1.0808919668197632,89.26,1.4825234506373184,-0.08164062500000001,0.0,0.0,0.0,0.0,-9.731461135143942,-14.023169927450933,4.0,0.2997829612601741
1757308409.8088603,1.304721713066101,0.5249972343444824,1.0808919668197632,89.26,1.4825234506373184,-0.08164062500000001,0.0,0.0,0.0,0.0,-9.731461135143942,-14.023169927450933,4.0,0.2997829612601741
1757308409.95999,1.3025038242340088,0.5258147120475769,1.0530927181243896,89.31,1.4825234506373184,-0.08164062500000001,0.0,0.0,0.0,0.0,-9.731461135143942,-14.023169927450933,4.0,0.2997829612601741
1757308410.1088526,1.2949174642562866,0.5409653186798096,0.9618964791297913,89.58,1.4825234506373184,-0.08164062500000001,0.0,0.0,0.0,0.0,-9.731461135143942,-14.023169927450933,4.0,0.2997829612601741
1757308410.263144,1.2949174642562866,0.5409653186798096,0.9618964791297913,89.58,1.4825234506373184,-0.08164062500000001,0.0,0.0,0.0,0.0,-9.731461135143942,-14.023169927450933,4.0,0.2997829612601741
1757308410.411378,1.2949174642562866,0.5409653186798096,0.9618964791297913,89.58,1.4825234506373184,-0.08164062500000001,0.0,0.0,0.0,0.0,-9.731461135143942,-14.023169927450933,4.0,0.2997829612601741
1757308410.559844,1.2949174642562866,0.5409653186798096,0.9618964791297913,89.58,1.4825234506373184,-0.08164062500000001,0.0,0.0,0.0,0.0,-9.731461135143942,-14.023169927450933,4.0,0.2997829612601741
1757308410.709229,1.28322434425354,0.5683924555778503,0.9198163747787476,89.91,1.4825234506373184,-0.08164062500000001,0.0,0.0,0.0,0.0,-9.731461135143942,-14.023169927450933,4.0,0.2997829612601741
1757308410.8593178,1.28322434425354,0.5683924555778503,0.9198163747787476,89.91,1.4825234506373184,-0.08164062500000001,0.0,0.0,0.0,0.0,-9.731461135143942,-14.023169927450933,4.0,0.2997829612601741
1757308411.0091877,1.28322434425354,0.5683924555778503,0.9198163747787476,89.91,1.4825234506373184,-0.08164062500000001,0.0,0.0,0.0,0.0,-9.731461135143942,-14.023169927450933,4.0,0.2997829612601741
1757308411.1588335,1.28322434425354,0.5683924555778503,0.9198163747787476,89.91,1.4825234506373184,-0.08164062500000001,0.0,0.0,0.0,0.0,-9.731461135143942,-14.023169927450933,4.0,0.2997829612601741
1757308411.3127656,1.28322434425354,0.5683924555778503,0.9198163747787476,89.91,1.4825234506373184,-0.08164062500000001,0.0,0.0,0.0,0.0,-9.731461135143942,-14.023169927450933,4.0,0.2997829612601741
1757308411.4585245,1.2681877613067627,0.5962996482849121,0.9222120046615601,90.18,1.4825234506373184,-0.08164062500000001,0.0,0.0,0.0,0.0,-9.731461135143942,-14.023169927450933,4.0,0.2997829612601741
1757308411.6086657,1.2681877613067627,0.5962996482849121,0.9222120046615601,90.18,1.4825234506373184,-0.08164062500000001,0.0,0.0,0.0,0.0,-9.731461135143942,-14.023169927450933,4.0,0.2997829612601741
1757308411.7628613,1.2681877613067627,0.5962996482849121,0.9222120046615601,90.18,1.4825234506373184,-0.08164062500000001,0.0,0.0,0.0,0.0,-9.731461135143942,-14.023169927450933,4.0,0.2997829612601741
1757308411.9091804,1.2681877613067627,0.5962996482849121,0.9222120046615601,90.18,1.4825234506373184,-0.08164062500000001,0.0,0.0,0.0,0.0,-9.731461135143942,-14.023169927450933,4.0,0.2997829612601741
1757308412.06015,1.2681877613067627,0.5962996482849121,0.9222120046615601,90.18,1.4825234506373184,-0.08164062500000001,0.0,0.0,0.0,0.0,-9.731461135143942,-14.023169927450933,4.0,0.2997829612601741
1757308412.2091374,1.2677619457244873,0.6162295341491699,0.942140519618988,90.51,1.4825234506373184,-0.08164062500000001,0.0,0.0,0.0,0.0,-9.731461135143942,-14.023169927450933,4.0,0.2997829612601741
1757308412.3602924,1.2677619457244873,0.6162295341491699,0.942140519618988,90.51,1.4825234506373184,-0.08164062500000001,0.0,0.0,0.0,0.0,-9.731461135143942,-14.023169927450933,4.0,0.2997829612601741
1757308412.5091505,1.2677619457244873,0.6162295341491699,0.942140519618988,90.51,1.4825234506373184,-0.08164062500000001,0.0,0.0,0.0,0.0,-9.731461135143942,-14.023169927450933,4.0,0.2997829612601741
1757308412.6591735,1.2677619457244873,0.6162295341491699,0.942140519618988,90.51,1.4825234506373184,-0.08164062500000001,0.0,0.0,0.0,0.0,-9.731461135143942,-14.023169927450933,4.0,0.2997829612601741
1757308412.8090906,1.2675873041152954,0.6250400543212891,0.9373737573623657,90.68,1.4825234506373184,-0.08164062500000001,0.0,0.0,0.0,0.0,-9.731461135143942,-14.023169927450933,4.0,0.2997829612601741
1757308412.9637542,1.2690540552139282,0.6337378621101379,0.9303522109985352,90.85,1.4825234506373184,-0.08164062500000001,0.0,0.0,0.0,0.0,-9.731461135143942,-14.023169927450933,4.0,0.2997829612601741
1757308413.1118515,1.2690540552139282,0.6337378621101379,0.9303522109985352,90.85,1.4825234506373184,-0.08164062500000001,0.0,0.0,0.0,0.0,-9.731461135143942,-14.023169927450933,4.0,0.2997829612601741
1757308413.258562,1.2690540552139282,0.6337378621101379,0.9303522109985352,90.85,1.4825234506373184,-0.08164062500000001,0.0,0.0,0.0,0.0,-9.731461135143942,-14.023169927450933,4.0,0.2997829612601741
1757308413.412524,1.2690540552139282,0.6337378621101379,0.9303522109985352,90.85,1.4825234506373184,-0.08164062500000001,0.0,0.0,0.0,0.0,-9.731461135143942,-14.023169927450933,4.0,0.2997829612601741
1757308413.5608492,1.2798535823822021,0.6242680549621582,0.9180551767349243,91.19,1.4825234506373184,-0.08164062500000001,0.0,0.0,0.0,0.0,-9.731461135143942,-14.023169927450933,4.0,0.2997829612601741
1757308413.7119942,1.2798535823822021,0.6242680549621582,0.9180551767349243,91.19,1.4825234506373184,-0.08164062500000001,0.0,0.0,0.0,0.0,-9.731461135143942,-14.023169927450933,4.0,0.2997829612601741
1757308413.8592737,1.2798535823822021,0.6242680549621582,0.9180551767349243,91.19,1.4825234506373184,-0.08164062500000001,0.0,0.0,0.0,0.0,-9.731461135143942,-14.023169927450933,4.0,0.2997829612601741
1757308414.0097806,1.2798535823822021,0.6242680549621582,0.9180551767349243,91.19,1.4825234506373184,-0.08164062500000001,0.0,0.0,0.0,0.0,-9.731461135143942,-14.023169927450933,4.0,0.2997829612601741
1757308414.1603065,1.2798535823822021,0.6242680549621582,0.9180551767349243,91.19,1.4825234506373184,-0.08164062500000001,0.0,0.0,0.0,0.0,-9.731461135143942,-14.023169927450933,4.0,0.2997829612601741
1757308414.3142076,1.299521565437317,0.6267311573028564,0.9279575347900391,91.51,1.4825234506373184,-0.08164062500000001,0.0,0.0,0.0,0.0,-9.731461135143942,-14.023169927450933,4.0,0.2997829612601741
1757308414.4602413,1.299521565437317,0.6267311573028564,0.9279575347900391,91.51,1.4825234506373184,-0.08164062500000001,0.0,0.0,0.0,0.0,-9.731461135143942,-14.023169927450933,4.0,0.2997829612601741
1757308414.6114118,1.299521565437317,0.6267311573028564,0.9279575347900391,91.51,1.4825234506373184,-0.08164062500000001,0.0,0.0,0.0,0.0,-9.731461135143942,-14.023169927450933,4.0,0.2997829612601741
1757308414.7595763,1.299521565437317,0.6267311573028564,0.9279575347900391,91.51,1.4825234506373184,-0.08164062500000001,0.0,0.0,0.0,0.0,-9.731461135143942,-14.023169927450933,4.0,0.2997829612601741
1757308414.9165237,1.2999022006988525,0.6290131211280823,0.9321123361587524,91.51,1.4825234506373184,-0.08164062500000001,0.0,0.0,0.0,0.0,-9.731461135143942,-14.023169927450933,4.0,0.2997829612601741
1757308415.0612693,1.3002747297286987,0.6422988772392273,0.9407281279563904,91.85,1.4825234506373184,-0.08164062500000001,0.0,0.0,0.0,0.0,-9.731461135143942,-14.023169927450933,4.0,0.2997829612601741
1757308415.2090747,1.3002747297286987,0.6422988772392273,0.9407281279563904,91.85,1.4825234506373184,-0.08164062500000001,0.0,0.0,0.0,0.0,-9.731461135143942,-14.023169927450933,4.0,0.2997829612601741
1757308415.3585002,1.3002747297286987,0.6422988772392273,0.9407281279563904,91.85,1.4825234506373184,-0.08164062500000001,0.0,0.0,0.0,0.0,-9.731461135143942,-14.023169927450933,4.0,0.2997829612601741
1757308415.5132983,1.3002747297286987,0.6422988772392273,0.9407281279563904,91.85,1.4825234506373184,-0.08164062500000001,0.0,0.0,0.0,0.0,-9.731461135143942,-14.023169927450933,4.0,0.2997829612601741
1757308415.660535,1.3129099607467651,0.6587575078010559,0.923649251461029,92.18,1.4825234506373184,-0.08164062500000001,0.0,0.0,0.0,0.0,-9.731461135143942,-14.023169927450933,4.0,0.2997829612601741
1757308415.810046,1.3129099607467651,0.6587575078010559,0.923649251461029,92.18,1.4825234506373184,-0.08164062500000001,0.0,0.0,0.0,0.0,-9.731461135143942,-14.023169927450933,4.0,0.2997829612601741
1757308415.9632547,1.3129099607467651,0.6587575078010559,0.923649251461029,92.18,1.4825234506373184,-0.08164062500000001,0.0,0.0,0.0,0.0,-9.731461135143942,-14.023169927450933,4.0,0.2997829612601741
1757308416.1089065,1.3129099607467651,0.6587575078010559,0.923649251461029,92.18,1.4825234506373184,-0.08164062500000001,0.0,0.0,0.0,0.0,-9.731461135143942,-14.023169927450933,4.0,0.2997829612601741
1757308416.259642,1.3129099607467651,0.6587575078010559,0.923649251461029,92.18,1.4825234506373184,-0.08164062500000001,0.0,0.0,0.0,0.0,-9.731461135143942,-14.023169927450933,4.0,0.2997829612601741
1757308416.4086967,1.3261631727218628,0.6732748746871948,0.8829774856567383,92.52,1.4825234506373184,-0.08164062500000001,0.0,0.0,0.0,0.0,-9.731461135143942,-14.023169927450933,4.0,0.2997829612601741
1757308416.560602,1.3261631727218628,0.6732748746871948,0.8829774856567383,92.52,1.4825234506373184,-0.08164062500000001,0.0,0.0,0.0,0.0,-9.731461135143942,-14.023169927450933,4.0,0.2997829612601741
1757308416.7095819,1.3261631727218628,0.6732748746871948,0.8829774856567383,92.52,1.4825234506373184,-0.08164062500000001,0.0,0.0,0.0,0.0,-9.731461135143942,-14.023169927450933,4.0,0.2997829612601741
1757308416.86372,1.3261631727218628,0.6732748746871948,0.8829774856567383,92.52,1.4825234506373184,-0.08164062500000001,0.0,0.0,0.0,0.0,-9.731461135143942,-14.023169927450933,4.0,0.2997829612601741
1757308417.0105252,1.3261631727218628,0.6732748746871948,0.8829774856567383,92.52,1.4825234506373184,-0.08164062500000001,0.0,0.0,0.0,0.0,-9.731461135143942,-14.023169927450933,4.0,0.2997829612601741
1757308417.1592526,1.3361421823501587,0.6883143782615662,0.8357634544372559,92.86,1.4825234506373184,-0.08164062500000001,0.0,0.0,0.0,0.0,-9.731461135143942,-14.023169927450933,4.0,0.2997829612601741
1757308417.3131626,1.3361421823501587,0.6883143782615662,0.8357634544372559,92.86,1.4825234506373184,-0.08164062500000001,0.0,0.0,0.0,0.0,-9.731461135143942,-14.023169927450933,4.0,0.2997829612601741
1757308417.4636118,1.3361421823501587,0.6883143782615662,0.8357634544372559,92.86,1.4825234506373184,-0.08164062500000001,0.0,0.0,0.0,0.0,-9.731461135143942,-14.023169927450933,4.0,0.2997829612601741
1757308417.608726,1.3361421823501587,0.6883143782615662,0.8357634544372559,92.86,1.4825234506373184,-0.08164062500000001,0.0,0.0,0.0,0.0,-9.731461135143942,-14.023169927450933,4.0,0.2997829612601741
1757308417.7654707,1.3381420373916626,0.6929925084114075,0.8309586644172668,92.92,1.4825234506373184,-0.08164062500000001,0.0,0.0,0.0,0.0,-9.731461135143942,-14.023169927450933,4.0,0.2997829612601741
1757308417.9089057,1.3515405654907227,0.7053307294845581,0.8015778064727783,93.15,1.4825234506373184,-0.08164062500000001,0.0,0.0,0.0,0.0,-9.731461135143942,-14.023169927450933,4.0,0.2997829612601741
1757308418.0605485,1.3515405654907227,0.7053307294845581,0.8015778064727783,93.15,1.4825234506373184,-0.08164062500000001,0.0,0.0,0.0,0.0,-9.731461135143942,-14.023169927450933,4.0,0.2997829612601741
1757308418.2120733,1.3515405654907227,0.7053307294845581,0.8015778064727783,93.15,1.4825234506373184,-0.08164062500000001,0.0,0.0,0.0,0.0,-9.731461135143942,-14.023169927450933,4.0,0.2997829612601741
1757308418.3636527,1.3515405654907227,0.7053307294845581,0.8015778064727783,93.15,1.4825234506373184,-0.08164062500000001,0.0,0.0,0.0,0.0,-9.731461135143942,-14.023169927450933,4.0,0.2997829612601741
1757308418.5091538,1.3697216510772705,0.7293405532836914,0.7468165159225464,93.47,1.4825234506373184,-0.08164062500000001,0.0,0.0,0.0,0.0,-9.731461135143942,-14.023169927450933,4.0,0.2997829612601741
1757308418.6585,1.3697216510772705,0.7293405532836914,0.7468165159225464,93.47,1.4825234506373184,-0.08164062500000001,0.0,0.0,0.0,0.0,-9.731461135143942,-14.023169927450933,4.0,0.2997829612601741
1757308418.8094203,1.3697216510772705,0.7293405532836914,0.7468165159225464,93.47,1.4825234506373184,-0.08164062500000001,0.0,0.0,0.0,0.0,-9.731461135143942,-14.023169927450933,4.0,0.2997829612601741
1757308418.9634583,1.3697216510772705,0.7293405532836914,0.7468165159225464,93.47,1.4825234506373184,-0.08164062500000001,0.0,0.0,0.0,0.0,-9.731461135143942,-14.023169927450933,4.0,0.2997829612601741
1757308419.1096573,1.3697216510772705,0.7293405532836914,0.7468165159225464,93.47,1.4825234506373184,-0.08164062500000001,0.0,0.0,0.0,0.0,-9.731461135143942,-14.023169927450933,4.0,0.2997829612601741
1757308419.2610795,1.3761131763458252,0.7550932765007019,0.7015842199325562,93.79,1.4825234506373184,-0.08164062500000001,0.0,0.0,0.0,0.0,-9.731461135143942,-14.023169927450933,4.0,0.2997829612601741
1757308419.4128282,1.3761131763458252,0.7550932765007019,0.7015842199325562,93.79,1.4825234506373184,-0.08164062500000001,0.0,0.0,0.0,0.0,-9.731461135143942,-14.023169927450933,4.0,0.2997829612601741
1757308419.5670404,1.3761131763458252,0.7550932765007019,0.7015842199325562,93.79,1.4825234506373184,-0.08164062500000001,0.0,0.0,0.0,0.0,-9.731461135143942,-14.023169927450933,4.0,0.2997829612601741
1757308419.709013,1.3761131763458252,0.7550932765007019,0.7015842199325562,93.79,1.4825234506373184,-0.08164062500000001,0.0,0.0,0.0,0.0,-9.731461135143942,-14.023169927450933,4.0,0.2997829612601741
1757308419.8602295,1.3761131763458252,0.7550932765007019,0.7015842199325562,93.79,1.4825234506373184,-0.08164062500000001,0.0,0.0,0.0,0.0,-9.731461135143942,-14.023169927450933,4.0,0.2997829612601741
1757308420.0089324,1.381656527519226,0.7858268022537231,0.6940129399299622,94.12,1.4825234506373184,-0.08164062500000001,0.0,0.0,0.0,0.0,-9.731461135143942,-14.023169927450933,4.0,0.2997829612601741
1757308420.161647,1.381656527519226,0.7858268022537231,0.6940129399299622,94.12,1.4825234506373184,-0.08164062500000001,0.0,0.0,0.0,0.0,-9.731461135143942,-14.023169927450933,4.0,0.2997829612601741
1757308420.3128898,1.381656527519226,0.7858268022537231,0.6940129399299622,94.12,1.4825234506373184,-0.08164062500000001,0.0,0.0,0.0,0.0,-9.731461135143942,-14.023169927450933,4.0,0.2997829612601741
1757308420.4591746,1.381656527519226,0.7858268022537231,0.6940129399299622,94.12,1.4825234506373184,-0.08164062500000001,0.0,0.0,0.0,0.0,-9.731461135143942,-14.023169927450933,4.0,0.2997829612601741
1757308420.6159992,1.3833246231079102,0.7914835214614868,0.6925678849220276,94.17,1.4825234506373184,-0.08164062500000001,0.0,0.0,0.0,0.0,-9.731461135143942,-14.023169927450933,4.0,0.2997829612601741
1757308420.759053,1.3917474746704102,0.8142448663711548,0.6682633757591248,94.45,1.4825234506373184,-0.08164062500000001,0.0,0.0,0.0,0.0,-9.731461135143942,-14.023169927450933,4.0,0.2997829612601741
1757308420.9083867,1.3917474746704102,0.8142448663711548,0.6682633757591248,94.45,1.4825234506373184,-0.08164062500000001,0.0,0.0,0.0,0.0,-9.731461135143942,-14.023169927450933,4.0,0.2997829612601741
1757308421.0593395,1.3917474746704102,0.8142448663711548,0.6682633757591248,94.45,1.4825234506373184,-0.08164062500000001,0.0,0.0,0.0,0.0,-9.731461135143942,-14.023169927450933,4.0,0.2997829612601741
1757308421.2085967,1.3917474746704102,0.8142448663711548,0.6682633757591248,94.45,1.4825234506373184,-0.08164062500000001,0.0,0.0,0.0,0.0,-9.731461135143942,-14.023169927450933,4.0,0.2997829612601741
1757308421.3593285,1.399970293045044,0.8365315794944763,0.6318853497505188,94.76,1.4825234506373184,-0.08164062500000001,0.0,0.0,0.0,0.0,-9.731461135143942,-14.023169927450933,4.0,0.2997829612601741
1757308421.5087476,1.399970293045044,0.8365315794944763,0.6318853497505188,94.76,1.4825234506373184,-0.08164062500000001,0.0,0.0,0.0,0.0,-9.731461135143942,-14.023169927450933,4.0,0.2997829612601741
1757308421.6633132,1.399970293045044,0.8365315794944763,0.6318853497505188,94.76,1.4825234506373184,-0.08164062500000001,0.0,0.0,0.0,0.0,-9.731461135143942,-14.023169927450933,4.0,0.2997829612601741
1757308421.8083875,1.399970293045044,0.8365315794944763,0.6318853497505188,94.76,1.4825234506373184,-0.08164062500000001,0.0,0.0,0.0,0.0,-9.731461135143942,-14.023169927450933,4.0,0.2997829612601741
1757308421.9601703,1.399970293045044,0.8365315794944763,0.6318853497505188,94.76,1.4825234506373184,-0.08164062500000001,0.0,0.0,0.0,0.0,-9.731461135143942,-14.023169927450933,4.0,0.2997829612601741
1757308422.1119952,1.411683440208435,0.8738399744033813,0.6170156002044678,95.09,1.4825234506373184,-0.08164062500000001,0.0,0.0,0.0,0.0,-9.731461135143942,-14.023169927450933,4.0,0.2997829612601741
1757308422.2600336,1.411683440208435,0.8738399744033813,0.6170156002044678,95.09,1.4825234506373184,-0.08164062500000001,0.0,0.0,0.0,0.0,-9.731461135143942,-14.023169927450933,4.0,0.2997829612601741
1757308422.4105659,1.411683440208435,0.8738399744033813,0.6170156002044678,95.09,1.4825234506373184,-0.08164062500000001,0.0,0.0,0.0,0.0,-9.731461135143942,-14.023169927450933,4.0,0.2997829612601741
1757308422.559652,1.411683440208435,0.8738399744033813,0.6170156002044678,95.09,1.4825234506373184,-0.08164062500000001,0.0,0.0,0.0,0.0,-9.731461135143942,-14.023169927450933,4.0,0.2997829612601741
1757308422.7134564,1.411683440208435,0.8738399744033813,0.6170156002044678,95.09,1.4825234506373184,-0.08164062500000001,0.0,0.0,0.0,0.0,-9.731461135143942,-14.023169927450933,4.0,0.2997829612601741
1757308422.860052,1.428834319114685,0.9049386382102966,0.6088575720787048,95.41,1.4825234506373184,-0.08164062500000001,0.0,0.0,0.0,0.0,-9.731461135143942,-14.023169927450933,4.0,0.2997829612601741
1757308423.0107124,1.428834319114685,0.9049386382102966,0.6088575720787048,95.41,1.4825234506373184,-0.08164062500000001,0.0,0.0,0.0,0.0,-9.731461135143942,-14.023169927450933,4.0,0.2997829612601741
1757308423.1601098,1.428834319114685,0.9049386382102966,0.6088575720787048,95.41,1.4825234506373184,-0.08164062500000001,0.0,0.0,0.0,0.0,-9.731461135143942,-14.023169927450933,4.0,0.2997829612601741
1757308423.3119435,1.428834319114685,0.9049386382102966,0.6088575720787048,95.41,1.4825234506373184,-0.08164062500000001,0.0,0.0,0.0,0.0,-9.731461135143942,-14.023169927450933,4.0,0.2997829612601741
1757308423.459159,1.4371362924575806,0.9329506754875183,0.6078843474388123,95.68,1.4825234506373184,-0.08164062500000001,0.0,0.0,0.0,0.0,-9.731461135143942,-14.023169927450933,4.0,0.2997829612601741
1757308423.6089234,1.4379240274429321,0.937047004699707,0.6065713167190552,95.73,1.4825234506373184,-0.08164062500000001,0.0,0.0,0.0,0.0,-9.731461135143942,-14.023169927450933,4.0,0.2997829612601741
1757308423.7606783,1.4379240274429321,0.937047004699707,0.6065713167190552,95.73,1.4825234506373184,-0.08164062500000001,0.0,0.0,0.0,0.0,-9.731461135143942,-14.023169927450933,4.0,0.2997829612601741
1757308423.908672,1.4379240274429321,0.937047004699707,0.6065713167190552,95.73,1.4825234506373184,-0.08164062500000001,0.0,0.0,0.0,0.0,-9.731461135143942,-14.023169927450933,4.0,0.2997829612601741
1757308424.0593946,1.4379240274429321,0.937047004699707,0.6065713167190552,95.73,1.4825234506373184,-0.08164062500000001,0.0,0.0,0.0,0.0,-9.731461135143942,-14.023169927450933,4.0,0.2997829612601741
1757308424.208978,1.4559627771377563,0.9681954383850098,0.5987462997436523,96.05,1.4825234506373184,-0.08164062500000001,0.0,0.0,0.0,0.0,-9.731461135143942,-14.023169927450933,4.0,0.2997829612601741
1757308424.3594396,1.4559627771377563,0.9681954383850098,0.5987462997436523,96.05,1.4825234506373184,-0.08164062500000001,0.0,0.0,0.0,0.0,-9.731461135143942,-14.023169927450933,4.0,0.2997829612601741
1757308424.510194,1.4559627771377563,0.9681954383850098,0.5987462997436523,96.05,1.4825234506373184,-0.08164062500000001,0.0,0.0,0.0,0.0,-9.731461135143942,-14.023169927450933,4.0,0.2997829612601741
1757308424.6600614,1.4559627771377563,0.9681954383850098,0.5987462997436523,96.05,1.4825234506373184,-0.08164062500000001,0.0,0.0,0.0,0.0,-9.731461135143942,-14.023169927450933,4.0,0.2997829612601741
1757308424.8092535,1.4559627771377563,0.9681954383850098,0.5987462997436523,96.05,1.4825234506373184,-0.08164062500000001,0.0,0.0,0.0,0.0,-9.731461135143942,-14.023169927450933,4.0,0.2997829612601741
1757308424.9588087,1.4747910499572754,0.9878067970275879,0.5819520354270935,96.38,1.4825234506373184,-0.08164062500000001,0.0,0.0,0.0,0.0,-9.731461135143942,-14.023169927450933,4.0,0.2997829612601741
1757308425.108754,1.4747910499572754,0.9878067970275879,0.5819520354270935,96.38,2.0372597208949412,0.35703125,0.0,0.0,0.0,0.0,-9.731461135143942,-14.023169927450933,4.0,0.2997829612601741
1757308425.258754,1.4747910499572754,0.9878067970275879,0.5819520354270935,96.38,2.0321483330721346,0.35000000000000003,0.0,0.0,0.0,0.0,-9.731461135143942,-14.023169927450933,4.0,0.2997829612601741
1757308425.4102032,1.4747910499572754,0.9878067970275879,0.5819520354270935,96.38,2.029023333072135,0.34687500000000004,0.0,0.0,0.0,0.0,-9.731461135143942,-14.023169927450933,4.0,0.2997829612601741
1757308425.5617824,1.4747910499572754,0.9878067970275879,0.5819520354270935,96.38,2.015351458072135,0.33320312500000004,0.0,0.0,0.0,0.0,-9.731461135143942,-14.023169927450933,4.0,0.2997829612601741
1757308425.7091181,1.5005228519439697,1.0066699981689453,0.573854923248291,96.69,2.0106639580721346,0.32851562500000003,0.0,0.0,0.0,0.0,-9.731461135143942,-14.023169927450933,4.0,0.2997829612601741
1757308425.859829,1.5005228519439697,1.0066699981689453,0.573854923248291,96.69,2.012376024501323,0.32656250000000003,0.0,0.0,0.0,0.0,-9.731461135143942,-14.023169927450933,4.0,0.2997829612601741
1757308426.0084875,1.5005228519439697,1.0066699981689453,0.573854923248291,96.69,2.006308853753317,0.31875000000000003,0.0,0.0,0.0,0.0,-9.731461135143942,-14.023169927450933,4.0,0.2997829612601741
1757308426.1608682,1.5005228519439697,1.0066699981689453,0.573854923248291,96.69,1.9734963537533172,0.2859375,0.0,0.0,0.0,0.0,-9.731461135143942,-14.023169927450933,4.0,0.2997829612601741
1757308426.309581,1.505988597869873,1.0238022804260254,0.5695668458938599,96.95,1.9809182287533174,0.29335937500000003,0.0,0.0,0.0,0.0,-9.731461135143942,-14.023169927450933,4.0,0.2997829612601741
1757308426.459887,1.505988597869873,1.0238022804260254,0.5695668458938599,96.95,1.976197465930511,0.28671875,0.0,0.0,0.0,0.0,-9.731461135143942,-14.023169927450933,4.0,0.2997829612601741
1757308426.609476,1.505988597869873,1.0238022804260254,0.5695668458938599,96.95,1.9686592098085025,0.2765625,0.0,0.0,0.0,0.0,-9.731461135143942,-14.023169927450933,4.0,0.2997829612601741
1757308426.7604003,1.505988597869873,1.0238022804260254,0.5695668458938599,96.95,1.9686592098085025,0.2765625,0.0,0.0,0.0,0.0,-9.731461135143942,-14.023169927450933,4.0,0.2997829612601741
1757308426.9101272,1.505988597869873,1.0238022804260254,0.5695668458938599,96.95,1.9670967098085024,0.275,0.0,0.0,0.0,0.0,-9.731461135143942,-14.023169927450933,4.0,0.2997829612601741
1757308427.0610409,1.517271637916565,1.0361133813858032,0.5672818422317505,97.26,1.9670967098085024,0.275,0.0,0.0,0.0,0.0,-9.731461135143942,-14.023169927450933,4.0,0.2997829612601741
1757308427.210645,1.517271637916565,1.0361133813858032,0.5672818422317505,97.26,1.9670967098085024,0.275,0.0,0.0,0.0,0.0,-9.731461135143942,-14.023169927450933,4.0,0.2997829612601741
1757308427.3589556,1.517271637916565,1.0361133813858032,0.5672818422317505,97.26,1.9670967098085024,0.275,0.0,0.0,0.0,0.0,-9.731461135143942,-14.023169927450933,4.0,0.2997829612601741
1757308427.5129485,1.517271637916565,1.0361133813858032,0.5672818422317505,97.26,1.9670967098085024,0.275,0.0,0.0,0.0,0.0,-9.731461135143942,-14.023169927450933,4.0,0.2997829612601741
1757308427.659124,1.517271637916565,1.0361133813858032,0.5672818422317505,97.26,1.964694730489685,0.2671875,0.0,0.0,0.0,0.0,-9.731461135143942,-14.023169927450933,4.0,0.2997829612601741
1757308427.8092382,1.5276468992233276,1.0434951782226562,0.573354184627533,97.58,1.963522855489685,0.26601562500000003,0.0,0.0,0.0,0.0,-9.731461135143942,-14.023169927450933,4.0,0.2997829612601741
1757308427.9632561,1.5276468992233276,1.0434951782226562,0.573354184627533,97.58,1.9652681847416793,0.26601562500000003,0.0,0.0,0.0,0.0,-9.731461135143942,-14.023169927450933,4.0,0.2997829612601741
1757308428.110219,1.5276468992233276,1.0434951782226562,0.573354184627533,97.58,1.966797421918873,0.265625,0.0,0.0,0.0,0.0,-9.731461135143942,-14.023169927450933,4.0,0.2997829612601741
1757308428.2588968,1.5276468992233276,1.0434951782226562,0.573354184627533,97.58,1.9652016590960668,0.26210937500000003,0.0,0.0,0.0,0.0,-9.731461135143942,-14.023169927450933,4.0,0.2997829612601741
1757308428.4098186,1.5276468992233276,1.0434951782226562,0.573354184627533,97.58,1.9648110340960667,0.26171875,0.0,0.0,0.0,0.0,-9.731461135143942,-14.023169927450933,4.0,0.2997829612601741
1757308428.5585756,1.537671685218811,1.0531786680221558,0.563611626625061,97.89,1.9649024487220639,0.2609375,0.0,0.0,0.0,0.0,-9.731461135143942,-14.023169927450933,4.0,0.2997829612601741
1757308428.7085752,1.537671685218811,1.0531786680221558,0.563611626625061,97.89,1.9695649822260526,0.26210937500000003,0.0,0.0,0.0,0.0,-9.731461135143942,-14.023169927450933,4.0,0.2997829612601741
1757308428.8598084,1.537671685218811,1.0531786680221558,0.563611626625061,97.89,1.9710028047772492,0.2625,0.0,0.0,0.0,0.0,-9.731461135143942,-14.023169927450933,4.0,0.2997829612601741
1757308429.0091724,1.537671685218811,1.0531786680221558,0.563611626625061,97.89,1.9702215547772493,0.26171875,0.0,0.0,0.0,0.0,-9.731461135143942,-14.023169927450933,4.0,0.2997829612601741
1757308429.1658852,1.539798378944397,1.0616787672042847,0.5598312020301819,98.04,1.9702215547772493,0.26171875,0.0,0.0,0.0,0.0,-9.731461135143942,-14.023169927450933,4.0,0.2997829612601741
1757308429.3106225,1.5347437858581543,1.0677812099456787,0.5620508193969727,98.19,1.9735293840292436,0.26328125,0.0,0.0,0.0,0.0,-9.731461135143942,-14.023169927450933,4.0,0.2997829612601741
1757308429.4606886,1.5347437858581543,1.0677812099456787,0.5620508193969727,98.19,1.976238792533232,0.2625,0.0,0.0,0.0,0.0,-9.731461135143942,-14.023169927450933,4.0,0.2997829612601741
1757308429.6092632,1.5347437858581543,1.0677812099456787,0.5620508193969727,98.19,1.9738950425332322,0.26015625000000003,0.0,0.0,0.0,0.0,-9.731461135143942,-14.023169927450933,4.0,0.2997829612601741
1757308429.7601917,1.5347437858581543,1.0677812099456787,0.5620508193969727,98.19,1.973113792533232,0.259375,0.0,0.0,0.0,0.0,-9.731461135143942,-14.023169927450933,4.0,0.2997829612601741
1757308429.909787,1.5388054847717285,1.0717570781707764,0.5573605298995972,98.51,1.9754575425332321,0.26171875,0.0,0.0,0.0,0.0,-9.731461135143942,-14.023169927450933,4.0,0.2997829612601741
1757308430.0614493,1.5388054847717285,1.0717570781707764,0.5573605298995972,98.51,1.9799871022616227,0.26328125,0.0,0.0,0.0,0.0,-9.731461135143942,-14.023169927450933,4.0,0.2997829612601741
1757308430.2100625,1.5388054847717285,1.0717570781707764,0.5573605298995972,98.51,1.982605096139614,0.26328125,0.0,0.0,0.0,0.0,-9.731461135143942,-14.023169927450933,4.0,0.2997829612601741
1757308430.358911,1.5388054847717285,1.0717570781707764,0.5573605298995972,98.51,1.9794800961396142,0.26015625000000003,0.0,0.0,0.0,0.0,-9.731461135143942,-14.023169927450933,4.0,0.2997829612601741
1757308430.5087197,1.5388054847717285,1.0717570781707764,0.5573605298995972,98.51,1.978698846139614,0.259375,0.0,0.0,0.0,0.0,-9.731461135143942,-14.023169927450933,4.0,0.2997829612601741
1757308430.660977,1.5349363088607788,1.071293830871582,0.5440347790718079,98.83,1.978698846139614,0.259375,0.0,0.0,0.0,0.0,-9.731461135143942,-14.023169927450933,4.0,0.2997829612601741
1757308430.8090692,1.5349363088607788,1.071293830871582,0.5440347790718079,98.83,1.9839265375688022,0.2609375,0.0,0.0,0.0,0.0,-9.731461135143942,-14.023169927450933,4.0,0.2997829612601741
1757308430.9587727,1.5349363088607788,1.071293830871582,0.5440347790718079,98.83,1.9839265375688022,0.2609375,0.0,0.0,0.0,0.0,-9.731461135143942,-14.023169927450933,4.0,0.2997829612601741
1757308431.108673,1.5349363088607788,1.071293830871582,0.5440347790718079,98.83,1.984283899745996,0.259375,0.0,0.0,0.0,0.0,-9.731461135143942,-14.023169927450933,4.0,0.2997829612601741
1757308431.2618363,1.5349363088607788,1.071293830871582,0.5440347790718079,98.83,1.985065149745996,0.26015625000000003,0.0,0.0,0.0,0.0,-9.731461135143942,-14.023169927450933,4.0,0.2997829612601741
1757308431.4087532,1.5259032249450684,1.0735760927200317,0.5495306253433228,99.13,1.9879823539979902,0.261328125,0.0,0.0,0.0,0.0,-9.731461135143942,-14.023169927450933,4.0,0.2997829612601741
1757308431.5585008,1.5259032249450684,1.0735760927200317,0.5495306253433228,99.13,1.9910823875019787,0.2609375,0.0,0.0,0.0,0.0,-9.731461135143942,-14.023169927450933,4.0,0.2997829612601741
