timestamp,x,y,z,compass_hdg,bearing,yaw_error,vel_x,vel_y,vel_z,yaw_rate,estimated_state_x,estimated_state_y,desired_radius,distance_error
1757309735.8977315,-0.39325135946273804,-0.7483989596366882,3.6281015872955322,75.29,1.0383604368052357,-0.366455078125,0.7727250575290686,-0.473249277662456,0.0,0.5496826171875,3.552499313823663,3.8560315027303096,5.0,1.0638047675129894
1757309736.0550938,-0.39325135946273804,-0.7483989596366882,3.6281015872955322,75.29,0.9978616066991952,-0.35791015625,0.7904244895484893,-0.44210932671668823,0.0,0.536865234375,3.5571889508002883,3.848762063994642,5.0,1.0613421056846883
1757309736.1970737,-0.39325135946273804,-0.7483989596366882,3.6281015872955322,75.29,0.9617634719515309,-0.352294921875,0.8052492531405426,-0.4137244112307118,0.0,0.5284423828125,3.5615099812869984,3.8425668627939373,5.0,1.0594640394192263
1757309736.3456526,-0.39325135946273804,-0.7483989596366882,3.6281015872955322,75.29,0.9704060500765308,-0.34365234375000003,0.8009876279736893,-0.4211174387536941,0.0,0.515478515625,3.5658991221374516,3.8361566431931124,5.0,1.0574765877709442
1757309736.4983087,-0.3117823600769043,-0.7158739566802979,3.716306447982788,70.3,1.0172810500765308,-0.29677734375000003,0.7529717769925939,-0.47512139281160937,0.0,0.445166015625,3.5707193710801257,3.8283562860882903,5.0,0.9769430473888567
1757309736.643071,-0.10200867056846619,-0.7821332216262817,3.7311880588531494,63.87,1.025679487576531,-0.28837890625,0.7195670622302803,-0.49924937996087515,0.0,0.43256835937500004,3.5760028115674163,3.8196435816145944,5.0,0.8910201331831482
1757309736.801337,-0.10200867056846619,-0.7821332216262817,3.7311880588531494,63.87,0.8835930938106024,-0.28525390625,0.782621606249493,-0.39264318150329314,0.0,0.42788085937500003,3.579885304468564,3.814912555837734,5.0,0.8897515332578951
1757309736.9604595,-0.10200867056846619,-0.7821332216262817,3.7311880588531494,63.87,0.8461871057487782,-0.2685546875,0.7965034935796224,-0.3633258487779629,0.0,0.40283203125,3.583204688654816,3.811162923519438,5.0,0.8889020182040968
1757309737.1001022,-0.10200867056846619,-0.7821332216262817,3.7311880588531494,63.87,0.8726519494987782,-0.24208984375,0.7862672296225959,-0.38456341259282023,0.0,0.363134765625,3.5869000863775717,3.806759033382707,5.0,0.8877822603383221
1757309737.2546508,0.5634733438491821,-1.1233162879943848,3.6694753170013428,37.01,0.9096636682487782,-0.205078125,0.7373891302059266,-0.43992902345743035,0.0,0.3076171875,3.593147273145481,3.7987284191563817,5.0,0.7797446498135665
1757309737.400358,0.6314458250999451,-1.1661579608917236,3.6701087951660156,37.01,0.7280916618163104,-0.16132812500000002,0.8048092533450185,-0.29942852598744246,0.0,0.2419921875,3.5972270333496517,3.7950913671903153,5.0,0.7801256967821697
1757309737.5503714,0.6314458250999451,-1.1661579608917236,3.6701087951660156,37.01,0.6230064032239152,-0.14179687500000002,0.8317296612810768,-0.21342500801904019,0.0,0.2126953125,3.599201287346704,3.7936729497026525,5.0,0.7799217248491273
1757309737.700984,0.6314458250999451,-1.1661579608917236,3.6701087951660156,37.01,0.5221182311631014,-0.12382812500000001,0.848994272501238,-0.12857327438069743,0.0,0.18574218750000002,3.598773138278222,3.793919297212196,5.0,0.7799133029738003
1757309737.8622465,0.6314458250999451,-1.1661579608917236,3.6701087951660156,37.01,0.5322744811631014,-0.113671875,0.8476444116781624,-0.13718955955542905,0.0,0.17050781250000002,3.5986025276739184,3.7940197828321787,5.0,0.7799119497587155
1757309737.999494,1.209430456161499,-1.5720133781433105,3.6721534729003906,25.78,0.5393057311631013,-0.106640625,0.8658743692765537,-0.11103925664275854,0.0,0.1599609375,3.6016298202569774,3.7922079897407013,5.0,0.873456280695569
1757309738.1638691,1.209430456161499,-1.5720133781433105,3.6721534729003906,25.78,0.4593864766222308,-0.08515625,0.8719670964106424,-0.04157515655886407,0.0,0.127734375,3.602679860686083,3.7916885506206257,5.0,0.8734096649972614
1757309738.2949693,1.209430456161499,-1.5720133781433105,3.6721534729003906,25.78,0.39877400616413816,-0.051171875000000006,0.8728822803996268,0.011316194274076319,0.0,0.07675781250000001,3.6021140178975126,3.791926967812709,5.0,0.8733968588523391
1757309738.4575527,1.209430456161499,-1.5720133781433105,3.6721534729003906,25.78,0.4218208811641382,-0.028125,0.8729112269884599,-0.00880229259473203,0.0,0.0421875,3.6021740711537555,3.791900018413114,5.0,0.8733967116859818
1757309738.5985956,1.209430456161499,-1.5720133781433105,3.6721534729003906,25.78,0.4483833811641382,-0.0015625,0.8723653033321213,-0.031991916745800986,0.0,0.0023437500000000003,3.6029359364739437,3.791533513367653,5.0,0.8733724334255051
1757309738.7596104,1.7174816131591797,-1.9665319919586182,3.7839763164520264,14.45,0.4686958811641382,0.018750000000000003,0.9049325948260942,0.01625550225690947,0.0,-0.028125000000000004,3.6070350832326623,3.7894580072997655,5.0,1.0582037922002323
1757309738.9040585,1.7174816131591797,-1.9665319919586182,3.7839763164520264,14.45,0.3850200205680824,0.041015625,0.9003869741589517,0.09177985572075187,0.0,-0.0615234375,3.6089377870663073,3.78868694545252,5.0,1.0580649943151963
1757309739.057541,1.7174816131591797,-1.9665319919586182,3.7839763164520264,14.45,0.33657507691318056,0.084375,0.8948846375081431,0.13527017645722683,0.0,-0.12656250000000002,3.609482262120923,3.7884964401412082,5.0,1.0580540365656237
1757309739.204509,1.7174816131591797,-1.9665319919586182,3.7839763164520264,14.45,0.3904813269131806,0.13828125,0.9008487385333414,0.08679795087433506,0.0,-0.20742187499999998,3.6115211664217526,3.787657191080293,5.0,1.0578939396068252
1757309739.3846307,1.8103410005569458,-2.052025079727173,3.8283474445343018,9.11,0.4182157019131806,0.166015625,0.911490805998263,0.08109219128361722,0.0,-0.2490234375,3.614837072325307,3.7861834893826227,5.0,1.1107188913788608
1757309739.5002367,1.9877994060516357,-2.155172348022461,3.8692615032196045,1.93,0.41027883452688385,0.18984375,0.9185991753355355,0.1062121172161205,0.0,-0.284765625,3.6188617812948287,3.7844328908918223,5.0,1.1594865748755367
1757309739.6574848,1.9877994060516357,-2.155172348022461,3.8692615032196045,1.93,0.27755914443416074,0.20390625,0.8964653043703587,0.22683556966193894,0.0,-0.30585937500000004,3.619144858709057,3.7843522383177217,5.0,1.1594837687622457
1757309739.8057487,1.9877994060516357,-2.155172348022461,3.8692615032196045,1.93,0.23524735456349055,0.2015625,0.88606492265868,0.2645394311767305,0.0,-0.30234375,3.618162641149836,3.784587661381953,5.0,1.1594507261345797
1757309739.9500015,1.9877994060516357,-2.155172348022461,3.8692615032196045,1.93,0.2207942295634906,0.18710937500000002,0.8821431261242326,0.2772911937574082,0.0,-0.28066406250000003,3.616748089293151,3.7849051625188435,5.0,1.1593826511975083
1757309740.0954266,2.5388967990875244,-2.104630947113037,3.808135986328125,356.96,0.20087235456349056,0.16718750000000002,0.8627137310111311,0.22737618099827728,0.0,-0.25078125,3.6173307643832127,3.784786519150936,5.0,0.9873414725935366
1757309740.2657454,2.5388967990875244,-2.104630947113037,3.808135986328125,356.96,6.330601118733788,0.109375,0.8178100280757529,0.3563622794491317,0.0,-0.1640625,3.6133448741882246,3.784975655132783,5.0,0.9868108868833625
1757309740.413197,2.5388967990875244,-2.104630947113037,3.808135986328125,356.96,6.269189797918958,0.0390625,0.7944037045618287,0.4054358386194865,0.0,-0.05859375,3.6075615996253516,3.7848947099749877,5.0,0.9856960264790162
1757309740.554256,2.5388967990875244,-2.104630947113037,3.808135986328125,356.96,6.231299172918958,0.0011718750000000002,0.7785075430477463,0.43461084002049666,0.0,-0.0017578125000000003,3.6007074650763675,3.784538755942494,5.0,0.9841258076510089
1757309740.6984894,2.5388967990875244,-2.104630947113037,3.808135986328125,356.96,6.145752297918959,-0.084375,0.7386841650415752,0.49839812341469275,0.0,0.12656250000000002,3.5915019920363203,3.7832655942144355,5.0,0.9812459716683435
1757309740.8505807,3.133838653564453,-1.899648666381836,3.7918198108673096,24.57,6.021142922918958,-0.208984375,0.7003514647937608,0.4769531316003258,0.0,0.3134765625,3.582257620059336,3.78078616442152,5.0,0.6981066536628013
1757309741.0038753,3.133838653564453,-1.899648666381836,3.7918198108673096,24.57,-0.2665044390352618,-0.3778564453125,0.698559367964082,0.4788167460368284,0.0,0.56678466796875,3.5729550769719487,3.7782465845396036,5.0,0.6948501045894462
1757309741.1517599,3.133838653564453,-1.899648666381836,3.7918198108673096,24.57,-0.2665044390352618,-0.3778564453125,0.6988991983792785,0.47757193893220445,0.0,0.56678466796875,3.5636990465999983,3.7757197025570965,5.0,0.6916242040961587
1757309741.2975888,3.133838653564453,-1.899648666381836,3.7918198108673096,24.57,-0.2665044390352618,-0.3778564453125,0.6992358288294929,0.47633885337740717,0.0,0.56678466796875,3.5544892963799075,3.773205454984502,5.0,0.6884286798380543
1757309741.4579902,3.133838653564453,-1.899648666381836,3.7918198108673096,24.57,-0.2665044390352618,-0.3778564453125,0.6995692877796612,0.47511738510468016,0.0,0.56678466796875,3.5453255949109175,3.7707037786497706,5.0,0.6852632616066767
1757309741.5943325,3.722353458404541,-1.4172940254211426,3.796538829803467,36.37,-0.2665044390352618,-0.3778564453125,0.7517800021521083,0.28386826412549304,0.0,0.56678466796875,3.5395589357965336,3.7691294896263083,5.0,0.18964379460986258
1757309741.7606134,3.722353458404541,-1.4172940254211426,3.796538829803467,36.37,-0.2665044390352618,-0.3778564453125,0.7519232823141562,0.28334342539507557,0.0,0.56678466796875,3.5338211099777213,3.767563072047963,5.0,0.18828368225746583
1757309741.9036267,3.722353458404541,-1.4172940254211426,3.796538829803467,36.37,0.2598983192628376,-0.3748779296875,0.7922603831787312,-0.13365434692848388,0.0,0.56231689453125,3.5411398620047536,3.7656169231682233,5.0,0.18607792734814854
1757309742.0441923,3.722353458404541,-1.4172940254211426,3.796538829803467,36.37,0.3842879677003376,-0.25048828125,0.7689136818998105,-0.23250672722441426,0.0,0.375732421875,3.550925344058702,3.7616597396757414,5.0,0.18179020217910313
1757309742.2017128,3.886685609817505,-1.2267628908157349,3.8219611644744873,23.31,0.45586999895033753,-0.17890625000000002,0.7171550415010096,-0.3545355300286971,0.0,0.268359375,3.5621380183578872,3.7561619921920952,5.0,-0.006517094369819176
1757309742.3555002,4.09969425201416,-0.9919020533561707,3.8341829776763916,6.85,0.5045991881538122,-0.045703125000000004,0.6558948932237749,-0.4671575057856505,0.0,0.0685546875,3.5742445491027364,3.7494756839088783,5.0,-0.22959538008332636
1757309742.4955955,4.09969425201416,-0.9919020533561707,3.8341829776763916,6.85,0.3567456091701476,0.0328125,0.7168840117156775,-0.36724642992634693,0.0,-0.049218750000000006,3.5843091918796945,3.745724672925762,5.0,-0.23442251581293938
1757309742.6541293,4.09969425201416,-0.9919020533561707,3.8341829776763916,6.85,0.2945550537616116,0.17500000000000002,0.7378981534406525,-0.3233810553642886,0.0,-0.2625,3.5932497445066343,3.7430122857872115,5.0,-0.23807813606626382
1757309742.8056743,4.09969425201416,-0.9919020533561707,3.8341829776763916,6.85,0.39221130376161156,0.27265625,0.7020210274390158,-0.3957959659962804,0.0,-0.40898437499999996,3.6037740600946453,3.7386589846247986,5.0,-0.24351552395920528
1757309742.9551494,4.527172088623047,-0.920461893081665,3.847975015640259,326.2,0.4578363037616116,0.33828125000000003,0.6718132194447962,-0.44654405994002266,0.0,-0.507421875,3.616725410257642,3.732277118334877,5.0,-0.25901977830491507
1757309743.1190922,4.5660295486450195,-0.9303025603294373,3.8500783443450928,326.2,0.4957269287616116,0.37617187500000004,0.655838140290743,-0.46904159925014716,0.0,-0.5642578125000001,3.6301523510980016,3.7250162714942068,5.0,-0.2515413495724408
1757309743.2486732,4.5660295486450195,-0.9303025603294373,3.8500783443450928,326.2,0.4957269287616116,0.37617187500000004,0.6539922411588327,-0.47245508241337897,0.0,-0.5642578125000001,3.6435121572341598,3.71779172888774,5.0,-0.2612428993554827
1757309743.400508,4.5660295486450195,-0.9303025603294373,3.8500783443450928,326.2,0.4957269287616116,0.37617187500000004,0.6521610245912264,-0.47584141420892306,0.0,-0.5642578125000001,3.656805164339637,3.7106033089943056,5.0,-0.2708672815262343
1757309743.5546482,4.5660295486450195,-0.9303025603294373,3.8500783443450928,326.2,0.4957269287616116,0.37617187500000004,0.650344395808897,-0.4792007699045432,0.0,-0.5642578125000001,3.6700317064095866,3.7034508312003385,5.0,-0.28041499421779115
1757309743.7011554,5.363945960998535,-0.9853391647338867,3.792632579803467,316.82,6.060451520005503,0.3671875,0.7815624128145359,0.17086882377239634,0.0,-0.55078125,3.6730372389001693,3.7041315592929975,5.0,-0.014991677241294354
1757309743.8576005,5.363945960998535,-0.9853391647338867,3.792632579803467,316.82,5.717734140309403,0.23984375000000002,0.678942965252725,0.42317641924461613,0.0,-0.35976562500000003,3.6684571217620756,3.7012251567138406,5.0,-0.01616939061506617
1757309744.0077674,5.363945960998535,-0.9853391647338867,3.792632579803467,316.82,5.618614636168434,0.0890625,0.6343316892153433,0.4875229357024204,0.0,-0.13359375,3.6623342418177893,3.696428157031076,5.0,-0.018591795686733192
1757309744.1558707,5.363945960998535,-0.9853391647338867,3.792632579803467,316.82,5.451036511168435,-0.078515625,0.5457184608946506,0.5850497851750438,0.0,0.11777343750000001,3.654537800597482,3.6878664021513825,5.0,-0.023964778137801623
1757309744.3082294,5.363945960998535,-0.9853391647338867,3.792632579803467,316.82,5.303770886168435,-0.22578125000000002,0.4568180448015129,0.6568765967341897,0.0,0.338671875,3.6463799143380404,3.6757187171136514,5.0,-0.032556623113452865
1757309744.445718,5.9381537437438965,-0.9848161339759827,3.770177125930786,359.51,5.244459736986243,-0.34443359375000004,0.3418403513892918,0.7270923419859798,0.0,0.5166503906250001,3.639141501278525,3.663423171042668,5.0,0.18570978051470988
1757309744.598736,5.9381537437438965,-0.9848161339759827,3.770177125930786,359.51,5.2987100907591635,-0.37587890625000003,0.3829305195590907,0.7060471056632491,0.0,0.563818359375,3.6319489989698974,3.6525950121862674,5.0,0.17920480994601906
1757309744.7460232,5.9381537437438965,-0.9848161339759827,3.770177125930786,359.51,5.2987100907591635,-0.37587890625000003,0.38507899356624137,0.7046200020843869,0.0,0.563818359375,3.624792459172813,3.641820994124149,5.0,0.17275666816708224
1757309744.904922,5.9381537437438965,-0.9848161339759827,3.770177125930786,359.51,5.2987100907591635,-0.37587890625000003,0.3872086780655654,0.7032053792587362,0.0,0.563818359375,3.617671702074714,3.6311008461523406,5.0,0.1663649186973002
1757309745.043643,6.1753692626953125,-0.9731786251068115,3.750372886657715,16.88,5.2987100907591635,-0.37587890625000003,0.35552931721847303,0.7242480956660478,0.0,0.563818359375,3.610976474046585,3.621021323121609,5.0,0.2614431042039804
1757309745.2086318,6.467784404754639,-0.9163987636566162,3.701780319213867,20.37,5.2987100907591635,-0.37587890625000003,0.323570659623176,0.7454763323019499,0.0,0.563818359375,3.604893169948153,3.6118630385186825,5.0,0.3573595335175792
1757309745.366098,6.467784404754639,-0.9163987636566162,3.701780319213867,20.37,5.2987100907591635,-0.37587890625000003,0.3250561564999375,0.744489605023817,0.0,0.563818359375,3.598840282370213,3.6027505453387705,5.0,0.3529011623938674
1757309745.537643,6.467784404754639,-0.9163987636566162,3.701780319213867,20.37,5.2987100907591635,-0.37587890625000003,0.3265280553543741,0.7435119101036558,0.0,0.563818359375,3.5928176592301626,3.593683614624758,5.0,0.3484836025508935
1757309745.6602407,6.467784404754639,-0.9163987636566162,3.701780319213867,20.37,-0.022796743868755076,-0.37832031250000003,0.7966800403819487,0.15472692572460373,0.0,0.56748046875,3.606671125897211,3.5939994832760447,5.0,0.34131646135927074
1757309745.8310552,6.713771820068359,-0.8309839367866516,3.673044204711914,358.08,0.05767200613124496,-0.2978515625,0.8078115025903194,0.11222164094694956,0.0,0.44677734375,3.623428175502935,3.5930319977321057,5.0,0.3964933827793935
1757309745.9523776,6.713771820068359,-0.8309839367866516,3.673044204711914,358.08,0.01411080516386301,-0.151171875,0.8021063329369577,0.14361660162783757,0.0,0.22675781250000002,3.6391889079665267,3.592809586345075,5.0,0.38730073586864044
1757309746.1060836,6.713771820068359,-0.8309839367866516,3.673044204711914,358.08,6.186784360541295,-0.062890625,0.7816218148180978,0.22864254674485235,0.0,0.09433593750000001,3.652300298338847,3.594077466755254,5.0,0.3808713331092646
1757309746.270203,6.713771820068359,-0.8309839367866516,3.673044204711914,358.08,6.278581235541295,0.02890625,0.7993058989133539,0.15259866541540537,0.0,-0.043359375000000006,3.667505466413454,3.5941474729329936,5.0,0.37229249861707814
1757309746.3980374,6.713771820068359,-0.8309839367866516,3.673044204711914,358.08,6.365690610541295,0.11601562500000001,0.8091969480409515,0.07819709028222224,0.0,-0.17402343750000002,3.684450562764662,3.592746231699453,5.0,0.3615460348229922
1757309746.5472262,6.935174465179443,-0.6436849236488342,3.6443562507629395,324.27,6.402817275835524,0.22382812500000002,0.8098864553068954,0.03433601729522798,0.0,-0.3357421875,3.7029826253046925,3.5905185671184316,5.0,0.3268699337395713
1757309746.7090552,6.935174465179443,-0.6436849236488342,3.6443562507629395,324.27,6.102562880267443,0.267578125,0.7638917191152811,0.2701775910655862,0.0,-0.4013671875,3.714880718929469,3.5926913093971984,5.0,0.3213884842260839
1757309746.857031,6.935174465179443,-0.6436849236488342,3.6443562507629395,324.27,5.945516665442012,0.2859375,0.7125668548248625,0.38538064435836183,0.0,-0.42890625000000004,3.722593981608173,3.595399558982066,5.0,0.3188824591548469
1757309747.004554,6.935174465179443,-0.6436849236488342,3.6443562507629395,324.27,5.921297915442012,0.26171875,0.7033256811942561,0.4017300994205709,0.0,-0.392578125,3.7296254965645703,3.598061403530878,5.0,0.31676180530315357
1757309747.1498842,6.935174465179443,-0.6436849236488342,3.6443562507629395,324.27,5.880672915442012,0.22109375,0.6866733652267558,0.42939080316471784,0.0,-0.331640625,3.7355495968429966,3.6005836358243757,5.0,0.3152060075795573
1757309747.2987194,7.467506408691406,-0.31770771741867065,3.6236865520477295,319.64,5.707136789707993,0.16484375,0.5815132629083387,0.5733837864741975,0.0,-0.24726562500000002,3.739723206784599,3.603294543074754,5.0,0.41023348176519203
1757309747.4494495,7.467506408691406,-0.31770771741867065,3.6236865520477295,319.64,5.579752023167779,0.09453125000000001,0.5039810112504151,0.6425872731599749,0.0,-0.14179687500000002,3.7408924788680737,3.604286289782691,5.0,0.4101467978675677
1757309747.6046999,7.467506408691406,-0.31770771741867065,3.6236865520477295,319.64,5.551817296074675,-0.026953125,0.48584206796911833,0.6564067903404462,0.0,0.040429687500000006,3.7414660089706997,3.604800966618292,5.0,0.41012490028615023
1757309747.7610648,7.467506408691406,-0.31770771741867065,3.6236865520477295,319.64,5.494981358574675,-0.08378906250000001,0.4477763620567998,0.6829391232473978,0.0,0.12568359375000002,3.7409227205870517,3.60425462094751,5.0,0.4101030090016007
1757309747.912583,7.83401346206665,0.05989043414592743,3.7251291275024414,340.16,5.4192001085746755,-0.1595703125,0.3934750139018178,0.7159998955827083,0.0,0.23935546875000002,3.740802054827263,3.604113325985656,5.0,0.41441552998986353
1757309748.057554,7.924163818359375,0.17520591616630554,3.742246389389038,340.16,5.4150253137113005,-0.21767578125,0.3921196033741261,0.7162499712751489,0.0,0.326513671875,3.7410821353628063,3.604444075688994,5.0,0.4090522941960888
1757309748.2025695,7.924163818359375,0.17520591616630554,3.742246389389038,340.16,5.452360589206301,-0.2416015625,0.4186041226308608,0.7010937018074646,0.0,0.36240234375,3.7420532938427793,3.605507732448883,5.0,0.40897578013287283
1757309748.3499043,7.924163818359375,0.17520591616630554,3.742246389389038,340.16,5.6458963585839115,-0.291015625,0.5460126844991035,0.6069777753813194,0.0,0.4365234375,3.7473582657827484,3.6094352068339637,5.0,0.4073686248409789
1757309748.5050519,7.924163818359375,0.17520591616630554,3.742246389389038,340.16,5.620408077333911,-0.31650390625,0.5306820026649415,0.6202914461958366,0.0,0.47475585937500003,3.7520068251444263,3.613063707712938,5.0,0.40608547573290643
1757309748.6565337,8.220365524291992,0.6009602546691895,3.731565237045288,346.55,5.612595577333911,-0.32431640625,0.5307311111678898,0.6182268095247921,0.0,0.48647460937500003,3.7583876508761462,3.6181250712508746,5.0,0.38632806959165755
1757309748.8036084,8.220365524291992,0.6009602546691895,3.731565237045288,346.55,5.612595577333911,-0.32431640625,0.5313358732122864,0.6174643902309539,0.0,0.48647460937500003,3.7647365724792077,3.6231611279711218,5.0,0.38389519537845906
1757309748.955228,8.220365524291992,0.6009602546691895,3.731565237045288,346.55,5.612595577333911,-0.32431640625,0.5319348720802854,0.6167092365334271,0.0,0.48647460937500003,3.771053749474254,3.6281720044077677,5.0,0.38148550562826244
1757309749.1038802,8.220365524291992,0.6009602546691895,3.731565237045288,346.55,5.773731491536349,-0.27470703125,0.6250373523156262,0.5214993856689756,0.0,0.41206054687500004,3.7815644769014654,3.634043736715862,5.0,0.3761092015861811
1757309749.252669,8.220365524291992,0.6009602546691895,3.731565237045288,346.55,5.773731491536349,-0.27470703125,0.6260767351194165,0.5196388326379542,0.0,0.41206054687500004,3.792022650691541,3.6398861103624154,5.0,0.3707812246049187
1757309749.3951783,8.674077033996582,1.0483726263046265,3.7000486850738525,333.07,5.773731491536349,-0.27470703125,0.5971380003058928,0.5714407775757406,0.0,0.41206054687500004,3.8051099798624026,3.6471972402581696,5.0,0.5191239837799309
1757309749.5450683,8.674077033996582,1.0483726263046265,3.7000486850738525,333.07,5.773731491536349,-0.27470703125,0.5987080430425082,0.5686303137487554,0.0,0.41206054687500004,3.8181318723874105,3.6544718145044452,5.0,0.5110757925555038
1757309749.7050135,8.674077033996582,1.0483726263046265,3.7000486850738525,333.07,5.773731491536349,-0.27470703125,0.6002646865209977,0.5658438353391051,0.0,0.41206054687500004,3.831088655449793,3.6617100158794895,5.0,0.5030962872267839
1757309749.8484771,8.674077033996582,1.0483726263046265,3.7000486850738525,333.07,5.847543139617513,0.034375,0.6420134070832162,0.5164808430466985,0.0,-0.051562500000000004,3.8459924231993647,3.6686472386094633,5.0,0.49329045772260116
1757309750.0065298,8.749507904052734,1.1102110147476196,3.6910407543182373,333.07,5.847543139617513,0.034375,0.6374032200277009,0.526385261548444,0.0,-0.051562500000000004,3.8612499537452343,3.6757491265001354,5.0,0.5206024663617237
1757309750.157444,9.305912971496582,1.5182021856307983,3.648017168045044,307.22,5.847543139617513,0.034375,0.5830259125774384,0.6432082024616952,0.0,-0.051562500000000004,3.8794982476902544,3.6842431181984607,5.0,0.8427485035983446
1757309750.299073,9.305912971496582,1.5182021856307983,3.648017168045044,307.22,5.847543139617513,0.034375,0.5853404303127299,0.6382357464628403,0.0,-0.051562500000000004,3.897655300165549,3.6926946399382947,5.0,0.8290366676965757
1757309750.456102,9.305912971496582,1.5182021856307983,3.648017168045044,307.22,5.63153177797698,0.26953125,0.4367867008315889,0.7464423931046007,0.0,-0.404296875,3.9095066915756247,3.7017350804902494,5.0,0.8214273714359468
1757309750.6016533,9.305912971496582,1.5182021856307983,3.648017168045044,307.22,5.63153177797698,0.26953125,0.43861668797126274,0.744043406711953,0.0,-0.404296875,3.9212988260286497,3.710730318839444,5.0,0.8138841672744679
1757309750.7473567,9.83039379119873,1.9536528587341309,3.6445882320404053,287.65,5.700281777976979,0.33828125000000003,0.41423409286237073,0.8250867140620199,0.0,-0.507421875,3.9378547995757747,3.721646106402743,5.0,1.1520578582778853
1757309750.8937268,9.83039379119873,1.9536528587341309,3.6445882320404053,287.65,4.918154519203388,-0.379443359375,-0.2875606449197003,0.8772593250414924,0.0,0.5691650390625,3.9373166770346693,3.719067898141105,5.0,1.1518329085605492
1757309751.0508556,9.83039379119873,1.9536528587341309,3.6445882320404053,287.65,5.388117119251974,0.33242187500000003,0.1422335004683638,0.9112928647915981,0.0,-0.4986328125,3.9445359542465415,3.7280737546146803,5.0,1.147511040457677
1757309751.1998441,9.83039379119873,1.9536528587341309,3.6445882320404053,287.65,5.388117119251974,0.33242187500000003,0.14356983843229898,0.9102216291752295,0.0,-0.4986328125,3.9517191350723544,3.737034581805888,5.0,1.1432292878232184
1757309751.3495586,9.83039379119873,1.9536528587341309,3.6445882320404053,287.65,5.203252093361688,0.18281250000000002,-0.025776482984113225,0.9208827100969064,0.0,-0.27421875,3.954543501559275,3.742318736347618,5.0,1.1420633542804577
1757309751.4993966,10.12419319152832,2.4475128650665283,3.6715996265411377,298.93,5.154814593361689,0.134375,-0.1282723762748516,0.9460026854800947,0.0,-0.20156249999999998,3.957693044877686,3.7489668891289094,5.0,1.3023413613823278
1757309751.6603005,10.12419319152832,2.4475128650665283,3.6715996265411377,298.93,5.124836024283228,0.08554687500000001,-0.15609545060545377,0.9415250106232858,0.0,-0.1283203125,3.96025757531226,3.7548280887496057,5.0,1.3010455779124772
1757309751.8031414,10.12419319152832,2.4475128650665283,3.6715996265411377,298.93,5.124836024283228,0.08554687500000001,-0.15562524200255695,0.9413192738542343,0.0,-0.1283203125,3.962809283094661,3.7606599823721987,5.0,1.299762457330707
1757309751.9458535,10.12419319152832,2.4475128650665283,3.6715996265411377,298.93,5.124836024283228,0.08554687500000001,-0.1551596293686862,0.941115548022057,0.0,-0.1283203125,3.96534823233815,3.7664627165266786,5.0,1.298491878379214
1757309752.1046064,10.12419319152832,2.4475128650665283,3.6715996265411377,298.93,5.09231273298665,-0.125,-0.18535037443100144,0.9354406711807797,0.0,0.1875,3.9673120781682325,3.771380638542306,5.0,1.2976035859442492
1757309752.2559505,10.086478233337402,2.9949023723602295,3.7004525661468506,318.07,5.08215648298665,-0.13515625,-0.14592368374717285,0.9145497664172795,0.0,0.20273437500000002,3.9699999106812807,3.778315267667619,5.0,1.1664449106479617
1757309752.4016566,10.086478233337402,2.9949023723602295,3.7004525661468506,318.07,5.226602909343661,-0.171875,-0.011234530078929938,0.9251689036769171,0.0,0.2578125,3.975720850592073,3.7884425419731165,5.0,1.1620663572835532
1757309752.5512462,10.086478233337402,2.9949023723602295,3.7004525661468506,318.07,5.31232338708134,-0.18476562500000002,0.07010428672097818,0.9213049857276776,0.0,0.2771484375,3.983611243551715,3.799977520884564,5.0,1.155739719139146
1757309752.7131135,10.086478233337402,2.9949023723602295,3.7004525661468506,318.07,5.31232338708134,-0.18476562500000002,0.07217430210254655,0.9198890113320185,0.0,0.2771484375,3.9914621845465583,3.8114548249014546,5.0,1.1494697773685374
1757309752.8800607,10.073561668395996,3.036658763885498,3.7011454105377197,318.07,5.31232338708134,-0.18476562500000002,0.08028727689641568,0.914339407844511,0.0,0.2771484375,3.9993505759252064,3.8229868776982374,5.0,1.1248961051161919
1757309753.0102592,9.91915512084961,3.4468657970428467,3.72007155418396,316.44,5.31232338708134,-0.18476562500000002,0.1466104894098817,0.8689716431442461,0.0,0.2771484375,4.007909205913008,3.8354987534597025,5.0,0.9240074140456613
1757309753.154721,9.91915512084961,3.4468657970428467,3.72007155418396,316.44,5.487077366433051,-0.0990234375,0.2990463383446228,0.8267377250512435,0.0,0.14853515625000002,4.021399444746574,3.849281086634981,5.0,0.9114685214676639
1757309753.2967415,9.91915512084961,3.4468657970428467,3.72007155418396,316.44,5.484630028621555,-0.06953125,0.3005662566157156,0.8240150524476038,0.0,0.10429687500000001,4.034750201524247,3.8629878630363703,5.0,0.8990998320410926
1757309753.452134,9.91915512084961,3.4468657970428467,3.72007155418396,316.44,5.5248730100108565,0.001953125,0.3371739301859955,0.8073503081598475,0.0,-0.0029296875,4.049218966020549,3.8766933177256577,5.0,0.8856522288787767
1757309753.5986288,9.808732986450195,3.9742112159729004,3.7268240451812744,299.7,5.576044885010856,0.053125000000000006,0.41503845266931205,0.7457384701736085,0.0,-0.07968750000000001,4.0661030085860155,3.8911218910001137,5.0,0.7432310504269966
1757309753.7424595,9.825295448303223,4.12677001953125,3.7284631729125977,299.7,5.5834667600108565,0.060546875,0.4198460691614503,0.7434877658789965,0.0,-0.0908203125,4.083536651792844,3.905797660250746,5.0,0.7460092987107414
1757309753.9022834,9.825295448303223,4.12677001953125,3.7284631729125977,299.7,5.333876768227006,0.10312500000000001,0.22669648600988226,0.8216436063919833,0.0,-0.1546875,4.093792223335503,3.920117934946078,5.0,0.7352274847540938
1757309754.0532324,9.825295448303223,4.12677001953125,3.7284631729125977,299.7,5.3409080182270054,0.11015625000000001,0.23599144232236144,0.8174683511188864,0.0,-0.16523437500000002,4.104190025319895,3.9344232488764233,5.0,0.7243379129005465
1757309754.1970325,9.825295448303223,4.12677001953125,3.7284631729125977,299.7,5.3213767682270054,0.09062500000000001,0.22334828187372507,0.8195731512660105,0.0,-0.13593750000000002,4.114001769982335,3.948492015849288,5.0,0.7140754743549689
1757309754.35345,10.022209167480469,4.733305931091309,3.7741551399230957,290.12,5.312001768227005,0.08125,0.13879753880613616,0.8741683906261831,0.0,-0.12187500000000001,4.12523755887926,3.964928976673859,5.0,0.9468207722049744
1757309754.5028722,10.022209167480469,4.733305931091309,3.7741551399230957,290.12,5.149369957185807,0.0421875,-0.001476906323877536,0.8836594582299501,0.0,-0.06328125000000001,4.131991524228954,3.9793884070576135,5.0,0.9382704146844416
1757309754.6512475,10.022209167480469,4.733305931091309,3.7741551399230957,290.12,5.061400788385949,-0.0021484375,-0.07676413942986349,0.8792606376152066,0.0,0.0032226562500000003,4.136646990145671,3.9921813456323147,5.0,0.9320407782183775
1757309754.8060467,10.022209167480469,4.733305931091309,3.7741551399230957,290.12,5.021361725885949,-0.0421875,-0.10990156445970731,0.8748459586498433,0.0,0.06328125000000001,4.140441473827341,4.004069003985982,5.0,0.9268016415226565
1757309754.9466977,10.022209167480469,4.733305931091309,3.7741551399230957,290.12,4.972142975885949,-0.09140625000000001,-0.15121262558464488,0.8679549950236866,0.0,0.137109375,4.143286602624723,4.014774710837147,5.0,0.9226698066032677
1757309755.112485,10.228446006774902,5.630274295806885,3.8546276092529297,298.99,4.932423825819125,-0.13828125,-0.32866093178943145,0.8932716458711176,0.0,0.20742187499999998,4.146456574743301,4.02894813780088,5.0,1.2892639406895912
1757309755.2576945,10.228446006774902,5.630274295806885,3.8546276092529297,298.99,4.968543379914854,-0.1859375,-0.2932572923942304,0.9037896838887243,0.0,0.27890625,4.150371052988747,4.043894143487662,5.0,1.2816874429976952
1757309755.4068801,10.228446006774902,5.630274295806885,3.8546276092529297,298.99,5.018066961787846,-0.20029296875000002,-0.24477208246607687,0.9161305984560729,0.0,0.30043945312500003,4.155399719659774,4.05982940206297,5.0,1.2728134333590049
1757309755.5713534,10.228446006774902,5.630274295806885,3.8546276092529297,298.99,5.0116216492878465,-0.20673828125000002,-0.24737810112674175,0.9135178851673378,0.0,0.310107421875,4.160250314640499,4.075552781980981,5.0,1.2641965122106154
1757309755.70316,10.253185272216797,5.995994567871094,3.8235738277435303,303.04,5.015820868037847,-0.2025390625,-0.28697988785557205,0.9281497158133657,0.0,0.30380859375,4.165708232579006,4.092984620029838,5.0,1.3779952625962384
1757309755.850518,10.265671730041504,6.193314552307129,3.7980709075927734,300.98,5.090575157452063,-0.183984375,-0.23907277112863895,0.9558160238128742,0.0,0.2759765625,4.173469994398069,4.112520350660996,5.0,1.4377501114427433
1757309755.996637,10.265671730041504,6.193314552307129,3.7980709075927734,300.98,5.126986400751266,-0.146875,-0.1987250815323942,0.9615113580859056,0.0,0.22031250000000002,4.182248635022696,4.132466907037754,5.0,1.423015613403142
1757309756.1594987,10.265671730041504,6.193314552307129,3.7980709075927734,300.98,5.154263857652533,-0.098828125,-0.16682411835773647,0.9639232242807929,0.0,0.1482421875,4.191794284593351,4.152644871581584,5.0,1.407520578832055
1757309756.309293,10.265671730041504,6.193314552307129,3.7980709075927734,300.98,5.183170107652533,-0.06992187500000001,-0.13308298643067068,0.9653841592864094,0.0,0.1048828125,4.202166989827498,4.173025510657918,5.0,1.3912172194665393
1757309756.4608877,10.2697172164917,6.527035236358643,3.777427911758423,291.37,5.231607607652533,-0.021484375,-0.1199972476288067,0.9900204675933699,0.0,0.0322265625,4.2147072473631875,4.194967267652993,5.0,1.4885812576331778
1757309756.6007335,10.246927261352539,6.866036891937256,3.7789883613586426,286.77,5.1789488297812065,0.01015625,-0.20369093320909043,0.9983233320191318,0.0,-0.015234375000000001,4.226175274451571,4.217737300092102,5.0,1.5774573518905584
1757309756.747471,10.246927261352539,6.866036891937256,3.7789883613586426,286.77,5.0410181959441385,0.035937500000000004,-0.3333288600745516,0.9588951787655499,0.0,-0.05390625,4.233355968354363,4.238795425479437,5.0,1.5624261838932094
1757309756.89276,10.246927261352539,6.866036891937256,3.7789883613586426,286.77,5.051955695944138,0.046875,-0.3170608887361973,0.96044870300109,0.0,-0.0703125,4.240817287148082,4.25991737984417,5.0,1.5471532694408925
1757309757.0642035,10.246927261352539,6.866036891937256,3.7789883613586426,286.77,5.0683619459441385,0.06328125,-0.29537832322797775,0.9633335323586659,0.0,-0.09492187499999999,4.2487211157746305,4.281174962402008,5.0,1.53146141071118
1757309757.1961787,10.216764450073242,7.266221046447754,3.798118829727173,276.99,5.064846320944138,0.059765625,-0.3452323694897801,0.9793812314989931,0.0,-0.08964843750000001,4.257112614539821,4.3039893695466125,5.0,1.655243534868835
1757309757.3731785,10.216764450073242,7.266221046447754,3.798118829727173,276.99,4.895208381430205,0.03359375,-0.5009094922034716,0.9061679669183145,0.0,-0.050390624999999994,4.260745348084367,4.323638109517473,5.0,1.6432640986167044
1757309757.499976,10.216764450073242,7.266221046447754,3.798118829727173,276.99,4.851965620099094,0.017578125,-0.5354454730850877,0.8830812325880336,0.0,-0.0263671875,4.263348766914592,4.342169079665304,5.0,1.6327398713445485
1757309757.6604207,10.216764450073242,7.266221046447754,3.798118829727173,276.99,4.811731245099094,-0.022656250000000003,-0.5668636441710685,0.8604633550866423,0.0,0.033984375000000004,4.265084442477366,4.359583239487453,5.0,1.6235215900355788
1757309757.8120449,10.216764450073242,7.266221046447754,3.798118829727173,276.99,4.7808718700990935,-0.053515625000000004,-0.5898543980254678,0.8423378372104303,0.0,0.0802734375,4.266215954406422,4.376079951082515,5.0,1.615281018248706
1757309757.9542036,9.928695678710938,8.092514038085938,3.841594696044922,282.61,4.768371870099093,-0.06601562500000001,-0.658611515966228,0.838164815869846,0.0,0.0990234375,4.267342706582372,4.396185644513277,5.0,1.761195239612622
1757309758.0947883,9.928695678710938,8.092514038085938,3.841594696044922,282.61,4.765504366292241,-0.08476562500000001,-0.6563133509229073,0.836022982904846,0.0,0.12714843750000002,4.268402306058198,4.416115892732406,5.0,1.749431412175059
1757309758.2457037,9.928695678710938,8.092514038085938,3.841594696044922,282.61,4.802787499061175,-0.1296875,-0.6195653690622244,0.8594407790971852,0.0,0.19453125000000002,4.270285619959323,4.436892571954992,5.0,1.7365549575891395
1757309758.393118,9.928695678710938,8.092514038085938,3.841594696044922,282.61,4.770365624061175,-0.162109375,-0.6424185391332877,0.8386334597610615,0.0,0.2431640625,4.271437941540625,4.456745915004304,5.0,1.724832707925894
1757309758.561503,9.87901782989502,8.182249069213867,3.831768035888672,283.28,4.759037499061175,-0.17343750000000002,-0.6501747243004998,0.8312229305623879,0.0,0.26015625000000003,4.272366596095749,4.476638954987405,5.0,1.7205717298545622
1757309758.6990883,9.590094566345215,8.631368637084961,3.7284741401672363,285.97,4.760574955049536,-0.18359375,-0.6542493800948757,0.8324797210479625,0.0,0.275390625,4.273427733921557,4.498643623875216,5.0,1.7339707633611905
1757309758.85182,9.590094566345215,8.631368637084961,3.7284741401672363,285.97,4.807133686928185,-0.183984375,-0.608500425346612,0.8614294247511076,0.0,0.2759765625,4.275611721726666,4.521625899842988,5.0,1.7181629387845314
1757309759.004873,9.590094566345215,8.631368637084961,3.7284741401672363,285.97,4.822563374428184,-0.16855468750000002,-0.5886944537885072,0.8700028009589943,0.0,0.25283203125000003,4.278178631371773,4.544830158842581,5.0,1.7019584924393794
1757309759.1656947,9.590094566345215,8.631368637084961,3.7284741401672363,285.97,4.8446336869281845,-0.146484375,-0.5626818104477924,0.8818953397018419,0.0,0.2197265625,4.281311142585274,4.568379144845935,5.0,1.6851376241954101
1757309759.301194,9.078017234802246,9.374520301818848,3.651928663253784,277.89,4.882133686928184,-0.10898437500000001,-0.561734008979649,0.9079431627016645,0.0,0.1634765625,4.2859967556694745,4.59571739822387,5.0,1.7676005691704102
1757309759.450132,9.078017234802246,9.374520301818848,3.651928663253784,277.89,4.875277357431517,-0.07500000000000001,-0.5591556460804896,0.9026257868191441,0.0,0.11250000000000002,4.290450454739105,4.622817181888233,5.0,1.7453301041181444
1757309759.6029263,9.078017234802246,9.374520301818848,3.651928663253784,277.89,4.800681395867041,-0.0494140625,-0.6170290222187103,0.8577493710758927,0.0,0.07412109375,4.292723390847782,4.648493529756482,5.0,1.7256498736730803
1757309759.7619028,9.078017234802246,9.374520301818848,3.651928663253784,277.89,4.822361083367042,-0.027734375000000002,-0.5902356552615744,0.8700344398018339,0.0,0.0416015625,4.295589343948243,4.674449114995155,5.0,1.7053922847532599
1757309759.894494,9.078017234802246,9.374520301818848,3.651928663253784,277.89,4.838376708367042,-0.01171875,-0.5680356767722978,0.8783380223609816,0.0,0.017578125,4.298896420378616,4.700559279053094,5.0,1.6847518578620901
1757309760.051614,8.582164764404297,10.088663101196289,3.632964611053467,262.35,4.8434548333670415,-0.006640625000000001,-0.6322284104052756,0.890262154086967,0.0,0.009960937500000001,4.302752897441134,4.72981456657047,5.0,1.8578876882146762
1757309760.202212,8.582164764404297,10.088663101196289,3.632964611053467,262.35,4.6425672814312415,-0.023046875,-0.7897536580224143,0.7467222726015713,0.0,0.034570312500000006,4.300992294975255,4.754989269307149,5.0,1.8393358053232145
1757309760.4076846,8.582164764404297,10.088663101196289,3.632964611053467,262.35,4.542933792607124,-0.035937500000000004,-0.8541921748318617,0.6654762018182567,0.0,0.05390625,4.297168026372897,4.777340863757924,5.0,1.8243198162781775
1757309760.5536664,8.582164764404297,10.088663101196289,3.632964611053467,262.35,4.539027542607124,-0.039843750000000004,-0.8509670259603204,0.6631533139629627,0.0,0.059765625,4.29329331090664,4.799467008851869,5.0,1.809553116607475
1757309760.6747553,8.582164764404297,10.088663101196289,3.632964611053467,262.35,4.534340042607123,-0.04453125,-0.8483606012968161,0.6601838830308496,0.0,0.066796875,4.289356180920392,4.821345474579962,5.0,1.7950600081306227
1757309760.803295,8.133864402770996,10.699823379516602,3.705806255340576,262.56,4.525746292607124,-0.053125000000000006,-0.9368294511145295,0.6372279364464248,0.0,0.07968750000000001,4.284658710880341,4.846220795275365,5.0,2.005786727607336
1757309760.945048,8.109063148498535,10.73177433013916,3.7099008560180664,262.56,4.49858133996916,-0.06894531250000001,-0.9521546794433801,0.6119025314575857,0.0,0.10341796875,4.279417733363653,4.870358714547603,5.0,2.001598176442588
1757309761.1004462,8.109063148498535,10.73177433013916,3.7099008560180664,262.56,4.407802509103134,-0.16757812500000002,-0.9983341854393306,0.5247547802884895,0.0,0.25136718750000003,4.272755310996133,4.891551730491986,5.0,1.9875215804684245
1757309761.2620528,8.109063148498535,10.73177433013916,3.7099008560180664,262.56,4.3962083590363115,-0.186328125,-0.9991927025662638,0.5148325128735289,0.0,0.27949218750000004,4.265980163938279,4.912260959812348,5.0,1.9739531611295682
1757309761.4005394,7.7128753662109375,11.186080932617188,3.7755861282348633,263.0,4.391520859036311,-0.19101562500000002,-1.0653166766430557,0.4889650566949008,0.0,0.28652343750000003,4.258305926907324,4.935351570677609,5.0,2.1418252265918722
1757309761.5512435,7.469496726989746,11.443358421325684,3.801943302154541,263.0,4.443689611017353,-0.187890625,-1.0750337333243112,0.53375525519037,0.0,0.2818359375,4.251108852318365,4.961488688499144,5.0,2.236895449373617
1757309761.698778,7.469496726989746,11.443358421325684,3.801943302154541,263.0,4.430059682745087,-0.16015625,-1.0746809421934018,0.5212371336314052,0.0,0.240234375,4.243686251510078,4.9870769882100054,5.0,2.217300268612121
1757309761.8459187,7.469496726989746,11.443358421325684,3.801943302154541,263.0,4.455450307745087,-0.134765625,-1.0532233718254378,0.5504229455384884,0.0,0.2021484375,4.236793740508207,5.013309566409316,5.0,2.1969366313326635
1757309762.001288,7.469496726989746,11.443358421325684,3.801943302154541,263.0,4.487090932745087,-0.10312500000000001,-1.026962227510061,0.5853736511140504,0.0,0.1546875,4.230599648418357,5.040335691921836,5.0,2.175594355789671
1757309762.146131,7.018513202667236,11.82770824432373,3.8145225048065186,252.76,4.498419057745087,-0.091796875,-1.0738924588958059,0.5853164169195082,0.0,0.1376953125,4.224186311777997,5.069849944755866,5.0,2.312790956275517
1757309762.302419,7.018513202667236,11.82770824432373,3.8145225048065186,252.76,4.449225816850484,-0.080078125,-1.0925052508020796,0.534191087392605,0.0,0.1201171875,4.216644584667387,5.097843291006464,5.0,2.2898251036921584
1757309762.4568832,7.018513202667236,11.82770824432373,3.8145225048065186,252.76,4.353291092340867,-0.058203125,-1.1314005960342928,0.429807722637051,0.0,0.0873046875,4.207303694254053,5.12272756206707,5.0,2.270465242997018
1757309762.5995998,7.018513202667236,11.82770824432373,3.8145225048065186,252.76,4.374384842340867,-0.037109375,-1.1145427109467345,0.4562262854365087,0.0,0.0556640625,4.198361321308592,5.148168684985977,5.0,2.2504831120890616
1757309762.7493896,7.018513202667236,11.82770824432373,3.8145225048065186,252.76,4.376728592340867,-0.034765625,-1.105946366491404,0.46146207628589647,0.0,0.052148437500000006,4.189504218423212,5.173557263809905,5.0,2.2305613270621327
1757309762.9189944,6.347540855407715,12.204720497131348,3.8425257205963135,244.98,4.368525467340867,-0.04296875,-1.1476343632279415,0.43878857367010093,0.0,0.064453125,4.179572423343427,5.2012927508770135,5.0,2.3313087044150818
1757309763.042433,6.347540855407715,12.204720497131348,3.8425257205963135,244.98,4.226945847150067,-0.061328125000000004,-1.191594730231078,0.2758736509089336,0.0,0.0919921875,4.167481094158539,5.224212573323157,5.0,2.313012473458989
1757309763.211836,6.347540855407715,12.204720497131348,3.8425257205963135,244.98,4.204809164035708,-0.07089843750000001,-1.1913442048648202,0.2528035283405669,0.0,0.10634765625,4.1552303912520845,5.246238859416317,5.0,2.2956625383623335
1757309763.3534555,6.347540855407715,12.204720497131348,3.8425257205963135,244.98,4.190941976535708,-0.08476562500000001,-1.1889384700022994,0.2395893032434594,0.0,0.12714843750000002,4.142922395420186,5.267663265990223,5.0,2.278949483424455
1757309763.5324275,6.347540855407715,12.204720497131348,3.8425257205963135,244.98,4.188988851535708,-0.08671875000000001,-1.1836830678281984,0.24056825540649246,0.0,0.13007812500000002,4.130660549146347,5.288911153188278,5.0,2.2624360357981654
1757309763.6633105,5.5926995277404785,12.41265869140625,3.9267828464508057,242.9,4.197777914035708,-0.07792968750000001,-1.1777479803056286,0.2530968011941824,0.0,0.11689453125000002,4.117170679322889,5.312768947724244,5.0,2.251594290564902
1757309763.8071945,5.5926995277404785,12.41265869140625,3.9267828464508057,242.9,4.206766553472546,-0.057421875000000004,-1.1681425701795072,0.2677047666876779,0.0,0.0861328125,4.103858679992472,5.336814082589842,5.0,2.2307830833208673
1757309763.9463086,5.5926995277404785,12.41265869140625,3.9267828464508057,242.9,4.2276860030942265,-0.01171875,-1.1547099599288149,0.2960714809706129,0.0,0.017578125,4.090888891164636,5.361443231315063,5.0,2.2093740818992957
1757309764.0997422,5.5926995277404785,12.41265869140625,3.9267828464508057,242.9,4.240186003094227,0.00078125,-1.1431886125191477,0.3144300462424154,0.0,-0.0011718750000000002,4.078161088290546,5.386363528323955,5.0,2.1876735042240956
1757309764.2488413,4.971720218658447,12.372532844543457,4.059939861297607,235.22,4.240967253094227,0.0015625,-1.082857046084447,0.34595203158539456,0.0,-0.0023437500000000003,4.06494901771589,5.412281961160405,5.0,2.0190687680413397
1757309764.4235568,4.826518535614014,12.370491981506348,4.068874359130859,234.15,4.181247839258798,-0.0052734375,-1.0871587693686768,0.28917465397212344,0.0,0.007910156250000001,4.050731508319564,5.436483998495641,5.0,1.9772711155705114
1757309764.545267,4.826518535614014,12.370491981506348,4.068874359130859,234.15,4.050675966541062,-0.0546875,-1.1099225166428903,0.14955086407429596,0.0,0.08203125,4.035388751036461,5.456183157950708,5.0,1.9594218756693502
1757309764.7044222,4.826518535614014,12.370491981506348,4.068874359130859,234.15,3.9812196935447224,-0.10546875,-1.1130681412073322,0.07624901749786162,0.0,0.158203125,4.019968280720707,5.473373829442353,5.0,1.9441170869448277
1757309764.844692,4.826518535614014,12.370491981506348,4.068874359130859,234.15,3.9476259435447223,-0.1390625,-1.1109505998912157,0.04270762464985611,0.0,0.20859375000000002,4.00467335043743,5.489313378660424,5.0,1.9300828618900736
1757309765.0161731,3.650965929031372,12.579499244689941,3.9748268127441406,236.26,3.8741884435447225,-0.21250000000000002,-1.1515656026644763,-0.0839126142371851,0.0,0.31875000000000003,3.986069156318497,5.5060497698077215,5.0,2.0813827496224073
1757309765.1451347,3.650965929031372,12.579499244689941,3.9748268127441406,236.26,3.8589123543638686,-0.24453125,-1.1456932164047722,-0.0963851899601762,0.0,0.366796875,3.967597722809741,5.522163082777483,5.0,2.064435532657127
1757309765.309314,3.650965929031372,12.579499244689941,3.9748268127441406,236.26,3.853885984511803,-0.26962890625,-1.1408438387294153,-0.09710462049666901,0.0,0.40444335937500003,3.94923572574549,5.538019111012981,5.0,2.047794502154499
1757309765.4552648,3.650965929031372,12.579499244689941,3.9748268127441406,236.26,3.848514890761803,-0.275,-1.1360646096304903,-0.09826558404475794,0.0,0.41250000000000003,3.930986174859901,5.553607716536951,5.0,2.0314694839304988
1757309765.5945385,3.650965929031372,12.579499244689941,3.9748268127441406,236.26,3.842948484511803,-0.28056640625,-1.131369209318846,-0.09969702130471136,0.0,0.42084960937500004,3.912851820664119,5.568924150884911,5.0,2.0154648717042045
1757309765.7495086,2.686476945877075,12.832262992858887,3.8096866607666016,231.04,3.852616453261803,-0.27089843750000003,-1.2181336303193588,-0.18843219257292043,0.0,0.40634765625,3.8913736793785128,5.587423497473413,5.0,2.3443498999094317
1757309765.9067743,2.686476945877075,12.832262992858887,3.8096866607666016,231.04,3.8591365877342105,-0.26210937500000003,-1.2135824804042141,-0.17389292779279208,0.0,0.3931640625,3.8700083332216058,5.606069715374906,5.0,2.322473340913188
1757309766.0568266,2.686476945877075,12.832262992858887,3.8096866607666016,231.04,3.8426745506963176,-0.24541015625,-1.2051039019119956,-0.18738828175933675,0.0,0.36811523437500004,3.8487436835775384,5.624020046449742,5.0,2.301344420312061
1757309766.19652,2.686476945877075,12.832262992858887,3.8096866607666016,231.04,3.8223501100576986,-0.21005859375000002,-1.1959505432252113,-0.2055487353104296,0.0,0.31508789062500003,3.827606937993788,5.641139012177244,5.0,2.281101686176542
1757309766.3690984,2.686476945877075,12.832262992858887,3.8096866607666016,231.04,3.8820180788076986,-0.150390625,-1.2000787137595097,-0.12729885576608868,0.0,0.2255859375,3.806592723131683,5.660343271715581,5.0,2.258862985411625
1757309766.495627,1.8952243328094482,13.054195404052734,3.6499712467193604,214.94,3.911863829141815,-0.08476562500000001,-1.300893092687864,-0.19197713956008455,0.0,0.12714843750000002,3.783193586519617,5.683044988088167,5.0,2.6090923478250385
1757309766.6614716,1.8952243328094482,13.054195404052734,3.6499712467193604,214.94,3.739106006736612,-0.012304687500000001,-1.2437155281657324,-0.40567100094599506,0.0,0.018457031250000002,3.759599426215675,5.699100637115548,5.0,2.587708054448343
1757309766.8071973,1.8952243328094482,13.054195404052734,3.6499712467193604,214.94,3.7717231942366123,0.0203125,-1.250991167555148,-0.3576393272297645,0.0,-0.030468750000000003,3.7360059992866197,5.716307669854065,5.0,2.5652543607827063
1757309766.9711065,1.8952243328094482,13.054195404052734,3.6499712467193604,214.94,3.8264106942366123,0.07500000000000001,-1.2625195838216667,-0.28119449176312294,0.0,-0.11250000000000002,3.712509739971286,5.735496156086895,5.0,2.5409472172439393
1757309767.1057363,1.181680679321289,13.139169692993164,3.5989701747894287,190.53,3.8459419442366123,0.09453125000000001,-1.3336842183777278,-0.33405212864907907,0.0,-0.14179687500000002,3.686895003473136,5.757262295284884,5.0,2.795425301949588
1757309767.2481468,1.1011830568313599,13.135941505432129,3.6064558029174805,190.53,3.6495758107336598,0.09765625,-1.2431396152355518,-0.5883132775284698,0.0,-0.146484375,3.6613458397126517,5.7714858678100995,5.0,2.796771146657658
1757309767.402157,1.1011830568313599,13.135941505432129,3.6064558029174805,190.53,3.4693745585973894,0.08046875,-1.1156726417400076,-0.7960173344517236,0.0,-0.12070312500000001,3.638648256387098,5.779204145061909,5.0,2.7820507726706225
1757309767.5485914,1.1011830568313599,13.135941505432129,3.6064558029174805,190.53,3.358578948824796,0.033203125,-1.0199057752801313,-0.9103623363344806,0.0,-0.0498046875,3.6188155980875805,5.7835763961111555,5.0,2.771470022688929
1757309767.706328,1.1011830568313599,13.135941505432129,3.6064558029174805,190.53,3.2988133238247963,-0.026562500000000003,-0.9631766226651237,-0.9662989220304095,0.0,0.039843750000000004,3.60085109328852,5.786424291436047,5.0,2.7629725989024543
1757309767.8533022,0.4006924629211426,12.977821350097656,3.626894474029541,196.88,3.229282073824796,-0.09609375,-0.8971861827982908,-1.0703595290951193,0.0,0.14414062500000002,3.5818361135476633,5.788095990991464,5.0,2.8620497114490497
1757309767.9959135,0.4006924629211426,12.977821350097656,3.626894474029541,196.88,3.1684400978563776,-0.16269531250000002,-0.8303659655001311,-1.1200447106387887,0.0,0.24404296875000003,3.564977192093465,5.7885487187239875,5.0,2.854829012492355
1757309768.1506553,0.4006924629211426,12.977821350097656,3.626894474029541,196.88,3.196458137576436,-0.23974609375,-0.8612414255274496,-1.0931384921861926,0.0,0.359619140625,3.547235087539547,5.789523125800537,5.0,2.846805837407575
1757309768.3015559,0.4006924629211426,12.977821350097656,3.626894474029541,196.88,3.1487042313264357,-0.28750000000000003,-0.8080593202037574,-1.1304037915513225,0.0,0.43125,3.5312475779874943,5.789636824134285,5.0,2.8403043377006325
1757309768.4460428,0.4006924629211426,12.977821350097656,3.626894474029541,196.88,3.1263409500764356,-0.30986328125,-0.782615255905829,-1.1458683067581439,0.0,0.46479492187500004,3.516146518485016,5.789406489392008,5.0,2.8344982086884913
1757309768.5939329,-0.22309482097625732,12.38292121887207,3.7044920921325684,209.63,3.120188606326436,-0.316015625,-0.7778024181607688,-1.0454776115887345,0.0,0.47402343750000003,3.498164299839813,5.789021538346141,5.0,2.57147822034091
1757309768.7523265,-0.22309482097625732,12.38292121887207,3.7044920921325684,209.63,3.293805563109985,-0.28115234375000003,-0.9458362354867634,-0.8896930478783323,0.0,0.421728515625,3.475044541762487,5.792568096183988,5.0,2.557048962919473
1757309768.8935516,-0.22309482097625732,12.38292121887207,3.7044920921325684,209.63,3.4517024609557128,-0.20703125,-1.07149747754287,-0.7221942665734593,0.0,0.310546875,3.448699771511705,5.801010240506794,5.0,2.5368181387472255
1757309769.0513098,-0.22309482097625732,12.38292121887207,3.7044920921325684,209.63,3.530608710955713,-0.12812500000000002,-1.1215972808275536,-0.6269660948015179,0.0,0.1921875,3.4214325085392883,5.812187232957283,5.0,2.5137956166801176
1757309769.2234106,-0.27850478887557983,12.294236183166504,3.712698221206665,208.33,3.577483710955713,-0.08125,-1.1370856578531843,-0.5465455399829259,0.0,0.12187500000000001,3.3938260832162186,5.825045493281111,5.0,2.4388468337651874
1757309769.35747,-0.6151536703109741,11.728124618530273,3.7197933197021484,190.65,3.610263180679787,-0.025781250000000002,-1.0946834095429754,-0.3910627341696176,0.0,0.038671875,3.3659765003123003,5.839145584181891,5.0,2.10840850700364
1757309769.5049756,-0.6151536703109741,11.728124618530273,3.7197933197021484,190.65,3.4593921438819493,-0.003515625,-1.020695787843757,-0.5427112384878636,0.0,0.0052734375,3.3392743517390446,5.847929229614317,5.0,2.0861977670259035
1757309769.6541739,-0.6151536703109741,11.728124618530273,3.7197933197021484,190.65,3.3106733439271894,-0.016796875,-0.9278818472881007,-0.681321116027109,0.0,0.025195312499999997,3.31518516353043,5.852041508739564,5.0,2.069364615152444
1757309769.799032,-0.6151536703109741,11.728124618530273,3.7197933197021484,190.65,3.256181156427189,-0.0712890625,-0.8887197688429744,-0.7249693423989079,0.0,0.10693359375,3.2924531145401863,5.854657801334691,5.0,2.0545732144271085
1757309769.950298,-1.4918458461761475,10.88099479675293,3.584284543991089,178.56,3.2247358439271894,-0.102734375,-0.8610144788881173,-0.6988799727031645,0.0,0.1541015625,3.2666166911927155,5.856810887564356,5.0,1.919926999101385
1757309770.1088316,-1.4918458461761475,10.88099479675293,3.584284543991089,178.56,2.9840460236253628,-0.166796875,-0.6702933485638293,-0.8796169602366731,0.0,0.25019531250000004,3.247302607303309,5.85374259062484,5.0,1.908892299648076
1757309770.2544484,-1.4918458461761475,10.88099479675293,3.584284543991089,178.56,2.908061474861075,-0.2083984375,-0.60238078682602,-0.924621661569639,0.0,0.31259765625,3.230534825092107,5.849754017662707,5.0,1.900308904791756
1757309770.419751,-1.4918458461761475,10.88099479675293,3.584284543991089,178.56,2.887944287361075,-0.228515625,-0.5844540928704067,-0.9334862605381751,0.0,0.3427734375,3.2145203973352765,5.845602568727936,5.0,1.8923913200077616
1757309770.5460007,-1.4918458461761475,10.88099479675293,3.584284543991089,178.56,2.875248974861075,-0.2412109375,-0.5733443409495144,-0.9379426394563177,0.0,0.36181640625,3.199011849930154,5.841371438113054,5.0,1.884907372076139
1757309770.6992188,-2.2718324661254883,10.314126014709473,3.569962739944458,173.52,2.868120068611075,-0.24833984375,-0.5482814443207207,-1.0074672603510677,0.0,0.37250976562500004,3.1794683635448564,5.835889484020842,5.0,2.054876551744809
1757309770.8502617,-2.2718324661254883,10.314126014709473,3.569962739944458,173.52,2.8647894050814884,-0.24765625000000002,-0.5461727373134839,-1.0048883795256072,0.0,0.37148437500000003,3.1601336348410367,5.830396557012266,5.0,2.043442735755801
1757309771.00537,-2.2718324661254883,10.314126014709473,3.569962739944458,173.52,2.836365504769992,-0.244140625,-0.5186448942787047,-1.0160317736980509,0.0,0.3662109375,3.141852134375725,5.8246365515209755,5.0,2.033028977175092
1757309771.1511118,-2.2718324661254883,10.314126014709473,3.569962739944458,173.52,2.8182390470452616,-0.240625,-0.5013828239648386,-1.0215677668663474,0.0,0.3609375,3.1242796316102823,5.818747734240304,5.0,2.023279266542394
1757309771.2970285,-2.2718324661254883,10.314126014709473,3.569962739944458,173.52,2.8255656305605608,-0.2029296875,-0.5100841869092031,-1.0141044563725046,0.0,0.30439453125000004,3.1065448919455707,5.812948724524724,5.0,2.013382921492761
1757309771.4457645,-3.0135555267333984,9.59506893157959,3.5546741485595703,158.14,2.832596880560561,-0.19589843750000002,-0.49702618454242165,-1.073696069636917,0.0,0.29384765625000003,3.0842526611914436,5.805832585462721,5.0,2.179246254549037
1757309771.6121442,-3.0135555267333984,9.59506893157959,3.5546741485595703,158.14,2.6264903211005,-0.17441406250000002,-0.2683950988720924,-1.1498248890901228,0.0,0.26162109375000003,3.069284918444222,5.797359694911861,5.0,2.1710210798574607
1757309771.7428472,-3.0135555267333984,9.59506893157959,3.5546741485595703,158.14,2.5952199291038323,-0.16484375,-0.23381753806982553,-1.155182247178982,0.0,0.24726562500000002,3.0555117004901304,5.788983849792246,5.0,2.1637881500197134
1757309771.904813,-3.0135555267333984,9.59506893157959,3.5546741485595703,158.14,2.6108449291038323,-0.14921875,-0.25338094825326807,-1.148759078202398,0.0,0.22382812500000002,3.041248935682863,5.780612721194739,5.0,2.156167497972601
1757309772.0553186,-3.271294355392456,9.322958946228027,3.54319429397583,147.56,2.6088918041038323,-0.151171875,-0.23625839466012005,-1.174488614783591,0.0,0.22675781250000002,3.0255757252313,5.77137256712781,5.0,2.2294079024816975
1757309772.202058,-3.727268695831299,8.799347877502441,3.489922285079956,141.94,2.47303052135752,-0.137109375,-0.03450507102696265,-1.2469355969697609,0.0,0.20566406250000002,3.01214874638274,5.760766375437554,5.0,2.3927481361879037
1757309772.3451097,-3.727268695831299,8.799347877502441,3.489922285079956,141.94,2.4046676570769487,-0.13496093750000002,0.049175670160342966,-1.2446415690352501,0.0,0.20244140625,3.0012301393825136,5.75085810459794,5.0,2.3868793459062925
1757309772.5009887,-3.727268695831299,8.799347877502441,3.489922285079956,141.94,2.3159922152807515,-0.16132812500000002,0.15813635536616755,-1.2344084460742524,0.0,0.2419921875,2.9933565427719158,5.742324547497255,5.0,2.383237449652186
1757309772.6480112,-3.727268695831299,8.799347877502441,3.489922285079956,141.94,2.2752695590307512,-0.20205078125,0.20741684649962067,-1.2262306655976938,0.0,0.303076171875,2.9868051303691336,5.7346166781085826,5.0,2.3804718459057783
1757309772.7931843,-4.048593044281006,8.251016616821289,3.559861660003662,139.11,2.2572031527807512,-0.2201171875,0.2565163815490734,-1.2443893750943689,0.0,0.33017578125,2.978844255475851,5.7249001555527625,5.0,2.4676729560088377
1757309772.9507012,-4.048593044281006,8.251016616821289,3.559861660003662,139.11,2.1871322539609497,-0.22910156250000002,0.3421381302767048,-1.2227576973893488,0.0,0.34365234375000003,2.973061196604588,5.716736511989117,5.0,2.4649985886331427
1757309773.108195,-4.048593044281006,8.251016616821289,3.559861660003662,139.11,2.1944314286993123,-0.23349609375000002,0.33229801967075534,-1.2245706752728842,0.0,0.35024414062500003,2.9670947325783144,5.7084429729681725,5.0,2.4622085012943575
1757309773.2551494,-4.048593044281006,8.251016616821289,3.559861660003662,139.11,2.2002908036993123,-0.22763671875000002,0.32418635164292,-1.2258187723580374,0.0,0.34145507812500003,2.960986114690022,5.7000559400043205,5.0,2.459329752769177
1757309773.3973796,-4.048593044281006,8.251016616821289,3.559861660003662,139.11,2.229685334949312,-0.1982421875,0.28692482896150684,-1.2339698227715834,0.0,0.29736328125,2.9540232427718704,5.691063771877615,5.0,2.4558697300873913
1757309773.5535119,-4.058743476867676,7.6510701179504395,3.639514446258545,132.09,2.261911897449312,-0.166015625,0.1914288001460287,-1.1965915323995548,0.0,0.2490234375,2.9445908378143995,5.679661144703802,5.0,2.275516810715292
1757309773.7055945,-4.058743476867676,7.6510701179504395,3.639514446258545,132.09,2.281102532956961,-0.131640625,0.1664688207142918,-1.1983564952356565,0.0,0.19746093750000002,2.9345751437665974,5.668015818001422,5.0,2.269044619910951
1757309773.85651,-4.058743476867676,7.6510701179504395,3.639514446258545,132.09,2.2647301659047807,-0.08046875,0.18423093694491133,-1.1939441613138562,0.0,0.12070312500000001,2.92514715442172,5.656683707395238,5.0,2.2630782389025006
1757309774.0018542,-4.058743476867676,7.6510701179504395,3.639514446258545,132.09,2.26907728395931,-0.036328125,0.1771919509564025,-1.1931834262619252,0.0,0.054492187500000004,2.915624620875655,5.645338633155529,5.0,2.2570496175730757
1757309774.1483366,-4.058743476867676,7.6510701179504395,3.639514446258545,132.09,2.2968116589593097,-0.00859375,0.14202045989129963,-1.1958490380316569,0.0,0.012890625000000001,2.9052336305048874,5.633633997477468,5.0,2.250312107226706
1757309774.3023643,-3.8138184547424316,7.060835361480713,3.694833993911743,113.02,2.2456444359742807,-0.0072265625,0.0817336029643595,-1.0899889740258084,0.0,0.010839843750000001,2.8956009191257754,5.621595753189436,5.0,1.8620491826066408
1757309774.4560184,-3.8138184547424316,7.060835361480713,3.694833993911743,113.02,1.9870862742658864,-0.0177734375,0.3571938457616463,-1.0326297557051276,0.0,0.026660156249999997,2.8927768670479796,5.615208373000695,5.0,1.8606310351222675
1757309774.6037452,-3.8138184547424316,7.060835361480713,3.694833993911743,113.02,1.929602370603991,-0.04296875,0.4156576530311999,-1.0103000999435807,0.0,0.064453125,2.8910184502317096,5.610519765965725,5.0,1.8599018395963371
1757309774.7522004,-3.8138184547424316,7.060835361480713,3.694833993911743,113.02,1.895227370603991,-0.07734375,0.4499739962939416,-0.995363913986556,0.0,0.11601562500000001,2.8898029148868956,5.606905482384934,5.0,1.8594789569382337
1757309774.9017086,-3.567173957824707,6.254278182983398,3.737825393676758,106.54,1.860852370603991,-0.11171875,0.34160616122178267,-0.9368350011725269,0.0,0.16757812500000002,2.888049122080644,5.6010296142975875,5.0,1.4881922523791467
1757309775.050072,-3.466775894165039,5.836591720581055,3.7716856002807617,106.54,1.7688108702369818,-0.1451171875,0.37535389299878985,-0.8912567296691976,0.0,0.21767578124999998,2.8870466394422816,5.596033284857857,5.0,1.3583747254761382
1757309775.2091372,-3.466775894165039,5.836591720581055,3.7716856002807617,106.54,1.684083160074759,-0.17539062500000002,0.4493596273906006,-0.8562865877317132,0.0,0.26308593750000003,2.886775756526326,5.593652398334984,5.0,1.3581945623184852
1757309775.3459885,-3.466775894165039,5.836591720581055,3.7716856002807617,106.54,1.683106597574759,-0.17636718750000002,0.45012656074944757,-0.8558395617238501,0.0,0.26455078125000003,2.8865120113845584,5.5913139186808,5.0,1.3580207935259079
1757309775.4928212,-3.466775894165039,5.836591720581055,3.7716856002807617,106.54,1.6922862850747589,-0.16718750000000002,0.4421650282923152,-0.8599249246399145,0.0,0.25078125,2.886192979222777,5.588700855003842,5.0,1.357803346083542
1757309775.6827967,-3.0841662883758545,4.92258882522583,3.857160806655884,95.15,1.701661285074759,-0.15781250000000002,0.29444001710222756,-0.845652837838909,0.0,0.23671875000000003,2.8852537654652,5.581564902845188,5.0,1.005682746372334
1757309775.7988443,-3.0841662883758545,4.92258882522583,3.857160806655884,95.15,1.6219910753689883,-0.166796875,0.36050009672382705,-0.8195213592619605,0.0,0.25019531250000004,2.885007221452016,5.576753304133492,5.0,1.0049116193242433
1757309775.9603662,-3.0841662883758545,4.92258882522583,3.857160806655884,95.15,1.4684932832726048,-0.1921875,0.48156220892257257,-0.7547668281147802,0.0,0.28828125000000004,2.8850282306798385,5.576548658383669,5.0,1.0049102132928143
1757309776.1072764,-3.0841662883758545,4.92258882522583,3.857160806655884,95.15,1.4513057832726046,-0.209375,0.49446171863085187,-0.7463790585676039,0.0,0.3140625,2.884991116116762,5.5768577853921135,5.0,1.0049069927723355
1757309776.273462,-3.0841662883758545,4.92258882522583,3.857160806655884,95.15,1.4182003145226048,-0.24248046875,0.5188731879309576,-0.7296071250620911,0.0,0.36372070312500004,2.8847929991763617,5.578146002505364,5.0,1.004850555104479
1757309776.4014614,-2.8054444789886475,4.3240861892700195,3.8492448329925537,92.93,1.4012081270226047,-0.25947265625,0.46096674724365216,-0.7327108710399743,0.0,0.38920898437499996,2.885025650211602,5.5767873207851935,5.0,0.8267238149941267
1757309776.5597663,-2.8054444789886475,4.3240861892700195,3.8492448329925537,92.93,1.3724121715518636,-0.2701171875,0.4818680197951808,-0.719135731127042,0.0,0.40517578125000003,2.8851307186833166,5.576264665769407,5.0,0.8267140840586675
1757309776.70318,-2.8054444789886475,4.3240861892700195,3.8492448329925537,92.93,1.3464482473311223,-0.2779296875,0.5003744154110392,-0.7063837273582493,0.0,0.41689453125000003,2.8850804526231766,5.576484947954957,5.0,0.8267123361335873
1757309776.8516943,-2.8054444789886475,4.3240861892700195,3.8492448329925537,92.93,1.3475204113783306,-0.2744140625,0.499616268246175,-0.706919918345841,0.0,0.41162109375,2.885037589175625,5.576673722417364,5.0,0.8267110530980748
1757309777.0091305,-2.8054444789886475,4.3240861892700195,3.8492448329925537,92.93,1.3703719738783304,-0.2515625,0.4833300026472095,-0.7181519808047511,0.0,0.37734375000000003,2.8851317790403628,5.576210079785568,5.0,0.8267033891938622
1757309777.1469514,-2.5720949172973633,3.5189993381500244,3.834080696105957,83.37,1.378805883935182,-0.22724609375000002,0.47905541759344816,-0.7218529845755314,0.0,0.340869140625,2.886064952385423,5.57140942739763,5.0,0.831285993454701
1757309777.313704,-2.5720949172973633,3.5189993381500244,3.834080696105957,83.37,1.3089079284315477,-0.1845703125,0.5281935021874373,-0.6866612875325523,0.0,0.27685546875,2.8868019043271675,5.568660064221124,5.0,0.8310087978960139
1757309777.4443688,-2.5720949172973633,3.5189993381500244,3.834080696105957,83.37,1.3214872473876726,-0.13359375,0.5193786554671308,-0.6932856118455317,0.0,0.20039062500000002,2.887590706586353,5.565561936120789,5.0,0.8306591033137387
1757309777.6074743,-2.5720949172973633,3.5189993381500244,3.834080696105957,83.37,1.3541044348876725,-0.1009765625,0.49626601051538555,-0.7099045811366647,0.0,0.15146484375000002,2.8884774410298584,5.561534042823295,5.0,0.8300770578374035
1757309777.7560668,-2.4829862117767334,3.2302088737487793,3.845114231109619,71.78,1.3820341223876726,-0.073046875,0.4857135672272017,-0.7216781243790568,0.0,0.10957031249999999,2.889680230040609,5.555237923472527,5.0,0.8541698623365495
1757309777.9010012,-2.402491807937622,2.967414379119873,3.848414182662964,66.22,1.350651613705834,-0.0546875,0.5218763149523595,-0.7030038213831459,0.0,0.08203125,2.891175756492467,5.548554644857509,5.0,0.8894143472939096
1757309778.048107,-2.402491807937622,2.967414379119873,3.848414182662964,66.22,1.1161085931706451,-0.0396484375,0.6709647299474011,-0.562472740232197,0.0,0.059472656250000006,2.8911626016304948,5.548581554680761,5.0,0.8894143169022284
1757309778.2075777,-2.402491807937622,2.967414379119873,3.848414182662964,66.22,1.1082960931706451,-0.0474609375,0.6753377085965162,-0.5572141246198027,0.0,0.07119140625,2.89104665759151,5.548814109445581,5.0,0.8894120295460857
1757309778.3576126,-2.402491807937622,2.967414379119873,3.848414182662964,66.22,1.096382030670645,-0.059375000000000004,0.6819238301623475,-0.5491310512232256,0.0,0.0890625,2.890768295893242,5.549356162999903,5.0,0.8893994517398056
1757309778.4985723,-2.0473473072052,2.302353620529175,3.8747692108154297,58.9,1.0809523431706451,-0.07480468750000001,0.6974963551147825,-0.5347153492770476,0.0,0.11220703125,2.892042966519573,5.546965503044099,5.0,0.9097447105880914
1757309778.6506128,-2.0473473072052,2.302353620529175,3.8747692108154297,58.9,0.9760205278661421,-0.08828125,0.7496638641048377,-0.4587201540199537,0.0,0.13242187500000002,2.891818203612921,5.547297749411751,5.0,0.9097392787520446
1757309778.8192499,-2.0473473072052,2.302353620529175,3.8747692108154297,58.9,0.92135830442466,-0.106640625,0.7735627703697519,-0.4171101989034899,0.0,0.1599609375,2.890601000181938,5.548900771317471,5.0,0.9096025152897642
1757309778.9482317,-2.0473473072052,2.302353620529175,3.8747692108154297,58.9,0.9299520544246601,-0.098046875,0.7699165862324142,-0.4237672248327821,0.0,0.14707031250000002,2.8895551443309735,5.5503029917653794,5.0,0.909499211785846
1757309779.1246023,-2.0473473072052,2.302353620529175,3.8747692108154297,58.9,0.94284267942466,-0.08515625,0.7643699287018002,-0.4336711257297923,0.0,0.127734375,2.88875604557756,5.551403701217142,5.0,0.9094367528700813
1757309779.248728,-1.6114121675491333,1.993699550628662,3.9035911560058594,53.52,0.9502645544246601,-0.07773437500000001,0.7048680338438688,-0.47954347700155053,0.0,0.1166015625,2.8895635179392882,5.550273914342034,5.0,0.7365497754295784
1757309779.3960898,-1.6114121675491333,1.993699550628662,3.9035911560058594,53.52,0.9498864126726656,-0.0763671875,0.7050280548680907,-0.47929211246990944,0.0,0.11455078125000001,2.890361075212676,5.549158891837916,5.0,0.7364844161069861
1757309779.546225,-1.6114121675491333,1.993699550628662,3.9035911560058594,53.52,0.8512877156673653,-0.08281250000000001,0.7487624479867552,-0.4075815810548684,0.0,0.12421875000000002,2.8893970334643817,5.550259146316942,5.0,0.7364099942045899
1757309779.7012925,-1.6114121675491333,1.993699550628662,3.9035911560058594,53.52,0.7909361531673652,-0.1431640625,0.771882441200538,-0.36177694139412864,0.0,0.21474609374999998,2.887160488698551,5.552520601213548,5.0,0.7360581598886764
1757309779.8585348,-1.6114121675491333,1.993699550628662,3.9035911560058594,53.52,0.7612486531673652,-0.1728515625,0.7821267103925728,-0.3388675538071556,0.0,0.25927734375,2.8842577537359415,5.555286416837672,5.0,0.7354990233370158
1757309779.9949474,-0.9302926063537598,1.757787823677063,3.8986663818359375,54.02,0.6906850536294729,-0.21025390625,0.7140661674425988,-0.39178211381737343,0.0,0.31538085937500004,2.882249648529148,5.556946092607981,5.0,0.38229337714452516
1757309780.1542945,-0.9302926063537598,1.757787823677063,3.8986663818359375,54.02,0.6930221744273368,-0.2498046875,0.7130879663198085,-0.39352288712265,0.0,0.37470703125000004,2.880303615759001,5.5585621359083035,5.0,0.38205620005002405
1757309780.3024817,-0.9302926063537598,1.757787823677063,3.8986663818359375,54.02,0.6656784244273368,-0.2771484375,0.723483818042279,-0.3740027751187355,0.0,0.41572265625000004,2.8777486961150585,5.56056837135109,5.0,0.38166502627917076
1757309780.4445944,-0.9302926063537598,1.757787823677063,3.8986663818359375,54.02,0.660404986927337,-0.282421875,0.7253425340386858,-0.3703155866750206,0.0,0.42363281249999996,2.8750848428755056,5.562637530125379,5.0,0.3812432410886668
1757309780.6014624,-0.3360651731491089,1.534805417060852,3.8579680919647217,54.19,0.6543502994273369,-0.28847656250000003,0.6715647067439329,-0.4389288053772097,0.0,0.43271484375,2.874702597961273,5.56293074698957,5.0,0.15119630315274168
1757309780.7470362,-0.3360651731491089,1.534805417060852,3.8579680919647217,54.19,0.6970527918136338,-0.2775390625,0.6522110137159732,-0.46720201616308343,0.0,0.41630859374999996,2.8751782905631926,5.562532467299541,5.0,0.15118139599640124
1757309780.8965025,-0.3360651731491089,1.534805417060852,3.8579680919647217,54.19,0.6898368904057272,-0.25595703125,0.6555634525135969,-0.46248582811402317,0.0,0.38393554687500003,2.8755111249861907,5.562257858289583,5.0,0.151174185086707
1757309781.0479107,-0.3360651731491089,1.534805417060852,3.8579680919647217,54.19,0.7127861091557272,-0.23300781250000002,0.644767528117688,-0.47741959169439896,0.0,0.34951171875000003,2.876282926290704,5.561590725000896,5.0,0.15113387791623634
1757309781.20022,-0.3360651731491089,1.534805417060852,3.8579680919647217,54.19,0.7557548591557272,-0.19003906250000002,0.6236168512397863,-0.5047259099117023,0.0,0.28505859375000003,2.8778254881109038,5.560137008787205,5.0,0.15095987228443963
1757309781.346681,0.2250373810529709,1.2759804725646973,3.8497161865234375,41.19,0.7907157966557272,-0.155078125,0.5733602821574761,-0.5581076724915892,0.0,0.23261718750000002,2.8819738349109523,5.555944306931335,5.0,0.037598807301529646
1757309781.5057435,0.2250373810529709,1.2759804725646973,3.8497161865234375,41.19,0.7288153801381326,-0.0921875,0.6065882923164706,-0.5217930010928276,0.0,0.13828125000000002,2.88521288162125,5.553052529974518,5.0,0.0368521000819122
1757309781.6651852,0.2250373810529709,1.2759804725646973,3.8497161865234375,41.19,0.6771042438964644,-0.041796875000000004,0.6326566692041384,-0.4898556500669155,0.0,0.0626953125,2.887576134613929,5.551152750682275,5.0,0.036487925310551006
1757309781.806602,0.2250373810529709,1.2759804725646973,3.8497161865234375,41.19,0.7138229938964643,-0.005078125,0.6140869177473612,-0.5129358464974867,0.0,0.007617187500000001,2.890548789345808,5.548577843114614,5.0,0.03587523262534109
1757309781.955301,0.2250373810529709,1.2759804725646973,3.8497161865234375,41.19,0.7571823688964644,0.03828125,0.5910053556602762,-0.5393583554250551,0.0,-0.057421875000000004,2.89417365297341,5.545151974315698,5.0,0.03488964620320534
1757309782.095257,0.7663865089416504,0.8063384294509888,3.8089582920074463,15.52,0.7962448688964644,0.07734375,0.614160338755136,-0.5183166964073175,0.0,-0.11601562500000001,2.900813819805284,5.5383661742636505,5.0,0.1911334526322257
1757309782.2627594,0.7663865089416504,0.8063384294509888,3.8089582920074463,15.52,0.4874297536043083,0.08984375,0.7426194415860852,-0.30717270437057387,0.0,-0.134765625,2.902273537966168,5.5375923905553766,5.0,0.19102855368963834
1757309782.4020793,0.7663865089416504,0.8063384294509888,3.8089582920074463,15.52,0.35446884990951993,0.08359375000000001,0.7767692218552606,-0.20605978035969802,0.0,-0.125390625,2.900581131582528,5.538218752034397,5.0,0.19090339676643353
1757309782.5598085,0.7663865089416504,0.8063384294509888,3.8089582920074463,15.52,0.3392344749095199,0.068359375,0.7797936244025511,-0.1942722506022374,0.0,-0.1025390625,2.898516125894957,5.538947442560084,5.0,0.1907190999370112
1757309782.715042,0.835800051689148,0.7355090379714966,3.801115036010742,15.52,0.32985947490951995,0.058984375000000006,0.7863399243548461,-0.17305214814925565,0.0,-0.08847656250000001,2.8966446291381245,5.539588182905576,5.0,0.22745222868573034
1757309782.8685622,1.278050184249878,0.2526145577430725,3.770475149154663,13.09,0.2885365757556022,0.04296875,0.8271611062202346,-0.024714999038291746,0.0,-0.064453125,2.8964180128969637,5.539655447079056,5.0,0.5291876251679604
1757309783.001651,1.278050184249878,0.2526145577430725,3.770475149154663,13.09,0.24589215765686964,0.02109375,0.8274557224081895,0.010542613913471999,0.0,-0.031640625000000006,2.8950469939027,5.539999532826456,5.0,0.5291155311826241
1757309783.146496,1.278050184249878,0.2526145577430725,3.770475149154663,13.09,0.21479172408605773,-0.013671875,0.8267119820764454,0.03619529940087843,0.0,0.0205078125,2.89283469907342,5.540482160462542,5.0,0.5289305306907277
1757309783.302184,1.278050184249878,0.2526145577430725,3.770475149154663,13.09,0.18959641158605772,-0.038867187500000004,0.8255141256588826,0.056887816807823316,0.0,0.05830078125,2.889941081984097,5.541037449500254,5.0,0.5286172727237881
1757309783.4567137,1.7498695850372314,-0.06011448800563812,3.7607898712158203,19.33,0.16713547408605772,-0.061328125000000004,0.836495242443093,0.1493099840918028,0.0,0.0919921875,2.8889925552496245,5.541197474811267,5.0,0.7159685833689879
1757309783.593454,1.7498695850372314,-0.06011448800563812,3.7607898712158203,19.33,0.18776346705114372,-0.07578125000000001,0.8393966729516354,0.13202236934715092,0.0,0.113671875,2.8886312733774684,5.541266118936151,5.0,0.7159638633090628
1757309783.758625,1.7498695850372314,-0.06011448800563812,3.7607898712158203,19.33,0.24382172134734137,-0.08203125,0.8454700249806096,0.08476381931528457,0.0,0.123046875,2.8898305532237902,5.540967772764476,5.0,0.7159105574617319
1757309783.8937411,1.7498695850372314,-0.06011448800563812,3.7607898712158203,19.33,0.26745026941050387,-0.06992187500000001,0.8472233048267127,0.0647159793761051,0.0,0.1048828125,2.8916667805007408,5.540464618876947,5.0,0.7157840379092413
1757309784.0529425,1.7498695850372314,-0.06011448800563812,3.7607898712158203,19.33,0.2799502694105039,-0.057421875000000004,0.847946503530191,0.05405293761457569,0.0,0.0861328125,2.8938298488204923,5.539842735688473,5.0,0.7156072286607422
1757309784.1955204,2.16343092918396,-0.045450516045093536,3.7733020782470703,16.12,0.2842471444105039,-0.053125000000000006,0.838813212688095,0.018379304740967328,0.0,0.07968750000000001,2.897982359617886,5.538629545166938,5.0,0.632185715508526
1757309784.3485074,2.16343092918396,-0.045450516045093536,3.7733020782470703,16.12,0.27845437257174305,-0.046875,0.8386258156290732,0.02300416065055197,0.0,0.0703125,2.9019659593214833,5.537490707165075,5.0,0.6315776379767408
1757309784.5046093,2.16343092918396,-0.045450516045093536,3.7733020782470703,16.12,0.23486270042148596,-0.046484375,0.8367988537686174,0.059411552949412916,0.0,0.0697265625,2.904790932610419,5.536814751685534,5.0,0.6312787334665098
1757309784.651364,2.16343092918396,-0.045450516045093536,3.7733020782470703,16.12,0.23486270042148596,-0.046484375,0.8367713066872072,0.059296427365661514,0.0,0.0697265625,2.9076017810329096,5.53614217598339,5.0,0.6309827948988946
1757309784.7993565,2.16343092918396,-0.045450516045093536,3.7733020782470703,16.12,0.22255801292148597,-0.0587890625,0.8359583190695408,0.06949934908603186,0.0,0.08818359375000001,2.9100702681666366,5.535583540330534,5.0,0.6307558498785113
1757309784.9517038,2.641709089279175,0.10292533040046692,3.7792179584503174,14.1,0.19515207922833755,-0.0703125,0.8188436442489624,0.017020331756957552,0.0,0.10546875,2.9139463234371927,5.5348173689246165,5.0,0.438709794596881
1757309785.0949333,2.641709089279175,0.10292533040046692,3.7792179584503174,14.1,0.16483312820440554,-0.07968750000000001,0.8179280129586506,0.0416948484545728,0.0,0.11953125,2.9170179159222602,5.5343064329532945,5.0,0.43835412888822134
1757309785.2459817,2.641709089279175,0.10292533040046692,3.7792179584503174,14.1,0.15976329953120044,-0.086328125,0.817685646361596,0.0457140139338085,0.0,0.12949218750000002,2.91994143417996,5.533835347146388,5.0,0.43803244268919084
1757309785.4051185,2.641709089279175,0.10292533040046692,3.7792179584503174,14.1,0.14882579953120045,-0.09726562500000001,0.8171214628335596,0.05455257654393862,0.0,0.1458984375,2.922562745934335,5.533442322317112,5.0,0.43777468970092404
1757309785.5564983,2.765714645385742,0.1398325115442276,3.7829744815826416,12.87,0.13281017453120045,-0.11328125,0.8139091735257149,0.050910949603295425,0.0,0.169921875,2.9253319202746977,5.533072370088238,5.0,0.3956013424113163
1757309785.6919825,3.30546236038208,0.2677156925201416,3.7776739597320557,10.31,0.11583481223167019,-0.1087890625,0.8074975132645958,0.018050354126998083,0.0,0.16318359375000002,2.9302295363542905,5.5325025046043805,5.0,0.278141704134514
1757309785.8506541,3.30546236038208,0.2677156925201416,3.7776739597320557,10.31,0.10374637183772406,-0.10429687500000001,0.8071872978443901,0.02749304138946773,0.0,0.15644531250000002,2.9347970373883427,5.5320269354855975,5.0,0.2773445637443981
1757309786.0075393,3.30546236038208,0.2677156925201416,3.7776739597320557,10.31,0.08365438338061539,-0.09628906250000001,0.8064513381650839,0.04345769029767227,0.0,0.14443359375,2.938829079726444,5.531688848451209,5.0,0.27672562758830566
1757309786.146037,3.30546236038208,0.2677156925201416,3.7776739597320557,10.31,0.09263875838061539,-0.0873046875,0.806783834958543,0.035937277560865385,0.0,0.13095703125000002,2.943070872685719,5.531294766042176,5.0,0.27603944768932376
1757309786.306871,3.4957871437072754,0.3010362982749939,3.7759931087493896,4.88,0.10142782088061539,-0.078515625,0.8063491124088715,0.021776594055974388,0.0,0.11777343750000001,2.9484404350667335,5.530748267691563,5.0,0.25827687579482284
1757309786.4520278,4.027742862701416,0.3602467477321625,3.768369674682617,2.11,0.06805892437597073,-0.06406250000000001,0.8057652080438392,0.057344153216345235,0.0,0.09609375,2.955566054592915,5.530262555517034,5.0,0.28002145455784966
1757309786.596104,4.027742862701416,0.3602467477321625,3.768369674682617,2.11,-0.024501677782919652,-0.061328125000000004,0.797024026107798,0.1312368594595094,0.0,0.0919921875,2.9602906041167296,5.530378338077397,5.0,0.2791774914131553
1757309786.768276,4.027742862701416,0.3602467477321625,3.768369674682617,2.11,-0.023134490282919654,-0.059960937500000006,0.7972105562698341,0.12980780814759027,0.0,0.08994140625000001,2.965027180957345,5.530487935921413,5.0,0.27832914512474893
1757309786.9084024,4.027742862701416,0.3602467477321625,3.768369674682617,2.11,-0.02137667778291965,-0.058203125,0.7974448242088745,0.12806379469747636,0.0,0.0873046875,2.9697858870643774,5.530589676746241,5.0,0.2774727821093457
1757309787.055521,4.693212985992432,0.3926694095134735,3.749190330505371,355.64,-0.01063449028291965,-0.0474609375,0.7981822357050635,0.17517841471710233,0.0,0.07119140625,2.978128872844692,5.530678403492251,5.0,0.41670101975165164
1757309787.2119153,4.693212985992432,0.3926694095134735,3.749190330505371,355.64,6.217726698809244,-0.047656250000000004,0.787429379536708,0.21795765881042328,0.0,0.071484375,2.984990766617742,5.531128216149851,5.0,0.41495910033162975
1757309787.3486803,4.693212985992432,0.3926694095134735,3.749190330505371,355.64,6.158065514292634,-0.0490234375,0.773083530206549,0.26411513753642946,0.0,0.07353515625000001,2.9902176936150173,5.531785642420209,5.0,0.4139365180231982
1757309787.5086763,4.693212985992432,0.3926694095134735,3.749190330505371,355.64,6.149667076792634,-0.057421875000000004,0.7708875610878625,0.2702304808185901,0.0,0.0861328125,2.9951915733491807,5.532453720737,5.0,0.4130083579922994
1757309787.6500251,4.693212985992432,0.3926694095134735,3.749190330505371,355.64,6.145565514292634,-0.0615234375,0.7698209646971821,0.2730416409284306,0.0,0.09228515625,3.0000297025817972,5.533123778551922,5.0,0.4121290405336504
1757309787.8063598,5.16898775100708,0.4658520221710205,3.6750638484954834,352.96,6.137167076792633,-0.06992187500000001,0.7617954947126868,0.31829114765127986,0.0,0.1048828125,3.0069976986484206,5.53414852637349,5.0,0.5101570250773042
1757309787.9490914,5.16898775100708,0.4658520221710205,3.6750638484954834,352.96,6.091106899677946,-0.08125,0.7464243493816497,0.3525556891591503,0.0,0.12187500000000001,3.0126649967995234,5.535250679757516,5.0,0.508950042417613
1757309788.110947,5.16898775100708,0.4658520221710205,3.6750638484954834,352.96,6.066954752839185,-0.09335937500000001,0.7377731068550192,0.37011194050997703,0.0,0.1400390625,3.017638770793718,5.5363432428122845,5.0,0.5080108617599155
1757309788.2559023,5.16898775100708,0.4658520221710205,3.6750638484954834,352.96,6.061095377839185,-0.09921875000000001,0.735668714562594,0.3740879753496863,0.0,0.148828125,3.022426420094961,5.537424365304801,5.0,0.5071382385960383
1757309788.4187694,5.276618003845215,0.49727052450180054,3.6630001068115234,353.43,6.061876627839185,-0.09843750000000001,0.7348138203463548,0.37861070572277744,0.0,0.14765625000000002,3.027757486800287,5.538623823035214,5.0,0.5202007849132899
1757309788.5457027,5.7530012130737305,0.6327045559883118,3.6630568504333496,352.37,6.071953868945567,-0.0939453125,0.7310891566084067,0.40617544681906337,0.0,0.14091796875,3.0357560440129796,5.540338954979128,5.0,0.6096610149760329
1757309788.6941283,5.7530012130737305,0.6327045559883118,3.6630568504333496,352.37,6.074634279063588,-0.08515625,0.7323738792554031,0.4032757745217845,0.0,0.127734375,3.0437895122401515,5.542039062698969,5.0,0.6072625530390088
1757309788.8486722,5.7530012130737305,0.6327045559883118,3.6630568504333496,352.37,6.074626060252419,-0.075390625,0.732567297632107,0.4023522156143908,0.0,0.11308593750000001,3.0517825835755565,5.543730689936687,5.0,0.6048871329110561
1757309789.003559,5.7530012130737305,0.6327045559883118,3.6630568504333496,352.37,6.084391685252419,-0.065625,0.7366595298216475,0.3941962885589059,0.0,0.09843750000000001,3.0600081139272564,5.545387759153998,5.0,0.6023805731775127
1757309789.142994,6.225648880004883,0.817376434803009,3.7037389278411865,344.68,6.093180747752419,-0.0568359375,0.7338064582247036,0.42040752083436733,0.0,0.08525390625000001,3.070887345099126,5.547480102563472,5.0,0.6856311039217013
1757309789.3051372,6.30073881149292,0.851313591003418,3.711843252182007,344.68,6.062404878629755,-0.0458984375,0.7196409007244768,0.4467168982625471,0.0,0.06884765625,3.081244850116192,5.549804730829864,5.0,0.6956966525938544
1757309789.4478319,6.30073881149292,0.851313591003418,3.711843252182007,344.68,6.015393260542333,-0.03828125,0.6981739065048335,0.47887157614557263,0.0,0.057421875000000004,3.090220650905617,5.55226753359758,5.0,0.6926614891325196
1757309789.5970285,6.30073881149292,0.851313591003418,3.711843252182007,344.68,5.974785240774056,-0.041015625,0.6784410826079936,0.5059307631576943,0.0,0.0615234375,3.097996357380559,5.554744596125883,5.0,0.6903270949323286
1757309789.7593677,6.30073881149292,0.851313591003418,3.711843252182007,344.68,5.972441490774056,-0.043359375000000006,0.6775317884193036,0.5066527543591501,0.0,0.06503906250000001,3.105666517027358,5.55720785132797,5.0,0.6880513144852154
1757309789.9143932,6.776209354400635,1.080249547958374,3.7562568187713623,340.94,5.967363365774055,-0.0484375,0.662842154326809,0.5471418354182147,0.0,0.07265625,3.1156399266388544,5.560466751691446,5.0,0.7855090292981126
1757309790.0444002,6.776209354400635,1.080249547958374,3.7562568187713623,340.94,5.945850069903714,-0.052148437500000006,0.65136254686877,0.560009034248502,0.0,0.07822265625000001,3.1249415068615827,5.563729201803525,5.0,0.7821576164020208
1757309790.2005694,6.776209354400635,1.080249547958374,3.7562568187713623,340.94,5.872400551749467,-0.078125,0.6088450472659923,0.6055312850762788,0.0,0.1171875,3.13207943947538,5.566838232012089,5.0,0.7800658176816633
1757309790.3596332,6.776209354400635,1.080249547958374,3.7562568187713623,340.94,5.864197426749468,-0.086328125,0.6041748912376612,0.6097923306420487,0.0,0.12949218750000002,3.1389471904765003,5.569896847628065,5.0,0.7781146513846036
1757309790.4931326,6.776209354400635,1.080249547958374,3.7562568187713623,340.94,5.863806801749467,-0.08671875000000001,0.6042504643332126,0.6093243866410611,0.0,0.13007812500000002,3.145769456975253,5.572938400387716,5.0,0.776187927479584
1757309790.653766,7.374466896057129,1.5033825635910034,3.7518835067749023,338.7,5.865759926749467,-0.08476562500000001,0.5910930813805075,0.6404918737398251,0.0,0.12714843750000002,3.1558970387166694,5.577429861537219,5.0,0.864656258227277
1757309790.797001,7.374466896057129,1.5033825635910034,3.7518835067749023,338.7,5.855179943957914,-0.08085937500000001,0.5849348322160073,0.6452824696655837,0.0,0.12128906250000002,3.165664030069006,5.581885651398227,5.0,0.8607345104519863
1757309790.9535356,7.374466896057129,1.5033825635910034,3.7518835067749023,338.7,5.829203614004794,-0.0822265625,0.5685709533079807,0.6590409808564912,0.0,0.12333984375000001,3.1746235575168122,5.586257679898988,5.0,0.8573503637436968
1757309791.0974615,7.374466896057129,1.5033825635910034,3.7518835067749023,338.7,5.829789551504794,-0.08164062500000001,0.5695462802035491,0.657498346491092,0.0,0.1224609375,3.1835553478134617,5.5906096955406115,5.0,0.8539871227520779
1757309791.2548368,7.544577598571777,1.6824944019317627,3.737826347351074,335.8,5.828422364004794,-0.0830078125,0.5690312915691933,0.657490085752261,0.0,0.12451171875,3.1934425456252606,5.595443971657529,5.0,0.8517989186400579
1757309791.39631,7.7713751792907715,1.9304651021957397,3.736064910888672,335.8,5.7967197103429,-0.082421875,0.5464408914008234,0.6779643059061117,0.0,0.12363281250000001,3.2037563134488103,5.600898477072199,5.0,0.8596265463766883
1757309791.5587204,7.7713751792907715,1.9304651021957397,3.736064910888672,335.8,5.782104690696959,-0.07871093750000001,0.5372974931977965,0.6843751049068134,0.0,0.11806640625,3.2135922118721414,5.606285661999518,5.0,0.8553430613387238
1757309791.6957464,7.7713751792907715,1.9304651021957397,3.736064910888672,335.8,5.788550003196959,-0.072265625,0.5425285232062991,0.679356751965519,0.0,0.1083984375,3.2235666152055664,5.6116654263417525,5.0,0.8509656093724773
1757309791.869946,7.7713751792907715,1.9304651021957397,3.736064910888672,335.8,5.798315628196959,-0.0625,0.5499836565790017,0.6724189864509134,0.0,0.09375,3.233775698313228,5.617043736307818,5.0,0.8464237851236334
1757309792.0182762,8.163209915161133,2.406428098678589,3.7034382820129395,329.9,5.802221878196959,-0.05859375,0.5471804202525854,0.6806627588149272,0.0,0.087890625,3.2465635099996377,5.623716876956161,5.0,0.8757432684059854
1757309792.162615,8.163209915161133,2.406428098678589,3.7034382820129395,329.9,5.802221878196959,-0.05859375,0.548475416176428,0.6781811441028378,0.0,0.087890625,3.259287382627615,5.630356651901262,5.0,0.8687453106583511
1757309792.3132021,8.163209915161133,2.406428098678589,3.7034382820129395,329.9,5.802221878196959,-0.05859375,0.549759017454735,0.6757213650733789,0.0,0.087890625,3.2719476358924524,5.636963227971637,5.0,0.861808927813418
1757309792.4713762,8.163209915161133,2.406428098678589,3.7034382820129395,329.9,5.712919327329293,-0.044921875,0.4883401126095998,0.720444191798464,0.0,0.0673828125,3.2819360667848905,5.643369246904412,5.0,0.8570148010671206
1757309792.613313,8.163209915161133,2.406428098678589,3.7034382820129395,329.9,5.709794327329293,-0.048046875,0.4871025139921221,0.720393138343385,0.0,0.07207031250000001,3.2917841857080203,5.649728798940589,5.0,0.8523318489212288
1757309792.7674468,8.563379287719727,2.8987274169921875,3.7325093746185303,324.59,5.709599014829293,-0.048242187500000006,0.4681484185357847,0.7496093483778841,0.0,0.07236328125000001,3.3041110459166396,5.657692442700931,5.0,0.9390058471365874
1757309792.898877,8.563379287719727,2.8987274169921875,3.7325093746185303,324.59,5.709599014829293,-0.048242187500000006,0.469704036536233,0.7472014197705006,0.0,0.07236328125000001,3.316376271824216,5.665616268242471,5.0,0.9318390541205419
1757309793.0536673,8.563379287719727,2.8987274169921875,3.7325093746185303,324.59,5.709599014829293,-0.048242187500000006,0.47124599092071173,0.7448146409645233,0.0,0.07236328125000001,3.3285801716022547,5.673500474656303,5.0,0.9247352099180715
1757309793.195318,8.563379287719727,2.8987274169921875,3.7325093746185303,324.59,5.709599014829293,-0.048242187500000006,0.47277438773078795,0.7424488478190624,0.0,0.07236328125000001,3.340723051881403,5.681345260038067,5.0,0.9176938259915266
1757309793.3551488,8.563379287719727,2.8987274169921875,3.7325093746185303,324.59,5.709599014829293,-0.048242187500000006,0.47428933239494986,0.7401038771422079,0.0,0.07236328125000001,3.352805217759155,5.689150821492921,5.0,0.9107144166277354
1757309793.4967265,8.941749572753906,3.377397060394287,3.7367794513702393,321.79,5.709599014829293,-0.048242187500000006,0.44657062646461965,0.7830094394011028,0.0,0.07236328125000001,3.3672526314510365,5.698484427452043,5.0,1.0384155797783707
1757309793.6537175,8.941749572753906,3.377397060394287,3.7367794513702393,321.79,5.709599014829293,-0.048242187500000006,0.44867273567482757,0.7797556014398261,0.0,0.07236328125000001,3.3816278080744584,5.707771365381369,5.0,1.028731080368913
1757309793.7984817,8.941749572753906,3.377397060394287,3.7367794513702393,321.79,5.709599014829293,-0.048242187500000006,0.4507572081004437,0.7765290633157516,0.0,0.07236328125000001,3.395931108814763,5.717011868621048,5.0,1.0191278343163859
1757309793.9536304,8.941749572753906,3.377397060394287,3.7367794513702393,321.79,5.709599014829293,-0.048242187500000006,0.4528241691870015,0.7733296308527454,0.0,0.07236328125000001,3.4101628930513663,5.726206169344529,5.0,1.0096052636883064
1757309794.1168528,9.035186767578125,3.5161936283111572,3.7347919940948486,319.68,5.709599014829293,-0.048242187500000006,0.44767459376765684,0.7813006172803552,0.0,0.07236328125000001,3.424969452848855,5.735771798024325,5.0,1.0333295592032234
1757309794.253869,9.253957748413086,3.86091947555542,3.7390947341918945,319.02,5.514973791110245,-0.073046875,0.2650640572603483,0.8769919300124404,0.0,0.10957031249999999,3.4353583666844383,5.7458096103510545,5.0,1.1162823336813759
1757309794.4053943,9.253957748413086,3.86091947555542,3.7390947341918945,319.02,5.49021500471231,-0.07773437500000001,0.24501758222718578,0.881565581217929,0.0,0.1166015625,3.4449728923660508,5.755570854863324,5.0,1.1101562096968625
1757309794.5527632,9.253957748413086,3.86091947555542,3.7390947341918945,319.02,5.48943375471231,-0.078515625,0.24605480185032907,0.8800593126809155,0.0,0.11777343750000001,3.454516774811478,5.765275531753967,5.0,1.1041041599131685
1757309794.7185473,9.253957748413086,3.86091947555542,3.7390947341918945,319.02,5.48416031721231,-0.08378906250000001,0.2430933076917859,0.8797070308944828,0.0,0.12568359375000002,3.463861164130986,5.774878124291413,5.0,1.09823385615758
1757309794.8558695,9.55182933807373,4.358451843261719,3.766618013381958,315.69,5.48357437971231,-0.084375,0.2012684948450274,0.9200007744287239,0.0,0.12656250000000002,3.4751088733595683,5.786450187400771,5.0,1.2422520677348317
1757309794.9957824,9.579056739807129,4.409945964813232,3.767899513244629,315.69,5.480262441054731,-0.0810546875,0.1963337453694819,0.9224839873344692,0.0,0.12158203125,3.486394856120801,5.798138834950818,5.0,1.248808548325437
1757309795.1449895,9.579056739807129,4.409945964813232,3.767899513244629,315.69,5.462834192546427,-0.0693359375,0.18253067976765514,0.9236178861114919,0.0,0.10400390625,3.4971005894948646,5.809620395705394,5.0,1.2409357573055075
1757309795.305011,9.579056739807129,4.409945964813232,3.767899513244629,315.69,5.452798665620899,-0.057031250000000006,0.17547743953100908,0.9233700352690313,0.0,0.08554687500000001,3.5074542041585537,5.820950171780245,5.0,1.2334011761615997
1757309795.4462903,9.579056739807129,4.409945964813232,3.767899513244629,315.69,5.460025228120899,-0.0498046875,0.1843928275343174,0.9199942194056253,0.0,0.07470703125,3.5179704681613293,5.83229224087351,5.0,1.2257397730194057
1757309795.6014707,9.800325393676758,4.988783359527588,3.7752718925476074,309.76,5.465689290620899,-0.044140625,0.1597485829473943,0.946929818669733,0.0,0.06621093750000001,3.530564368841133,5.845721723260318,5.0,1.328052359753734
1757309795.7467995,9.800325393676758,4.988783359527588,3.7752718925476074,309.76,5.408957871119915,-0.034375,0.10854034529151285,0.9521719362926999,0.0,0.051562500000000004,3.541360079628936,5.858628460653472,5.0,1.3191199784785264
1757309795.9024663,9.800325393676758,4.988783359527588,3.7752718925476074,309.76,5.377816265977636,-0.028515625000000003,0.08135336554623601,0.9531175282337587,0.0,0.042773437500000004,3.551176632886932,5.871136203109687,5.0,1.3111335570607618
1757309796.050999,9.800325393676758,4.988783359527588,3.7752718925476074,309.76,5.384261578477635,-0.0220703125,0.09002858243335965,0.9505582317236126,0.0,0.033105468750000006,3.561133446285844,5.883655667291532,5.0,1.3030399493887392
1757309796.2096596,9.800325393676758,4.988783359527588,3.7752718925476074,309.76,5.389925640977635,-0.01640625,0.09796011112612107,0.9479821617109991,0.0,0.024609375000000003,3.5712072932117183,5.896176057765552,5.0,1.2948609054018618
1757309796.3469737,9.93078899383545,5.573738098144531,3.7752647399902344,304.15,5.36587336012292,-0.014453125,0.05522893346751878,0.9653046647292345,0.0,0.021679687500000003,3.582181953475025,5.910508584468109,5.0,1.3575329895622685
1757309796.5003855,9.93078899383545,5.573738098144531,3.7752647399902344,304.15,5.305563899381907,-0.016992187500000002,-0.0002697918952839218,0.9650020177309059,0.0,0.02548828125,3.591320449727819,5.924063891814152,5.0,1.3491408539612957
1757309796.6433449,9.93078899383545,5.573738098144531,3.7752647399902344,304.15,5.289473607440753,-0.018945312500000002,-0.013156582999085287,0.9631543119641085,0.0,0.02841796875,3.599954610288225,5.937326615755683,5.0,1.3412664824972023
1757309796.8007135,9.93078899383545,5.573738098144531,3.7752647399902344,304.15,5.279317357440752,-0.0291015625,-0.02039702478733979,0.9613534684137848,0.0,0.04365234375,3.6082605969307995,5.950373143157052,5.0,1.3337365975226074
1757309796.9459407,9.96805477142334,5.859350204467773,3.7751071453094482,302.07,5.2722861074407525,-0.0361328125,-0.033311169761054915,0.9650443995898589,0.0,0.05419921875,3.617025207281466,5.964356109269948,5.0,1.3518975719581183
1757309797.101062,9.99256420135498,6.23917818069458,3.7674190998077393,301.2,5.251969575550796,-0.043359375000000006,-0.05974459679519245,0.9682619014562779,0.0,0.06503906250000001,3.626045516858249,5.979418585735705,5.0,1.3718156915607018
1757309797.2533264,9.99256420135498,6.23917818069458,3.7674190998077393,301.2,5.229687512928459,-0.04609375,-0.07820234813725141,0.9649262961518482,0.0,0.06914062500000001,3.6343888776210114,5.994082293880722,5.0,1.3628975664450724
1757309797.400456,9.99256420135498,6.23917818069458,3.7674190998077393,301.2,5.19736139450692,-0.0595703125,-0.10654002361529191,0.9604147817857674,0.0,0.08935546875,3.6418033298398576,6.008152867150734,5.0,1.3549615532012114
1757309797.5444973,9.99256420135498,6.23917818069458,3.7674190998077393,301.2,5.184275457006921,-0.07265625,-0.11642251490593747,0.9575727639637,0.0,0.10898437500000001,3.6488323645764424,6.021926067738903,5.0,1.3474508345903171
1757309797.7134967,9.994690895080566,6.932554721832275,3.7663772106170654,300.38,5.172556707006921,-0.084375,-0.1466769814195646,0.9655806163355798,0.0,0.12656250000000002,3.6569018296250446,6.038206386383995,5.0,1.4005803786318225
1757309797.8488824,9.994690895080566,6.932554721832275,3.7663772106170654,300.38,5.166971653400539,-0.084375,-0.1484628256288919,0.9629846942481719,0.0,0.12656250000000002,3.6647754694294776,6.054317135814027,5.0,1.3905500978703529
1757309797.9934146,9.994690895080566,6.932554721832275,3.7663772106170654,300.38,5.163518444640567,-0.0791015625,-0.14824373728054197,0.9607495954740766,0.0,0.11865234375,3.6725143848262722,6.070291816145029,5.0,1.3807063202544736
1757309798.1487086,9.994690895080566,6.932554721832275,3.7663772106170654,300.38,5.173088757140567,-0.06953125,-0.13544406228091588,0.9603383784633962,0.0,0.10429687500000001,3.6804790501837137,6.086339235902143,5.0,1.3706633776133312
1757309798.302265,9.994690895080566,6.932554721832275,3.7663772106170654,300.38,5.182073132140567,-0.060546875,-0.1231637368385819,0.959665414091439,0.0,0.0908203125,3.688654044527344,6.102445421568347,5.0,1.3604388379199017
1757309798.4516103,9.968636512756348,7.667435169219971,3.776169776916504,294.98,5.186760632140567,-0.055859375,-0.1533937449139262,0.9780651693057477,0.0,0.08378906250000001,3.6983851649373753,6.1213968147520275,5.0,1.4580404580887825
1757309798.5944645,9.968636512756348,7.667435169219971,3.776169776916504,294.98,5.119216467604013,-0.047656250000000004,-0.21473511578663662,0.9636201055413673,0.0,0.071484375,3.7061032026186167,6.1393097233301015,5.0,1.4462772852989154
1757309798.7474499,9.968636512756348,7.667435169219971,3.776169776916504,294.98,5.105794102532873,-0.042578125,-0.22349209240641027,0.9589256656258816,0.0,0.0638671875,3.7134096617430234,6.156913910471778,5.0,1.435024275849182
1757309798.8983688,9.968636512756348,7.667435169219971,3.776169776916504,294.98,5.119661290032874,-0.028710937500000002,-0.20591788114585813,0.9600967650479569,0.0,0.04306640625,3.7210638243976484,6.174656848084753,5.0,1.423437678718213
1757309799.0601583,9.966838836669922,7.698511123657227,3.7759146690368652,294.98,5.118684727532874,-0.029687500000000002,-0.20462431526337604,0.9589353362598404,0.0,0.04453125,3.728707544092021,6.1924232613622205,5.0,1.4173657112862106
1757309799.1999333,9.905248641967773,8.301950454711914,3.7712225914001465,287.45,5.085232557697774,-0.032421875,-0.27230564479052155,0.9655277436521721,0.0,0.048632812500000004,3.7363835045903615,6.212047940433628,5.0,1.5132625927669414
1757309799.3524384,9.905248641967773,8.301950454711914,3.7712225914001465,287.45,4.996964488586419,-0.0451171875,-0.35224966529016555,0.936561771043874,0.0,0.06767578125000001,3.7416303831618842,6.229985083395326,5.0,1.5025556929733739
1757309799.5015173,9.905248641967773,8.301950454711914,3.7712225914001465,287.45,4.9489801848576995,-0.06796875000000001,-0.3931963107342671,0.917726820279924,0.0,0.101953125,3.745684087471103,6.246797985002866,5.0,1.4933725578287103
1757309799.667246,9.905248641967773,8.301950454711914,3.7712225914001465,287.45,4.9364801848577,-0.08046875,-0.40122743068907707,0.9119632192519249,0.0,0.12070312500000001,3.7494313310706264,6.263239092823995,5.0,1.4846303504696303
1757309799.80766,9.83498764038086,8.715388298034668,3.758352756500244,288.28,4.9261286223577,-0.0908203125,-0.43646493655613805,0.913365232487541,0.0,0.13623046875,3.7533418924391926,6.281255537101684,5.0,1.5506806746554345
1757309799.95761,9.785468101501465,9.052192687988281,3.7431914806365967,288.28,4.901157775774922,-0.10898437500000001,-0.4891009397623002,0.9079077057025361,0.0,0.1634765625,3.7569575653680976,6.300181461803388,5.0,1.626952925237866
1757309800.0991898,9.785468101501465,9.052192687988281,3.7431914806365967,288.28,4.896669542649253,-0.134765625,-0.488871200052775,0.9049019253679222,0.0,0.2021484375,3.760448343482086,6.318909283652414,5.0,1.6160185348094185
1757309800.2487426,9.785468101501465,9.052192687988281,3.7431914806365967,288.28,4.896669542649253,-0.134765625,-0.4846073766896318,0.9041071687006514,0.0,0.2021484375,3.7639216677055045,6.337543466392195,5.0,1.6051753837936111
1757309800.3982608,9.785468101501465,9.052192687988281,3.7431914806365967,288.28,4.907216417649253,-0.12421875,-0.47069690064620595,0.9083098514243575,0.0,0.186328125,3.7676281311869055,6.356326488519662,5.0,1.59409527332999
1757309800.5535324,9.60363483428955,9.816291809082031,3.7754931449890137,284.64,4.9165914176492524,-0.11484375000000001,-0.5307417342608507,0.9268849775524018,0.0,0.172265625,3.7722633575918896,6.378709272538649,5.0,1.7691851056675283
1757309800.7026029,9.60363483428955,9.816291809082031,3.7754931449890137,284.64,4.915905924227714,-0.0966796875,-0.5254072727749047,0.9252889461171449,0.0,0.14501953125,3.776856666368333,6.400966466014541,5.0,1.7539463291591542
1757309800.854857,9.60363483428955,9.816291809082031,3.7754931449890137,284.64,4.88548330787666,-0.082421875,-0.5477526011179965,0.907907393047948,0.0,0.12363281250000001,3.7806180608588082,6.422479322253213,5.0,1.73984328745194
1757309800.9963307,9.60363483428955,9.816291809082031,3.7754931449890137,284.64,4.88450674537666,-0.0833984375,-0.5431378404861871,0.9064157417172285,0.0,0.12509765625000002,3.784335433159937,6.44386346662189,5.0,1.7258842128760987
1757309801.1667671,9.60363483428955,9.816291809082031,3.7754931449890137,284.64,4.88353018287666,-0.084375,-0.5385770416163622,0.9049437089971263,0.0,0.12656250000000002,3.7880091491670442,6.465119475422567,5.0,1.7120680955530583
1757309801.309644,9.340434074401855,10.36238956451416,3.8069965839385986,276.97,4.848245533600405,-0.07480468750000001,-0.592332785957963,0.8884110731953949,0.0,0.11220703125,3.791133303739628,6.487973802014375,5.0,1.7680009267123475
1757309801.4484098,9.340434074401855,10.36238956451416,3.8069965839385986,276.97,4.795574039934194,-0.06953125,-0.6327906102447713,0.8555363819565167,0.0,0.10429687500000001,3.7929289041091567,6.50950960138716,5.0,1.7542207266782253
1757309801.5940661,9.340434074401855,10.36238956451416,3.8069965839385986,276.97,4.7641165542486945,-0.06992187500000001,-0.6543389209729595,0.8349490774750821,0.0,0.1048828125,3.793997780426071,6.530154737459131,5.0,1.7415858173596908
1757309801.7583833,9.340434074401855,10.36238956451416,3.8069965839385986,276.97,4.759038429248695,-0.07500000000000001,-0.6536289927819519,0.8313848281536054,0.0,0.11250000000000002,3.794950648617793,6.550566058776093,5.0,1.7292187410235815
1757309801.9030015,9.22270679473877,10.558486938476562,3.7898569107055664,275.87,4.754546241748695,-0.0794921875,-0.6592224126881255,0.8285189076598614,0.0,0.11923828125000001,3.7958426662736486,6.571712810790269,5.0,1.7338861153133784
1757309802.0468915,8.945125579833984,11.014884948730469,3.741774082183838,271.71,4.734761682476757,-0.080078125,-0.696322506273307,0.8157814726264935,0.0,0.1201171875,3.7963524141723703,6.594493378127306,5.0,1.7859948975000428
1757309802.2184603,8.945125579833984,11.014884948730469,3.741774082183838,271.71,4.6880450103265,-0.08281250000000001,-0.7282356695131998,0.7825054598652249,0.0,0.12421875000000002,3.795829830867455,6.615955779984312,5.0,1.7724312135281606
1757309802.3488858,8.945125579833984,11.014884948730469,3.741774082183838,271.71,4.659030985593793,-0.083203125,-0.7456366086275026,0.7613167078467138,0.0,0.12480468750000001,3.7947316995668254,6.636516690355648,5.0,1.759930896676205
1757309802.504248,8.945125579833984,11.014884948730469,3.741774082183838,271.71,4.656296610593793,-0.0859375,-0.7427995061828278,0.7595510559541994,0.0,0.12890625,3.7935872483002258,6.656898263394861,5.0,1.7476214424657872
1757309802.6462991,8.416601181030273,11.70901107788086,3.795098304748535,268.79,4.643405985593793,-0.098828125,-0.78612718452919,0.7475916516955879,0.0,0.1482421875,3.7919600440481855,6.680449318800832,5.0,1.8318181336119457
1757309802.8055613,8.416601181030273,11.70901107788086,3.795098304748535,268.79,4.598131245400316,-0.10605468750000001,-0.8133580173857781,0.7119115148165586,0.0,0.15908203125,3.789412778916105,6.702646247251502,5.0,1.8172253392434072
1757309802.9464397,8.416601181030273,11.70901107788086,3.795098304748535,268.79,4.590684558935559,-0.1005859375,-0.8129879045949406,0.7065259198909195,0.0,0.15087890625,3.7867372893541185,6.724521103678599,5.0,1.8029978655273382
1757309803.0981271,8.416601181030273,11.70901107788086,3.795098304748535,268.79,4.594004871435558,-0.09726562500000001,-0.804986865348488,0.7098934871482059,0.0,0.1458984375,3.7841372767735884,6.746380921043392,5.0,1.7887716044799857
1757309803.2461383,8.416601181030273,11.70901107788086,3.795098304748535,268.79,4.603770496435558,-0.08750000000000001,-0.7922736827965584,0.7183469023583795,0.0,0.13125,3.781735453816203,6.768406361683973,5.0,1.7743306142386146
1757309803.3950903,7.898853302001953,12.22348403930664,3.8027477264404297,261.55,4.608067371435559,-0.083203125,-0.8058044504795141,0.7200039249430563,0.0,0.12480468750000001,3.779133862328808,6.793254012654535,5.0,1.8161196001812447
1757309803.5460968,7.898853302001953,12.22348403930664,3.8027477264404297,261.55,4.555142335950528,-0.08359375000000001,-0.8363219365316464,0.6773899728451629,0.0,0.125390625,3.77543961371718,6.816553394922239,5.0,1.7998117207697266
1757309803.707571,7.898853302001953,12.22348403930664,3.8027477264404297,261.55,4.481314908591169,-0.08359375000000001,-0.8786759279981167,0.6151119240435425,0.0,0.125390625,3.770494015776332,6.837573750820404,5.0,1.7861167122137838
1757309803.8570967,7.898853302001953,12.22348403930664,3.8027477264404297,261.55,4.479166471091169,-0.08574218750000001,-0.8747360617987702,0.6144720624828041,0.0,0.12861328125000002,3.76554127285453,6.858423444388531,5.0,1.7726024183793525
1757309804.001501,7.898853302001953,12.22348403930664,3.8027477264404297,261.55,4.477994596091169,-0.0869140625,-0.8702548311362867,0.6146884040525776,0.0,0.13037109375,3.760596149344322,6.879133100805016,5.0,1.7592351057930538
1757309804.1433191,7.274601459503174,12.754114151000977,3.7696874141693115,256.14,4.4483655579568655,-0.08652343750000001,-0.9151043445616057,0.5813327286228981,0.0,0.12978515625,3.7543924997082474,6.902081165211796,5.0,1.8292138044862165
1757309804.304411,7.274601459503174,12.754114151000977,3.7696874141693115,256.14,4.39382398007423,-0.09062500000000001,-0.939922528391294,0.532399664892509,0.0,0.13593750000000002,3.747415801897613,6.92323565032038,5.0,1.8147034236947963
1757309804.4503553,7.274601459503174,12.754114151000977,3.7696874141693115,256.14,4.367556658558276,-0.1029296875,-0.9484931854537964,0.509357195140252,0.0,0.15439453125000002,3.7401559077489086,6.943447881170467,5.0,1.801187238832755
1757309804.623821,7.274601459503174,12.754114151000977,3.7696874141693115,256.14,4.360916033558276,-0.1095703125,-0.9469021601854013,0.5048635116520985,0.0,0.16435546875,3.732859562435403,6.963345271609923,5.0,1.7879996965209957
1757309804.7741604,7.080654621124268,12.915810585021973,3.756136894226074,254.55,4.359744158558276,-0.1107421875,-0.9576176525573137,0.5000274062733852,0.0,0.16611328125000002,3.725209543268523,6.984131749922194,5.0,1.8149706876315328
1757309804.9065826,6.622527599334717,13.265257835388184,3.728445529937744,251.53,4.344846521191922,-0.111328125,-0.9968411878570522,0.4734308492335758,0.0,0.1669921875,3.7165488564562397,7.006624785174874,5.0,1.9003768093694662
1757309805.0461462,6.622527599334717,13.265257835388184,3.728445529937744,251.53,4.312308575132421,-0.113671875,-1.005994333513178,0.44317014146581796,0.0,0.17050781250000002,3.7075271800219456,7.027958274029334,5.0,1.884848092929932
1757309805.1963952,6.622527599334717,13.265257835388184,3.728445529937744,251.53,4.278503230041338,-0.1115234375,-1.0152241156063202,0.41131276399715827,0.0,0.16728515625,3.6982071714077565,7.048073436875184,5.0,1.8705918093206773
1757309805.3632832,6.622527599334717,13.265257835388184,3.728445529937744,251.53,4.282409480041338,-0.1076171875,-1.0084192868939121,0.41765563135306066,0.0,0.16142578125,3.688969203167007,7.06821745026413,5.0,1.8563163869956103
1757309805.5033607,5.976089954376221,13.692591667175293,3.7153940200805664,245.33,4.285729792541337,-0.10429687500000001,-1.0555849884071342,0.398927912735854,0.0,0.15644531250000002,3.6784495201439893,7.091358805887245,5.0,1.9896657183278847
1757309805.6517265,5.976089954376221,13.692591667175293,3.7153940200805664,245.33,4.237035183926323,-0.09609375,-1.0678541604833718,0.35010964425507696,0.0,0.14414062500000002,3.6674250295929642,7.112777246863793,5.0,1.9730833596525752
1757309805.7955103,5.976089954376221,13.692591667175293,3.7153940200805664,245.33,4.191581878917689,-0.090234375,-1.077496531684428,0.3041888598307667,0.0,0.13535156250000002,3.6560834254835184,7.132548745364568,5.0,1.9582033191121795
1757309805.9557087,5.976089954376221,13.692591667175293,3.7153940200805664,245.33,4.198417816417689,-0.0833984375,-1.0701677505310048,0.314496897108859,0.0,0.12509765625000002,3.64484486640497,7.152454656036382,5.0,1.9432050081111019
1757309806.0936015,5.976089954376221,13.692591667175293,3.7153940200805664,245.33,4.1999803164176885,-0.08183593750000001,-1.064468523932498,0.31909744821258135,0.0,0.12275390625000002,3.633673383283744,7.172314177940027,5.0,1.928270630478921
1757309806.2535741,5.307394981384277,14.05527114868164,3.6995699405670166,238.36,4.200566253917689,-0.08125,-1.1118272937869889,0.2930119837558267,0.0,0.12187500000000001,3.620985487636916,7.194900383739202,5.0,2.064606430161424
1757309806.4049094,5.307394981384277,14.05527114868164,3.6995699405670166,238.36,4.125259444857531,-0.08203125,-1.1253493737504274,0.21210684170136257,0.0,0.123046875,3.607753088485858,7.2147865782605995,5.0,2.0484758439157362
1757309806.5587995,5.307394981384277,14.05527114868164,3.6995699405670166,238.36,4.075010555053685,-0.08515625,-1.1300004170129783,0.15870835261852684,0.0,0.127734375,3.5944052851578476,7.232812532885081,5.0,2.0342217240882183
1757309806.708307,5.307394981384277,14.05527114868164,3.6995699405670166,238.36,4.067393367553684,-0.0927734375,-1.1267404904517346,0.15343381018192398,0.0,0.13916015625,3.5811128581034484,7.250480696474941,5.0,2.0203435149287694
1757309806.8635004,5.307394981384277,14.05527114868164,3.6995699405670166,238.36,4.058213680053685,-0.101953125,-1.1238312357848799,0.14635884078704803,0.0,0.15292968750000002,3.567879424733523,7.267738387538606,5.0,2.00689056254056
1757309807.0200124,4.466520309448242,14.359614372253418,3.6937196254730225,234.52,4.035790269813328,-0.11093750000000001,-1.1656475539686846,0.08995178494189837,0.0,0.16640625,3.5523294179823237,7.287102041103925,5.0,2.1313516012254574
1757309807.1601367,4.466520309448242,14.359614372253418,3.6937196254730225,234.52,4.00066759269864,-0.111328125,-1.1632853256777556,0.053105937059028885,0.0,0.1669921875,3.5367896689597984,7.305118593419954,5.0,2.1154978573141463
1757309807.2971225,4.466520309448242,14.359614372253418,3.6937196254730225,234.52,3.9859195992771017,-0.10722656250000001,-1.1593939514979354,0.03998595800893523,0.0,0.16083984375000002,3.521326795930961,7.322520386061866,5.0,2.1002874975939143
1757309807.4750588,4.466520309448242,14.359614372253418,3.6937196254730225,234.52,3.9966617867771017,-0.09648437500000001,-1.1542284537832468,0.05649777033958647,0.0,0.14472656250000002,3.505939362131057,7.340216520894011,5.0,2.084819119216654
1757309807.6090932,4.130227088928223,14.442864418029785,3.701052188873291,229.34,4.014630536777102,-0.078515625,-1.161428594364927,0.07018312928246373,0.0,0.11777343750000001,3.489743367947729,7.3595327928883965,5.0,2.1122293487041857
1757309807.7499244,3.7706165313720703,14.511788368225098,3.715144634246826,223.84,4.008277026481232,-0.044726562500000004,-1.1698279025424312,0.05602754532068699,0.0,0.06708984375,3.4726870293418735,7.379614618620816,5.0,2.138393683646508
1757309807.8972552,3.7706165313720703,14.511788368225098,3.715144634246826,223.84,3.917865016853595,-0.0234375,-1.1656214095995647,-0.0452539610390853,0.0,0.03515625,3.455617981956485,7.396374937401547,5.0,2.1223824930761825
1757309808.077136,3.7706165313720703,14.511788368225098,3.715144634246826,223.84,3.900885622664107,-0.005859375,-1.1604755088935046,-0.06060277445497908,0.0,0.0087890625,3.438682281161955,7.4124487233288825,5.0,2.1070953096224665
1757309808.2050004,3.7706165313720703,14.511788368225098,3.715144634246826,223.84,3.900299685164107,-0.0064453125000000005,-1.1562715649234168,-0.056885827269061884,0.0,0.00966796875,3.421833327572479,7.428421421780969,5.0,2.091948746376409
1757309808.351344,2.972667932510376,14.598129272460938,3.7680063247680664,214.72,3.887604372664107,-0.019140625,-1.1752871069539546,-0.09301802271454995,0.0,0.028710937500000002,3.402753363571845,7.446054636042254,5.0,2.1649944230902776
1757309808.4994347,2.972667932510376,14.598129272460938,3.7680063247680664,214.72,3.7786540356431804,-0.044140625,-1.1546959931976677,-0.21552025415968334,0.0,0.06621093750000001,3.3842647443980525,7.459735958225799,5.0,2.1502497190149255
1757309808.6505237,2.972667932510376,14.598129272460938,3.7680063247680664,214.72,3.6645631573822244,-0.0830078125,-1.120508327447167,-0.3418530256082481,0.0,0.12451171875,3.367276286457546,7.4695300229903685,5.0,2.13951279938325
1757309808.793262,2.972667932510376,14.598129272460938,3.7680063247680664,214.72,3.6200319073822245,-0.1275390625,-1.1024809971963752,-0.388120485463607,0.0,0.19130859374999998,3.3511542110605594,7.477891393818962,5.0,2.1302902683901133
1757309808.9526196,2.972667932510376,14.598129272460938,3.7680063247680664,214.72,3.5766725323822244,-0.1708984375,-1.0833017646604373,-0.43270432622147253,0.0,0.25634765625,3.335990622717321,7.484939183731832,5.0,2.1224628195318216
1757309809.0976686,2.2051501274108887,14.56640625,3.806602716445923,221.7,3.5518678448822243,-0.195703125,-1.0783550096276182,-0.4735062529893539,0.0,0.2935546875,3.3182853427606207,7.492640244324832,5.0,2.1608124895641083
1757309809.2453525,2.2051501274108887,14.56640625,3.806602716445923,221.7,3.6098915523951742,-0.2146484375,-1.1017938675207344,-0.4058140580387683,0.0,0.32197265625000004,3.299607959054513,7.502087782506251,5.0,2.1485966004118104
1757309809.3968954,2.2051501274108887,14.56640625,3.806602716445923,221.7,3.6507426079214285,-0.21865234375,-1.1148130754224241,-0.35575858098554575,0.0,0.327978515625,3.2804026775853856,7.512809000981119,5.0,2.135082494128816
1757309809.5540984,2.2051501274108887,14.56640625,3.806602716445923,221.7,3.6645121391714284,-0.2048828125,-1.1168327610153204,-0.33556418302345636,0.0,0.30732421875000004,3.261107825673892,7.523931420040897,5.0,2.121200628484525
1757309809.7212384,2.2051501274108887,14.56640625,3.806602716445923,221.7,3.6779887016714286,-0.19140625,-1.1183428204631647,-0.3155874963116145,0.0,0.287109375,3.241739226896991,7.535446851033755,5.0,2.1069618706649322
1757309809.8458624,1.4119768142700195,14.333478927612305,3.8162806034088135,216.24,3.7068907647502174,-0.1658203125,-1.1085538608790761,-0.2540661016280425,0.0,0.24873046875000002,3.219840694443096,7.549338290627686,5.0,2.020892820120566
1757309809.9979486,1.4119768142700195,14.333478927612305,3.8162806034088135,216.24,3.695567136733935,-0.141015625,-1.1017028620127487,-0.2602927929332064,0.0,0.21152343750000002,3.198127152554344,7.56277000718067,5.0,2.0023447727290407
1757309810.1607227,1.4119768142700195,14.333478927612305,3.8162806034088135,216.24,3.6768343495125384,-0.09726562500000001,-1.0930112564912404,-0.27477476534444834,0.0,0.1458984375,3.176667635317754,7.575495070262533,5.0,1.9845887144548628
1757309810.3164654,1.4119768142700195,14.333478927612305,3.8162806034088135,216.24,3.6949984120125383,-0.0791015625,-1.0939833127169472,-0.24866401737558325,0.0,0.11865234375,3.1551728308128304,7.588774582257741,5.0,1.9663311045582281
1757309810.4439957,0.6982059478759766,14.071349143981934,3.8068854808807373,200.62,3.7073030995125382,-0.066796875,-1.0849633941682495,-0.21628989103988272,0.0,0.10019531250000001,3.131750478370595,7.603646212176487,5.0,1.9103777173165462
1757309810.605841,0.6982059478759766,14.071349143981934,3.8068854808807373,200.62,3.618790094971668,-0.05390625,-1.0580992085802894,-0.30458714838877043,0.0,0.08085937500000001,3.1089559878671276,7.615432191768281,5.0,1.8913409035685467
1757309810.7563667,0.6982059478759766,14.071349143981934,3.8068854808807373,200.62,3.434682670351024,-0.066796875,-0.9829989812717477,-0.48831394502195186,0.0,0.10019531250000001,3.08898010921364,7.621460534133033,5.0,1.8787254756952176
1757309810.9067461,0.6982059478759766,14.071349143981934,3.8068854808807373,200.62,3.423745170351024,-0.07773437500000001,-0.9762460236061177,-0.4943675763471436,0.0,0.1166015625,3.0693289352583117,7.6271571397642735,5.0,1.8665737313827595
1757309811.0456789,0.6982059478759766,14.071349143981934,3.8068854808807373,200.62,3.402260795351024,-0.09921875000000001,-0.9642299935114154,-0.5108381780039901,0.0,0.148828125,3.0502371503359393,7.63224962698366,5.0,1.8552208839068527
1757309811.2048929,-0.05180893838405609,13.86947250366211,3.803511619567871,197.51,3.380581107851024,-0.12089843750000001,-0.9620538222162386,-0.5690701397258192,0.0,0.18134765625000002,3.0284235032980904,7.6375644096186015,5.0,1.9515833007593422
1757309811.3495545,-0.09513694047927856,13.856438636779785,3.8031492233276367,197.51,3.3155508067715784,-0.13828125,-0.9227132545376592,-0.6285289197217551,0.0,0.20742187499999998,3.007972917308675,7.641158281042914,5.0,1.9468698483496452
1757309811.5047867,-0.09513694047927856,13.856438636779785,3.8031492233276367,197.51,3.2938794931140003,-0.1533203125,-0.9081754806759788,-0.6438078327725236,0.0,0.22998046875,2.9881547237456774,7.644199880401378,5.0,1.9353152670177183
1757309811.6467564,-0.09513694047927856,13.856438636779785,3.8031492233276367,197.51,3.2870435556140003,-0.16015625,-0.90310185500055,-0.645554041492741,0.0,0.240234375,2.968607694279406,7.647063234344375,5.0,1.9240792944176004
1757309811.80174,-0.09513694047927856,13.856438636779785,3.8031492233276367,197.51,3.2831373056140003,-0.1640625,-0.8999516669048503,-0.6447146065891413,0.0,0.24609375,2.9492577775119737,7.649820550395231,5.0,1.9130635227205097
1757309811.9479756,-0.9868628978729248,13.468542098999023,3.8930108547210693,194.13,3.27566146573202,-0.1654296875,-0.9002596441514934,-0.6896283367206906,0.0,0.24814453125000002,2.926074834611164,7.652947417065745,5.0,2.009438151722887
1757309812.1099458,-0.9868628978729248,13.468542098999023,3.8930108547210693,194.13,3.242442058140937,-0.16269531250000002,-0.8762827975663573,-0.713462968436583,0.0,0.24404296875000003,2.903795803726759,7.655201892375782,5.0,1.9951518561269053
1757309812.2582695,-0.9868628978729248,13.468542098999023,3.8930108547210693,194.13,3.2366451768965923,-0.15156250000000002,-0.8716017394310636,-0.7129663744022929,0.0,0.22734375,2.881771489977153,7.657301686652093,5.0,1.9811780636902734
1757309812.4170403,-0.9868628978729248,13.468542098999023,3.8930108547210693,194.13,3.245238926896592,-0.14296875,-0.8771106971586569,-0.6998177954845288,0.0,0.21445312500000002,2.85964532459937,7.6596032286209494,5.0,1.9670220543167698
1757309812.5572915,-0.9868628978729248,13.468542098999023,3.8930108547210693,194.13,3.249145176896592,-0.1390625,-0.8792289382567282,-0.6907483135150464,0.0,0.20859375000000002,2.8375346044695293,7.661990504443185,5.0,1.9528452935587568
1757309812.6974216,-1.591275930404663,13.149453163146973,3.935695171356201,183.15,3.2220012363803097,-0.13007812500000002,-0.8627977976933425,-0.7471191041795944,0.0,0.1951171875,2.8133367184895985,7.663940426406813,5.0,2.0350168849646577
1757309812.8441982,-1.591275930404663,13.149453163146973,3.935695171356201,183.15,3.174021352119682,-0.125,-0.8257788557832947,-0.7816882795742213,0.0,0.1875,2.7904479902760873,7.664682938372296,5.0,2.020128840387528
1757309813.00736,-1.591275930404663,13.149453163146973,3.935695171356201,183.15,3.0852424000276146,-0.111328125,-0.7534851899089432,-0.8471309295537413,0.0,0.1669921875,2.77015093633687,7.663537982100259,5.0,2.0083742542456786
1757309813.1528432,-1.591275930404663,13.149453163146973,3.935695171356201,183.15,3.0828986500276145,-0.113671875,-0.7517693617387227,-0.8442707612351237,0.0,0.17050781250000002,2.750025097713294,7.662355357702878,5.0,1.9967947621212554
1757309813.3026495,-1.9787518978118896,12.899540901184082,3.897467613220215,177.68,3.0848517750276145,-0.11171875,-0.7523843027922131,-0.8609796676626795,0.0,0.16757812500000002,2.727939878732915,7.661100876406719,5.0,2.042315057747981
1757309813.45204,-2.268587112426758,12.652989387512207,3.84902024269104,174.28,3.0417878885741665,-0.10800781250000001,-0.7143655680680276,-0.8951237492542675,0.0,0.16201171875,2.705679832272665,7.658871811549192,5.0,2.0487262678920963
1757309813.604127,-2.268587112426758,12.652989387512207,3.84902024269104,174.28,2.9390254453757176,-0.102734375,-0.6196261837169987,-0.959531736561465,0.0,0.1541015625,2.6867361544174004,7.65498108072989,5.0,2.038132970723991
1757309813.7425885,-2.268587112426758,12.652989387512207,3.84902024269104,174.28,2.9468379453757176,-0.094921875,-0.6279361418978164,-0.950440729761734,0.0,0.1423828125,2.667632270589185,7.651212744932165,5.0,2.0273772760199504
1757309813.9008012,-2.268587112426758,12.652989387512207,3.84902024269104,174.28,2.9597285703757175,-0.08203125,-0.6409372237217025,-0.937907334092953,0.0,0.123046875,2.6482071216550396,7.647640537876382,5.0,2.0162940821241726
1757309814.050536,-2.8197712898254395,11.907510757446289,3.7051424980163574,164.74,2.9646113828757175,-0.0771484375,-0.6525714648020664,-0.8952800156606532,0.0,0.11572265625,2.6254060390465503,7.6435625062552734,5.0,1.9160111937226088
1757309814.1942186,-2.8197712898254395,11.907510757446289,3.7051424980163574,164.74,2.875861429169619,-0.073046875,-0.5719473159439852,-0.9448345116692639,0.0,0.10957031249999999,2.6054601937996686,7.638133889666915,5.0,1.9036740573441557
1757309814.3459482,-2.8197712898254395,11.907510757446289,3.7051424980163574,164.74,2.8027944722354587,-0.0724609375,-0.5027607364294735,-0.9803371576730646,0.0,0.10869140625000001,2.5880217843999684,7.631988851410029,5.0,1.8937880372576164
1757309814.498239,-2.8197712898254395,11.907510757446289,3.7051424980163574,164.74,2.8014272847354587,-0.07382812500000001,-0.5027223611774684,-0.9773437154936752,0.0,0.1107421875,2.570716527339891,7.625864123774796,5.0,1.8840291111120582
1757309814.6642985,-2.8197712898254395,11.907510757446289,3.7051424980163574,164.74,2.8002554097354584,-0.07500000000000001,-0.5028673445303669,-0.9742990082953373,0.0,0.11250000000000002,2.5535371776376654,7.619761294412739,5.0,1.8743901070753317
1757309814.792115,-3.292752981185913,11.215943336486816,3.5829544067382812,156.4,2.7998647847354587,-0.075390625,-0.505712780447146,-0.9654253025185116,0.0,0.11308593750000001,2.533265749640979,7.612551109407572,5.0,1.8503233350055028
1757309814.9575615,-3.292752981185913,11.215943336486816,3.5829544067382812,156.4,2.7520926187072097,-0.0765625,-0.46082276462928246,-0.9841131853646127,0.0,0.11484375000000001,2.5146650484492477,7.604916068561152,5.0,1.8385394713077599
1757309815.1101525,-3.292752981185913,11.215943336486816,3.5829544067382812,156.4,2.6628895462454567,-0.08984375,-0.3729600229585416,-1.018094461191649,0.0,0.134765625,2.499170860109548,7.5968751494416,5.0,1.8296439384384833
1757309815.2529156,-3.292752981185913,11.215943336486816,3.5829544067382812,156.4,2.6429762001191315,-0.08671875000000001,-0.354188034638139,-1.022427793335145,0.0,0.13007812500000002,2.484433686959433,7.588850649835046,5.0,1.8214138678252825
1757309815.4141858,-3.3814914226531982,11.110565185546875,3.5613083839416504,156.4,2.6402418251191317,-0.08945312500000001,-0.3491237806701587,-1.027529302049539,0.0,0.1341796875,2.469300185551251,7.580556616882488,5.0,1.833207368248062
1757309815.5543172,-3.838778018951416,10.565195083618164,3.499648332595825,149.53,2.557404901232507,-0.118359375,-0.23290933435348687,-1.0982630801541808,0.0,0.1775390625,2.454219172390486,7.570585499218486,5.0,1.96918217678484
1757309815.7021134,-3.838778018951416,10.565195083618164,3.499648332595825,149.53,2.473462705507121,-0.136328125,-0.14169513987520255,-1.1117847860084429,0.0,0.20449218749999998,2.442112131040458,7.561030442360111,5.0,1.96236929988995
1757309815.8441963,-3.838778018951416,10.565195083618164,3.499648332595825,149.53,2.449634580507121,-0.16015625,-0.11672465023539003,-1.1129638064658507,0.0,0.240234375,2.4308721668936917,7.551716633657207,5.0,1.9562609080774633
1757309815.9941735,-3.838778018951416,10.565195083618164,3.499648332595825,149.53,2.422681455507121,-0.18710937500000002,-0.08809981187502036,-1.11409207967229,0.0,0.28066406250000003,2.420587116790658,7.542715740185447,5.0,1.9509016166264983
1757309816.1545496,-4.246294975280762,9.80367374420166,3.504517078399658,149.15,2.403736143007121,-0.2060546875,-0.0452692484095536,-1.1394392506759359,0.0,0.30908203125,2.4079643885267563,7.531239577007372,5.0,2.0315805282348887
1757309816.309598,-4.246294975280762,9.80367374420166,3.504517078399658,149.15,2.3896986870187593,-0.2083984375,-0.031392403211935815,-1.1376933431831247,0.0,0.31259765625,2.395883181862397,7.519941952523792,5.0,2.023813890440855
1757309816.4547207,-4.246294975280762,9.80367374420166,3.504517078399658,149.15,2.419369516849543,-0.18378906250000002,-0.06739762959717277,-1.1336873186942973,0.0,0.27568359375,2.3828490328121177,7.508458751583334,5.0,2.015237853585128
1757309816.597883,-4.246294975280762,9.80367374420166,3.504517078399658,149.15,2.4396820168495426,-0.1634765625,-0.09276517007367113,-1.1292993863565817,0.0,0.24521484375000002,2.369179992505723,7.496900760779191,5.0,2.006119514143146
1757309816.749562,-4.246294975280762,9.80367374420166,3.504517078399658,149.15,2.484799204349543,-0.118359375,-0.146157499066428,-1.1206546890897826,0.0,0.1775390625,2.354011369138468,7.485206060552537,5.0,1.9956655323354378
1757309816.901422,-4.320461750030518,9.09534740447998,3.634650945663452,139.28,2.5078460793495427,-0.09531250000000001,-0.20604392585916997,-1.0705861433388453,0.0,0.14296875,2.3361830700515105,7.472104600536266,5.0,1.8517032525701191
1757309817.0496364,-4.320461750030518,9.09534740447998,3.634650945663452,139.28,2.4455463539270195,-0.072265625,-0.14208143880005386,-1.077637645210053,0.0,0.1083984375,2.3205768247327834,7.459064769077867,5.0,1.8396501529254161
1757309817.1985252,-4.320461750030518,9.09534740447998,3.634650945663452,139.28,2.379332082177702,-0.051562500000000004,-0.07318710054169997,-1.0818283507428466,0.0,0.07734375,2.3072925417286543,7.446381421749626,5.0,1.8298034938154704
1757309817.352747,-4.320461750030518,9.09534740447998,3.634650945663452,139.28,2.3848008321777026,-0.046289062500000006,-0.0818297960772093,-1.0785236706474959,0.0,0.06943359375000001,2.2938913639185654,7.433725836017875,5.0,1.8198719454830226
1757309817.5071468,-4.320461750030518,9.09534740447998,3.634650945663452,139.28,2.3818711446777026,-0.0490234375,-0.08135747425876011,-1.0759293204928313,0.0,0.07353515625000001,2.280655259688438,7.4211525756015595,5.0,1.8101155717832116
1757309817.6640441,-4.3397393226623535,8.453192710876465,3.7681407928466797,124.59,2.378355519677702,-0.052539062500000004,-0.11133775221581343,-1.04091472472579,0.0,0.07880859375,2.2659485061093365,7.407083625651098,5.0,1.6880083664252021
1757309817.813588,-4.3397393226623535,8.453192710876465,3.7681407928466797,124.59,2.2031119020138394,-0.0625,0.06959434701794681,-1.0427318403842638,0.0,0.09375,2.2569053976453266,7.394740903904786,5.0,1.681021014309474
1757309817.947972,-4.3397393226623535,8.453192710876465,3.7681407928466797,124.59,2.0911072775597352,-0.0833984375,0.18426014472066432,-1.0275916416797755,0.0,0.12509765625000002,2.2510361931367027,7.384497513472657,5.0,1.6768578930968925
1757309818.0943048,-4.3397393226623535,8.453192710876465,3.7681407928466797,124.59,2.067279152559735,-0.10722656250000001,0.20741948222024248,-1.0222208811970925,0.0,0.16083984375000002,2.2457970716609856,7.374826676459268,5.0,1.6732423082892716
1757309818.2525942,-4.346647262573242,8.326210021972656,3.798982620239258,123.41,2.037005715059735,-0.1375,0.23260311465880712,-1.012624625632748,0.0,0.20625000000000002,2.2410469976677003,7.365387061665057,5.0,1.6573941168797957
1757309818.4109943,-4.342355728149414,7.56557559967041,3.9072201251983643,122.42,1.9931686423862023,-0.16074218750000002,0.2491208898364134,-0.9890386617224547,0.0,0.24111328125000003,2.235889913315744,7.3539121094913105,5.0,1.581650032668871
1757309818.548797,-4.342355728149414,7.56557559967041,3.9072201251983643,122.42,1.9504992577914582,-0.18613281250000002,0.28966798896279133,-0.9769471403353371,0.0,0.27919921875000003,2.2317357227016332,7.343502386153046,5.0,1.5778412048570125
1757309818.7137156,-4.342355728149414,7.56557559967041,3.9072201251983643,122.42,1.942882070291458,-0.19375,0.29575406522446995,-0.9741866632023433,0.0,0.290625,2.2277671196649655,7.333333380890551,5.0,1.5742262421943112
1757309818.8459735,-4.342355728149414,7.56557559967041,3.9072201251983643,122.42,1.940147695291458,-0.19648437500000002,0.29710179767639094,-0.9728652800133184,0.0,0.2947265625,2.223876681658223,7.323283611416017,5.0,1.5707011396943384
1757309819.0036266,-4.229663372039795,6.804508209228516,3.966292142868042,119.06,1.9436633202914582,-0.19296875000000002,0.25548438336139256,-0.9589630725316244,0.0,0.28945312500000003,2.218714610549554,7.31008695717213,5.0,1.468167319783504
1757309819.1482437,-4.213951110839844,6.733852386474609,3.968125820159912,119.06,1.9499548794410597,-0.186328125,0.24338353557036219,-0.9581359675637886,0.0,0.27949218750000004,2.213317451708442,7.296541142162361,5.0,1.451852432511064
1757309819.298644,-4.213951110839844,6.733852386474609,3.968125820159912,119.06,1.9164655699244486,-0.1615234375,0.273195393028151,-0.9486813540590567,0.0,0.24228515625000002,2.208731210201517,7.283806124523015,5.0,1.4461847096566087
1757309819.4500787,-4.213951110839844,6.733852386474609,3.968125820159912,119.06,1.9313093199244487,-0.14667968750000002,0.2568443451464984,-0.9517876782017987,0.0,0.22001953125,2.203827521092336,7.27079859959933,5.0,1.440201379170861
1757309819.6010044,-4.213951110839844,6.733852386474609,3.968125820159912,119.06,1.9553327574244488,-0.12265625000000001,0.23148232779587424,-0.9567014200250478,0.0,0.183984375,2.1983783301909834,7.2573332489397275,5.0,1.4336615603929577
1757309819.7560277,-4.047687530517578,6.1102752685546875,3.959096670150757,104.75,1.9572858824244488,-0.12070312500000001,0.19540956847922264,-0.9432322411711399,0.0,0.1810546875,2.1919386324497685,7.24150923251987,5.0,1.3413425183327696
1757309819.9271455,-4.047687530517578,6.1102752685546875,3.959096670150757,104.75,1.8362015914856433,-0.1203125,0.305649760519357,-0.9121083508787824,0.0,0.18046875,2.1883604863279174,7.228345461596321,5.0,1.3354854450918596
1757309820.060949,-4.047687530517578,6.1102752685546875,3.959096670150757,104.75,1.7344823914640601,-0.09375,0.3952930545391313,-0.8761263138181795,0.0,0.140625,2.1866336997178872,7.217890466595155,5.0,1.3319485649122953
1757309820.1987965,-4.047687530517578,6.1102752685546875,3.959096670150757,104.75,1.75479489146406,-0.0734375,0.37587618568550596,-0.8836877717758898,0.0,0.11015625000000001,2.1845940720577537,7.20693082663542,5.0,1.328031873092006
1757309820.3459044,-4.047687530517578,6.1102752685546875,3.959096670150757,104.75,1.80831051646406,-0.019921875000000002,0.3261039533672806,-0.9020524797904093,0.0,0.0298828125,2.1816150464282824,7.194625055617991,5.0,1.3229759651487347
1757309820.514273,-3.865230083465576,5.393247604370117,4.030831336975098,87.6,1.8384138405069514,0.03828125,0.29019544915046724,-0.9090982771573622,0.0,-0.057421875000000004,2.1772039488866426,7.17853759967006,5.0,1.3006562676158078
1757309820.6454387,-3.865230083465576,5.393247604370117,4.030831336975098,87.6,1.6770706731658949,0.044140625,0.43062905071014923,-0.8504769484788746,0.0,-0.06621093750000001,2.1759224822896934,7.166524930494304,5.0,1.2960334178018487
1757309820.8006299,-3.865230083465576,5.393247604370117,4.030831336975098,87.6,1.5726584247470325,0.043750000000000004,0.515913522436221,-0.800962069589485,0.0,-0.065625,2.1759058675118643,7.157602328647947,5.0,1.293510242406347
1757309820.9448981,-3.865230083465576,5.393247604370117,4.030831336975098,87.6,1.5648459247470325,0.035937500000000004,0.5212081200245304,-0.7969127286534602,0.0,-0.05390625,2.1759572898841286,7.1489605990739795,5.0,1.2911424240508111
1757309821.102219,-3.7958383560180664,5.089606285095215,4.082796096801758,85.25,1.5476584247470326,0.018750000000000003,0.5439645327874982,-0.787625748165937,0.0,-0.028125000000000004,2.176179468028239,7.139359966587102,5.0,1.3139913719862113
1757309821.2480586,-3.7092573642730713,4.656539440155029,4.069328784942627,81.21,1.418690533663271,-0.036914062500000004,0.6691350579772882,-0.7067729505830159,0.0,0.05537109375,2.177363136778505,7.131638195485121,5.0,1.385797896272421
1757309821.399102,-3.7092573642730713,4.656539440155029,4.069328784942627,81.21,1.3123163213082272,-0.0951171875,0.7401552661684204,-0.6317964305052072,0.0,0.14267578125000002,2.1784982914884115,7.127344784998431,5.0,1.3851817291333255
1757309821.5553901,-3.7092573642730713,4.656539440155029,4.069328784942627,81.21,1.275975635544595,-0.14140625,0.762493799186448,-0.604526217930835,0.0,0.21210937500000002,2.179447586158511,7.12421871548875,5.0,1.3848482361876844
1757309821.7048564,-3.7092573642730713,4.656539440155029,4.069328784942627,81.21,1.184178760544595,-0.233203125,0.8146978983349928,-0.5320851499392085,0.0,0.34980468750000004,2.1795704260280515,7.123916976538794,5.0,1.3848449198766
1757309821.8520472,-3.5279386043548584,4.03409481048584,3.700378656387329,92.88,1.104002979294595,-0.31337890625000003,0.8923179888315176,-0.4461673790360792,0.0,0.470068359375,2.179999611863876,7.123065313215887,5.0,1.4901692926230075
1757309822.0013647,-3.5279386043548584,4.03409481048584,3.700378656387329,92.88,1.1612253745216337,-0.36733398437500003,0.8652520655005109,-0.4965082797495237,0.0,0.5510009765625,2.1811156036727577,7.120494621433985,5.0,1.4899278688764008
1757309822.1538107,-3.5279386043548584,4.03409481048584,3.700378656387329,92.88,1.1935621638593907,-0.37897949218750004,0.8485791457851477,-0.524289828459462,0.0,0.5684692382812501,2.182527219854236,7.116931816093938,5.0,1.4894763989559872
1757309822.2986686,-3.5279386043548584,4.03409481048584,3.700378656387329,92.88,1.1935621638593907,-0.37897949218750004,0.8484129186999179,-0.5243556891565573,0.0,0.5684692382812501,2.183931777954807,7.1133868247805925,5.0,1.4890294015057295
1757309822.4509044,-3.5279386043548584,4.03409481048584,3.700378656387329,92.88,1.1935621638593907,-0.37897949218750004,0.8482483384492836,-0.5244208973626684,0.0,0.5684692382812501,2.1853293132648752,7.109859558423813,5.0,1.4885868325206895
1757309822.61738,-3.004135847091675,3.5249979496002197,3.4271841049194336,92.74,1.2520432545648332,-0.3690185546875,0.7463277467292899,-0.596143381491316,0.0,0.55352783203125,2.1881152736934126,7.101417410455172,5.0,1.304779763106402
1757309822.7544396,-3.004135847091675,3.5249979496002197,3.4271841049194336,92.74,1.3757505887988588,-0.32978515625000004,0.6651204715355253,-0.6840627120805362,0.0,0.49467773437500007,2.1905401342335975,7.0891431984297615,5.0,1.299824593249551
1757309822.9016335,-3.004135847091675,3.5249979496002197,3.4271841049194336,92.74,1.401821473299541,-0.216796875,0.6448860800707352,-0.7015398389608009,0.0,0.3251953125,2.192759822489867,7.076132256243968,5.0,1.2943053202349146
1757309823.0465498,-3.004135847091675,3.5249979496002197,3.4271841049194336,92.74,1.4959620982995412,-0.12265625000000001,0.5729412434123279,-0.7592894711877104,0.0,0.183984375,2.193938353436524,7.06041311059979,5.0,1.286424719570138
1757309823.204952,-3.004135847091675,3.5249979496002197,3.4271841049194336,92.74,1.5865870982995411,-0.032031250000000004,0.4977188094463532,-0.8079597670481851,0.0,0.048046875,2.193652785050026,7.042330102390007,5.0,1.2760363397187513
1757309823.364134,-2.5160908699035645,3.2354214191436768,3.502894878387451,60.47,1.6096677012161074,0.0421875,0.3857235123158409,-0.8156059335798393,0.0,-0.06328125000000001,2.192878067464427,7.022409856126773,5.0,1.0428196957165872
1757309823.4977193,-2.5160908699035645,3.2354214191436768,3.502894878387451,60.47,1.3396824787111876,0.1046875,0.5871004826698825,-0.68369585078604,0.0,-0.15703125,2.1958646384441205,7.009718249056,5.0,1.0372047565851457
1757309823.6527789,-2.5160908699035645,3.2354214191436768,3.502894878387451,60.47,1.1944630986809712,0.1390625,0.6788857997017435,-0.5919245785219908,0.0,-0.20859375000000002,2.199132675821982,7.001448237043535,5.0,1.034591210621108
1757309823.8147495,-2.5160908699035645,3.2354214191436768,3.502894878387451,60.47,1.172197473680971,0.11679687500000001,0.6910757113217152,-0.5770087525723189,0.0,-0.1751953125,2.202316648674391,6.993887916752148,5.0,1.0323660304244022
1757309823.9711273,-2.2958898544311523,3.048525094985962,3.6051344871520996,51.57,1.118681848680971,0.06328125,0.702539752046886,-0.548158513621186,0.0,-0.09492187499999999,2.20577627404991,6.9867644447644475,5.0,0.9811977988073046
1757309824.0959506,-1.9788365364074707,2.6186530590057373,3.7688777446746826,45.51,0.9293631702534757,0.029296875,0.8146391773112684,-0.39010235690817074,0.0,-0.0439453125,2.2087562144353234,6.982774025857311,5.0,1.0482629622251576
1757309824.261705,-1.9788365364074707,2.6186530590057373,3.7688777446746826,45.51,0.7462152503854823,-0.028710937500000002,0.872059404371456,-0.23521427309594317,0.0,0.04306640625,2.2083444799749046,6.983154695709032,5.0,1.0482525906858982
1757309824.4121978,-1.9788365364074707,2.6186530590057373,3.7688777446746826,45.51,0.7151977800826194,-0.0791015625,0.878915175576582,-0.2080786686878845,0.0,0.11865234375,2.207215529959031,6.984135309767027,5.0,1.0481788320157266
1757309824.546655,-1.9788365364074707,2.6186530590057373,3.7688777446746826,45.51,0.6728149675826194,-0.121484375,0.8868792907534777,-0.17073103012512025,0.0,0.18222656250000002,2.20505207592039,6.985859250019721,5.0,1.0479264078854014
1757309824.7020726,-1.3519065380096436,2.085434675216675,3.7694332599639893,55.12,0.6306274675826193,-0.16367187500000002,0.895019279920515,-0.13080740875142505,0.0,0.24550781250000003,2.2051196708464267,6.9858099005727246,5.0,1.0552549739686716
1757309824.8573477,-1.3519065380096436,2.085434675216675,3.7694332599639893,55.12,0.7007811746391166,-0.18671875000000002,0.8836073173174814,-0.19327207303177246,0.0,0.280078125,2.20680527643435,6.984387882167582,5.0,1.0550947393214125
1757309825.0038006,-1.3519065380096436,2.085434675216675,3.7694332599639893,55.12,0.7509903274492744,-0.21103515625000002,0.8726702495579479,-0.2375074389591928,0.0,0.31655273437500003,2.20951513726732,6.98185836806429,5.0,1.0546419653859012
1757309825.161186,-1.3519065380096436,2.085434675216675,3.7694332599639893,55.12,0.7195450149492744,-0.24248046875,0.8796407929819491,-0.21002768473828132,0.0,0.36372070312500004,2.2115773587913083,6.980051319151146,5.0,1.0543942367374823
1757309825.309118,-1.3519065380096436,2.085434675216675,3.7694332599639893,55.12,0.7047989211992745,-0.25722656250000003,0.882597609742517,-0.19708640221514168,0.0,0.38583984375,2.2133166924420196,6.978571971959158,5.0,1.054222434609132
1757309825.446999,-0.7871705889701843,2.104118824005127,3.920027494430542,56.45,0.7114395461992744,-0.2505859375,0.7948148801015322,-0.3032342063642134,0.0,0.37587890625000003,2.216763018930289,6.975601118470849,5.0,0.7231946381341059
1757309825.597622,-0.7871705889701843,2.104118824005127,3.920027494430542,56.45,0.7845192964439474,-0.2166015625,0.7701265132328363,-0.3608851047627193,0.0,0.32490234375000004,2.221418671549774,6.970953642066133,5.0,0.7216859827158411
1757309825.7522829,-0.7871705889701843,2.104118824005127,3.920027494430542,56.45,0.8450039877507991,-0.140234375,0.7461990285172974,-0.4074027783304919,0.0,0.21035156249999998,2.2268724569607916,6.964807620605331,5.0,0.7193313472922354
1757309825.9103801,-0.7871705889701843,2.104118824005127,3.920027494430542,56.45,0.9078946127507991,-0.07734375,0.718044629917473,-0.45433409727888807,0.0,0.11601562500000001,2.232953845442017,6.957018607427392,5.0,0.7159240641626337
1757309826.0652368,-0.7871705889701843,2.104118824005127,3.920027494430542,56.45,0.9895352377507991,0.004296875,0.6769244411626818,-0.5124794999751977,0.0,-0.0064453125000000005,2.239536271864436,6.946999271818884,5.0,0.7109058347376154
1757309826.1959436,-0.2890610694885254,2.264442205429077,3.819110870361328,37.51,1.0141446127507991,0.02890625,0.529700006908536,-0.6126233266576967,0.0,-0.043359375000000006,2.2465095224023814,6.935793571005093,5.0,0.3151332821605628
1757309826.3439343,-0.2890610694885254,2.264442205429077,3.819110870361328,37.51,0.707798002423073,0.053125000000000006,0.6894903634696892,-0.4247069084106525,0.0,-0.07968750000000001,2.250728748380045,6.932183149456498,5.0,0.31397570934407515
1757309826.5012958,-0.2890610694885254,2.264442205429077,3.819110870361328,37.51,0.7007667524230731,0.04609375,0.6921831148562161,-0.42017611531091376,0.0,-0.06914062500000001,2.2548122565012494,6.928738302199498,5.0,0.3129040624718664
1757309826.6495519,-0.2890610694885254,2.264442205429077,3.819110870361328,37.51,0.682798002423073,0.028125,0.6993983148269864,-0.40794510129906714,0.0,-0.0421875,2.2585728033131987,6.925679851015407,5.0,0.3120217185623311
1757309826.797681,-0.14709892868995667,2.240034341812134,3.7722327709198,34.64,0.651157377423073,-0.003515625,0.7008699930706486,-0.4001601846419861,0.0,0.0052734375,2.2622577096636225,6.922871833551339,5.0,0.26630481313195453
1757309826.9570699,0.19351300597190857,1.8824188709259033,3.6187667846679688,32.4,0.48287398712988006,-0.046484375,0.7917827514829654,-0.21266594914303968,0.0,0.0697265625,2.2645081946702397,6.92169197342381,5.0,0.44823774014777307
1757309827.108872,0.19351300597190857,1.8824188709259033,3.6187667846679688,32.4,0.4529866776461628,-0.1125,0.7977653236371177,-0.18894905085196784,0.0,0.16875,2.266051709275726,6.920940676959505,5.0,0.44812983202202883
1757309827.2469723,0.19351300597190857,1.8824188709259033,3.6187667846679688,32.4,0.4176351151461628,-0.1478515625,0.8039418246536083,-0.16064207106880776,0.0,0.22177734375000002,2.2667336771460387,6.9206380612005445,5.0,0.4481094482981316
1757309827.4193416,0.19351300597190857,1.8824188709259033,3.6187667846679688,32.4,0.34458824014616274,-0.22089843750000002,0.8135141983852597,-0.1015618899667155,0.0,0.33134765625,2.2655600339208988,6.921059290758588,5.0,0.44805251134788016
1757309827.5501056,0.6846356987953186,1.379075288772583,3.6095879077911377,44.05,0.31880699014616276,-0.24667968750000002,0.8553500529919136,0.03907996011712156,0.0,0.37001953125000003,2.266679548208018,6.920689777264584,5.0,0.7630160402803847
1757309827.7172081,0.6846356987953186,1.379075288772583,3.6095879077911377,44.05,0.3447082655799955,-0.272265625,0.8560580411508178,0.016866714876881128,0.0,0.40839843750000004,2.2684849810306873,6.920041548950438,5.0,0.7628886545956153
1757309827.852829,0.6846356987953186,1.379075288772583,3.6095879077911377,44.05,0.42237320755969776,-0.28623046875,0.8546891738997975,-0.049818833415149866,0.0,0.42934570312500003,2.272255355959427,6.9183470592796255,5.0,0.7622971047447828
1757309827.998132,0.6846356987953186,1.379075288772583,3.6095879077911377,44.05,0.49752847300350206,-0.2712890625,0.8482783207898155,-0.11432643826275468,0.0,0.40693359375000004,2.2777410517049574,6.915367790728669,5.0,0.7609477807635541
1757309828.1513693,0.6846356987953186,1.379075288772583,3.6095879077911377,44.05,0.545575348003502,-0.22324218750000002,0.8413981247360333,-0.15561192621503855,0.0,0.33486328125000003,2.284199305605467,6.911447412488157,5.0,0.7589708323186235
1757309828.306358,1.1484389305114746,1.1969985961914062,3.6317479610443115,36.74,0.584051910503502,-0.18476562500000002,0.8487057718212864,-0.16680863387161216,0.0,0.2771484375,2.293390515202168,6.905372252073004,5.0,0.8220652629843279
1757309828.4533346,1.1484389305114746,1.1969985961914062,3.6317479610443115,36.74,0.6173965381527753,-0.12890625,0.8415571403305995,-0.19658189770004397,0.0,0.193359375,2.3030572661660296,6.898508994886842,5.0,0.8172471434057087
1757309828.6001208,1.1484389305114746,1.1969985961914062,3.6317479610443115,36.74,0.5875230296827167,-0.0537109375,0.8461335301275991,-0.17273885885757068,0.0,0.08056640625,2.312210022624637,6.892413495499178,5.0,0.813098487906017
1757309828.7490354,1.1484389305114746,1.1969985961914062,3.6317479610443115,36.74,0.6252183421827168,-0.016015625000000002,0.8378749642003869,-0.20609371662863396,0.0,0.0240234375,2.3218985052000125,6.885420189000767,5.0,0.8081965868045469
1757309828.8989122,1.2038460969924927,1.1939762830734253,3.6384432315826416,36.74,0.6611558421827167,0.019921875000000002,0.8265284933419422,-0.2404364422394965,0.0,-0.0298828125,2.332207547736004,6.877400180419968,5.0,0.794351280381072
1757309829.0496788,1.6900970935821533,1.1374316215515137,3.710937976837158,18.26,0.49905631382204463,0.0203125,0.8501523200334606,-0.11186202790891275,0.0,-0.030468750000000003,2.341792776935676,6.872175484823942,5.0,0.7716543937628835
1757309829.1974447,1.6900970935821533,1.1374316215515137,3.710937976837158,18.26,0.3265096214141646,0.0078125,0.856568361187434,0.035274189039300574,0.0,-0.01171875,2.3475804022674396,6.870215623414514,5.0,0.7703636551967943
1757309829.3502314,1.6900970935821533,1.1374316215515137,3.710937976837158,18.26,0.31557212141416463,-0.003125,0.855988360569634,0.04420272242823331,0.0,0.004687500000000001,2.3530664860464023,6.868424513451688,5.0,0.7692120729225014
1757309829.505305,1.6900970935821533,1.1374316215515137,3.710937976837158,18.26,0.2907674339141646,-0.0279296875,0.8545280089349171,0.06508292926020354,0.0,0.041894531250000006,2.3578942739286526,6.866979803951891,5.0,0.7683338537680182
1757309829.6616745,2.275315523147583,1.0952006578445435,3.7434542179107666,14.91,0.2741658714141646,-0.04453125,0.8535610367650212,0.08008190425088257,0.0,0.066796875,2.365033201893042,6.864971992631364,5.0,0.7704688299658251
1757309829.802874,2.381035327911377,1.0974457263946533,3.744300365447998,14.91,0.22049269372068817,-0.06015625,0.8476567962782912,0.12406754663760178,0.0,0.090234375,2.3712637797428098,6.863575490789202,5.0,0.7661380440456282
1757309829.9503837,2.381035327911377,1.0974457263946533,3.744300365447998,14.91,0.18786317800393582,-0.078125,0.843081764122166,0.15125396283572815,0.0,0.1171875,2.3766006123207206,6.862560932829891,5.0,0.765116912099284
1757309830.101626,2.381035327911377,1.0974457263946533,3.744300365447998,14.91,0.16862702897235454,-0.09160156250000001,0.8399615566731955,0.16712035026345995,0.0,0.13740234375000002,2.381391310935593,6.861745346441613,5.0,0.7642996310390942
1757309830.268741,2.381035327911377,1.0974457263946533,3.744300365447998,14.91,0.15749421647235456,-0.102734375,0.838004685364175,0.1761817419857838,0.0,0.1541015625,2.38585410373639,6.86103661276188,5.0,0.7635929007881712
1757309830.4014108,2.9903652667999268,1.1699159145355225,3.7211780548095703,13.77,0.15436921647235455,-0.105859375,0.8348456200499795,0.16206258774544052,0.0,0.15878906250000002,2.393128419406733,6.859904676744519,5.0,0.7212467143052681
1757309830.555756,3.027944326400757,1.1730082035064697,3.7194530963897705,13.77,0.15017212994077322,-0.10429687500000001,0.8341021889976019,0.16519570345282136,0.0,0.15644531250000002,2.4004376122523143,6.858798713387506,5.0,0.7203127885242973
1757309830.693057,3.027944326400757,1.1730082035064697,3.7194530963897705,13.77,0.15556621299961915,-0.08476562500000001,0.8348593838956887,0.15991783233569717,0.0,0.12714843750000002,2.4078514009424214,6.8576359835064515,5.0,0.7183483833490767
1757309830.851073,3.027944326400757,1.1730082035064697,3.7194530963897705,13.77,0.19033183799961917,-0.05,0.8397261435506459,0.12983053698927205,0.0,0.07500000000000001,2.416121017144441,6.856042726408708,5.0,0.7158734372139506
1757309831.006935,3.027944326400757,1.1730082035064697,3.7194530963897705,13.77,0.21103496299961916,-0.029296875,0.8419999239908523,0.11132682777116962,0.0,0.0439453125,2.4248660362847185,6.8541693276168045,5.0,0.7130810550973186
1757309831.1480446,3.8640689849853516,1.2951706647872925,3.7260005474090576,358.95,0.23330058799961917,-0.00703125,0.8463903711565214,0.10147715863793902,0.0,0.010546875,2.4379292687406853,6.851065142985504,5.0,0.7360123729925645
1757309831.2961023,3.8640689849853516,1.2951706647872925,3.7260005474090576,358.95,0.1462504500215832,0.017968750000000002,0.8341130706460789,0.17298097768046972,0.0,-0.026953125,2.4489136066367343,6.849447126116041,5.0,0.7317232795852613
1757309831.4559238,3.8640689849853516,1.2951706647872925,3.7260005474090576,358.95,6.306265600033646,0.041406250000000006,0.8065225576792902,0.27332018976661054,0.0,-0.06210937500000001,2.456626358962445,6.84926908191782,5.0,0.7296512959095587
1757309831.6010942,3.8640689849853516,1.2951706647872925,3.7260005474090576,358.95,6.314078100033646,0.049218750000000006,0.8086064404492085,0.2661438283109339,0.0,-0.07382812500000001,2.4645142204869157,6.849025326296832,5.0,0.7274824434476894
1757309831.7568898,3.9093968868255615,1.297716736793518,3.7287142276763916,357.09,6.310562475033646,0.045703125000000004,0.807737661964625,0.27160976997266284,0.0,-0.0685546875,2.4724927362992033,6.848806842542282,5.0,0.734046991431244
1757309831.8923047,4.379186630249023,1.3065531253814697,3.7374560832977295,352.05,6.258568100946551,0.026171875,0.7913059266622723,0.36294662923378695,0.0,-0.0392578125,2.4813385311424185,6.849024645296663,5.0,0.8583972173584806
1757309832.0438266,4.379186630249023,1.3065531253814697,3.7374560832977295,352.05,6.13672302952004,-0.0068359375,0.7413820859664813,0.4560493248420068,0.0,0.01025390625,2.4866246481702725,6.8498044459128336,5.0,0.8574248658077179
1757309832.2009215,4.379186630249023,1.3065531253814697,3.7374560832977295,352.05,6.091697256646038,-0.052734375,0.7201454649613657,0.4887415452580164,0.0,0.0791015625,2.490566157423655,6.850568560177076,5.0,0.8568758251841944
1757309832.3499885,4.379186630249023,1.3065531253814697,3.7374560832977295,352.05,6.048142569146037,-0.09628906250000001,0.6982058677053911,0.519535236653997,0.0,0.14443359375,2.4932190335093747,6.851203841474224,5.0,0.8566223490523797
1757309832.5100567,4.725358963012695,1.3258695602416992,3.732391595840454,358.29,6.014353506646038,-0.13007812500000002,0.6694022959049044,0.5822224223909975,0.0,0.1951171875,2.4965181555560747,6.852112752448559,5.0,0.9587830271286562
1757309832.6496205,5.009589195251465,1.3987195491790771,3.747729539871216,0.88,6.04281462415467,-0.15292968750000002,0.6814415671499738,0.5803094533122568,0.0,0.22939453125000003,2.5020667618715944,6.8534727692353155,5.0,1.0034991001596065
1757309832.816167,5.009589195251465,1.3987195491790771,3.747729539871216,0.88,-0.16452391508244993,-0.17988281250000002,0.723590777703326,0.5261866853880552,0.0,0.26982421875,2.5098614045955716,6.8547668718050705,5.0,1.0014241155005585
1757309832.9475217,5.009589195251465,1.3987195491790771,3.747729539871216,0.88,-0.16979735258244993,-0.18515625000000002,0.720939471535009,0.5292161818347095,0.0,0.27773437500000003,2.5174595521278356,6.856069560604754,5.0,0.9994482500762807
1757309833.1104782,5.009589195251465,1.3987195491790771,3.747729539871216,0.88,-0.16471922758244992,-0.180078125,0.723750910013346,0.5247463115389042,0.0,0.2701171875,2.5251713675374265,6.857351459583094,5.0,0.9974156330826656
1757309833.2489882,5.492650032043457,1.6849873065948486,3.7890167236328125,357.63,-0.15788329008244992,-0.1732421875,0.729711357441597,0.5047732115596035,0.0,0.25986328125,2.5356263374228605,6.8590159782241065,5.0,0.9594095198592676
1757309833.404227,5.492650032043457,1.6849873065948486,3.7890167236328125,357.63,-0.10295085465293383,-0.144140625,0.7565249743967725,0.46201288492091525,0.0,0.21621093749999998,2.5476107288935617,6.860254159105477,5.0,0.9545481349799232
1757309833.5457284,5.492650032043457,1.6849873065948486,3.7890167236328125,357.63,6.11408662890732,-0.127734375,0.7245645100650736,0.5096443357545877,0.0,0.19160156250000002,2.5576261488558107,6.861964082594772,5.0,0.9510884495295864
1757309833.7089062,5.492650032043457,1.6849873065948486,3.7890167236328125,357.63,6.1265866289073205,-0.115234375,0.731107113218554,0.4990984718055761,0.0,0.1728515625,2.567956727840333,6.8635951927766286,5.0,0.947420496524078
1757309833.8551645,5.492650032043457,1.6849873065948486,3.7890167236328125,357.63,6.12775850390732,-0.11406250000000001,0.7319179008383614,0.49679642160836185,0.0,0.17109375000000002,2.5782697929545346,6.865211153039511,5.0,0.9437640664200275
1757309834.0012126,5.961183547973633,2.025712490081787,3.7963550090789795,350.01,6.125219441407321,-0.1166015625,0.7334693803325698,0.4809798971111851,0.0,0.17490234375000002,2.5910066804054073,6.86724005047135,5.0,0.8990237528512877
1757309834.147289,5.961183547973633,2.025712490081787,3.7963550090789795,350.01,6.0408077668195705,-0.12421875,0.6906670748907576,0.5396455960128198,0.0,0.186328125,2.6012465832171343,6.869771744554386,5.0,0.8952596607765075
1757309834.310873,5.961183547973633,2.025712490081787,3.7963550090789795,350.01,5.974061289905353,-0.134765625,0.6534435712590493,0.5835476570535301,0.0,0.2021484375,2.609472273185929,6.87239871660335,5.0,0.8927358542440071
1757309834.4449503,5.961183547973633,2.025712490081787,3.7963550090789795,350.01,5.969959727405353,-0.13886718750000002,0.6513444747154712,0.5852970960974002,0.0,0.20830078125,2.6175360060458415,6.87501046090887,5.0,0.8903030222992285
1757309834.60147,6.149986743927002,2.1417667865753174,3.810687780380249,348.98,5.9724987899053525,-0.136328125,0.6512782758810106,0.588469428644028,0.0,0.20449218749999998,2.6266588753848454,6.877939674056196,5.0,0.9029800007584967
1757309834.744918,6.592596054077148,2.3636152744293213,3.8586134910583496,340.66,5.971256357369784,-0.1283203125,0.6381166958999926,0.6278259002860918,0.0,0.19248046875000002,2.6380280705430086,6.881605735856551,5.0,1.0042356504338423
1757309834.8976297,6.592596054077148,2.3636152744293213,3.8586134910583496,340.66,5.901780002439283,-0.10546875,0.593482525995148,0.6693896436516766,0.0,0.158203125,2.6472570214541644,6.885306943229583,5.0,1.0009495606975536
1757309835.0521219,6.592596054077148,2.3636152744293213,3.8586134910583496,340.66,5.855404254843884,-0.090234375,0.5622173624532526,0.6952944559017296,0.0,0.13535156250000002,2.6550546848147114,6.888862194916173,5.0,0.9985074581956503
1757309835.1993375,6.592596054077148,2.3636152744293213,3.8586134910583496,340.66,5.872591754843883,-0.073046875,0.5745162337772505,0.6845364995318972,0.0,0.10957031249999999,2.663324980298121,6.892462561067789,5.0,0.995800940402308
1757309835.3591814,7.016115188598633,2.5754034519195557,3.8872323036193848,330.75,5.8733730048438835,-0.072265625,0.5542431301188505,0.7319864737030833,0.0,0.1083984375,2.673745621705976,6.896989371771632,5.0,1.1263593037087887
1757309835.5068305,7.089995384216309,2.6150596141815186,3.8889124393463135,330.75,5.778510211834594,-0.071484375,0.4781036142409275,0.7890022533656753,0.0,0.10722656250000001,2.6816029101586127,6.9013296470713295,5.0,1.1486612364138056
1757309835.6607726,7.089995384216309,2.6150596141815186,3.8889124393463135,330.75,5.698457750971245,-0.07421875,0.41378578027505625,0.8242435710740212,0.0,0.111328125,2.6870650896249724,6.904945316734185,5.0,1.1472688667404105
1757309835.8172724,7.089995384216309,2.6150596141815186,3.8889124393463135,330.75,5.698457750971245,-0.07421875,0.41409020212432596,0.8237836820550453,0.0,0.111328125,2.6924999581940003,6.908542908048727,5.0,1.1458900752131855
1757309835.9578357,7.089995384216309,2.6150596141815186,3.8889124393463135,330.75,5.696309313471245,-0.0763671875,0.41261583925016077,0.8242256810511653,0.0,0.11455078125000001,2.6978462016665534,6.91209837681219,5.0,1.1445517793670685
1757309836.1032746,7.543233394622803,3.037735939025879,3.8841381072998047,324.28,5.702754625971244,-0.06992187500000001,0.40555497362424436,0.8404038974175386,0.0,0.1048828125,2.7059040912127816,6.917382613234726,5.0,1.2009203434916857
1757309836.26123,7.543233394622803,3.037735939025879,3.8841381072998047,324.28,5.681985207872512,-0.06992187500000001,0.38860031723847765,0.8477904500744916,0.0,0.1048828125,2.713304092195104,6.922458274311534,5.0,1.198329185249598
1757309836.401215,7.543233394622803,3.037735939025879,3.8841381072998047,324.28,5.681985207872512,-0.06992187500000001,0.38918096822501097,0.8469438967279008,0.0,0.1048828125,2.7206670931725148,6.927508557082959,5.0,1.195762806311305
1757309836.5551646,7.543233394622803,3.037735939025879,3.8841381072998047,324.28,5.681985207872512,-0.06992187500000001,0.38975606424288867,0.8461054421831973,0.0,0.1048828125,2.7279932791450383,6.932533588440526,5.0,1.1932209793928852
1757309836.7043262,7.543233394622803,3.037735939025879,3.8841381072998047,324.28,5.552722448367211,-0.10703125000000001,0.27764863262562756,0.8890530588577231,0.0,0.160546875,2.73167307050091,6.935829766797469,5.0,1.1924347588630235
1757309836.857701,7.761048316955566,3.6564228534698486,3.8570659160614014,321.59,5.526766820473266,-0.11640625,0.3066387104542405,0.8406882990080305,0.0,0.174609375,2.736790098463121,6.9406584894106755,5.0,1.0024473640734683
1757309836.9990523,7.761048316955566,3.6564228534698486,3.8570659160614014,321.59,5.496597435878522,-0.129296875,0.2814921714612709,0.8492040674632866,0.0,0.19394531250000002,2.7411102911917444,6.94498897392324,5.0,1.0012036218664875
1757309837.1663716,7.761048316955566,3.6564228534698486,3.8570659160614014,321.59,5.464952778988565,-0.1478515625,0.25474077734048756,0.8574437263811336,0.0,0.22177734375000002,2.744632901346706,6.948750851599583,5.0,1.0003205972037161
1757309837.3058372,7.761048316955566,3.6564228534698486,3.8570659160614014,321.59,5.452062153988564,-0.16074218750000002,0.24388827134425328,0.8604541954673262,0.0,0.24111328125000003,2.7478322336794534,6.9522570061117,5.0,0.99957150631099
1757309837.4518673,7.796405792236328,3.745663642883301,3.8584136962890625,320.77,5.427843403988565,-0.1849609375,0.22883789016678657,0.8610168124019645,0.0,0.27744140625,2.7507556637396293,6.955620914675157,5.0,0.9801681335835504
1757309837.6066508,7.978816509246826,4.226121425628662,3.836949348449707,319.76,5.410016079122211,-0.1884765625,0.23915113775673974,0.8434178963156203,0.0,0.28271484375,2.7548243374693517,6.96047474317592,5.0,0.8963363435250233
1757309837.7461894,7.978816509246826,4.226121425628662,3.836949348449707,319.76,5.390630441177068,-0.190234375,0.22310457510216514,0.8476151938386393,0.0,0.28535156250000004,2.7584272694006877,6.964946230174444,5.0,0.8952205323886382
1757309837.895375,7.978816509246826,4.226121425628662,3.836949348449707,319.76,5.389263253677068,-0.19160156250000002,0.2222852853525097,0.8476464227421627,0.0,0.28740234375,2.7619813340749326,6.9693694337941325,5.0,0.8941308841265627
1757309838.0891604,7.978816509246826,4.226121425628662,3.836949348449707,319.76,5.389849191177068,-0.19101562500000002,0.2231202186182738,0.847243877064216,0.0,0.28652343750000003,2.765530829333828,6.9737816532639485,5.0,0.8930454187045527
1757309838.198025,8.205717086791992,5.087512493133545,3.7406768798828125,312.61,5.397661691177068,-0.18320312500000002,0.2726354503369931,0.8104051505837448,0.0,0.27480468750000003,2.7718045170550867,6.981456644667964,5.0,0.7545139034219197
1757309838.349729,8.205717086791992,5.087512493133545,3.7406768798828125,312.61,5.377029433775145,-0.18027343750000002,0.25680317601567726,0.8151168380866405,0.0,0.27041015625000003,2.777542728553249,6.988779832619923,5.0,0.7515123541237578
1757309838.5066924,8.205717086791992,5.087512493133545,3.7406768798828125,312.61,5.314613249714987,-0.16816406250000002,0.20610992127865685,0.8291008695442206,0.0,0.25224609375,2.7818143693917308,6.9949939679614275,5.0,0.7495396567580519
1757309838.6468463,8.205717086791992,5.087512493133545,3.7406768798828125,312.61,5.347089399659473,-0.10898437500000001,0.23371131034289286,0.821390377105618,0.0,0.1634765625,2.7867951250127883,7.001758185761872,5.0,0.7470907248449699
1757309838.7978132,8.205717086791992,5.087512493133545,3.7406768798828125,312.61,5.372089399659473,-0.083984375,0.25506831055269497,0.8145954776318398,0.0,0.1259765625,2.7923372745951403,7.008903584145189,5.0,0.7442514495554029
1757309838.9568732,8.424181938171387,5.8930768966674805,3.6047255992889404,297.63,5.401190962159474,-0.0548828125,0.28155175467884713,0.8044503122381474,0.0,0.08232421875000001,2.8009760310749967,7.019396119739941,5.0,0.7348966569473836
1757309839.113473,8.424181938171387,5.8930768966674805,3.6047255992889404,297.63,5.320793854913817,-0.029687500000000002,0.21753371782108283,0.8234205279663405,0.0,0.04453125,2.807519762547849,7.028790647004536,5.0,0.7303350441125858
1757309839.2448788,8.424181938171387,5.8930768966674805,3.6047255992889404,297.63,5.185834390210723,-0.0087890625,0.10550899436919076,0.8448206621888827,0.0,0.01318359375,2.8110537801105866,7.035688876145821,5.0,0.7282431734749562
1757309839.3941505,8.424181938171387,5.8930768966674805,3.6047255992889404,297.63,5.188764077710723,-0.005859375,0.10873554694408627,0.8441199141971217,0.0,0.0087890625,2.8146272624813053,7.042614066888345,5.0,0.7261277810817184
1757309839.546947,8.424181938171387,5.8930768966674805,3.6047255992889404,297.63,5.183881265210723,-0.0107421875,0.10533346457427895,0.8442732495411833,0.0,0.01611328125,2.8180880225738405,7.049401938486379,5.0,0.7241048726274482
1757309839.6989353,8.690045356750488,6.496756553649902,3.6117939949035645,290.49,5.1815375152107235,-0.0130859375,0.04275590316584782,0.8752348983392161,0.0,0.01962890625,2.822975371285104,7.059043672695574,5.0,0.8939525802803567
1757309839.8463385,8.690045356750488,6.496756553649902,3.6117939949035645,290.49,5.069134124461077,-0.01640625,-0.05495135905547194,0.8742335368030713,0.0,0.024609375000000003,2.825633069138326,7.066174768189398,5.0,0.8919919027563052
1757309840.0027378,8.690045356750488,6.496756553649902,3.6117939949035645,290.49,5.039928819118328,-0.030078125,-0.07987433784066156,0.8720582573203465,0.0,0.0451171875,2.827800655580301,7.072554180664888,5.0,0.8904546381136003
1757309840.1473446,8.690045356750488,6.496756553649902,3.6117939949035645,290.49,5.041100694118327,-0.02890625,-0.07827021940349471,0.8719527080316023,0.0,0.043359375000000006,2.829975689205965,7.078930968874257,5.0,0.8889170106410234
1757309840.3067183,8.75703239440918,6.629786491394043,3.625847339630127,290.17,5.030944444118328,-0.0390625,-0.10741383301132834,0.8778048680624457,0.0,0.05859375,2.8322146847510727,7.085720186042281,5.0,0.9423345939616974
1757309840.4439485,8.954144477844238,7.102440357208252,3.694239616394043,290.39,5.005046890511946,-0.059375000000000004,-0.19790934279275518,0.8951581948645659,0.0,0.0890625,2.83478545499832,7.09425217271378,5.0,1.119364501061452
1757309840.6134658,8.954144477844238,7.102440357208252,3.694239616394043,290.39,4.983238416157558,-0.07734375,-0.21653244522688408,0.8903934601636444,0.0,0.11601562500000001,2.8369862199035114,7.1021779202587485,5.0,1.1171582635702322
1757309840.7585242,8.954144477844238,7.102440357208252,3.694239616394043,290.39,4.9891600523663335,-0.0791015625,-0.21037913795089902,0.8914109584980371,0.0,0.11865234375,2.839270287416481,7.110218666417156,5.0,1.1148791375507718
1757309840.9028144,8.954144477844238,7.102440357208252,3.694239616394043,290.39,5.016699114866333,-0.051562500000000004,-0.18471713230558826,0.8965402725245883,0.0,0.07734375,2.8420041726626213,7.118923501202157,5.0,1.1121625309101164
1757309841.0477157,8.964760780334473,7.559370517730713,3.7002265453338623,285.96,5.040331927366333,-0.0279296875,-0.17172611409115207,0.903460542711276,0.0,0.041894531250000006,2.84585175997292,7.130232347916417,5.0,1.1339389602647287
1757309841.19732,8.964760780334473,7.559370517730713,3.7002265453338623,285.96,5.10154754810303,0.0011718750000000002,-0.11390791627070851,0.9113615533574773,0.0,-0.0017578125000000003,2.851009130609004,7.1428091028485685,5.0,1.1279264557343947
1757309841.3491423,8.964760780334473,7.559370517730713,3.7002265453338623,285.96,5.026099779002984,0.03515625,-0.1806644360947514,0.8996591812238333,0.0,-0.052734375,2.854531499974738,7.153666406394542,5.0,1.1236833429334432
1757309841.4963768,8.964760780334473,7.559370517730713,3.7002265453338623,285.96,5.035474779002985,0.04453125,-0.1705522307003472,0.9007541761963378,0.0,-0.066796875,2.8582218549567213,7.164688392655759,5.0,1.1192803193682304
1757309841.6481433,8.964760780334473,7.559370517730713,3.7002265453338623,285.96,5.041724779002984,0.05078125,-0.16321721702918074,0.9012208114646653,0.0,-0.076171875,2.8620194128569327,7.1757994160720875,5.0,1.114783641990062
1757309841.798889,8.874542236328125,7.9065632820129395,3.7122128009796143,280.17,5.016001913353056,0.046875,-0.16224071833272175,0.8891736040567401,0.0,-0.0703125,2.865748917423015,7.187703381419734,5.0,1.0516408275772253
1757309841.9432755,8.874542236328125,7.9065632820129395,3.7122128009796143,280.17,4.951374798037244,0.039843750000000004,-0.21788568157880775,0.8764884020807658,0.0,-0.059765625,2.8682590860708985,7.198006071929574,5.0,1.0479327543405272
1757309842.0974376,8.874542236328125,7.9065632820129395,3.7122128009796143,280.17,4.915670215312513,0.025781250000000002,-0.24786019099629586,0.8679097916563079,0.0,-0.038671875,2.8701835870672676,7.207342490975917,5.0,1.0449344498987
1757309842.2501543,8.874542236328125,7.9065632820129395,3.7122128009796143,280.17,4.900045215312513,0.01015625,-0.2603314152403834,0.8637300847323756,0.0,-0.015234375000000001,2.871869220280084,7.216219361803256,5.0,1.0422394909306396
1757309842.4054003,8.874542236328125,7.9065632820129395,3.7122128009796143,280.17,4.864888965312513,-0.025,-0.28970027468357795,0.8539184861396202,0.0,0.037500000000000006,2.8730800881451586,7.224097831648534,5.0,1.0401413068746992
1757309842.5583959,8.649124145507812,8.553510665893555,3.7035558223724365,281.46,4.833127849784921,-0.054492187500000004,-0.2704095553833229,0.8386753054657473,0.0,0.08173828125,2.8742938405112683,7.234101641155388,5.0,0.9236395253312804
1757309842.7026975,8.649124145507812,8.553510665893555,3.7035558223724365,281.46,4.82802871266324,-0.084375,-0.2733747512795221,0.8371336424933914,0.0,0.12656250000000002,2.8754343409990306,7.243920170897167,5.0,0.9203480660577332
1757309842.8589478,8.649124145507812,8.553510665893555,3.7035558223724365,281.46,4.79834121266324,-0.11406250000000001,-0.29701453948633,0.8285563552485042,0.0,0.17109375000000002,2.8762071335116746,7.252888972276163,5.0,0.9176167176746581
1757309843.0081236,8.649124145507812,8.553510665893555,3.7035558223724365,281.46,4.77373183766324,-0.138671875,-0.31639420322655376,0.8209404475947119,0.0,0.2080078125,2.8767135324867406,7.26113383816732,5.0,0.9153158960584715
1757309843.1733565,8.472911834716797,8.775757789611816,3.6593339443206787,284.89,4.7584974626632395,-0.15390625000000002,-0.28072665764231963,0.8138042116029217,0.0,0.23085937500000003,2.877121668068816,7.269979202185094,5.0,0.7948457048921549
1757309843.3043873,8.153328895568848,9.129859924316406,3.6450939178466797,287.25,4.759311820454793,-0.16757812500000002,-0.19840179796169705,0.8101979241648516,0.0,0.25136718750000003,2.8776154241893566,7.280494202774882,5.0,0.5904656518136164
1757309843.4501505,8.153328895568848,9.129859924316406,3.6450939178466797,287.25,4.7970731935066455,-0.1751953125,-0.16580964643617577,0.8169522847036671,0.0,0.26279296875,2.8785834660932283,7.291898060520208,5.0,0.5857893943956682
1757309843.6031864,8.153328895568848,9.129859924316406,3.6450939178466797,287.25,4.845489526353711,-0.16796875,-0.12382474707330052,0.8237181510946118,0.0,0.251953125,2.8802567174851266,7.304395069599928,5.0,0.5801086128395072
1757309843.7547436,8.153328895568848,9.129859924316406,3.6450939178466797,287.25,4.879864526353711,-0.13359375,-0.0929105359799813,0.8270592235653719,0.0,0.20039062500000002,2.882489507272001,7.317602224687477,5.0,0.5736905033456798
1757309843.9086957,7.844782829284668,9.854771614074707,3.6944382190704346,275.42,4.899395776353711,-0.11406250000000001,-0.07247682566418504,0.82790929036805,0.0,0.17109375000000002,2.885664550254789,7.334382065962704,5.0,0.5628425808789963
1757309844.0550668,7.844782829284668,9.854771614074707,3.6944382190704346,275.42,4.880588012128654,-0.0890625,-0.08414529027038731,0.8257394670108356,0.0,0.13359375,2.8884393332291034,7.350723220907085,5.0,0.5529811098379991
1757309844.1996906,7.844782829284668,9.854771614074707,3.6944382190704346,275.42,4.7329623883427825,-0.0740234375,-0.20224835454570772,0.804330860976323,0.0,0.11103515624999999,2.8887073323533996,7.363747864768481,5.0,0.5468805333169167
1757309844.360359,7.844782829284668,9.854771614074707,3.6944382190704346,275.42,4.7397983258427825,-0.0671875,-0.19426484163903507,0.8056266089662107,0.0,0.10078124999999999,2.889067160196199,7.376872502468483,5.0,0.540677016407642
1757309844.507678,7.844782829284668,9.854771614074707,3.6944382190704346,275.42,4.7310092633427825,-0.07597656250000001,-0.19895937597839433,0.8038438141062306,0.0,0.11396484375000002,2.889306392899481,7.389718980401404,5.0,0.534729550605749
1757309844.6515965,7.790725231170654,10.604215621948242,3.7324419021606445,267.45,4.721048325842783,-0.0859375,-0.3340371189837993,0.8029226097523132,0.0,0.12890625,2.889447400727135,7.406002463242333,5.0,0.8524432316526358
1757309844.79541,7.790725231170654,10.604215621948242,3.7324419021606445,267.45,4.583491259258365,-0.105859375,-0.43879658917977205,0.749816953002115,0.0,0.15878906250000002,2.8878138583149813,7.418605366261201,5.0,0.8469353195683595
1757309844.9474502,7.790725231170654,10.604215621948242,3.7324419021606445,267.45,4.546398709458835,-0.121484375,-0.46447067792997576,0.7333354777578757,0.0,0.18222656250000002,2.8858875176347034,7.430103727455934,5.0,0.842295722991274
1757309845.097195,7.790725231170654,10.604215621948242,3.7324419021606445,267.45,4.552648709458834,-0.115234375,-0.45801014854486083,0.7365250594165031,0.0,0.1728515625,2.8840157350919315,7.441721553399366,5.0,0.8375651441774874
1757309845.2597544,7.790725231170654,10.604215621948242,3.7324419021606445,267.36,4.559875271958834,-0.10800781250000001,-0.45076099678939197,0.7401099403610816,0.0,0.16201171875,2.8822075898576713,7.453485112570701,5.0,0.8327221927504169
1757309845.402261,7.836775779724121,11.316306114196777,3.7522501945495605,264.46,4.57236697563204,-0.0939453125,-0.6165204555466987,0.7210119798274005,0.0,0.14091796875,2.8800209347765637,7.468999429290013,5.0,1.274646390087601
1757309845.5541975,7.836775779724121,11.316306114196777,3.7522501945495605,264.46,4.59230544328563,-0.0771484375,-0.59873615775478,0.733556929642635,0.0,0.11572265625,2.87808875552309,7.485012306506519,5.0,1.2663697022139866
1757309845.6956928,7.836775779724121,11.316306114196777,3.7522501945495605,264.46,4.577025864824203,-0.038671875,-0.6067876643775246,0.7247436045428665,0.0,0.058007812500000006,2.875978762408567,7.500504636744555,5.0,1.2585819450042726
1757309845.8521116,7.836775779724121,11.316306114196777,3.7522501945495605,264.46,4.590697739824203,-0.025,-0.5936101215975746,0.7333644166520379,0.0,0.037500000000000006,2.874045374633216,7.51631378324177,5.0,1.2504907638465168
1757309846.012797,7.787864685058594,11.635466575622559,3.758148431777954,253.12,4.626244614824204,0.010546875,-0.6273101482235933,0.7488042415505172,0.0,-0.015820312500000003,2.8724618030930253,7.534651052786621,5.0,1.401396210544041
1757309846.143339,7.689085960388184,11.878823280334473,3.750957727432251,253.12,4.602175741315899,0.015625,-0.6745028041175022,0.73024189008777,0.0,-0.0234375,2.8703785696377753,7.553476301469104,5.0,1.475227208774406
1757309846.307596,7.689085960388184,11.878823280334473,3.750957727432251,253.12,4.410160215148047,-0.007617187500000001,-0.7993269945818331,0.588766950112046,0.0,0.011425781250000001,2.8663677226854207,7.5663406523413,5.0,1.4696304080692073
1757309846.4540482,7.689085960388184,11.878823280334473,3.750957727432251,253.12,4.384769590148047,-0.033007812500000004,-0.8121455912390075,0.5689199432020258,0.0,0.04951171875,2.862295142486503,7.578323512617177,5.0,1.4646893082279284
1757309846.6021097,7.689085960388184,11.878823280334473,3.750957727432251,253.12,4.358988340148048,-0.0587890625,-0.8249226614178526,0.5483922562667011,0.0,0.08818359375000001,2.8582039595870934,7.589414123633145,5.0,1.4603755168919657
1757309846.7489293,7.434742450714111,12.297327995300293,3.780904531478882,257.17,4.340043027648047,-0.07773437500000001,-0.8723319952294069,0.5181496521161325,0.0,0.1166015625,2.853255604884916,7.602083874047263,5.0,1.5601325502360908
1757309846.906249,7.434742450714111,12.297327995300293,3.780904531478882,257.17,4.365026047416324,-0.09062500000000001,-0.8567840153120547,0.5406235226047019,0.0,0.13593750000000002,2.848395798596214,7.6155071619078,5.0,1.55393179163325
1757309847.049882,7.434742450714111,12.297327995300293,3.780904531478882,257.17,4.405650737353818,-0.08281250000000001,-0.83136891023872,0.5758460026398349,0.0,0.12421875000000002,2.843748113643965,7.63018090453002,5.0,1.5467160446971864
1757309847.2041845,7.434742450714111,12.297327995300293,3.780904531478882,257.17,4.428892924853818,-0.0595703125,-0.8147701679279986,0.5958831151166323,0.0,0.08935546875,2.8392773271193135,7.6455263294705595,5.0,1.5389263981476677
1757309847.4169223,7.434742450714111,12.297327995300293,3.780904531478882,257.17,4.428892924853818,-0.0595703125,-0.8118050091286172,0.5967469942242551,0.0,0.08935546875,2.834828894527285,7.6607950272863965,5.0,1.5312053013108606
1757309847.4990351,7.0633392333984375,12.602339744567871,3.784428358078003,249.79,4.483634389735798,-0.010937500000000001,-0.7628131898249041,0.6437919297690358,0.0,0.01640625,2.8304592080553923,7.679562734979123,5.0,1.4923806723792525
1757309847.6558034,7.0633392333984375,12.602339744567871,3.784428358078003,249.79,4.42221554775044,0.0023437500000000003,-0.7972693695446454,0.5968377955321285,0.0,-0.0035156250000000005,2.8254437356992494,7.69635926629977,5.0,1.4829316441380715
1757309847.7943413,7.0633392333984375,12.602339744567871,3.784428358078003,249.79,4.379970438556636,0.0203125,-0.8186811963291298,0.5636988725130195,0.0,-0.030468750000000003,2.8201336040626765,7.711740724363768,5.0,1.4747782038652124
1757309847.949762,7.0633392333984375,12.602339744567871,3.784428358078003,249.79,4.396376688556636,0.03671875,-0.8060741226313517,0.5781162615071287,0.0,-0.055078125000000006,2.814959557739187,7.727564967675673,5.0,1.4662322100260967
1757309848.1007965,6.888067722320557,12.684221267700195,3.783412218093872,246.94,4.390907938556635,0.03125,-0.7865260523734312,0.581258482385188,0.0,-0.046875,2.809563179898039,7.7437686568848205,5.0,1.406424221223066
1757309848.2709007,6.417798042297363,12.889890670776367,3.774860143661499,243.53,4.328275429874798,0.018359375,-0.7729134510346162,0.5504728132384704,0.0,-0.027539062500000003,2.8031570650855815,7.7596179077387655,5.0,1.2757731011648286
1757309848.3998303,6.417798042297363,12.889890670776367,3.774860143661499,243.53,4.263739574153728,-0.005859375,-0.8041307376785666,0.5007682572611398,0.0,0.0087890625,2.7965321954883504,7.773379855442106,5.0,1.26835299394489
1757309848.551703,6.417798042297363,12.889890670776367,3.774860143661499,243.53,4.186728452381791,-0.063671875,-0.8383997767985303,0.4385054592122323,0.0,0.09550781250000001,2.7899872965258328,7.784662169120058,5.0,1.262936121441708
1757309848.698397,6.417798042297363,12.889890670776367,3.774860143661499,243.53,4.145322202381791,-0.10507812500000001,-0.854339106377386,0.4043758095106332,0.0,0.1576171875,2.7836556718560774,7.794604453816524,5.0,1.2585088001358251
1757309848.84737,5.60335636138916,13.24962329864502,3.7959558963775635,250.06,4.116220639881791,-0.1341796875,-0.8244319229104469,0.4073766067191495,0.0,0.20126953125000002,2.7754278141912407,7.806730521578237,5.0,1.133698855560377
1757309848.994983,5.60335636138916,13.24962329864502,3.7959558963775635,250.06,4.092845168543686,-0.18984375,-0.8316672898523074,0.3894656431238935,0.0,0.284765625,2.7673298196041607,7.818084645784938,5.0,1.1273696382070906
1757309849.1517177,5.60335636138916,13.24962329864502,3.7959558963775635,250.06,4.148354702537021,-0.21601562500000002,-0.806176494247321,0.43665341719283335,0.0,0.3240234375,2.7591127985809205,7.831074261747894,5.0,1.1196727943440639
1757309849.314317,5.60335636138916,13.24962329864502,3.7959558963775635,250.06,4.125893765037021,-0.23847656250000002,-0.8134334768437645,0.4199965433204501,0.0,0.35771484375,2.7509802027498687,7.843313087495976,5.0,1.1126295364227872
1757309849.4516861,5.60335636138916,13.24962329864502,3.7959558963775635,250.06,4.1160304837870205,-0.24833984375,-0.8153091611713268,0.4134649709994498,0.0,0.37250976562500004,2.7429176269630497,7.855190703982756,5.0,1.105899833092571
1757309849.6186955,4.746232986450195,13.799747467041016,3.8279645442962646,249.44,4.110073452537021,-0.25429687500000003,-0.8691335976264022,0.3732777825213603,0.0,0.3814453125,2.7322565716134286,7.870696757517739,5.0,1.2617683856572999
1757309849.7502375,4.746232986450195,13.799747467041016,3.8279645442962646,249.44,4.126454658525382,-0.24960937500000002,-0.8590123100095218,0.39004638728984126,0.0,0.37441406250000003,2.721677063110953,7.886637356249564,5.0,1.2500958287911157
1757309849.8977134,4.746232986450195,13.799747467041016,3.8279645442962646,249.44,4.129525848674656,-0.2240234375,-0.8539129588132679,0.3952521628221165,0.0,0.33603515625,2.7111573683928643,7.90259397847642,5.0,1.238425445487107
1757309850.0529218,4.746232986450195,13.799747467041016,3.8279645442962646,249.44,4.155893036174656,-0.19765625,-0.8389925104905026,0.42024214220100686,0.0,0.296484375,2.700771666116242,7.919289132990178,5.0,1.2260502914359979
1757309850.2016857,4.746232986450195,13.799747467041016,3.8279645442962646,249.44,4.183041473674655,-0.17050781250000002,-0.8227508203328844,0.44550913728128194,0.0,0.25576171875000003,2.690564342430582,7.936736331105598,5.0,1.212944000561099
1757309850.3537457,4.166754245758057,14.187381744384766,3.8465018272399902,231.87,4.219124740760766,-0.10039062500000001,-0.8736766658834709,0.4385950994975307,0.0,0.15058593750000002,2.6791847817148207,7.957904125493784,5.0,1.4046275703289357
1757309850.5085897,4.166754245758057,14.187381744384766,3.8465018272399902,231.87,4.108180417230878,-0.05390625,-0.9121609068341614,0.3424153743297738,0.0,0.08085937500000001,2.667023070478533,7.97552129079203,5.0,1.3903367589677655
1757309850.6486814,4.166754245758057,14.187381744384766,3.8465018272399902,231.87,4.030683999099252,-0.0162109375,-0.932282656402446,0.27373108240445515,0.0,0.024316406250000002,2.654803512477799,7.99057955439893,5.0,1.3785854546035488
1757309850.8139226,4.166754245758057,14.187381744384766,3.8465018272399902,231.87,4.056269936599253,0.009375000000000001,-0.921029777808958,0.3005293633257714,0.0,-0.014062500000000002,2.642639878650138,8.006378431699732,5.0,1.366139061899931
1757309850.966847,4.061784744262695,14.240160942077637,3.8582820892333984,225.42,4.068769936599252,0.021875000000000002,-0.9216129582293675,0.30870890355151964,0.0,-0.0328125,2.630233035934444,8.022916824846051,5.0,1.3799267007441625
1757309851.0996828,3.633518934249878,14.497912406921387,3.9494199752807617,217.23,4.074238686599252,0.02734375,-0.9700910697459113,0.276527096273206,0.0,-0.041015625,2.6165226275829285,8.041402618548862,5.0,1.536115064403659
1757309851.251901,3.633518934249878,14.497912406921387,3.9494199752807617,217.23,3.8704091189466987,0.022656250000000003,-1.0034325729086349,0.07729319925688777,0.0,-0.033984375000000004,2.6033141890441818,8.053194959028529,5.0,1.526538500631017
1757309851.4025228,3.633518934249878,14.497912406921387,3.9494199752807617,217.23,3.795284984107282,0.00390625,-1.004614579911448,0.004099369472845782,0.0,-0.005859375,2.5910042484313935,8.06262495202328,5.0,1.519184112856161
1757309851.5462854,3.633518934249878,14.497912406921387,3.9494199752807617,217.23,3.780441234107282,-0.010937500000000001,-1.0029213552013094,-0.008600213792164746,0.0,0.01640625,2.578961439707158,8.071569816253547,5.0,1.5122938049452026
1757309851.698638,2.988548994064331,14.804022789001465,3.9302542209625244,217.16,3.765011546607282,-0.0263671875,-1.0547519752873016,-0.09650266006976127,0.0,0.03955078125,2.5643557367137095,8.082072529596692,5.0,1.735321462966235
1757309851.8442163,2.988548994064331,14.804022789001465,3.9302542209625244,217.16,3.7375847558237068,-0.046289062500000006,-1.0497604267848204,-0.12251853700546722,0.0,0.06943359375000001,2.5501949175509755,8.09167737565045,5.0,1.7266436834821484
1757309851.9967046,2.988548994064331,14.804022789001465,3.9302542209625244,217.16,3.722383566130886,-0.0677734375,-1.0459858156381516,-0.13573248241922398,0.0,0.10166015625000001,2.5363315143672254,8.100775919443612,5.0,1.718483403505643
1757309852.1479156,2.988548994064331,14.804022789001465,3.9302542209625244,217.16,3.707344503630886,-0.08281250000000001,-1.042183658675243,-0.1488602851536931,0.0,0.12421875000000002,2.5227758977974997,8.109383618418171,5.0,1.710822468335321
1757309852.3054042,2.988548994064331,14.804022789001465,3.9302542209625244,217.16,3.695625753630886,-0.09453125000000001,-1.0388383830085308,-0.15859095286414082,0.0,0.14179687500000002,2.509483595742207,8.117607142117375,5.0,1.7035556131627576
1757309852.4528892,2.4515602588653564,14.833331108093262,3.902146100997925,218.67,3.680196066130886,-0.10996093750000001,-1.0369538131217009,-0.17574844511656235,0.0,0.16494140625,2.4944848766094916,8.126569368852545,5.0,1.7068991009073375
1757309852.605235,2.4515602588653564,14.833331108093262,3.902146100997925,218.67,3.6907220065248323,-0.11601562500000001,-1.0368024151805284,-0.16164731435374557,0.0,0.17402343750000002,2.479399199836939,8.135800414107164,5.0,1.6975885513758096
1757309852.756366,2.4515602588653564,14.833331108093262,3.902146100997925,218.67,3.694636475336,-0.12187500000000001,-1.0354631586583651,-0.1544058424845361,0.0,0.18281250000000002,2.464330231479637,8.145102504016617,5.0,1.688240795051386
1757309852.8950438,2.4515602588653564,14.833331108093262,3.902146100997925,218.67,3.695808350336,-0.12070312500000001,-1.0336851208114914,-0.1500282932890769,0.0,0.1810546875,2.449319152998536,8.154393170428678,5.0,1.678938313664137
1757309853.0440304,2.4515602588653564,14.833331108093262,3.902146100997925,218.67,3.714167725336,-0.10234375000000001,-1.0341466853285317,-0.12773976548267968,0.0,0.15351562500000002,2.4341195932362334,8.164190921896108,5.0,1.6691629909582657
1757309853.1932786,1.668216347694397,14.601200103759766,3.7741758823394775,215.65,3.720808350336,-0.095703125,-0.9911596712814197,-0.053882985461603805,0.0,0.1435546875,2.41669386737639,8.175588184127049,5.0,1.4690576701089437
1757309853.3666391,1.668216347694397,14.601200103759766,3.7741758823394775,215.65,3.7277401219300885,-0.06171875,-0.988528658648672,-0.042522179208866806,0.0,0.09257812500000001,2.399291270654562,8.187143340133805,5.0,1.4555863180657074
1757309853.5095632,1.668216347694397,14.601200103759766,3.7741758823394775,215.65,3.715755656925772,-0.048046875,-0.9851271409167227,-0.050004845842750445,0.0,0.07207031250000001,2.382088890553994,8.198270831031111,5.0,1.4426017476648605
1757309853.652545,1.668216347694397,14.601200103759766,3.7741758823394775,215.65,3.722591594425772,-0.0412109375,-0.9825706162092043,-0.03889031638991042,0.0,0.061816406250000004,2.364906480209116,8.20955275211213,5.0,1.4295048805151094
1757309853.802262,1.5549670457839966,14.564210891723633,3.7430038452148438,210.78,3.725130656925772,-0.038671875,-0.9745032386935132,-0.024031709398284806,0.0,0.058007812500000006,2.347476733289237,8.22106051409127,5.0,1.3924665285042543
1757309853.942953,0.9628848433494568,14.388251304626465,3.533184289932251,203.9,3.723958781925772,-0.039843750000000004,-0.9550913774759988,0.00425895659369141,0.0,0.059765625,2.328483753715562,8.233568444955539,5.0,1.304362099936851
1757309854.0997617,0.9628848433494568,14.388251304626465,3.533184289932251,203.9,3.529682624057122,-0.0646484375,-0.9363988190583715,-0.17642291495127133,0.0,0.09697265625000001,2.311854255904802,8.240366981175582,5.0,1.2941401422706695
1757309854.250031,0.9628848433494568,14.388251304626465,3.533184289932251,203.9,3.4755232198164383,-0.083203125,-0.9243506301231335,-0.22361175379093307,0.0,0.12480468750000001,2.2963153944695844,8.24575776220451,5.0,1.285559955434037
1757309854.3968096,0.9628848433494568,14.388251304626465,3.533184289932251,203.9,3.4589216573164383,-0.0998046875,-0.9195067739628293,-0.23586786219007738,0.0,0.14970703125,2.28119262991515,8.250724496946345,5.0,1.2775131011501566
1757309854.558158,0.06569477915763855,14.266042709350586,3.328382968902588,200.84,3.4462263448164383,-0.1125,-0.930940714172536,-0.2936460799938253,0.0,0.16875,2.262505823350895,8.256600014961162,5.0,1.3983888801041067
1757309854.698327,0.06569477915763855,14.266042709350586,3.328382968902588,200.84,3.3992186035877197,-0.134375,-0.9150514095824371,-0.3330349312093317,0.0,0.20156249999999998,2.2448318624081463,8.261256769382197,5.0,1.3879646690037024
1757309854.844822,0.06569477915763855,14.266042709350586,3.328382968902588,200.84,3.3594208322054113,-0.1458984375,-0.9002838472615369,-0.3655983801704959,0.0,0.21884765625000002,2.2281099099152786,8.264958008022482,5.0,1.3787974407598016
1757309855.002146,0.06569477915763855,14.266042709350586,3.328382968902588,200.84,3.3475067697054115,-0.15781250000000002,-0.8951488486139443,-0.3728729801852344,0.0,0.23671875000000003,2.211744464128199,8.26837633450505,5.0,1.3700495441020744
1757309855.1464765,0.06569477915763855,14.266042709350586,3.328382968902588,200.84,3.3428192697054113,-0.1625,-0.8927084206501752,-0.3737178189826108,0.0,0.24375000000000002,2.195570007520087,8.271675719421381,5.0,1.3615095770064594
1757309855.3015332,-0.6863539218902588,14.280458450317383,3.3453283309936523,196.32,3.3424286447054112,-0.162890625,-0.9157447958991511,-0.4879400037486409,0.0,0.24433593750000002,2.1758608776118393,8.275688114462088,5.0,1.6520327979390288
1757309855.4476132,-0.6863539218902588,14.280458450317383,3.3453283309936523,196.32,3.3281253961971062,-0.148046875,-0.9078141365304591,-0.4964409909673775,0.0,0.22207031249999998,2.156570578140963,8.279328709381357,5.0,1.6404651855442074
1757309855.610132,-0.6863539218902588,14.280458450317383,3.3453283309936523,196.32,3.292446012515268,-0.13398437500000002,-0.8889046524591024,-0.524411510627372,0.0,0.2009765625,2.138218894476686,8.282118315453348,5.0,1.630105275821779
1757309855.7463567,-0.6863539218902588,14.280458450317383,3.3453283309936523,196.32,3.303188200015268,-0.1232421875,-0.8938041925756134,-0.5106466427532641,0.0,0.18486328125,2.1196990306254957,8.285137367793867,5.0,1.6195021002242553
1757309855.896309,-0.6863539218902588,14.280458450317383,3.3453283309936523,196.32,3.316860075015268,-0.1095703125,-0.8999390612633456,-0.49407133387103414,0.0,0.16435546875,2.100948376026188,8.288457816429553,5.0,1.6085645715603372
1757309856.044816,-1.3551520109176636,14.263738632202148,3.3746752738952637,187.87,3.325649137515268,-0.10078125,-0.9247186266865399,-0.5961103759488405,0.0,0.151171875,2.0788711076919193,8.292567796951522,5.0,1.888207018004958