timestamp,x,y,z,compass_hdg,bearing,yaw_error,vel_x,vel_y,vel_z,yaw_rate,estimated_state_x,estimated_state_y,desired_radius,distance_error
1757309205.7857623,0.0,0.0,0.0,0.0,0.0,0.0,0.0,0.0,0.0,0.0,0.0,0.0,5.0,0.0
1757309205.8271298,0.0,0.0,0.0,0.0,0.0,0.0,0.0,0.0,0.0,0.0,0.0,0.0,5.0,0.0
1757309205.9901233,0.14102351665496826,1.545540452003479,0.3595925569534302,288.13,0.0,0.0,0.0,0.0,0.0,0.0,0.0,0.0,5.0,0.0
1757309206.1270874,0.17363709211349487,1.5393389463424683,0.3353126049041748,288.2,0.0,0.0,0.0,0.0,0.0,0.0,0.0,0.0,5.0,0.0
1757309206.276682,0.17363709211349487,1.5393389463424683,0.3353126049041748,288.2,0.0,0.0,0.0,0.0,0.0,0.0,0.0,0.0,5.0,0.0
1757309206.426942,0.17363709211349487,1.5393389463424683,0.3353126049041748,288.2,0.0,0.0,0.0,0.0,0.0,0.0,0.0,0.0,5.0,0.0
1757309206.5774999,0.17363709211349487,1.5393389463424683,0.3353126049041748,288.2,0.0,0.0,0.0,0.0,0.0,0.0,0.0,0.0,5.0,0.0
1757309206.7269127,0.19948622584342957,1.5436474084854126,0.3005022406578064,288.32,0.0,0.0,0.0,0.0,0.0,0.0,0.0,0.0,5.0,0.0
1757309206.8766644,0.19948622584342957,1.5436474084854126,0.3005022406578064,288.32,0.0,0.0,0.0,0.0,0.0,0.0,0.0,0.0,5.0,0.0
1757309207.0275257,0.19948622584342957,1.5436474084854126,0.3005022406578064,288.32,0.0,0.0,0.0,0.0,0.0,0.0,0.0,0.0,5.0,0.0
1757309207.17746,0.19948622584342957,1.5436474084854126,0.3005022406578064,288.32,0.0,0.0,0.0,0.0,0.0,0.0,0.0,0.0,5.0,0.0
1757309207.3273213,0.19948622584342957,1.5436474084854126,0.3005022406578064,288.32,0.0,0.0,0.0,0.0,0.0,0.0,0.0,0.0,5.0,0.0
1757309207.4766788,0.21633288264274597,1.5424941778182983,0.2610155940055847,288.44,0.0,0.0,0.0,0.0,0.0,0.0,0.0,0.0,5.0,0.0
1757309207.6271431,0.21633288264274597,1.5424941778182983,0.2610155940055847,288.44,0.0,0.0,0.0,0.0,0.0,0.0,0.0,0.0,5.0,0.0
1757309207.777213,0.21633288264274597,1.5424941778182983,0.2610155940055847,288.44,0.0,0.0,0.0,0.0,0.0,0.0,0.0,0.0,5.0,0.0
1757309207.9269,0.21633288264274597,1.5424941778182983,0.2610155940055847,288.44,0.0,0.0,0.0,0.0,0.0,0.0,0.0,0.0,5.0,0.0
1757309208.076874,0.21633288264274597,1.5424941778182983,0.2610155940055847,288.44,0.0,0.0,0.0,0.0,0.0,0.0,0.0,0.0,5.0,0.0
1757309208.227252,0.2178659737110138,1.548257827758789,0.22678472101688385,288.54,0.0,0.0,0.0,0.0,0.0,0.0,0.0,0.0,5.0,0.0
1757309208.3770459,0.2178659737110138,1.548257827758789,0.22678472101688385,288.54,0.0,0.0,0.0,0.0,0.0,0.0,0.0,0.0,5.0,0.0
1757309208.5274744,0.2178659737110138,1.548257827758789,0.22678472101688385,288.54,0.0,0.0,0.0,0.0,0.0,0.0,0.0,0.0,5.0,0.0
1757309208.6807451,0.2178659737110138,1.548257827758789,0.22678472101688385,288.54,0.0,0.0,0.0,0.0,0.0,0.0,0.0,0.0,5.0,0.0
1757309208.8385532,0.2182599902153015,1.5480096340179443,0.2231680303812027,288.58,0.0,0.0,0.0,0.0,0.0,0.0,0.0,0.0,5.0,0.0
1757309208.9770603,0.21868911385536194,1.5392738580703735,0.20877563953399658,288.67,0.0,0.0,0.0,0.0,0.0,0.0,-5.4688679166886285,3.4595585232500214,5.0,0.0
1757309209.1269226,0.21868911385536194,1.5392738580703735,0.20877563953399658,288.67,0.0,0.0,0.0,0.0,0.0,0.0,-5.4688679166886285,3.4595585232500214,5.0,0.0
1757309209.2770112,0.21868911385536194,1.5392738580703735,0.20877563953399658,288.67,0.0,0.0,0.0,0.0,0.0,0.0,-5.4688679166886285,3.4595585232500214,5.0,0.0
1757309209.4269614,0.21868911385536194,1.5392738580703735,0.20877563953399658,288.67,0.0,0.0,0.0,0.0,0.0,0.0,-5.4688679166886285,3.4595585232500214,5.0,0.0
1757309209.5773356,0.21990033984184265,1.5438050031661987,0.18207427859306335,288.78,0.0,0.0,0.0,0.0,0.0,0.0,-5.4688679166886285,3.4595585232500214,5.0,0.0
1757309209.728165,0.21990033984184265,1.5438050031661987,0.18207427859306335,288.78,0.0,0.0,0.0,0.0,0.0,0.0,-5.4688679166886285,3.4595585232500214,5.0,0.0
1757309209.8780403,0.21990033984184265,1.5438050031661987,0.18207427859306335,288.78,0.0,0.0,0.0,0.0,0.0,0.0,-5.4688679166886285,3.4595585232500214,5.0,0.0
1757309210.0270247,0.21990033984184265,1.5438050031661987,0.18207427859306335,288.78,0.0,0.0,0.0,0.0,0.0,0.0,-5.4688679166886285,3.4595585232500214,5.0,0.0
1757309210.177015,0.21990033984184265,1.5438050031661987,0.18207427859306335,288.78,0.0,0.0,0.0,0.0,0.0,0.0,-5.4688679166886285,3.4595585232500214,5.0,0.0
1757309210.3270502,0.23138506710529327,1.5549027919769287,0.15629257261753082,288.88,0.0,0.0,0.0,0.0,0.0,0.0,-5.4688679166886285,3.4595585232500214,5.0,0.0
1757309210.4821696,0.23138506710529327,1.5549027919769287,0.15629257261753082,288.88,0.0,0.0,0.0,0.0,0.0,0.0,-5.4688679166886285,3.4595585232500214,5.0,0.0
1757309210.6283376,0.23138506710529327,1.5549027919769287,0.15629257261753082,288.88,0.0,0.0,0.0,0.0,0.0,0.0,-5.4688679166886285,3.4595585232500214,5.0,0.0
1757309210.7835584,0.23138506710529327,1.5549027919769287,0.15629257261753082,288.88,0.0,0.0,0.0,0.0,0.0,0.0,-5.4688679166886285,3.4595585232500214,5.0,0.0
1757309210.9273295,0.23138506710529327,1.5549027919769287,0.15629257261753082,288.88,0.0,0.0,0.0,0.0,0.0,0.0,-5.4688679166886285,3.4595585232500214,5.0,0.0
1757309211.0784962,0.23632951080799103,1.5632929801940918,0.1429615020751953,289.0,0.0,0.0,0.0,0.0,0.0,0.0,-5.4688679166886285,3.4595585232500214,5.0,0.0
1757309211.227,0.23632951080799103,1.5632929801940918,0.1429615020751953,289.0,0.0,0.0,0.0,0.0,0.0,0.0,-5.4688679166886285,3.4595585232500214,5.0,0.0
1757309211.3848965,0.23632951080799103,1.5632929801940918,0.1429615020751953,289.0,0.0,0.0,0.0,0.0,0.0,0.0,-5.4688679166886285,3.4595585232500214,5.0,0.0
1757309211.5280607,0.23632951080799103,1.5632929801940918,0.1429615020751953,289.0,0.0,0.0,0.0,0.0,0.0,0.0,-5.4688679166886285,3.4595585232500214,5.0,0.0
1757309211.7026799,0.2357676774263382,1.571819543838501,0.13551363348960876,289.09,0.0,0.0,0.0,0.0,0.0,0.0,-5.4688679166886285,3.4595585232500214,5.0,0.0
1757309211.828038,0.23635566234588623,1.592568278312683,0.11991611123085022,289.1,0.0,0.0,0.0,0.0,0.0,0.0,-5.4688679166886285,3.4595585232500214,5.0,0.0
1757309211.977637,0.23635566234588623,1.592568278312683,0.11991611123085022,289.1,0.0,0.0,0.0,0.0,0.0,0.0,-5.4688679166886285,3.4595585232500214,5.0,0.0
1757309212.1281931,0.23635566234588623,1.592568278312683,0.11991611123085022,289.1,0.0,0.0,0.0,0.0,0.0,0.0,-5.4688679166886285,3.4595585232500214,5.0,0.0
1757309212.2789335,0.23635566234588623,1.592568278312683,0.11991611123085022,289.1,0.0,0.0,0.0,0.0,0.0,0.0,-5.4688679166886285,3.4595585232500214,5.0,0.0
1757309212.4285293,0.23706011474132538,1.6172138452529907,0.09483136981725693,289.22,0.0,0.0,0.0,0.0,0.0,0.0,-5.4688679166886285,3.4595585232500214,5.0,0.0
1757309212.5776622,0.23706011474132538,1.6172138452529907,0.09483136981725693,289.22,0.0,0.0,0.0,0.0,0.0,0.0,-5.4688679166886285,3.4595585232500214,5.0,0.0
1757309212.7277153,0.23706011474132538,1.6172138452529907,0.09483136981725693,289.22,0.0,0.0,0.0,0.0,0.0,0.0,-5.4688679166886285,3.4595585232500214,5.0,0.0
1757309212.88038,0.23706011474132538,1.6172138452529907,0.09483136981725693,289.22,0.0,0.0,0.0,0.0,0.0,0.0,-5.4688679166886285,3.4595585232500214,5.0,0.0
1757309213.0333107,0.23706011474132538,1.6172138452529907,0.09483136981725693,289.22,0.0,0.0,0.0,0.0,0.0,0.0,-5.4688679166886285,3.4595585232500214,5.0,0.0
1757309213.1783514,0.23407010734081268,1.6292330026626587,0.07059193402528763,289.33,0.0,0.0,0.0,0.0,0.0,0.0,-5.4688679166886285,3.4595585232500214,5.0,0.0
1757309213.3299904,0.23407010734081268,1.6292330026626587,0.07059193402528763,289.33,0.0,0.0,0.0,0.0,0.0,0.0,-5.4688679166886285,3.4595585232500214,5.0,0.0
1757309213.4795384,0.23407010734081268,1.6292330026626587,0.07059193402528763,289.33,0.0,0.0,0.0,0.0,0.0,0.0,-5.4688679166886285,3.4595585232500214,5.0,0.0
1757309213.6280918,0.23407010734081268,1.6292330026626587,0.07059193402528763,289.33,0.0,0.0,0.0,0.0,0.0,0.0,-5.4688679166886285,3.4595585232500214,5.0,0.0
1757309213.7800062,0.23407010734081268,1.6292330026626587,0.07059193402528763,289.33,0.0,0.0,0.0,0.0,0.0,0.0,-5.4688679166886285,3.4595585232500214,5.0,0.0
1757309213.9279497,0.2543375790119171,1.6347074508666992,0.02723584696650505,289.44,0.0,0.0,0.0,0.0,0.0,0.0,-5.4688679166886285,3.4595585232500214,5.0,0.0
1757309214.0793831,0.2543375790119171,1.6347074508666992,0.02723584696650505,289.44,0.0,0.0,0.0,0.0,0.0,0.0,-5.4688679166886285,3.4595585232500214,5.0,0.0
1757309214.2275023,0.2543375790119171,1.6347074508666992,0.02723584696650505,289.44,0.0,0.0,0.0,0.0,0.0,0.0,-5.4688679166886285,3.4595585232500214,5.0,0.0
1757309214.3774476,0.2543375790119171,1.6347074508666992,0.02723584696650505,289.44,0.0,0.0,0.0,0.0,0.0,0.0,-5.4688679166886285,3.4595585232500214,5.0,0.0
1757309214.5315402,0.2634928822517395,1.6385279893875122,0.016817625612020493,289.5,0.0,0.0,0.0,0.0,0.0,0.0,-5.4688679166886285,3.4595585232500214,5.0,0.0
1757309214.6780818,0.2732309401035309,1.63865065574646,0.0015678114723414183,289.52,0.0,0.0,0.0,0.0,0.0,0.0,-5.4688679166886285,3.4595585232500214,5.0,0.0
1757309214.8293178,0.2732309401035309,1.63865065574646,0.0015678114723414183,289.52,0.0,0.0,0.0,0.0,0.0,0.0,-5.4688679166886285,3.4595585232500214,5.0,0.0
1757309214.9806042,0.2732309401035309,1.63865065574646,0.0015678114723414183,289.52,0.0,0.0,0.0,0.0,0.0,0.0,-5.4688679166886285,3.4595585232500214,5.0,0.0
1757309215.1281214,0.2732309401035309,1.63865065574646,0.0015678114723414183,289.52,0.0,0.0,0.0,0.0,0.0,0.0,-5.4688679166886285,3.4595585232500214,5.0,0.0
1757309215.2776597,0.33687010407447815,1.557134985923767,0.1634671688079834,296.74,0.0,0.0,0.0,0.0,0.0,0.0,-5.4688679166886285,3.4595585232500214,5.0,0.0
1757309215.4272666,0.33687010407447815,1.557134985923767,0.1634671688079834,296.74,0.0,0.0,0.0,0.0,0.0,0.0,-5.4688679166886285,3.4595585232500214,5.0,0.0
1757309215.5815363,0.33687010407447815,1.557134985923767,0.1634671688079834,296.74,0.0,0.0,0.0,0.0,0.0,0.0,-5.4688679166886285,3.4595585232500214,5.0,0.0
1757309215.7303429,0.33687010407447815,1.557134985923767,0.1634671688079834,296.74,0.0,0.0,0.0,0.0,0.0,0.0,-5.4688679166886285,3.4595585232500214,5.0,0.0
1757309215.8773568,0.33687010407447815,1.557134985923767,0.1634671688079834,296.74,0.0,0.0,0.0,0.0,0.0,0.0,-5.4688679166886285,3.4595585232500214,5.0,0.0
1757309216.0295584,0.4047074019908905,1.4388426542282104,0.5863031148910522,321.5,0.0,0.0,0.0,0.0,0.0,0.0,-5.4688679166886285,3.4595585232500214,5.0,0.0
1757309216.17794,0.4047074019908905,1.4388426542282104,0.5863031148910522,321.5,0.0,0.0,0.0,0.0,0.0,0.0,-5.4688679166886285,3.4595585232500214,5.0,0.0
1757309216.327564,0.4047074019908905,1.4388426542282104,0.5863031148910522,321.5,0.0,0.0,0.0,0.0,0.0,0.0,-5.4688679166886285,3.4595585232500214,5.0,0.0
1757309216.4769285,0.4047074019908905,1.4388426542282104,0.5863031148910522,321.5,0.0,0.0,0.0,0.0,0.0,0.0,-5.4688679166886285,3.4595585232500214,5.0,0.0
1757309216.6425035,0.4047074019908905,1.4388426542282104,0.5863031148910522,321.5,0.0,0.0,0.0,0.0,0.0,0.0,-5.4688679166886285,3.4595585232500214,5.0,0.0
1757309216.7768886,0.408341646194458,1.3375961780548096,1.7140023708343506,336.28,0.0,0.0,0.0,0.0,0.0,0.0,-5.4688679166886285,3.4595585232500214,5.0,0.0
1757309216.931003,0.408341646194458,1.3375961780548096,1.7140023708343506,336.28,0.0,0.0,0.0,0.0,0.0,0.0,-5.4688679166886285,3.4595585232500214,5.0,0.0
1757309217.0779827,0.408341646194458,1.3375961780548096,1.7140023708343506,336.28,0.0,0.0,0.0,0.0,0.0,0.0,-5.4688679166886285,3.4595585232500214,5.0,0.0
1757309217.2270694,0.408341646194458,1.3375961780548096,1.7140023708343506,336.28,0.0,0.0,0.0,0.0,0.0,0.0,-5.4688679166886285,3.4595585232500214,5.0,0.0
1757309217.3785398,0.43513330817222595,1.3346127271652222,2.279405117034912,340.95,0.0,0.0,0.0,0.0,0.0,0.0,-5.4688679166886285,3.4595585232500214,5.0,0.0
1757309217.5283911,0.43203315138816833,1.3230301141738892,2.6590662002563477,340.57,0.0,0.0,0.0,0.0,0.0,0.0,-5.4688679166886285,3.4595585232500214,5.0,0.0
1757309217.6793442,0.43203315138816833,1.3230301141738892,2.6590662002563477,340.57,0.0,0.0,0.0,0.0,0.0,0.0,-5.4688679166886285,3.4595585232500214,5.0,0.0
1757309217.830716,0.43203315138816833,1.3230301141738892,2.6590662002563477,340.57,0.0,0.0,0.0,0.0,0.0,0.0,-5.4688679166886285,3.4595585232500214,5.0,0.0
1757309217.9814415,0.43203315138816833,1.3230301141738892,2.6590662002563477,340.57,0.0,0.0,0.0,0.0,0.0,0.0,-5.4688679166886285,3.4595585232500214,5.0,0.0
1757309218.1473973,0.33745306730270386,1.2736307382583618,3.6084537506103516,338.51,0.0,0.0,0.8,0.47080077224302214,0.0,-0.0,-5.439836311768672,3.4595585232500214,5.0,1.1770019306075552
1757309218.2930174,0.33745306730270386,1.2736307382583618,3.6084537506103516,338.51,0.0,0.0,0.8,0.4599972862374753,0.0,-0.0,-5.410949864873315,3.4595585232500214,5.0,1.149993215593688
1757309218.4422371,0.33745306730270386,1.2736307382583618,3.6084537506103516,338.51,0.0,0.0,0.8,0.4492546226980537,0.0,-0.0,-5.382207850212435,3.4595585232500214,5.0,1.1231365567451341
1757309218.5942788,0.33745306730270386,1.2736307382583618,3.6084537506103516,338.51,5.566024207176005,-0.34208984375,0.3094379510257123,0.8623604987113456,0.0,0.513134765625,-5.371377292447489,3.4690033939276126,5.0,1.1164045953211579
1757309218.7486618,0.33745306730270386,1.2736307382583618,3.6084537506103516,338.51,5.612215613426005,-0.2958984375,0.35088543629346886,0.8446857953546187,0.0,0.44384765625,-5.359212718596922,3.4786600429237375,5.0,1.1085313546442954
1757309218.89064,0.29614388942718506,1.2729132175445557,4.029907703399658,319.41,5.590289168340577,-0.26494140625,0.34387189977703664,0.8382152600031462,0.0,0.39741210937500004,-5.347893829874655,3.488057173533501,5.0,1.0631695112916209
1757309219.0399823,0.29614388942718506,1.2729132175445557,4.029907703399658,319.41,5.399103003008836,-0.25332031250000003,0.17921124217797962,0.887560380599274,0.0,0.37998046875,-5.34198092332738,3.4952695593761325,5.0,1.0603068498449595
1757309219.1881962,0.29614388942718506,1.2729132175445557,4.029907703399658,319.41,5.349170226295088,-0.2255859375,0.1353368576550486,0.8949190265246999,0.0,0.33837890625,-5.337326063056781,3.501563715568171,5.0,1.0582890941156489
1757309219.35682,0.29614388942718506,1.2729132175445557,4.029907703399658,319.41,5.368310851295089,-0.2064453125,0.1531679491121456,0.8916048563107482,0.0,0.30966796875,-5.332234630530515,3.5081794801268984,5.0,1.0559937275859248
1757309219.5073547,0.3288646638393402,1.2953225374221802,4.072105884552002,317.54,5.393896788795089,-0.18085937500000002,0.16989318977845896,0.892289597931858,0.0,0.2712890625,-5.326414588784019,3.51535445720162,5.0,1.07541975093012
1757309219.6430347,0.6574509739875793,1.6605572700500488,4.080872058868408,300.17,5.3753216317827945,-0.166796875,0.09484163740784096,0.940928944598104,0.0,0.25019531250000004,-5.31958108244462,3.524106221128244,5.0,1.2608088053128386
1757309219.801061,0.6574509739875793,1.6605572700500488,4.080872058868408,300.17,5.096376690711379,-0.142578125,-0.1678239044671037,0.9306413598723977,0.0,0.2138671875,-5.318623404881832,3.526476452034749,5.0,1.2606005602879558
1757309219.9490592,0.6574509739875793,1.6605572700500488,4.080872058868408,300.17,5.110439190711379,-0.128515625,-0.15461610609741316,0.9328653497557913,0.0,0.19277343749999998,-5.3174674831534645,3.5292253951086376,5.0,1.2603171749596438
1757309220.1089272,0.6574509739875793,1.6605572700500488,4.080872058868408,300.17,5.119423565711379,-0.11953125,-0.14610535095414756,0.9341636047134885,0.0,0.17929687500000002,-5.31618203031371,3.5322071223419833,5.0,1.2599811852482485
1757309220.2587302,0.7577998638153076,2.073029041290283,4.051869869232178,294.63,5.128407940711379,-0.110546875,-0.13251595273240835,0.9331452507248374,0.0,0.1658203125,-5.313919121143745,3.5373290741126375,5.0,1.2457942664192627
1757309220.3907206,0.7714494466781616,2.3927862644195557,4.046935558319092,294.63,5.11555492048665,-0.1017578125,-0.12420242313127777,0.9227081406456143,0.0,0.15263671875,-5.311300871316459,3.5434675619687566,5.0,1.1906315412559625
1757309220.544037,0.7714494466781616,2.3927862644195557,4.046935558319092,294.63,5.07644310761964,-0.0822265625,-0.15982882376824886,0.9170094498038189,0.0,0.12333984375000001,-5.309359261394011,3.5485631365880996,5.0,1.189673232280204
1757309220.690961,0.7714494466781616,2.3927862644195557,4.046935558319092,294.63,5.090701075150893,-0.051562500000000004,-0.14632694024992088,0.9190314892965578,0.0,0.07734375,-5.307195021595551,3.5540083559648696,5.0,1.1885664994057779
1757309220.8476992,0.7714494466781616,2.3927862644195557,4.046935558319092,294.63,5.100857325150893,-0.041406250000000006,-0.1365358983956334,0.920286134417793,0.0,0.06210937500000001,-5.304869902618149,3.5596895543117735,5.0,1.1873516242891853
1757309220.9914758,0.6966743469238281,2.945122241973877,4.012994766235352,285.9,5.107888575150893,-0.034375,-0.07213139643370564,0.8970375396732078,0.0,0.051562500000000004,-5.301508264070701,3.5677414142849946,5.0,1.03041037314763
1757309221.1391983,0.6966743469238281,2.945122241973877,4.012994766235352,285.9,5.008662536527245,-0.025390625,-0.16021741564754974,0.8853505363287603,0.0,0.0380859375,-5.299821145923962,3.573268275665563,5.0,1.029305568254645
1757309221.2937872,0.6966743469238281,2.945122241973877,4.012994766235352,285.9,4.970365081451788,-0.01953125,-0.1937260426504072,0.8784950848161102,0.0,0.029296875,-5.2986443969948755,3.577728097701404,5.0,1.0286015799589627
1757309221.453363,0.6966743469238281,2.945122241973877,4.012994766235352,285.9,4.974857268951788,-0.0150390625,-0.1894925382310243,0.879279848526644,0.0,0.02255859375,-5.2974188975864775,3.5822895170209965,5.0,1.0278632997335846
1757309221.5924485,0.6966743469238281,2.945122241973877,4.012994766235352,285.9,4.967240081451788,-0.022656250000000003,-0.1959283232089068,0.8777441856098867,0.0,0.033984375000000004,-5.29629133469338,3.586617711556165,5.0,1.0272011828489855
1757309221.7429364,0.6458470225334167,3.5571136474609375,4.011812686920166,281.0,4.9637244564517875,-0.026171875,-0.16540213664217954,0.8684198795282203,0.0,0.0392578125,-5.294489247490922,3.5936361428569588,5.0,0.940448543135159
1757309221.8906043,0.6458470225334167,3.5571136474609375,4.011812686920166,281.0,4.867265823104066,-0.037109375,-0.24801289433874976,0.848413126662416,0.0,0.0556640625,-5.293810308738308,3.597984769217706,5.0,0.9397979478702476
1757309222.043957,0.6458470225334167,3.5571136474609375,4.011812686920166,281.0,4.857109573104067,-0.047265625000000006,-0.2563952562720528,0.8458182667826578,0.0,0.07089843750000001,-5.293221799898862,3.6020228573302933,5.0,0.9392386140580529
1757309222.1857781,0.6458470225334167,3.5571136474609375,4.011812686920166,281.0,4.848906448104066,-0.055468750000000004,-0.26313076890949316,0.8436599212702385,0.0,0.083203125,-5.2927020717897735,3.605806221990111,5.0,0.9387487160597274
1757309222.3570728,0.6600872278213501,3.7411935329437256,4.013106822967529,280.33,4.848515823104067,-0.055859375,-0.26934008170481455,0.8443624479327652,0.0,0.08378906250000001,-5.292062913774479,3.610472496036856,5.0,0.9535854153265708
1757309222.501243,0.6063680648803711,4.324976921081543,4.069615840911865,278.82,4.8325129138989515,-0.0455078125,-0.27736873648356797,0.8392866256001341,0.0,0.06826171875,-5.291214363075014,3.61750244654085,5.0,0.9398652027343823
1757309222.6440437,0.6063680648803711,4.324976921081543,4.069615840911865,278.82,4.82882702041059,-0.037500000000000006,-0.27981775094731187,0.8381834102195577,0.0,0.05625000000000001,-5.2904082029091315,3.624394640973985,5.0,0.9382477115363077
1757309222.7941425,0.6063680648803711,4.324976921081543,4.069615840911865,278.82,4.82999889541059,-0.036328125,-0.2781927701455472,0.8384348262771504,0.0,0.054492187500000004,-5.289594067429716,3.6312850318129835,5.0,0.9366301807398703
1757309222.9489052,0.6063680648803711,4.324976921081543,4.069615840911865,278.82,4.83292858291059,-0.0333984375,-0.2750834672678396,0.8391672991472477,0.0,0.050097656250000004,-5.288753753663921,3.6382225024703883,5.0,0.9349888699945268
1757309223.0972571,0.5049780607223511,4.7006916999816895,4.099094867706299,271.78,4.831561395410589,-0.034765625,-0.2574770183688117,0.8365448850385744,0.0,0.052148437500000006,-5.287717174834739,3.6468794302506518,5.0,0.8877702393929656
1757309223.2521584,0.4187188744544983,4.918723106384277,4.108240604400635,271.78,4.8023187953550766,-0.0373046875,-0.26428954935342885,0.827077676000233,0.0,0.055957031250000004,-5.286918240913769,3.655739439588097,5.0,0.843750733464069
1757309223.3926058,0.4187188744544983,4.918723106384277,4.108240604400635,271.78,4.735460201755688,-0.0390625,-0.31829155668679243,0.8075576378889219,0.0,0.05859375,-5.286757417404773,3.6627089437574347,5.0,0.8420913458869697
1757309223.5424182,0.4187188744544983,4.918723106384277,4.108240604400635,271.78,4.681737091070189,-0.06171875,-0.36079741062290344,0.7893133754184736,0.0,0.09257812500000001,-5.28692299871623,3.6681092455087736,5.0,0.8410944363101267
1757309223.6937134,0.4187188744544983,4.918723106384277,4.108240604400635,271.78,4.675487091070188,-0.06796875000000001,-0.3653548712555494,0.78705660081926,0.0,0.101953125,-5.287114708719787,3.673302014195839,5.0,0.8401721357976548
1757309223.8451648,0.1350230574607849,5.518359184265137,4.137703895568848,269.15,4.652166127223451,-0.072265625,-0.3378076486733911,0.7810845419989737,0.0,0.1083984375,-5.287570733410293,3.680865143988172,5.0,0.7254613586021978
1757309223.9903696,0.1350230574607849,5.518359184265137,4.137703895568848,269.15,4.634696242049917,-0.069140625,-0.35070905141621467,0.7751180493316552,0.0,0.10371093749999999,-5.288118334949857,3.6878992543033857,5.0,0.7237265935117145
1757309224.1405208,0.1350230574607849,5.518359184265137,4.137703895568848,269.15,4.643452119242738,-0.054101562500000006,-0.3431750767077535,0.7782097280420727,0.0,0.08115234375000001,-5.288618611022614,3.695144773282603,5.0,0.7218877773444472
1757309224.295924,0.1350230574607849,5.518359184265137,4.137703895568848,269.15,4.644819306742738,-0.052734375,-0.34137640529963487,0.7787278835684714,0.0,0.0791015625,-5.289109083647425,3.7023924914857136,5.0,0.72004759713478
1757309224.46483,0.1350230574607849,5.518359184265137,4.137703895568848,269.15,4.645991181742738,-0.051562500000000004,-0.33972970136257924,0.7791762001905491,0.0,0.07734375,-5.289590803854414,3.7096368895517537,5.0,0.7182088002945672
1757309224.6007693,-0.08963249623775482,6.126162528991699,4.131690979003906,264.17,4.6393215583567695,-0.048632812500000004,-0.34980165188538564,0.7765356124870886,0.0,0.07294921875,-5.290331949357596,3.719762141798627,5.0,0.7304482918148718
1757309224.7380455,-0.08963249623775482,6.126162528991699,4.131690979003906,264.17,4.588466106509376,-0.0361328125,-0.3877711149133309,0.7578810876501353,0.0,0.05419921875,-5.291410478716591,3.7284207753235648,5.0,0.7277971067667126
1757309224.886908,-0.08963249623775482,6.126162528991699,4.131690979003906,264.17,4.59423003499342,-0.01640625,-0.38231515604438526,0.760231918476072,0.0,0.024609375000000003,-5.29245246636156,3.737198222283032,5.0,0.7250752047678031
1757309225.0497017,-0.08963249623775482,6.126162528991699,4.131690979003906,264.17,4.6114175349934206,0.00078125,-0.3680029603072259,0.7668109036747356,0.0,-0.0011718750000000002,-5.293386051702623,3.746412812331782,5.0,0.7220852650022804
1757309225.1917524,-0.15656854212284088,6.2748236656188965,4.139764308929443,260.24,4.62469878499342,0.0140625,-0.3576056209506429,0.7716465813868802,0.0,-0.02109375,-5.294291967732561,3.7567171890029676,5.0,0.7216310808749249
1757309225.3446083,-0.3148445188999176,6.6160197257995605,4.166197299957275,254.45,4.610844313288307,0.026562500000000003,-0.37447225432216014,0.7659854229633578,0.0,-0.039843750000000004,-5.295477901188503,3.7683559535523345,5.0,0.7372378239477522
1757309225.5045028,-0.3148445188999176,6.6160197257995605,4.166197299957275,254.45,4.521167885105483,0.053125000000000006,-0.44039870501584255,0.7295972079110807,0.0,-0.07968750000000001,-5.297235129250118,3.777433182649277,5.0,0.7342645349739243
1757309225.647428,-0.3148445188999176,6.6160197257995605,4.166197299957275,254.45,4.502318406699572,0.061328125000000004,-0.45304507496497926,0.7213857994133626,0.0,-0.0919921875,-5.2990464230240075,3.7859282855485925,5.0,0.7316390484098001
1757309225.7925606,-0.3148445188999176,6.6160197257995605,4.166197299957275,254.45,4.501146531699572,0.06015625,-0.4528805923769962,0.7210708805927741,0.0,-0.090234375,-5.3008518494307,3.7943474808791633,5.0,0.7290578071669698
1757309225.9389796,-0.4777586758136749,6.878206253051758,4.172010898590088,249.46,4.491771531699571,0.05078125,-0.45662909144011166,0.7174644058879053,0.0,-0.076171875,-5.302989474024083,3.803879050960872,5.0,0.7213931871104808
1757309226.098314,-0.6359840631484985,7.1165690422058105,4.182682514190674,250.62,4.354330458659028,-0.0074218750000000005,-0.5505907185607788,0.6481480825018512,0.0,0.0111328125,-5.30556009601785,3.8107489199239732,5.0,0.7213099031280743
1757309226.2607424,-0.6359840631484985,7.1165690422058105,4.182682514190674,250.62,4.32980823384819,-0.044335937500000006,-0.5657508256188317,0.6346809406427605,0.0,0.06650390625000001,-5.308030694224529,3.816888451313788,5.0,0.7197824892961107
1757309226.3961692,-0.6359840631484985,7.1165690422058105,4.182682514190674,250.62,4.305784796348189,-0.068359375,-0.5803850326200994,0.6211008686986744,0.0,0.1025390625,-5.31036982494063,3.8223207123237906,5.0,0.7185622589052469
1757309226.5430903,-0.6359840631484985,7.1165690422058105,4.182682514190674,250.62,4.288597296348189,-0.08554687500000001,-0.5906025725866274,0.611201795419526,0.0,0.1283203125,-5.3125917014148225,3.827245868449302,5.0,0.7175436984515056
1757309226.698764,-0.9938513040542603,7.672786712646484,4.152409553527832,255.5,4.295956677592534,-0.0951171875,-0.6089377134397886,0.6054254871487226,0.0,0.14267578125000002,-5.31617145024748,3.835339351782983,5.0,0.7800046447720117
1757309226.8636463,-0.9938513040542603,7.672786712646484,4.152409553527832,255.5,4.3706443638455115,-0.08867187500000001,-0.5605366965084444,0.6497189112872177,0.0,0.13300781250000002,-5.319802578675683,3.8455477242749674,5.0,0.7759512380654439
1757309226.997018,-0.9938513040542603,7.672786712646484,4.152409553527832,255.5,4.365566238845512,-0.09375,-0.5623560813349507,0.6473963617561453,0.0,0.140625,-5.32342079165234,3.8555584941729015,5.0,0.7720363148416958
1757309227.143259,-0.9938513040542603,7.672786712646484,4.152409553527832,255.5,4.3569724888455115,-0.10234375000000001,-0.5665071721719128,0.6430563144327887,0.0,0.15351562500000002,-5.327025961040427,3.865271247456061,5.0,0.7683252877773308
1757309227.309123,-0.9938513040542603,7.672786712646484,4.152409553527832,255.5,4.3472068638455115,-0.11210937500000001,-0.5714556857756107,0.6379920863157451,0.0,0.16816406250000002,-5.330613193936858,3.8746537849555747,5.0,0.7648345532155565
1757309227.4519403,-1.4028992652893066,8.112191200256348,4.134625434875488,251.5,4.323154582990796,-0.11015625000000001,-0.5895670285826025,0.6228610866287765,0.0,0.16523437500000002,-5.33522402891113,3.88589533058375,5.0,0.7727597234429471
1757309227.5921702,-1.4028992652893066,8.112191200256348,4.134625434875488,251.5,4.2954330013013085,-0.10332031250000001,-0.604973698960207,0.6070026760983206,0.0,0.15498046875000002,-5.339823989299607,3.8962807135264956,5.0,0.7682993606991584
1757309227.746149,-1.4028992652893066,8.112191200256348,4.134625434875488,251.5,4.300049943765738,-0.08945312500000001,-0.6005099342821779,0.6105131729702775,0.0,0.1341796875,-5.344402240273348,3.906747322360342,5.0,0.7637838189804658
1757309227.8865802,-1.4028992652893066,8.112191200256348,4.134625434875488,251.5,4.3072765062657385,-0.0822265625,-0.5943818561231784,0.6155660569409955,0.0,0.12333984375000001,-5.348957530673208,3.917369858045827,5.0,0.7591580918454977
1757309228.0402,-1.6866631507873535,8.370904922485352,4.119077205657959,245.41,4.302589006265738,-0.0869140625,-0.5975699033146431,0.6126388588655588,0.0,0.13037109375,-5.354188129108787,3.929411013070982,5.0,0.760000660935428
1757309228.1861627,-1.974329948425293,8.620495796203613,4.061953544616699,245.41,4.269498230497789,-0.10429687500000001,-0.6229778349844834,0.5899403753162235,0.0,0.15644531250000002,-5.360166496816587,3.9420151794169467,5.0,0.7751251080882069
1757309228.3540056,-1.974329948425293,8.620495796203613,4.061953544616699,245.41,4.161079788579256,-0.130859375,-0.6817150953131721,0.5199520099062858,0.0,0.1962890625,-5.365959242402022,3.951435687548272,5.0,0.7708986792351249
1757309228.4913898,-1.974329948425293,8.620495796203613,4.061953544616699,245.41,4.136923454819284,-0.1462890625,-0.6928305090646816,0.5041415640207162,0.0,0.21943359375000002,-5.371595365834236,3.96012393330058,5.0,0.7671898023960546
1757309228.638977,-1.974329948425293,8.620495796203613,4.061953544616699,245.41,4.1148531423192845,-0.168359375,-0.7027091222658974,0.48946286109081893,0.0,0.2525390625,-5.377056924461684,3.968149436364124,5.0,0.7639290007214274
1757309228.7972474,-2.296649932861328,8.949263572692871,3.9972431659698486,247.04,4.116025017319284,-0.16718750000000002,-0.731210754492406,0.4705490703825486,0.0,0.25078125,-5.383771914358732,3.978041701388653,5.0,0.8517834052857651
1757309228.945089,-2.296649932861328,8.949263572692871,3.9972431659698486,247.04,4.162384404807974,-0.1546875,-0.7066156816282749,0.5051578553912882,0.0,0.23203125000000002,-5.390630838242644,3.9892287754936087,5.0,0.8459099404875978
1757309229.0945013,-2.296649932861328,8.949263572692871,3.9972431659698486,247.04,4.177677009126792,-0.13398437500000002,-0.6966807157803212,0.517164380708188,0.0,0.2009765625,-5.397487463117931,4.000805746118145,5.0,0.8397284397852385
1757309229.2478676,-2.296649932861328,8.949263572692871,3.9972431659698486,247.04,4.197208259126792,-0.114453125,-0.6841514199550853,0.531971982395735,0.0,0.1716796875,-5.404331961953649,4.012894650992918,5.0,0.833131725331473
1757309229.3898225,-2.296649932861328,8.949263572692871,3.9972431659698486,247.04,4.218887946626792,-0.0927734375,-0.6699670537993043,0.5480181666036396,0.0,0.13916015625,-5.411142079381879,4.025555364157984,5.0,0.826059032788117
1757309229.5516777,-2.5891919136047363,9.321615219116211,3.999352216720581,237.85,4.212393088712902,-0.065234375,-0.7317426053667686,0.5118441920915233,0.0,0.09785156249999999,-5.4190401611739505,4.040012847075169,5.0,0.9919416486327792
1757309229.688124,-2.5891919136047363,9.321615219116211,3.999352216720581,237.85,4.14769983532961,-0.03515625,-0.7608570804532234,0.4650163250768721,0.0,0.052734375,-5.426926333305434,4.052461399642547,5.0,0.9847070613379199
1757309229.8422651,-2.5891919136047363,9.321615219116211,3.999352216720581,237.85,4.155171875868513,0.00390625,-0.7548616835044566,0.4722458759952386,0.0,-0.005859375,-5.434783160444321,4.065071069636815,5.0,0.9773443885655553
1757309229.9935875,-2.5891919136047363,9.321615219116211,3.999352216720581,237.85,4.179390625868513,0.028125,-0.7404727657790497,0.49199883467477284,0.0,-0.0421875,-5.44261198716247,4.078341351605517,5.0,0.9694159652266467
1757309230.1491668,-2.5891919136047363,9.321615219116211,3.999352216720581,237.85,4.195796875868513,0.04453125,-0.7294167515208798,0.5057191944368696,0.0,-0.066796875,-5.450390495744433,4.092034811338278,5.0,0.9611214186470836
1757309230.2911465,-2.88881254196167,9.689762115478516,4.160894870758057,227.55,4.167489356679025,0.05078125,-0.8067787207065769,0.44648012093378575,0.0,-0.076171875,-5.459355861119352,4.106826472565094,5.0,1.146288583249187
1757309230.4436953,-2.88881254196167,9.689762115478516,4.160894870758057,227.55,4.028918587913097,0.057421875000000004,-0.8588732262496428,0.33226309005043003,0.0,-0.0861328125,-5.467898825691783,4.1173161368415165,5.0,1.1403452870137905
1757309230.6058252,-2.88881254196167,9.689762115478516,4.160894870758057,227.55,4.029309212913097,0.0578125,-0.8569131495684227,0.3340879369425615,0.0,-0.08671875000000001,-5.4764018004879045,4.127765031959638,5.0,1.134446163095154
1757309230.7575006,-2.88881254196167,9.689762115478516,4.160894870758057,227.55,4.021887337913097,0.050390625,-0.8576211656830144,0.32916298693069834,0.0,-0.0755859375,-5.484808540647485,4.137940468469603,5.0,1.128777922668558
1757309230.925579,-3.030667543411255,9.833916664123535,4.213436603546143,225.76,4.016027962913097,0.04453125,-0.880128409918942,0.3069144670236391,0.0,-0.066796875,-5.4937747306510305,4.148664463912115,5.0,1.1958848920748224
1757309231.0399373,-3.3226535320281982,10.042913436889648,4.263555526733398,225.77,3.9658286960387663,0.015625,-0.9176298462079009,0.24089112876308405,0.0,-0.0234375,-5.5034593034483175,4.159132099499851,5.0,1.2749339947823977
1757309231.187663,-3.3226535320281982,10.042913436889648,4.263555526733398,225.77,3.931054852227598,-0.009375000000000001,-0.923874366662694,0.21040540534213942,0.0,0.014062500000000002,-5.5127605703416,4.168509276665947,5.0,1.2693853827088528
1757309231.3389106,-3.3226535320281982,10.042913436889648,4.263555526733398,225.77,3.911914227227598,-0.028515625000000003,-0.926325611447039,0.19413404458807204,0.0,0.042773437500000004,-5.521799565577537,4.177279745571217,5.0,1.2643357092037846
1757309231.507762,-3.3226535320281982,10.042913436889648,4.263555526733398,225.77,3.886132977227598,-0.054296875,-0.9298224092966362,0.17149245598867768,0.0,0.0814453125,-5.530468090637431,4.185267357899653,5.0,1.259909161634357
1757309231.6432083,-4.033099174499512,10.202505111694336,4.280623912811279,230.12,3.8566407897275976,-0.08378906250000001,-0.9172870728461475,0.16379327998050208,0.0,0.12568359375000002,-5.541094144225233,4.19449443456651,5.0,1.1943717296591139
1757309231.788463,-4.033099174499512,10.202505111694336,4.280623912811279,230.12,3.880688806145476,-0.09726562500000001,-0.911216485921758,0.18785097433098313,0.0,0.1458984375,-5.551931210111489,4.204371699295689,5.0,1.1874433480504898
1757309231.9448879,-4.033099174499512,10.202505111694336,4.280623912811279,230.12,3.898968862189351,-0.1173828125,-0.9056128014649224,0.2066098287545241,0.0,0.17607421875,-5.562893228315641,4.214735957089826,5.0,1.1801010748954903
1757309232.0931485,-4.033099174499512,10.202505111694336,4.280623912811279,230.12,3.890765737189351,-0.1255859375,-0.9053528922171922,0.2012430915348204,0.0,0.18837890624999998,-5.573722053589517,4.224807339329904,5.0,1.173037300495297
1757309232.2543597,-4.033099174499512,10.202505111694336,4.280623912811279,230.12,3.882367299689351,-0.13398437500000002,-0.9051793615857757,0.1956354727317226,0.0,0.2009765625,-5.584411980691187,4.234583395603577,5.0,1.1662517814343225
1757309232.3944428,-4.8058576583862305,10.31522274017334,4.168405532836914,229.0,3.874554799689351,-0.14179687500000002,-0.8943988681534207,0.2021996661981461,0.0,0.2126953125,-5.59737992766735,4.246257999760737,5.0,1.1203627770859583
1757309232.540956,-4.8058576583862305,10.31522274017334,4.168405532836914,229.0,3.852380666830975,-0.156640625,-0.8962598821607506,0.18510956939449363,0.0,0.23496093750000002,-5.610110743911312,4.257217956707119,5.0,1.111157417549987
1757309232.6883266,-4.8058576583862305,10.31522274017334,4.168405532836914,229.0,3.8329367995670145,-0.1638671875,-0.8974991820618059,0.17029549568225505,0.0,0.24580078125000002,-5.622601972387128,4.2675556769984615,5.0,1.1025689821142581
1757309232.8442273,-4.8058576583862305,10.31522274017334,4.168405532836914,229.0,3.8331321120670148,-0.16367187500000002,-0.895292533285404,0.1730958590593577,0.0,0.24550781250000003,-5.635032631560232,4.277847361648004,5.0,1.0940489493736463
1757309232.990034,-4.8058576583862305,10.31522274017334,4.168405532836914,229.0,3.8397727370670145,-0.15703125,-0.8919047086891847,0.18168109907834917,0.0,0.23554687500000002,-5.647464318611413,4.288279810681295,5.0,1.0854205151237935
1757309233.1497765,-5.589125633239746,10.562618255615234,4.018777847290039,223.37,3.8438120383582395,-0.1453125,-0.9367408742138563,0.1314140904137528,0.0,0.21796875000000002,-5.662763615558374,4.301224383944461,5.0,1.2618268714997445
1757309233.298938,-5.589125633239746,10.562618255615234,4.018777847290039,223.37,3.823437509696345,-0.1333984375,-0.9361841721947795,0.1160471269532225,0.0,0.20009765624999998,-5.677860634619831,4.313478894080388,5.0,1.2497693285715803
1757309233.4475405,-5.589125633239746,10.562618255615234,4.018777847290039,223.37,3.795807575179734,-0.102734375,-0.936324292344487,0.0936713044605248,0.0,0.1541015625,-5.692669477118717,4.3248354486834435,5.0,1.238642133834821
1757309233.6002724,-5.589125633239746,10.562618255615234,4.018777847290039,223.37,3.864362262679734,-0.0341796875,-0.9242378796215442,0.1615252707938573,0.0,0.05126953125,-5.707850561704898,4.338224861213462,5.0,1.2255255791709248
1757309233.750778,-6.368124485015869,10.655092239379883,3.9120993614196777,210.68,3.8961982001797337,-0.0023437500000000003,-0.9481039744816169,0.15951300466266816,0.0,0.0035156250000000005,-5.725365070181821,4.354692635427655,5.0,1.3331015178061998
1757309233.890338,-6.368124485015869,10.655092239379883,3.9120993614196777,210.68,3.8606851306119268,0.021484375,-0.9487085707707453,0.13084524679327564,0.0,-0.0322265625,-5.742797142804786,4.369953779490287,5.0,1.3161697052010988
1757309234.0451987,-6.368124485015869,10.655092239379883,3.9120993614196777,210.68,3.7333096681016533,0.05625,-0.9547874331216344,0.013520467623580612,0.0,-0.084375,-5.7594996611013825,4.381178627918312,5.0,1.303365464604421
1757309234.1916518,-6.368124485015869,10.655092239379883,3.9120993614196777,210.68,3.7520596681016536,0.07500000000000001,-0.9513201349610674,0.03577309930216377,0.0,-0.11250000000000002,-5.776277365215328,4.392916548540333,5.0,1.2900816684807825
1757309234.3444543,-6.368124485015869,10.655092239379883,3.9120993614196777,210.68,3.7536221681016535,0.0765625,-0.9482232461149909,0.04159008298879946,0.0,-0.11484375000000001,-5.792983532151115,4.404643343265029,5.0,1.276854189688141
1757309234.487582,-7.017407417297363,10.6587495803833,3.766899585723877,199.59,3.7438565431016535,0.066796875,-0.9666549848453108,0.006042124224861389,0.0,-0.10019531250000001,-5.811739042976558,4.417537109086181,5.0,1.3566004547015593
1757309234.6477678,-7.017407417297363,10.6587495803833,3.766899585723877,199.59,3.5532165782762233,0.051562500000000004,-0.948656616620808,-0.1735012166202463,0.0,-0.07734375,-5.828244980198753,4.424742994865374,5.0,1.3464120107417532
1757309234.792992,-7.017407417297363,10.6587495803833,3.766899585723877,199.59,3.4991276540554823,0.015625,-0.936693651850802,-0.22133376632127472,0.0,-0.0234375,-5.8436812031342855,4.430509832165527,5.0,1.3378705877521186
1757309234.9386322,-7.017407417297363,10.6587495803833,3.766899585723877,199.59,3.4510807790554825,-0.032421875,-0.9241104477022414,-0.26333943767813933,0.0,0.048632812500000004,-5.858039526477477,4.435101095580422,5.0,1.3307135749971595
1757309235.0909002,-7.017407417297363,10.6587495803833,3.766899585723877,199.59,3.4116276540554824,-0.07187500000000001,-0.9123555730074893,-0.29723981835188984,0.0,0.1078125,-5.871424280016392,4.438805939379182,5.0,1.3246324990626857
1757309235.247433,-7.7742085456848145,10.709717750549316,3.691258668899536,205.75,3.388971404055482,-0.09453125000000001,-0.926926092396434,-0.40311560284296666,0.0,0.14179687500000002,-5.887811623435688,4.442944589650282,5.0,1.5445350635805637
1757309235.396818,-7.7742085456848145,10.709717750549316,3.691258668899536,205.75,3.4321181762612523,-0.1220703125,-0.9423170475248976,-0.3589657515896788,0.0,0.18310546875,-5.905069271826773,4.448104371053469,5.0,1.5346372308920087
1757309235.5505447,-7.7742085456848145,10.709717750549316,3.691258668899536,205.75,3.460546185978333,-0.13046875,-0.9508006370763687,-0.32798142545787445,0.0,0.19570312499999998,-5.922818242050199,4.453965585408714,5.0,1.5239620789864814
1757309235.6960573,-7.7742085456848145,10.709717750549316,3.691258668899536,205.75,3.460350873478333,-0.1306640625,-0.9494103114030928,-0.32414833104728924,0.0,0.19599609375000002,-5.940474635384561,4.45979240391337,5.0,1.5133821392812132
1757309235.8592083,-7.821182727813721,10.715171813964844,3.695240020751953,206.45,3.465624310978333,-0.1259765625,-0.9520891784363862,-0.32206302741347426,0.0,0.18896484375,-5.958364960361798,4.465801224237661,5.0,1.5210982819216614
1757309235.9962018,-8.454793930053711,10.733366012573242,3.758129596710205,205.14,3.483700990742293,-0.11953125,-0.9860239079004868,-0.38418267774014747,0.0,0.17929687500000002,-5.979346119240831,4.473272841614593,5.0,1.7317611642973043
1757309236.1650496,-8.454793930053711,10.733366012573242,3.758129596710205,205.14,3.500506239584715,-0.09609375,-0.9902147054071238,-0.3618920882926472,0.0,0.14414062500000002,-6.000490168023887,4.481205306853066,5.0,1.7166301406631854
1757309236.2947607,-8.454793930053711,10.733366012573242,3.758129596710205,205.14,3.5196262400411675,-0.0607421875,-0.9946416514858463,-0.3370749594943564,0.0,0.09111328125000001,-6.0218134155749246,4.489673501792185,5.0,1.7009768208088074
1757309236.447063,-8.454793930053711,10.733366012573242,3.758129596710205,205.14,3.5411106150411675,-0.0392578125,-0.9991247416074784,-0.30964068298848235,0.0,0.058886718750000004,-6.043324643589325,4.498756082827429,5.0,1.6847247584059994
1757309236.5894036,-9.036986351013184,10.679756164550781,3.8272643089294434,194.06,3.5510715525411674,-0.029296875,-1.0281755678116076,-0.35961664136751564,0.0,0.0439453125,-6.067207384813439,4.509121474467838,5.0,1.8480887542830118
1757309236.7608159,-9.036986351013184,10.679756164550781,3.8272643089294434,194.06,3.438057412826764,-0.0203125,-0.9792244804042138,-0.4672608393401527,0.0,0.030468750000000003,-6.0894092472179695,4.515903409455826,5.0,1.832370860053591
1757309236.8911464,-9.036986351013184,10.679756164550781,3.8272643089294434,194.06,3.359251571420196,-0.027734375000000002,-0.9382824553448554,-0.5378436450445885,0.0,0.0416015625,-6.109958096516987,4.520448045443083,5.0,1.8194259955457444
1757309237.0434806,-9.036986351013184,10.679756164550781,3.8272643089294434,194.06,3.347142196420196,-0.039843750000000004,-0.9306851399760702,-0.5442941980163837,0.0,0.059765625,-6.1301369654677496,4.524655222235551,5.0,1.8069847186794616
1757309237.1873293,-9.036986351013184,10.679756164550781,3.8272643089294434,194.06,3.334251571420196,-0.052734375,-0.9226788276310385,-0.5515661534434685,0.0,0.0791015625,-6.149921923242889,4.5285148424721475,5.0,1.7950651808900489
1757309237.3427556,-9.707106590270996,10.51087474822998,3.8901500701904297,192.54,3.2917857956522467,-0.0794921875,-0.9074697123263447,-0.6499644446020973,0.0,0.11923828125000001,-6.1717349293348365,4.531815865272129,5.0,1.946077879409911
1757309237.4831836,-9.707106590270996,10.51087474822998,3.8901500701904297,192.54,3.2553123686598964,-0.10078125,-0.8825920225157784,-0.677606625382714,0.0,0.151171875,-6.1925546210470355,4.534193733866144,5.0,1.9334545135764145
1757309237.646552,-9.707106590270996,10.51087474822998,3.8901500701904297,192.54,3.247371004289882,-0.11308593750000001,-0.8766655110141623,-0.6797190262850178,0.0,0.16962890625000002,-6.213068981290118,4.536371838772972,5.0,1.921198149748573
1757309237.793276,-9.707106590270996,10.51087474822998,3.8901500701904297,192.54,3.2436600667898823,-0.11679687500000001,-0.873646662979742,-0.6781793964307181,0.0,0.1751953125,-6.233385678762456,4.53845274266932,5.0,1.9091650424314617
1757309237.9423347,-9.707106590270996,10.51087474822998,3.8901500701904297,192.54,3.2485428792898823,-0.11191406250000001,-0.8764312456436156,-0.66909537040816,0.0,0.16787109375,-6.253725832287285,4.540636459073653,5.0,1.8970706744907604
1757309238.0875738,-10.334126472473145,10.123454093933105,4.038673400878906,192.38,3.262297795073458,-0.1056640625,-0.8856401909371913,-0.6577092618128849,0.0,0.15849609375,-6.2771687665574145,4.543479964908951,5.0,1.8989141977682182
1757309238.244329,-10.334126472473145,10.123454093933105,4.038673400878906,192.38,3.264305039986691,-0.09335937500000001,-0.8861726143385718,-0.6495574043850639,0.0,0.1400390625,-6.300539023528651,4.546362267009116,5.0,1.8828613929255402
1757309238.387434,-10.334126472473145,10.123454093933105,4.038673400878906,192.38,3.272898789986691,-0.08476562500000001,-0.8908722408944008,-0.6354839428296611,0.0,0.12714843750000002,-6.323980823493424,4.549458131923838,5.0,1.8666366665585707
1757309238.559382,-10.334126472473145,10.123454093933105,4.038673400878906,192.38,3.281883164986691,-0.07578125000000001,-0.8956278564794071,-0.6209554602704722,0.0,0.113671875,-6.347498300691347,4.552779227435217,5.0,1.8502279267390476
1757309238.7100587,-10.417024612426758,10.050504684448242,4.056929111480713,189.7,3.282273789986691,-0.075390625,-0.8943549599263589,-0.6099049152936347,0.0,0.11308593750000001,-6.37126218773447,4.5561445889118755,5.0,1.8232093956198065
1757309238.8540092,-10.793611526489258,9.682942390441895,4.119080066680908,185.8,3.2425383573287845,-0.086328125,-0.8665817843254994,-0.6169256593142401,0.0,0.12949218750000002,-6.395719477334035,4.558621867462351,5.0,1.752785743547034
1757309239.0036657,-10.793611526489258,9.682942390441895,4.119080066680908,185.8,3.188690646710109,-0.101953125,-0.8318226734140994,-0.6563270649805818,0.0,0.15292968750000002,-6.418865138485882,4.559712788405924,5.0,1.7369048913077467
1757309239.1357355,-10.793611526489258,9.682942390441895,4.119080066680908,185.8,3.1189936252054644,-0.12382812500000001,-0.78421755053194,-0.707289598894412,0.0,0.18574218750000002,-6.4401489980871025,4.559231711958053,5.0,1.7234698707595193
1757309239.2926636,-10.793611526489258,9.682942390441895,4.119080066680908,185.8,3.1217280002054646,-0.12109375,-0.7862552176842903,-0.6997766864601831,0.0,0.181640625,-6.461398952563541,4.558809533445311,5.0,1.710052408277602
1757309239.4370115,-11.39208698272705,9.20374870300293,4.1348466873168945,183.39,3.1268061252054644,-0.11601562500000001,-0.7895234255015413,-0.7143846640147355,0.0,0.17402343750000002,-6.485703640273579,4.558450125296396,5.0,1.756581708167766
1757309239.5991206,-11.39208698272705,9.20374870300293,4.1348466873168945,183.39,3.0948999402324007,-0.105859375,-0.766634930574028,-0.7327280446540477,0.0,0.15878906250000002,-6.5090991787675625,4.557356929542909,5.0,1.7403654504851636
1757309239.7375078,-11.39208698272705,9.20374870300293,4.1348466873168945,183.39,3.1040796277324008,-0.0966796875,-0.7735748103616654,-0.7191035462169951,0.0,0.14501953125,-6.532609092832661,4.556474587604681,5.0,1.7239632707223356
1757309239.8926418,-11.39208698272705,9.20374870300293,4.1348466873168945,183.39,3.1105249402324007,-0.090234375,-0.7783985054148408,-0.70750802050094,0.0,0.13535156250000002,-6.556161601448098,4.55574262950701,5.0,1.7074685800645346
1757309240.0425935,-11.39208698272705,9.20374870300293,4.1348466873168945,183.39,3.107790565232401,-0.09296875,-0.7766810632123533,-0.7031261084419882,0.0,0.139453125,-6.579528648370347,4.554952473560263,5.0,1.691190036493249
1757309240.2051482,-12.07329273223877,8.684541702270508,4.153956413269043,173.62,3.104470252732401,-0.09628906250000001,-0.7719538421788995,-0.7700085428890191,0.0,0.14443359375,-6.60619383481367,4.553962142862496,5.0,1.8520696034720796
1757309240.3404236,-12.07329273223877,8.684541702270508,4.153956413269043,173.62,2.9725939188172,-0.10546875,-0.665079557693379,-0.8584976617468322,0.0,0.158203125,-6.6293317809918655,4.550014202327274,5.0,1.8360096903447953
1757309240.502314,-12.07329273223877,8.684541702270508,4.153956413269043,173.62,2.915592209812555,-0.1146484375,-0.6163453374416643,-0.8895338964920468,0.0,0.17197265625000002,-6.650670254803964,4.545107879848316,5.0,1.8220046103028977
1757309240.6503685,-12.07329273223877,8.684541702270508,4.153956413269043,173.62,2.914615647312555,-0.115625,-0.6167240353633081,-0.884733163990184,0.0,0.17343750000000002,-6.671872274799591,4.540211127366595,5.0,1.8081435701757833
1757309240.7893863,-12.07329273223877,8.684541702270508,4.153956413269043,173.62,2.9153968973125552,-0.11484375000000001,-0.6186509376647058,-0.8788807628066804,0.0,0.172265625,-6.692992077128601,4.535350740454338,5.0,1.7943668415089205
1757309240.94547,-12.73805046081543,8.122684478759766,4.174501895904541,168.89,2.9088976974462017,-0.10703125000000001,-0.5929258767979175,-0.967275472628224,0.0,0.160546875,-6.71758535767566,4.529522431375398,5.0,2.0111920211107597
1757309241.0921032,-12.73805046081543,8.122684478759766,4.174501895904541,168.89,2.8648740736932226,-0.08281250000000001,-0.5515826814104031,-0.9860929368208697,0.0,0.12421875000000002,-6.740719345445625,4.522952265268083,5.0,1.9947160425733186
1757309241.2483804,-12.73805046081543,8.122684478759766,4.174501895904541,168.89,2.8926084486932226,-0.055078125000000006,-0.5804228267919251,-0.9637038678937497,0.0,0.08261718750000001,-6.764586677331093,4.516883753238521,5.0,1.9773969676927896
1757309241.395397,-12.73805046081543,8.122684478759766,4.174501895904541,168.89,2.9121396986932226,-0.035546875,-0.6007590535420763,-0.9452236993983835,0.0,0.053320312499999994,-6.788915794056237,4.51120128902071,5.0,1.9595268598521685
1757309241.549509,-12.894820213317871,7.964578628540039,4.182044506072998,162.46,2.9267881361932226,-0.020898437500000002,-0.6114847315527967,-0.9503271805617363,0.0,0.03134765625,-6.814462224814197,4.50562781356589,5.0,1.9953623214791936
1757309241.6960843,-13.2642822265625,7.541204929351807,4.184250354766846,156.75,2.8926753619169685,-0.01015625,-0.5676926736648783,-1.0140001698239032,0.0,0.015234375000000001,-6.841130202375,4.498849108640176,5.0,2.10723651397939
1757309241.8476157,-13.2642822265625,7.541204929351807,4.184250354766846,156.75,2.7373661025011113,0.0015625,-0.4064592142528598,-1.0838804695957425,0.0,-0.0023437500000000003,-6.8627772141933905,4.489588858322297,5.0,2.091658978571404
1757309241.9927707,-13.2642822265625,7.541204929351807,4.184250354766846,156.75,2.7262332900011113,-0.0095703125,-0.39679925813621064,-1.082824588303422,0.0,0.014355468750000001,-6.883939630298776,4.48025585373882,5.0,2.076593876236881
1757309242.1561909,-13.2642822265625,7.541204929351807,4.184250354766846,156.75,2.7065067275011114,-0.029296875,-0.37776710628414534,-1.0852685187055218,0.0,0.0439453125,-6.9043241493903,4.470781309994964,5.0,2.062334454391996
1757309242.290005,-13.711874961853027,6.850107669830322,4.18568229675293,152.65,2.6850223525011114,-0.05078125,-0.33121028800357055,-1.1402749137452455,0.0,0.076171875,-6.92703837978613,4.4596244340659155,5.0,2.193637295959804
1757309242.4390762,-13.711874961853027,6.850107669830322,4.18568229675293,152.65,2.5488446466021926,-0.10039062500000001,-0.1761999158188955,-1.170441631990968,0.0,0.15058593750000002,-6.9448373944150195,4.447636033357396,5.0,2.1808542251722534
1757309242.5964856,-13.711874961853027,6.850107669830322,4.18568229675293,152.65,2.536510728169344,-0.127734375,-0.1645394974031133,-1.1684936074115122,0.0,0.19160156250000002,-6.962104809033639,4.435693485564822,5.0,2.168597698927867
1757309242.7450583,-13.711874961853027,6.850107669830322,4.18568229675293,152.65,2.5099482281693444,-0.154296875,-0.1361070583696583,-1.1688156971445856,0.0,0.2314453125,-6.978333961666,4.42381964723656,5.0,2.1573352562096497
1757309242.8866963,-13.711874961853027,6.850107669830322,4.18568229675293,152.65,2.500377915669344,-0.1638671875,-0.12751150567360137,-1.1665862763776285,0.0,0.24580078125000002,-6.994139877066372,4.4120215800369955,5.0,2.1464836423668725
1757309243.0455947,-13.961324691772461,6.2263665199279785,4.1869306564331055,155.47,2.4960810406693446,-0.16816406250000002,-0.11306759755798723,-1.1796443105888499,0.0,0.25224609375,-7.012008093482258,4.39856420144008,5.0,2.185670636672784
1757309243.19466,-13.961324691772461,6.2263665199279785,4.1869306564331055,155.47,2.5606832670047726,-0.15644531250000002,-0.19250998563584393,-1.1645167388716129,0.0,0.23466796875,-7.032097597297029,4.385376065747211,5.0,2.1696188168686588
1757309243.3406572,-13.961324691772461,6.2263665199279785,4.1869306564331055,155.47,2.5804555755755842,-0.13300781250000002,-0.21903650757582488,-1.1548501066025874,0.0,0.19951171875,-7.05278530202858,4.372373125663231,5.0,2.1529859503301187
1757309243.4860685,-13.961324691772461,6.2263665199279785,4.1869306564331055,155.47,2.5990102630755842,-0.114453125,-0.24397123255790226,-1.144706640746641,0.0,0.1716796875,-7.074019257381693,4.35957021085926,5.0,2.13581842581082
1757309243.653238,-13.961324691772461,6.2263665199279785,4.1869306564331055,155.47,2.625963388075584,-0.08750000000000001,-0.27828218802147986,-1.1314525486264582,0.0,0.13125,-7.096079195977862,4.347067239870645,5.0,2.117819996428123
1757309243.7896192,-14.090494155883789,5.307106971740723,4.17823600769043,143.67,2.6107791786144867,-0.07109375,-0.2771866356190458,-1.1080929393600578,0.0,0.10664062499999999,-7.119993194016867,4.333029477333318,5.0,2.0382320666839835
1757309243.9394255,-14.090494155883789,5.307106971740723,4.17823600769043,143.67,2.449897348840253,-0.0576171875,-0.10018214414060922,-1.1332604964558737,0.0,0.08642578125,-7.138273587462776,4.317889834384895,5.0,2.022244753411451
1757309244.104394,-14.090494155883789,5.307106971740723,4.17823600769043,143.67,2.4575145363402533,-0.05,-0.11288884469263494,-1.1274641661871296,0.0,0.07500000000000001,-7.156729639840408,4.302840240260707,5.0,2.006114617382438
1757309244.242706,-14.090494155883789,5.307106971740723,4.17823600769043,143.67,2.458295786340253,-0.049218750000000006,-0.11781867822786896,-1.1224021679255476,0.0,0.07382812500000001,-7.175120731021275,4.287867523826782,5.0,1.9900814485582794
1757309244.4096742,-14.105162620544434,5.22953462600708,4.178289890289307,141.97,2.4516551613402533,-0.055859375,-0.11352829482122273,-1.119323773514585,0.0,0.08378906250000001,-7.19342211749363,4.272764651928868,5.0,1.9776475666810942
1757309244.5489533,-14.306164741516113,4.444275856018066,4.167062282562256,135.66,2.3789828612960497,-0.06796875000000001,0.0010491217836210431,-1.1591576002842858,0.0,0.101953125,-7.211585799845881,4.255410503229213,5.0,2.0970923962616386
1757309244.7051418,-14.306164741516113,4.444275856018066,4.167062282562256,135.66,2.2974011632555076,-0.0703125,0.09111037035173142,-1.1513091608649368,0.0,0.10546875,-7.226772577516591,4.238324087867109,5.0,2.0823872770770127
1757309244.8413591,-14.306164741516113,4.444275856018066,4.167062282562256,135.66,2.2866589757555076,-0.0810546875,0.09918222665851406,-1.146532498111447,0.0,0.12158203125,-7.2415077300610315,4.221382736376953,5.0,2.0681723261593437
1757309244.9933052,-14.306164741516113,4.444275856018066,4.167062282562256,135.66,2.2720105382555076,-0.095703125,0.11181060448064684,-1.14144809161168,0.0,0.1435546875,-7.255660395066389,4.204621447243082,5.0,2.054576229296253
1757309245.1558554,-14.458052635192871,3.6234710216522217,4.15079927444458,129.88,2.2294077568220025,-0.10898437500000001,0.20930855249613334,-1.1735592010082485,0.0,0.1634765625,-7.270555726078093,4.185373907783212,5.0,2.209427624435717
1757309245.2882564,-14.458052635192871,3.6234710216522217,4.15079927444458,129.88,2.1684956884117743,-0.1171875,0.2757044851192966,-1.1554718461601954,0.0,0.17578125,-7.283243296858374,4.166736673399277,5.0,2.1953475669921643
1757309245.447431,-14.458052635192871,3.6234710216522217,4.15079927444458,129.88,2.141833632490235,-0.125,0.30202223509383075,-1.1448922902882102,0.0,0.1875,-7.294958993728184,4.148500224013697,5.0,2.182309251189632
1757309245.587859,-14.458052635192871,3.6234710216522217,4.15079927444458,129.88,2.1390992574902348,-0.127734375,0.3008238251962392,-1.141298509606779,0.0,0.19160156250000002,-7.306524152245508,4.130389391468339,5.0,2.1694717989587238
1757309245.7435422,-14.458052635192871,3.6234710216522217,4.15079927444458,129.88,2.146521132490235,-0.1203125,0.2879875870118101,-1.140671415926232,0.0,0.18046875,-7.318280854845752,4.1122763853929705,5.0,2.1564845950412552
1757309245.8925493,-14.499711036682129,2.736024856567383,4.161917686462402,123.28,2.153943007490235,-0.11289062500000001,0.3255389135025739,-1.173139002630521,0.0,0.1693359375,-7.332331550906942,4.09097696795758,5.0,2.2943282019163176
1757309246.0461419,-14.499711036682129,2.736024856567383,4.161917686462402,123.28,2.109931711954009,-0.10332031250000001,0.3713286536628712,-1.1543840179065548,0.0,0.15498046875000002,-7.34476197276092,4.070199167596145,5.0,2.2782770763083793
1757309246.1946287,-14.499711036682129,2.736024856567383,4.161917686462402,123.28,2.0764465893586097,-0.0751953125,0.4046156911437932,-1.1384526212066512,0.0,0.11279296875,-7.355982320322385,4.049933462806088,5.0,2.263553937191557
1757309246.3414767,-14.499711036682129,2.736024856567383,4.161917686462402,123.28,2.08601690185861,-0.065625,0.38849927646032767,-1.139326783103608,0.0,0.09843750000000001,-7.367470858981624,4.029644038367543,5.0,2.248606799925531
1757309246.5071018,-14.499711036682129,2.736024856567383,4.161917686462402,123.28,2.0887512768586096,-0.062890625,0.3801952175392367,-1.1374288654117002,0.0,0.09433593750000001,-7.378994766982091,4.009421317457392,5.0,2.2336808569481432
1757309246.638583,-14.382590293884277,1.954748511314392,4.166006088256836,114.47,2.0554985289290935,-0.0703125,0.4345850926733633,-1.1329985611457505,0.0,0.10546875,-7.3908327776351435,3.986941331310733,5.0,2.2811043684094336
1757309246.7927465,-14.382590293884277,1.954748511314392,4.166006088256836,114.47,1.9361718954590348,-0.08457031250000001,0.561420679012067,-1.0713134537137958,0.0,0.12685546875,-7.398686595836989,3.9664112926414505,5.0,2.267853741605915
1757309246.9463203,-14.382590293884277,1.954748511314392,4.166006088256836,114.47,1.876784644757909,-0.12109375,0.6197785029611073,-1.0347645535657208,0.0,0.181640625,-7.404744479238068,3.947235304247994,5.0,2.2567441620185598
1757309247.0954638,-14.382590293884277,1.954748511314392,4.166006088256836,114.47,1.846315894757909,-0.15156250000000002,0.6471597052380388,-1.0143136961107304,0.0,0.22734375,-7.409934644952997,3.9288766591483855,5.0,2.2467309003883793
1757309247.2512448,-14.280508041381836,1.599392056465149,4.184032440185547,115.45,1.8312768322579092,-0.16660156250000002,0.6611383131648769,-1.0041463186580355,0.0,0.24990234375000003,-7.415111790895141,3.9094528527337458,5.0,2.2436210943597734
1757309247.3885977,-14.152469635009766,1.2880834341049194,4.2277607917785645,117.88,1.7626454231139628,-0.21865234375,0.7188071064044296,-0.9545713044840194,0.0,0.327978515625,-7.418789821394561,3.890517164046785,5.0,2.2190792453766592
1757309247.5392869,-14.152469635009766,1.2880834341049194,4.2277607917785645,117.88,1.8042691222509155,-0.253125,0.6739628210428087,-0.9825850497596587,0.0,0.37968749999999996,-7.42352075095033,3.8706233889939865,5.0,2.207514530188833
1757309247.68952,-14.152469635009766,1.2880834341049194,4.2277607917785645,117.88,1.7986050597509156,-0.2587890625,0.6751227460836201,-0.977733113960405,0.0,0.38818359375,-7.428077712388954,3.850967177014727,5.0,2.1962365031090663
1757309247.839089,-14.152469635009766,1.2880834341049194,4.2277607917785645,117.88,1.8013394347509155,-0.2560546875,0.6680564122250415,-0.978545014499087,0.0,0.38408203124999996,-7.43268399025256,3.8313423043129697,5.0,2.1849624071651856
1757309247.993705,-13.704498291015625,0.5217617750167847,4.297878265380859,114.55,1.8133511535009155,-0.24404296875,0.6138647276475905,-0.9760103952167769,0.0,0.366064453125,-7.438351223039087,3.8084375669129615,5.0,2.0757923117165697
1757309248.1484215,-13.704498291015625,0.5217617750167847,4.297878265380859,114.55,1.7872523558330375,-0.23261718750000002,0.6334043149894754,-0.9584006073610838,0.0,0.34892578125,-7.443243418033051,3.7861903221792583,5.0,2.0611476633743706
1757309248.2909384,-13.704498291015625,0.5217617750167847,4.297878265380859,114.55,1.7871652831595044,-0.21210937500000002,0.6278130275819216,-0.9570980885798712,0.0,0.3181640625,-7.448108718545321,3.7640561921088973,5.0,2.0466221389841692
1757309248.4401267,-13.704498291015625,0.5217617750167847,4.297878265380859,114.55,1.8158762206595045,-0.1833984375,0.5940992996113407,-0.9732307255783552,0.0,0.27509765625000004,-7.45376623558825,3.741435856145031,5.0,2.031212727363349
1757309248.585767,-13.704498291015625,0.5217617750167847,4.297878265380859,114.55,1.8346262206595045,-0.16464843750000002,0.5695909517483422,-0.9825352177867787,0.0,0.24697265625000003,-7.4599445435619876,3.7185639643233204,5.0,2.015268757673674
1757309248.74006,-13.282796859741211,-0.20635783672332764,4.283450603485107,98.26,1.8574777831595044,-0.14179687500000002,0.5416413728152165,-0.9937163052394309,0.0,0.2126953125,-7.467595283309226,3.6926118599687676,5.0,2.001323736998618
1757309248.893254,-13.282796859741211,-0.20635783672332764,4.283450603485107,98.26,1.5921089605096284,-0.12285156250000001,0.7786866678910123,-0.8167801026945006,0.0,0.18427734375000002,-7.468023849216211,3.672506366587417,5.0,1.9897906028475187
1757309249.0635135,-13.282796859741211,-0.20635783672332764,4.283450603485107,98.26,1.6087105230096284,-0.10625000000000001,0.7602298676435911,-0.829412662552477,0.0,0.15937500000000002,-7.468800238096266,3.65203865512957,5.0,1.977806260196795
1757309249.1885407,-13.282796859741211,-0.20635783672332764,4.283450603485107,98.26,1.6266792730096282,-0.08828125,0.74021920129817,-0.8426595329222398,0.0,0.13242187500000002,-7.469966776090425,3.6311857207085216,5.0,1.9653236921612116
1757309249.338463,-13.282796859741211,-0.20635783672332764,4.283450603485107,98.26,1.6428902105096284,-0.0720703125,0.7213064786444476,-0.8541755898215037,0.0,0.10810546874999999,-7.471496105148849,3.610009464356125,5.0,1.9524007247190678
1757309249.5405402,-12.81493854522705,-1.0424933433532715,4.222285747528076,84.64,1.6111045160641577,-0.06406250000000001,0.7944468247939739,-0.8326904075342999,0.0,0.09609375,-7.472476144934208,3.5857089692864483,5.0,2.0683916943861016
1757309249.6422222,-12.81493854522705,-1.0424933433532715,4.222285747528076,84.64,1.4982066799561358,-0.060546875,0.8781607123168271,-0.7382547641287602,0.0,0.0908203125,-7.470942748702375,3.564621912581766,5.0,2.0557637470895216
1757309249.7888675,-12.81493854522705,-1.0424933433532715,4.222285747528076,84.64,1.4256841788880006,-0.051562500000000004,0.9253325463618881,-0.6732700412296236,0.0,0.07734375,-7.468205454706996,3.545891203591727,5.0,2.0456247055818837
1757309249.9363039,-12.81493854522705,-1.0424933433532715,4.222285747528076,84.64,1.4290044913880005,-0.048242187500000006,0.9190695403810182,-0.6769129203583063,0.0,0.07236328125000001,-7.465529788951342,3.5271474563564253,5.0,2.0354666568814546
1757309250.0897574,-12.81493854522705,-1.0424933433532715,4.222285747528076,84.64,1.4165044913880005,-0.0607421875,0.9236344027618879,-0.66596678810161,0.0,0.09111328125000001,-7.462691883108316,3.5089005393160484,5.0,2.025790390223782
1757309250.2447317,-12.204811096191406,-1.7719439268112183,4.136922836303711,75.21,1.2946095644850932,-0.09257812500000001,1.0214863458820693,-0.5419922796527836,0.0,0.13886718750000002,-7.4575277153694115,3.4906802994641897,5.0,2.087447583214252
1757309250.3897495,-12.204811096191406,-1.7719439268112183,4.136922836303711,75.21,1.1978183804249352,-0.11484375000000001,1.0664463704731855,-0.4417706969964637,0.0,0.172265625,-7.451750424993412,3.475915687627812,5.0,2.0803683715573236
1757309250.540419,-12.204811096191406,-1.7719439268112183,4.136922836303711,75.21,1.1653965054249351,-0.147265625,1.0779552790182352,-0.4079345278653288,0.0,0.22089843750000002,-7.445937267625394,3.4623706635360523,5.0,2.0742440830757927
1757309250.688614,-12.204811096191406,-1.7719439268112183,4.136922836303711,75.21,1.1458652554249351,-0.166796875,1.0836915464332961,-0.3877206055424081,0.0,0.25019531250000004,-7.44015137450433,3.4495841624425143,5.0,2.068687137675065
1757309250.9057474,-12.204811096191406,-1.7719439268112183,4.136922836303711,75.14,1.127701192924935,-0.1849609375,1.0887305082278622,-0.3688393186410574,0.0,0.27744140625,-7.434418099593639,3.437503101703903,5.0,2.063638416913344
1757309251.0209126,-11.839461326599121,-2.076491117477417,4.088283061981201,73.94,1.127701192924935,-0.1849609375,1.0840740700726286,-0.3710491113592795,0.0,0.27744140625,-7.42778789771073,3.423532051491865,5.0,2.05075295995816
1757309251.1472666,-11.485567092895508,-2.3211770057678223,4.0638427734375,73.94,1.1237450874485393,-0.18769531250000002,1.0762331459214711,-0.3712163112755916,0.0,0.28154296875,-7.420382583473824,3.4080857585471285,5.0,2.024968107985104
1757309251.3019078,-11.485567092895508,-2.3211770057678223,4.0638427734375,73.94,1.1223238575509324,-0.1912109375,1.0737995312479227,-0.3711106862576107,0.0,0.28681640625000004,-7.413011393692914,3.392766533095513,5.0,2.016755709615775
1757309251.4565487,-11.485567092895508,-2.3211770057678223,4.0638427734375,73.94,1.1197933239246072,-0.170703125,1.0718317025593826,-0.3697983578721867,0.0,0.25605468750000004,-7.405672436867709,3.3776125639115304,5.0,2.0086905313168426
1757309251.5903018,-11.062524795532227,-2.5341758728027344,4.049973487854004,66.13,1.1244808239246071,-0.166015625,1.0457598035903195,-0.3864592729450068,0.0,0.2490234375,-7.397569967171691,3.3606801707395086,5.0,1.941269456519442
1757309251.7401848,-10.743057250976562,-2.6819796562194824,4.050995826721191,66.13,1.0463981582304749,-0.16171875000000002,1.0576740557093394,-0.3124110147054395,0.0,0.24257812500000003,-7.388668610215155,3.3452909916143905,5.0,1.8978195551571897
1757309251.894188,-10.743057250976562,-2.6819796562194824,4.050995826721191,66.13,1.00555342184385,-0.14863281250000002,1.0668985980782355,-0.270642960590805,0.0,0.22294921875,-7.379849345507682,3.3313865632001494,5.0,1.8899739262398905
1757309252.0415776,-10.743057250976562,-2.6819796562194824,4.050995826721191,66.13,1.01317060934385,-0.141015625,1.062092063981209,-0.28045441506354135,0.0,0.21152343750000002,-7.3710579132419385,3.3172897528456264,5.0,1.8819774030599055
1757309252.200689,-10.743057250976562,-2.6819796562194824,4.050995826721191,66.13,1.01746748434385,-0.13671875,1.058137440418196,-0.2867078148838836,0.0,0.205078125,-7.362302720724388,3.303115773560953,5.0,1.8739267160335116
1757309252.337377,-9.982003211975098,-3.009288787841797,4.030925273895264,52.97,1.03387373434385,-0.1203125,1.0355242772905167,-0.31460450032020665,0.0,0.18046875,-7.351857488434942,3.285568256415119,5.0,1.82223509816889
1757309252.4897091,-9.982003211975098,-3.009288787841797,4.030925273895264,52.97,0.9851169420356866,-0.09628906250000001,1.046120154334973,-0.26608774821821646,0.0,0.14443359375,-7.341377379249166,3.2697686861191895,5.0,1.8117154630654406
1757309252.6446168,-9.982003211975098,-3.009288787841797,4.030925273895264,52.97,0.8711805922813963,-0.0533203125,1.067429290297903,-0.1472467148617495,0.0,0.07998046875,-7.331384711748589,3.2578957167709786,5.0,1.8046587018454865
1757309252.7917535,-9.982003211975098,-3.009288787841797,4.030925273895264,52.97,0.8903212172813963,-0.0341796875,1.0620754059754525,-0.16954397509827346,0.0,0.05126953125,-7.321306633281433,3.245445151715051,5.0,1.7971319641828716
1757309252.9529796,-9.982003211975098,-3.009288787841797,4.030925273895264,52.97,0.9213759047813963,-0.003125,1.0536386901065022,-0.20445931619074958,0.0,0.004687500000000001,-7.311109471922019,3.232015292759704,5.0,1.7887811864271832
1757309253.0940666,-9.214004516601562,-3.298954963684082,3.9950830936431885,36.95,0.9280165297813964,0.003515625,1.0527391313112,-0.211091068054846,0.0,-0.0052734375,-7.298860378908624,3.2156586022911506,5.0,1.7902847497088201
1757309253.263857,-9.214004516601562,-3.298954963684082,3.9950830936431885,36.95,0.7072988275340996,-0.00078125,1.0719412366504746,0.022782658688486612,0.0,0.0011718750000000002,-7.28830480144138,3.206635243285553,5.0,1.784616668168308
1757309253.3871431,-9.214004516601562,-3.298954963684082,3.9950830936431885,36.95,0.6333757211119049,-0.0115234375,1.066411515626308,0.10063723578373773,0.0,0.017285156250000003,-7.2790423491773515,3.1998338450732473,5.0,1.7807325983401308
1757309253.545276,-9.214004516601562,-3.298954963684082,3.9950830936431885,36.95,0.6003679086119048,-0.04453125,1.061793675601213,0.13473056183736065,0.0,0.066796875,-7.270482167175222,3.193972884911962,5.0,1.7775652833295332
1757309253.6999688,-9.214004516601562,-3.298954963684082,3.9950830936431885,36.95,0.5476335336119048,-0.09726562500000001,1.0527618023865752,0.18976558154458012,0.0,0.1458984375,-7.263134025721152,3.1894915921286473,5.0,1.7753844451681147
1757309253.860141,-8.492263793945312,-3.474033832550049,4.006230354309082,36.33,0.48724475391476774,-0.13828125,1.0389233624971053,0.25207528850651517,0.0,0.20742187499999998,-7.25414876183159,3.1847307122324335,5.0,1.7728925944236122
1757309253.992401,-8.492263793945312,-3.474033832550049,4.006230354309082,36.33,0.4422812422495399,-0.191796875,1.0261651539151846,0.2977206337739565,0.0,0.2876953125,-7.246326629883021,3.181026382294927,5.0,1.770685776197567
1757309254.1534927,-8.492263793945312,-3.474033832550049,4.006230354309082,36.33,0.43134374224953986,-0.20273437500000002,1.0225118324852764,0.3081969208280556,0.0,0.30410156250000003,-7.238829514843485,3.1775758470687534,5.0,1.7686785137149235
1757309254.286604,-8.492263793945312,-3.474033832550049,4.006230354309082,36.33,0.4477499922495399,-0.186328125,1.027039560597549,0.29056694215724227,0.0,0.27949218750000004,-7.230942679933151,3.173787933988238,5.0,1.766421889914426
1757309254.4377728,-8.05684757232666,-3.453399658203125,4.016598701477051,39.14,0.47040624224953986,-0.16367187500000002,1.0167134841552083,0.2344903143594037,0.0,0.24550781250000003,-7.220836326645897,3.1686490851073255,5.0,1.6746119259238004
1757309254.592954,-7.750236511230469,-3.3945913314819336,4.028203010559082,32.87,0.514301466726264,-0.1431640625,1.0071614218146632,0.1562662524410129,0.0,0.21474609374999998,-7.208787941168665,3.161841510077547,5.0,1.5787520214628623
1757309254.760978,-7.750236511230469,-3.3945913314819336,4.028203010559082,32.87,0.5403778176946827,-0.111328125,1.0095728218109314,0.12775181967935384,0.0,0.1669921875,-7.196316584058095,3.1543594027735984,5.0,1.5723346693108011
1757309254.900045,-7.750236511230469,-3.3945913314819336,4.028203010559082,32.87,0.46861160013053604,-0.10507812500000001,0.9969813143023539,0.19816971795694338,0.0,0.1576171875,-7.185326443210074,3.148795968406956,5.0,1.5677272127653126
1757309255.042107,-7.750236511230469,-3.3945913314819336,4.028203010559082,32.87,0.47544753763053604,-0.09824218750000001,0.9974483021950905,0.18967089767496004,0.0,0.14736328125,-7.174244442986363,3.1430905319800506,5.0,1.563006247941554
1757309255.1969354,-7.25646448135376,-3.3432066440582275,4.080986499786377,21.02,0.48384597513053607,-0.08984375,0.9835882897814503,0.15194859243977776,0.0,0.134765625,-7.161211639733436,3.1362416759588996,5.0,1.4801484269736846
1757309255.3400965,-6.971434116363525,-3.3234121799468994,4.101768970489502,21.02,0.44162978680707393,-0.08964843750000001,0.9721365305024507,0.18451952522408704,0.0,0.13447265625000002,-7.147955858117498,3.129974699504006,5.0,1.4558006584141783
1757309255.4931536,-6.971434116363525,-3.3234121799468994,4.101768970489502,21.02,0.26452445876920805,-0.10234375000000001,0.92414249832584,0.3518756555057948,0.0,0.15351562500000002,-7.138990818479975,3.127546320783947,5.0,1.4531341863140979
1757309255.649997,-6.971434116363525,-3.3234121799468994,4.101768970489502,21.02,0.25983695876920804,-0.10703125000000001,0.922219977137253,0.355214561915847,0.0,0.160546875,-7.130199517867866,3.1252091801534045,5.0,1.4505754703481095
1757309255.800183,-6.971434116363525,-3.3234121799468994,4.101768970489502,21.02,0.26413383376920807,-0.102734375,0.9234652952372436,0.35024114930129124,0.0,0.1541015625,-7.121333923345244,3.122811455160977,5.0,1.4479662767384696
1757309255.9391913,-6.2976603507995605,-3.202984094619751,4.093463897705078,12.83,0.26628227126920806,-0.1005859375,0.9164789523896779,0.3198918772033648,0.0,0.15087890625,-7.109471018574165,3.1195757323039173,5.0,1.3744646304879362
1757309256.0935876,-6.2976603507995605,-3.202984094619751,4.093463897705078,12.83,0.18541963953551713,-0.086328125,0.887422643432228,0.39168854941897036,0.0,0.12949218750000002,-7.099821721083237,3.1177657729415786,5.0,1.3714473828363332
1757309256.2548792,-6.2976603507995605,-3.202984094619751,4.093463897705078,12.83,0.15595699303087246,-0.06796875000000001,0.8753458753053307,0.41668674982412995,0.0,0.101953125,-7.091058386652513,3.116387880194566,5.0,1.3689828543782339
1757309256.4014108,-6.2976603507995605,-3.202984094619751,4.093463897705078,12.83,0.1690429305308725,-0.0548828125,0.8805440351496019,0.4041451015347719,0.0,0.08232421875000001,-7.081963626037028,3.1148356618194453,5.0,1.3663158971576044
1757309256.5376716,-6.2976603507995605,-3.202984094619751,4.093463897705078,12.83,0.1784179305308725,-0.0455078125,0.8840947895518321,0.39476689534024667,0.0,0.06826171875,-7.072648411646859,3.1131557975864292,5.0,1.3635076516316182
1757309256.684235,-5.703892230987549,-2.8752217292785645,4.09773063659668,2.23,0.13781417519943295,-0.03671875,0.855002253657529,0.34136148532132116,0.0,0.055078125000000006,-7.0618594254505815,3.111659437003237,5.0,1.1389592766541083
1757309256.8434913,-5.703892230987549,-2.8752217292785645,4.09773063659668,2.23,-0.005415095180526457,-0.044335937500000006,0.797524345918408,0.45933804144346674,0.0,0.06650390625000001,-7.055231883064365,3.1116953261268674,5.0,1.1375316442018883
1757309256.9929135,-5.703892230987549,-2.8752217292785645,4.09773063659668,2.23,-0.020844782680526454,-0.059765625,0.7903524399747909,0.47109970444005045,0.0,0.08964843750000001,-7.0491019193899245,3.111823122397408,5.0,1.1363095718641336
1757309257.1406066,-5.703892230987549,-2.8752217292785645,4.09773063659668,2.23,-0.056977595180526454,-0.0958984375,0.7728367009837994,0.49901768932432267,0.0,0.14384765625,-7.044099631063376,3.112108449589976,5.0,1.1354933416969821
1757309257.3056958,-5.647999286651611,-2.8361806869506836,4.097846508026123,1.09,-0.12787603268052647,-0.166796875,0.7368655659275669,0.5422420915383188,0.0,0.25019531250000004,-7.040994548232334,3.1125076938240928,5.0,1.1096095824816148
1757309257.4364629,-5.045382022857666,-2.4890289306640625,4.088651180267334,3.53,-0.18893790006682326,-0.19609375,0.714715766718071,0.5218044611328487,0.0,0.29414062500000004,-7.036535134363471,3.1133604170502185,5.0,0.9457091349007056
1757309257.5927827,-5.045382022857666,-2.4890289306640625,4.088651180267334,3.53,-0.17977313809575424,-0.22724609375000002,0.7195228858830021,0.514929868512626,0.0,0.340869140625,-7.031825667286421,3.1142162928253474,5.0,0.944940318207431
1757309257.753712,-5.045382022857666,-2.4890289306640625,4.088651180267334,3.53,-0.1797961274046002,-0.24140625000000002,0.7195654855074413,0.5146469047489857,0.0,0.362109375,-7.02714043077336,3.115067876323174,5.0,0.9441792881296136
1757309257.9012988,-5.045382022857666,-2.4890289306640625,4.088651180267334,3.53,-0.1923937836546002,-0.25400390625,0.7130741983244273,0.5234192169801777,0.0,0.38100585937500003,-7.022852829034882,3.115903115325038,5.0,0.9435388473062689
1757309258.0488317,-4.336252212524414,-2.0827829837799072,4.076310157775879,3.32,-0.22061643990460017,-0.2822265625,0.706209862290792,0.5068141527711781,0.0,0.42333984375,-7.0156134001377,3.1175266787054627,5.0,0.8499740990390023
1757309258.1930392,-4.336252212524414,-2.0827829837799072,4.076310157775879,3.32,-0.24965985060140927,-0.3140625,0.6913394206310238,0.526539872628435,0.0,0.47109375000000003,-7.009259552198835,3.1191467804747064,5.0,0.8485076310278838
1757309258.3470564,-4.336252212524414,-2.0827829837799072,4.076310157775879,3.32,-0.2508441313337883,-0.30878906250000004,0.6908580635916177,0.5268013514285634,0.0,0.46318359375000007,-7.002972093306267,3.12075788701165,5.0,0.8470704217202085
1757309258.490858,-4.336252212524414,-2.0827829837799072,4.076310157775879,3.32,-0.22506288133378827,-0.2830078125,0.704366094123817,0.5081290286012734,0.0,0.42451171875000004,-6.995962433315522,3.1223626894101306,5.0,0.845305803609393
1757309258.6507087,-4.336252212524414,-2.0827829837799072,4.076310157775879,3.32,-0.16861756883378826,-0.2265625,0.7320857263498562,0.4665538927048837,0.0,0.33984375,-6.987344101777404,3.123829822400295,5.0,0.8426967334222191
1757309258.7894602,-3.6806533336639404,-1.7480945587158203,4.095061302185059,347.5,5.893144150680295,-0.171875,0.6050287639607304,0.632288634170102,0.0,0.2578125,-6.981767448422221,3.126122401472466,5.0,0.8868790860390092
1757309258.9423935,-3.6806533336639404,-1.7480945587158203,4.095061302185059,347.5,5.950956650680295,-0.11406250000000001,0.640810860122738,0.595522630942952,0.0,0.17109375000000002,-6.9745316405040425,3.1286188775169093,5.0,0.8848932224301791
1757309259.0952246,-3.6806533336639404,-1.7480945587158203,4.095061302185059,347.5,6.011503525680295,-0.053515625000000004,0.6759879379531315,0.5545205817473968,0.0,0.0802734375,-6.965551627108127,3.1311204360624263,5.0,0.8819465964543927
1757309259.2379024,-3.6806533336639404,-1.7480945587158203,4.095061302185059,347.5,6.078300400680296,0.013281250000000001,0.7118344172354298,0.5065212820249951,0.0,-0.019921875000000002,-6.954666682775197,3.13338233566799,5.0,0.8777529788654546
1757309259.384994,-3.6806533336639404,-1.7480945587158203,4.095061302185059,347.5,6.144706650680296,0.07968750000000001,0.744186258038479,0.4559499311741488,0.0,-0.11953125,-6.941945390293004,3.135155310731346,5.0,0.8721508126143682
1757309259.5559852,-3.0521745681762695,-1.45786714553833,4.087937355041504,322.54,6.092646216041349,0.10546875,0.7088873870892991,0.5488294768101849,0.0,-0.158203125,-6.927464735742234,3.137948323829364,5.0,1.0116049197625117
1757309259.6877642,-3.0521745681762695,-1.45786714553833,4.087937355041504,322.54,5.833523051439008,0.11093750000000001,0.5449142660720069,0.7114814255299421,0.0,-0.16640625,-6.920744326310038,3.141191852690056,5.0,1.0097567041214441
1757309259.8453417,-3.0521745681762695,-1.45786714553833,4.087937355041504,322.54,5.723916219382511,0.09453125000000001,0.46394116294321,0.7666206556816881,0.0,-0.14179687500000002,-6.917188214818896,3.1434177359300826,5.0,1.0091724096720274
1757309259.995478,-3.0521745681762695,-1.45786714553833,4.087937355041504,322.54,5.685244344382511,0.055859375,0.4340232418831609,0.783884325179082,0.0,-0.08378906250000001,-6.914691516778172,3.145118282656764,5.0,1.0088694469436863
1757309260.1776545,-3.012058734893799,-1.434201717376709,4.087486743927002,320.49,5.6661037193825114,0.03671875,0.4171819674420843,0.7945263822094891,0.0,-0.055078125000000006,-6.912517958747837,3.1466604488720726,5.0,1.0164674305706605
1757309260.3073447,-2.5224854946136475,-1.134972095489502,4.08419942855835,322.54,5.630166219382511,0.00078125,0.36037580261064905,0.8455913940784354,0.0,-0.0011718750000000002,-6.909002070222587,3.1493500305459583,5.0,1.1316346717436607
1757309260.4392207,-2.5224854946136475,-1.134972095489502,4.08419942855835,322.54,5.538573495818691,-0.034960937500000004,0.2815463392040098,0.8749837746045562,0.0,0.05244140625,-6.907817410132664,3.1504417921793606,5.0,1.1315502279517249
1757309260.5996287,-2.5224854946136475,-1.134972095489502,4.08419942855835,322.54,5.469619344382511,-0.15976562500000002,0.22059377254511664,0.8923005474181895,0.0,0.23964843750000003,-6.908167917895137,3.150070960496644,5.0,1.131541756323224
1757309260.744049,-2.5224854946136475,-1.134972095489502,4.08419942855835,322.54,5.393056844382511,-0.236328125,0.15177971593841294,0.9064927224804816,0.0,0.3544921875,-6.909961989111336,3.1478554192871635,5.0,1.131277314809516
1757309260.9070358,-2.2811498641967773,-0.8805076479911804,4.09515905380249,336.29,5.342763875632511,-0.28662109375,0.10448137487982262,0.9140971546660475,0.0,0.429931640625,-6.911511339904971,3.1457321165841736,5.0,1.1360291750911973
1757309261.037229,-2.242671251296997,-0.8023102283477783,4.101643085479736,340.43,5.416480853431358,-0.3212890625,0.1781349043518735,0.8983023444700706,0.0,0.48193359375,-6.911468812483038,3.145782189642302,5.0,1.114335974439701
1757309261.2032802,-2.242671251296997,-0.8023102283477783,4.101643085479736,340.43,5.598313825689296,-0.343310546875,0.3378987730167156,0.8509640373970716,0.0,0.5149658203125,-6.9071373155160245,3.1493199415658917,5.0,1.1133153578089594
1757309261.345706,-2.242671251296997,-0.8023102283477783,4.101643085479736,340.43,5.599436872564296,-0.34218750000000003,0.33911270019615086,0.8502668393440516,0.0,0.51328125,-6.9027973617942315,3.152856482683749,5.0,1.1122924568274737
1757309261.4886625,-2.242671251296997,-0.8023102283477783,4.101643085479736,340.43,5.606761091314296,-0.33486328125000003,0.34560513937391896,0.8474189369758491,0.0,0.502294921875,-6.898281939925147,3.1564813021318447,5.0,1.1111980221447482
1757309261.6378183,-2.1930723190307617,-0.30996501445770264,4.101233959197998,338.29,5.618577497564296,-0.323046875,0.4219668477218417,0.7585646701572005,0.0,0.48457031250000004,-6.892119217355176,3.16130988608036,5.0,0.8421563816589019
1757309261.7920222,-2.1930723190307617,-0.30996501445770264,4.101233959197998,338.29,5.663740198588228,-0.298828125,0.4564338757569545,0.7378288068844805,0.0,0.4482421875,-6.884748247067103,3.1665659159340698,5.0,0.8393570128642027
1757309261.9401548,-2.1930723190307617,-0.30996501445770264,4.101233959197998,338.29,5.655739170321618,-0.24853515625,0.4511352973995842,0.7406030537190733,0.0,0.372802734375,-6.877636325282975,3.171723556093326,5.0,0.8367195607618028
1757309262.0909493,-2.1930723190307617,-0.30996501445770264,4.101233959197998,338.29,5.702125889071618,-0.2021484375,0.48574600795124623,0.7177387937416937,0.0,0.30322265625,-6.869258251141115,3.1772253005667475,5.0,0.8332847663102392
1757309262.2553823,-2.1930723190307617,-0.30996501445770264,4.101233959197998,338.29,5.761500889071618,-0.14277343750000002,0.528395566180699,0.6860582357301006,0.0,0.21416015625,-6.859217077887955,3.1829969730521457,5.0,0.8286954249470959
1757309262.3916056,-2.0882184505462646,0.32417598366737366,4.070114612579346,318.33,5.816383701571618,-0.087890625,0.6146802799300017,0.5579220454643627,0.0,0.1318359375,-6.845937994394335,3.1896889503940273,5.0,0.5540129474455204
1757309262.5494475,-2.0882184505462646,0.32417598366737366,4.070114612579346,318.33,5.707882761478894,-0.049609375000000004,0.5518065336666628,0.6194193006150361,0.0,0.0744140625,-6.835732205766426,3.1963071510375274,5.0,0.5486957295010946
1757309262.6926126,-2.0882184505462646,0.32417598366737366,4.070114612579346,318.33,5.552195670373549,-0.0037109375000000003,0.44971392498585055,0.696789905443548,0.0,0.00556640625,-6.829712300764135,3.2017052078245,5.0,0.5463445950943404
1757309262.8736856,-2.0882184505462646,0.32417598366737366,4.070114612579346,318.33,5.594969107873549,0.0390625,0.4798667289316675,0.6759873649922217,0.0,-0.05859375,-6.822627475002628,3.207531354927037,5.0,0.5433173288046396
1757309262.9951334,-2.0735764503479004,0.37118756771087646,4.064144134521484,318.33,5.603953482873549,0.048046875,0.4897005587073937,0.6669671515864192,0.0,-0.07207031250000001,-6.815184413697097,3.2135408204929643,5.0,0.5282744226112213
1757309263.1475322,-1.7593510150909424,1.088997483253479,4.027512550354004,295.7,5.489884004312407,0.07500000000000001,0.4242721719900772,0.7049159978449402,0.0,-0.11250000000000002,-6.808055301530258,3.2207835174364656,5.0,0.4803217667805182
1757309263.2889216,-1.7593510150909424,1.088997483253479,4.027512550354004,295.7,5.233985473147232,0.073046875,0.23217216240319621,0.7892700848765469,0.0,-0.10957031249999999,-6.806392887497625,3.223676263850548,5.0,0.4799165283932698
1757309263.4373934,-1.7593510150909424,1.088997483253479,4.027512550354004,295.7,5.221094848147232,0.06015625,0.2220910743260167,0.7921347551446323,0.0,-0.090234375,-6.804946911148001,3.2262691950532454,5.0,0.47959563438465125
1757309263.6014638,-1.7593510150909424,1.088997483253479,4.027512550354004,295.7,5.196094848147232,0.03515625,0.20228693212535687,0.7974039564946336,0.0,-0.052734375,-6.803890190782414,3.2282807303556487,5.0,0.479407660178059
1757309263.7361526,-1.3314365148544312,1.8144497871398926,4.067024230957031,293.21,5.174610473147232,0.013671875,0.12370400109334526,0.8321591381725302,0.0,-0.0205078125,-6.801270522625633,3.2335387998698404,5.0,0.6509200754055291
1757309263.894044,-1.3314365148544312,1.8144497871398926,4.067024230957031,293.21,5.067804231673841,-0.02890625,0.03439685667451409,0.840564108621069,0.0,0.043359375000000006,-6.800273574238493,3.2362247071021297,5.0,0.6506302927307264
1757309264.0442913,-1.3314365148544312,1.8144497871398926,4.067024230957031,293.21,5.034667399772573,-0.08281250000000001,0.006578706968453335,0.8412258031023723,0.0,0.12421875000000002,-6.799666152403865,3.2380437713080634,5.0,0.6505004380792521
1757309264.1889293,-1.3314365148544312,1.8144497871398926,4.067024230957031,293.21,5.000878337272574,-0.1166015625,-0.021831526750543173,0.8409642173839663,0.0,0.17490234375000002,-6.799394491414403,3.2389591687212236,5.0,0.6504682471136007
1757309264.3431814,-1.3314365148544312,1.8144497871398926,4.067024230957031,293.21,4.955761149772573,-0.16171875000000002,-0.05973693783467518,0.8391234446544554,0.0,0.24257812500000003,-6.799472663573366,3.238644331363465,5.0,0.6504645316551798
1757309264.5027537,-1.0880461931228638,2.4593911170959473,4.065239906311035,302.62,4.916796306022573,-0.20068359375,-0.13692872402724515,0.8453946119076083,0.0,0.301025390625,-6.799070430675024,3.240584649064855,5.0,0.7642051643134886
1757309264.6463346,-1.0880461931228638,2.4593911170959473,4.065239906311035,302.62,5.005090776207718,-0.2525390625,-0.06158023658254139,0.8540949114747867,0.0,0.37880859375000003,-6.797772155510311,3.2448927379944577,5.0,0.7635044341091168
1757309264.7922487,-1.0880461931228638,2.4593911170959473,4.065239906311035,302.62,5.00739897613524,-0.27431640625000003,-0.05933526124570798,0.8541516982842132,0.0,0.411474609375,-6.796451379592107,3.249239152220866,5.0,0.7627900960819014
1757309264.9463885,-1.0880461931228638,2.4593911170959473,4.065239906311035,302.62,4.99831694488524,-0.2833984375,-0.06684888239155681,0.8535066688753751,0.0,0.42509765624999996,-6.795249484794361,3.2533274593032875,5.0,0.7621614284870173
1757309265.0985248,-1.0880461931228638,2.4593911170959473,4.065239906311035,302.62,5.01218413238524,-0.26953125,-0.054722857848020806,0.8542637204921313,0.0,0.404296875,-6.793880725774026,3.257755497824288,5.0,0.7614176552659551
1757309265.2692022,-0.9258877038955688,3.0763847827911377,4.0164570808410645,303.61,5.066291703962364,-0.23916015625,-0.04837568063480241,0.870726379941206,0.0,0.358740234375,-6.790651660633283,3.266495513957282,5.0,0.8678444388339344
1757309265.4076939,-0.9258877038955688,3.0763847827911377,4.0164570808410645,303.61,5.116013040616282,-0.21474609375,-0.003622941026194537,0.8714493963148755,0.0,0.322119140625,-6.786471633532227,3.276283161805105,5.0,0.863992100800262
1757309265.5680954,-0.9258877038955688,3.0763847827911377,4.0164570808410645,303.61,5.131416016979983,-0.16757812500000002,0.011307173453910968,0.8707304628092878,0.0,0.25136718750000003,-6.781992172819922,3.2863401888047767,5.0,0.8598669629497673
1757309265.6875684,-0.9258877038955688,3.0763847827911377,4.0164570808410645,303.61,5.191962891979983,-0.10703125000000001,0.06588677225783307,0.8674560981482512,0.0,0.160546875,-6.776188338845304,3.2974999187912837,5.0,0.8544777241579498
1757309265.8449774,-0.9204879999160767,3.099719762802124,4.014465808868408,299.81,5.298212891979984,-0.00078125,0.15866934631063545,0.8548071737201518,0.0,0.0011718750000000002,-6.767693980213469,3.3103018004601545,5.0,0.850996715997181
1757309265.9868152,-0.855516791343689,3.502533435821533,3.9770264625549316,279.6,5.3022028804042,0.06953125,0.1440379469831985,0.8662417385169489,0.0,-0.10429687500000001,-6.758104582864073,3.3246295993437425,5.0,0.9052681913388998
1757309266.1495738,-0.855516791343689,3.502533435821533,3.9770264625549316,279.6,5.104499332943483,0.14375000000000002,-0.027084344895792645,0.87690282674427,0.0,-0.215625,-6.75348066985116,3.3358113278758594,5.0,0.9003198365390954
1757309266.2875497,-0.855516791343689,3.502533435821533,3.9770264625549316,279.6,5.0732999635761455,0.193359375,-0.05283956102565929,0.8750325776631556,0.0,-0.2900390625,-6.749527929684963,3.3462837368281635,5.0,0.896081857244396
1757309266.4435718,-0.855516791343689,3.502533435821533,3.9770264625549316,279.6,5.095565588576146,0.215625,-0.03161335879254068,0.8752940968194483,0.0,-0.32343750000000004,-6.745137769450149,3.357174710928432,5.0,0.8914144672272242
1757309266.5923944,-0.898212730884552,3.951760768890381,3.985903263092041,263.49,5.101034338576145,0.22109375,-0.019115362383181622,0.8722965409792789,0.0,-0.331640625,-6.7398973822002946,3.36997261617676,5.0,0.8705840442034258
1757309266.746612,-0.9008849859237671,3.9842092990875244,3.990321636199951,263.49,4.914200912797924,0.21210937500000002,-0.18001812899636996,0.85340353106575,0.0,-0.3181640625,-6.738121270209422,3.3786536377344185,5.0,0.8685624387560029
1757309266.8903322,-0.9008849859237671,3.9842092990875244,3.990321636199951,263.49,4.774549296079859,0.17578125,-0.29674046231078,0.8200173289351635,0.0,-0.263671875,-6.737820919535375,3.383479284593933,5.0,0.8677676882610035
1757309267.0335329,-0.9008849859237671,3.9842092990875244,3.990321636199951,263.49,4.700721171079858,0.101953125,-0.3563210501827044,0.7958967834599401,0.0,-0.15292968750000002,-6.737851989413972,3.3861420354020972,5.0,0.8675265872193201
1757309267.2159348,-0.9008849859237671,3.9842092990875244,3.990321636199951,263.49,4.651893046079858,0.053125000000000006,-0.3947228555528888,0.7775578376029246,0.0,-0.07968750000000001,-6.73792577235172,3.3873601818344525,5.0,0.8674759489229462
1757309267.3818743,-0.95191490650177,4.285308837890625,4.017758369445801,274.67,4.634705546079859,0.035937500000000004,-0.403094472712527,0.7710430656502496,0.0,-0.05390625,-6.738098915781056,3.3895845299236815,5.0,0.855104390625514
1757309267.5036716,-0.9863603711128235,4.528589725494385,4.0366621017456055,274.67,4.598182108579858,-0.0005859375000000001,-0.4342130493323459,0.7554389395908885,0.0,0.0008789062500000001,-6.7383702083567405,3.3919496418986594,5.0,0.8632386824507909
1757309267.657505,-0.9863603711128235,4.528589725494385,4.0366621017456055,274.67,4.575912064111768,-0.05078125,-0.45088787488964355,0.7455879328088155,0.0,0.076171875,-6.738603873083346,3.3936511177666224,5.0,0.8631383191319246
1757309267.7924058,-0.9863603711128235,4.528589725494385,4.0366621017456055,274.67,4.612645856452825,-0.18125000000000002,-0.423096732610941,0.7616545421858651,0.0,0.27187500000000003,-6.73888094928457,3.39641979726908,5.0,0.8628748706302014
1757309267.9444935,-0.9863603711128235,4.528589725494385,4.0366621017456055,274.67,4.573192731452825,-0.220703125,-0.45277417314353335,0.7443786124691909,0.0,0.3310546875,-6.739105076884121,3.3980195400262274,5.0,0.8627860778003145
1757309268.094578,-1.1111071109771729,5.025321006774902,4.086574554443359,286.45,4.554345075202825,-0.23955078125,-0.46486984536657844,0.7360084730538258,0.0,0.35932617187500004,-6.73967265136671,3.401580835176881,5.0,0.8580954402708167
1757309268.2369814,-1.1111071109771729,5.025321006774902,4.086574554443359,286.45,4.691766648215093,-0.26601562500000003,-0.35888817219686386,0.7927679819225455,0.0,0.3990234375,-6.739828063546158,3.409115877590341,5.0,0.8561607373339388
1757309268.388757,-1.1111071109771729,5.025321006774902,4.086574554443359,286.45,4.763069861087756,-0.23642578125000002,-0.3002696054775185,0.8162594921929144,0.0,0.35463867187500003,-6.739346984563377,3.41860006597637,5.0,0.8530877540172046
1757309268.5462794,-1.1111071109771729,5.025321006774902,4.086574554443359,286.45,4.792659704837757,-0.2068359375,-0.27455649933112586,0.8246705997880606,0.0,0.31025390625000004,-6.738523952210208,3.4288312417012348,5.0,0.8494956940729663
1757309268.7058554,-1.1111071109771729,5.025321006774902,4.086574554443359,286.45,4.836995642337757,-0.1625,-0.23597084290675302,0.8358078350955132,0.0,0.24375000000000002,-6.737104926978326,3.440160277241486,5.0,0.8450479864672324
1757309268.842101,-1.4536563158035278,5.672094821929932,4.092254161834717,275.32,4.872135377199794,-0.11601562500000001,-0.16002960320853624,0.836101090261089,0.0,0.17402343750000002,-6.734683959404424,3.455186212197858,5.0,0.7274721087388132
1757309268.9905844,-1.4536563158035278,5.672094821929932,4.092254161834717,275.32,4.740787371590788,-0.064453125,-0.26620597849469474,0.807884550310845,0.0,0.0966796875,-6.734348056237619,3.467011278662283,5.0,0.7225954505170673
1757309269.1464307,-1.4536563158035278,5.672094821929932,4.092254161834717,275.32,4.775162371590787,-0.030078125,-0.2360514479277924,0.81641603525276,0.0,0.0451171875,-6.733553863894518,3.479646391764085,5.0,0.7170051807982416
1757309269.3061397,-1.4536563158035278,5.672094821929932,4.092254161834717,275.32,4.802506121590787,-0.0027343750000000003,-0.21118408335664368,0.8223424602600298,0.0,0.0041015625,-6.732357504653289,3.492886036148177,5.0,0.7108350679381621
1757309269.4415739,-1.622922420501709,6.002137660980225,4.083983421325684,260.02,4.823599871590788,0.018359375,-0.18317206681867174,0.8254278949431386,0.0,-0.027539062500000003,-6.73065903661265,3.5080955188024783,5.0,0.684119944768848
1757309269.5973287,-1.7534557580947876,6.354731559753418,4.078893184661865,260.02,4.566720746035656,0.028515625000000003,-0.40500443598366553,0.7491462507513482,0.0,-0.042773437500000004,-6.7321788157772255,3.5184547739775147,5.0,0.7299344926997255
1757309269.7473018,-1.7534557580947876,6.354731559753418,4.078893184661865,260.02,4.565158246035656,0.026953125,-0.40469081075833324,0.748732551306916,0.0,-0.040429687500000006,-6.733700980267223,3.52871859540359,5.0,0.7261847462027164
1757309269.8893743,-1.7534557580947876,6.354731559753418,4.078893184661865,260.02,4.552658246035656,0.014453125,-0.4126446955128281,0.743836815055183,0.0,-0.021679687500000003,-6.7352898485988835,3.538581021387827,5.0,0.7227069434006124
1757309270.0386536,-1.7534557580947876,6.354731559753418,4.078893184661865,260.02,4.519845746035656,-0.018359375,-0.435703081169936,0.7301177409906587,0.0,0.027539062500000003,-6.737022390807261,3.547467747484906,5.0,0.7198484677793235
1757309270.198055,-1.9906971454620361,6.891350269317627,4.100366592407227,257.87,4.471017621035656,-0.0671875,-0.5027760653883542,0.7001147635251512,0.0,0.10078124999999999,-6.739547086745119,3.557723623504164,5.0,0.8021239540793896
1757309270.3585339,-1.9906971454620361,6.891350269317627,4.100366592407227,257.87,4.356694135561937,-0.0951171875,-0.5786616061619763,0.6384497692174647,0.0,0.14267578125000002,-6.742108769743462,3.5646192167021438,5.0,0.8002630905669079
1757309270.5082037,-1.9906971454620361,6.891350269317627,4.100366592407227,257.87,4.363006241739457,-0.11289062500000001,-0.5738936154930832,0.6423542946944352,0.0,0.1693359375,-6.744674871423434,3.571662577701124,5.0,0.7983299827456527
1757309270.646094,-1.9906971454620361,6.891350269317627,4.100366592407227,257.87,4.344430542117777,-0.15625,-0.5851080412586351,0.6318218828423758,0.0,0.234375,-6.74717022552641,3.5781353362564103,5.0,0.7966739906636899
1757309270.7868156,-1.9906971454620361,6.891350269317627,4.100366592407227,257.87,4.304782104617777,-0.19589843750000002,-0.6092699397817917,0.6083152056372926,0.0,0.29384765625000003,-6.7494619718136395,3.5834428973580446,5.0,0.7955236048165446
1757309270.9401333,-2.357320785522461,7.611364364624023,4.08473539352417,262.52,4.325335353126084,-0.2044921875,-0.6560282221626171,0.5965005033304712,0.0,0.30673828125,-6.753372648133384,3.593036944800236,5.0,0.9558565489501731
1757309271.094354,-2.357320785522461,7.611364364624023,4.08473539352417,262.52,4.372982841705528,-0.2044921875,-0.6251638595864355,0.62767312133946,0.0,0.30673828125,-6.757243803669829,3.6040012526589797,5.0,0.9513260435604769
1757309271.2394369,-2.357320785522461,7.611364364624023,4.08473539352417,262.52,4.391603977335514,-0.190234375,-0.6115111468167558,0.639821905424183,0.0,0.28535156250000004,-6.761052127009724,3.615463100830695,5.0,0.9464339429596231
1757309271.3940444,-2.357320785522461,7.611364364624023,4.08473539352417,262.52,4.419728977335514,-0.162109375,-0.5911778725850434,0.657397748989198,0.0,0.2431640625,-6.764738463302352,3.6276973850301726,5.0,0.9409538956899075
1757309271.5383527,-2.373079299926758,7.641791343688965,4.080470561981201,262.23,4.458010227335514,-0.12382812500000001,-0.5664842371244272,0.6793077755913883,0.0,0.18574218750000002,-6.768236046073093,3.6411490357488137,5.0,0.9432770168717806
1757309271.7034397,-2.692422866821289,8.222702026367188,4.023216247558594,251.1,4.476440392417964,-0.0900390625,-0.623430647927694,0.6729077205335935,0.0,0.13505859375,-6.772329077078809,3.6581730503954115,5.0,1.1221368374925946
1757309271.844646,-2.692422866821289,8.222702026367188,4.023216247558594,251.1,4.331349876757762,-0.051171875000000006,-0.7119315781328397,0.5765974628023057,0.0,0.07675781250000001,-6.777386527038732,3.670797168050188,5.0,1.116107090663716
1757309271.9993744,-2.692422866821289,8.222702026367188,4.023216247558594,251.1,4.355373314257761,-0.0271484375,-0.695414041807082,0.5944506562636808,0.0,0.04072265625,-6.782344364257091,3.684088974196442,5.0,1.1095389590804778
1757309272.148671,-2.692422866821289,8.222702026367188,4.023216247558594,251.1,4.365334251757761,-0.0171875,-0.6869154481694073,0.6022677818800815,0.0,0.025781250000000002,-6.787236977424845,3.6976159013455048,5.0,1.1027786326608426
1757309272.2959666,-2.929511308670044,8.598041534423828,4.003830432891846,241.55,4.370412376757762,-0.012109375,-0.7309785108350334,0.5889716314680663,0.0,0.0181640625,-6.792808768924179,3.713268655479722,5.0,1.227846605791921
1757309272.44734,-2.9738245010375977,8.663718223571777,4.000367164611816,241.55,4.291639875689626,-0.009375000000000001,-0.7814454021424567,0.526765868373015,0.0,0.014062500000000002,-6.798851386032424,3.726772575217375,5.0,1.2453393026911437
1757309272.587281,-2.9738245010375977,8.663718223571777,4.000367164611816,241.55,4.205295933192303,-0.010546875,-0.8222729201694836,0.4583519323604188,0.0,0.015820312500000003,-6.804820124331451,3.737516442264798,5.0,1.240512114870759
1757309272.7430406,-2.9738245010375977,8.663718223571777,4.000367164611816,241.55,4.200999058192304,-0.014843750000000001,-0.8225999959789231,0.45573193774012327,0.0,0.022265625,-6.8107444782427775,3.7480733077141393,5.0,1.2358255147392665
1757309272.8991663,-2.9738245010375977,8.663718223571777,4.000367164611816,241.55,4.197874058192304,-0.017968750000000002,-0.8224273374075729,0.4540595047431508,0.0,0.026953125,-6.816627751532272,3.7584806303796485,5.0,1.2312512922909589
1757309273.0711164,-3.28173828125,9.033824920654297,4.016900539398193,239.29,4.194358433192304,-0.021484375,-0.8631546973364381,0.4288597265900112,0.0,0.0322265625,-6.823641407032509,3.7707863755180218,5.0,1.3438673126112963
1757309273.189629,-3.3891210556030273,9.122627258300781,4.023494720458984,238.31,4.1594351779832,-0.026562500000000003,-0.8807663876248721,0.39650751585377275,0.0,0.039843750000000004,-6.830864189762117,3.7824893163210827,5.0,1.3531621292788056
1757309273.3402736,-3.3891210556030273,9.122627258300781,4.023494720458984,238.31,4.132980917809667,-0.032421875,-0.8891909386946664,0.37422004947126014,0.0,0.048632812500000004,-6.837938546198784,3.7933010394474973,5.0,1.3479177712377668
1757309273.4939744,-3.3891210556030273,9.122627258300781,4.023494720458984,238.31,4.114372265427686,-0.044921875,-0.8944244071575065,0.3586831239709425,0.0,0.0673828125,-6.8448712212679395,3.8034777539111744,5.0,1.343150688541245
1757309273.6681066,-3.3891210556030273,9.122627258300781,4.023494720458984,238.31,4.094450390427687,-0.06484375,-0.899995858984801,0.34178696005269876,0.0,0.09726562500000001,-6.851630548956982,3.8129871983341523,5.0,1.3388681606394597
1757309273.7918653,-3.9970319271087646,9.39463996887207,4.0412821769714355,238.61,4.0794570739984986,-0.076171875,-0.8805382728493081,0.3462145746391025,0.0,0.1142578125,-6.859947023194139,3.8243234924885137,5.0,1.2629632359182539
1757309273.95854,-3.9970319271087646,9.39463996887207,4.0412821769714355,238.61,4.07898325318367,-0.08554687500000001,-0.8786951747449969,0.34727117830916776,0.0,0.1283203125,-6.868219400502334,3.8355884821866275,5.0,1.2567380430214419
1757309274.0951273,-3.9970319271087646,9.39463996887207,4.0412821769714355,238.61,4.06921762818367,-0.09531250000000001,-0.8801470814209057,0.3400958659734053,0.0,0.14296875,-6.876394961498451,3.846496722212266,5.0,1.2508099450604462
1757309274.2528696,-3.9970319271087646,9.39463996887207,4.0412821769714355,238.61,4.06902231568367,-0.09550781250000001,-0.878334982337126,0.34133244163696375,0.0,0.14326171875000002,-6.884528465137259,3.857344431779497,5.0,1.2449402016538054
1757309274.3924983,-4.17050313949585,9.441352844238281,4.038708209991455,238.67,4.06999887818367,-0.09453125000000001,-0.8642888373108009,0.3524505389010378,0.0,0.14179687500000002,-6.893050589983953,3.868733604317171,5.0,1.2021246209100154
1757309274.550486,-4.526732444763184,9.525402069091797,4.020304203033447,236.59,4.070264825734866,-0.09531250000000001,-0.8390995529361862,0.37144808515898176,0.0,0.14296875,-6.902371899203866,3.881197735030222,5.0,1.1237819508972304
1757309274.7000895,-4.526732444763184,9.525402069091797,4.020304203033447,236.59,4.034743227293384,-0.09453125000000001,-0.8496148948060198,0.34314171864305715,0.0,0.14179687500000002,-6.911486935483979,3.8925239271762284,5.0,1.116892196424847
1757309274.8385935,-4.526732444763184,9.525402069091797,4.020304203033447,236.59,4.035524477293384,-0.09375,-0.8472110580650086,0.34552122374632666,0.0,0.140625,-6.920560772972984,3.903816978265535,5.0,1.1100436167297394
1757309274.9896336,-4.526732444763184,9.525402069091797,4.020304203033447,236.59,4.033961977293384,-0.09531250000000001,-0.845648341726838,0.34589102414659945,0.0,0.14296875,-6.929580363680288,3.915006662185211,5.0,1.1032954002966928
1757309275.1481943,-5.218222141265869,9.723580360412598,4.011678218841553,231.31,4.032790102293384,-0.09648437500000001,-0.8281225198371674,0.35938767015267015,0.0,0.14472656250000002,-6.940398084336745,3.928394960789647,5.0,1.0456648761649934
1757309275.2975287,-5.218222141265869,9.723580360412598,4.011678218841553,231.31,3.979640678406759,-0.095703125,-0.8436008341745416,0.31708646460079687,0.0,0.1435546875,-6.950952884942617,3.9401240926367915,5.0,1.0374433522276485
1757309275.4527488,-5.218222141265869,9.723580360412598,4.011678218841553,231.31,3.944152342788084,-0.09296875,-0.8522438306149733,0.2889613796932948,0.0,0.139453125,-6.961219835255618,3.9507496250345238,5.0,1.0302251749482236
1757309275.595916,-5.218222141265869,9.723580360412598,4.011678218841553,231.31,3.945128905288084,-0.0919921875,-0.8498939981411873,0.29178708499954764,0.0,0.13798828125,-6.9714429614383455,3.9613505002189804,5.0,1.0230454261937298
1757309275.7467802,-5.218222141265869,9.723580360412598,4.011678218841553,231.31,3.947667967788084,-0.08945312500000001,-0.8470775676972154,0.2959329066832549,0.0,0.1341796875,-6.981634374140417,3.971972332877004,5.0,1.0158638287002049
1757309275.8955612,-6.048995018005371,10.009563446044922,4.042562484741211,224.35,3.9449335927880838,-0.0921875,-0.8715362732864962,0.27079681001100353,0.0,0.13828125000000002,-6.994470688506168,3.985277752864164,5.0,1.098027743178223
1757309276.0441642,-6.048995018005371,10.009563446044922,4.042562484741211,224.35,3.9082982711497922,-0.09531250000000001,-0.8780896858826523,0.2415794672631335,0.0,0.14296875,-7.007068843868303,3.997413514492761,5.0,1.0880088908662318
1757309276.2080264,-6.048995018005371,10.009563446044922,4.042562484741211,224.35,3.8383354571252046,-0.1,-0.8907765401497727,0.18205826937592146,0.0,0.15000000000000002,-7.01904591175867,4.007435153356904,5.0,1.0800117416299084
1757309276.341394,-6.048995018005371,10.009563446044922,4.042562484741211,224.35,3.810568051849278,-0.10507812500000001,-0.8937020255295423,0.1595154951378328,0.0,0.1576171875,-7.030661576420274,4.0166183563211515,5.0,1.0728131932700196
1757309276.4957,-6.048995018005371,10.009563446044922,4.042562484741211,224.35,3.8041227393492782,-0.1115234375,-0.8929966489428927,0.15595019526582243,0.0,0.16728515625,-7.04214265402751,4.0255755136488425,5.0,1.0658432061831489
1757309276.6408143,-6.63606595993042,10.24003791809082,4.071860313415527,220.22,3.78767089830972,-0.115234375,-0.9321701970831501,0.09252855402591231,0.0,0.1728515625,-7.055785168907108,4.035862441654427,5.0,1.2183564996547736
1757309276.7864888,-6.63606595993042,10.24003791809082,4.071860313415527,220.22,3.7418934164310724,-0.11406250000000001,-0.9336189309971448,0.05241656819594903,0.0,0.17109375000000002,-7.068815951218867,4.044783034177932,5.0,1.2103506850746077
1757309276.9551916,-6.63606595993042,10.24003791809082,4.071860313415527,220.22,3.735360953741912,-0.10820312500000001,-0.932204778993452,0.04888935708416092,0.0,0.16230468750000002,-7.081693995977926,4.053476063689802,5.0,1.2025907429751745
1757309277.0896509,-6.63606595993042,10.24003791809082,4.071860313415527,220.22,3.7398531412419125,-0.1037109375,-0.9302156940879343,0.05565878796709761,0.0,0.15556640625,-7.094568332626389,4.062251033394023,5.0,1.1947780604715446
1757309277.2495508,-6.825704097747803,10.322627067565918,4.076315402984619,217.8,3.749423453741912,-0.094140625,-0.9438961075391377,0.044067281984048856,0.0,0.14121093750000002,-7.108336766542982,4.071829662898643,5.0,1.25718382498592
1757309277.3991988,-7.430013656616211,10.571489334106445,4.123594760894775,213.59,3.71382711084365,-0.08750000000000001,-0.9967243632857454,-0.0700617754215756,0.0,0.13125,-7.124268213931866,4.082091515077441,5.0,1.4965963649699399
1757309277.5594068,-7.430013656616211,10.571489334106445,4.123594760894775,213.59,3.663320647331028,-0.083203125,-0.9900409483073183,-0.1170297877855499,0.0,0.12480468750000001,-7.1394367429434205,4.0908112741520455,5.0,1.4871891493569018
1757309277.7095652,-7.430013656616211,10.571489334106445,4.123594760894775,213.59,3.652848749334688,-0.07500000000000001,-0.9869956585674913,-0.12424377317451579,0.0,0.11250000000000002,-7.154368676857158,4.099188223192011,5.0,1.4781680917687359
1757309277.8445907,-7.430013656616211,10.571489334106445,4.123594760894775,213.59,3.6698409368346883,-0.058007812500000006,-0.987061178018245,-0.10419433232592257,0.0,0.08701171875000001,-7.16948434971515,4.10800922113746,5.0,1.4687286765252345
1757309277.987478,-8.030817985534668,10.748573303222656,4.153528690338135,206.84,3.676286249334688,-0.051562500000000004,-1.031490569123139,-0.17175029506486988,0.0,0.07734375,-7.1872305871503235,4.118519241209299,5.0,1.6835063076152386
1757309278.1355956,-8.060224533081055,10.753059387207031,4.153711795806885,206.84,3.6184618862116964,-0.0455078125,-1.019351140847696,-0.23012759429044993,0.0,0.06826171875,-7.204203509825622,4.127288097858908,5.0,1.6808395558496363
1757309278.293409,-8.060224533081055,10.753059387207031,4.153711795806885,206.84,3.5666796498250712,-0.043359375000000006,-1.004553355899742,-0.2792215543857162,0.0,0.06503906250000001,-7.220202113526765,4.134530473328966,5.0,1.6716236891175003
1757309278.440117,-8.060224533081055,10.753059387207031,4.153711795806885,206.84,3.564335899825071,-0.045703125000000004,-1.0024082459255625,-0.278267726925835,0.0,0.0685546875,-7.23607679056097,4.1416719652979,5.0,1.6625568023154011
1757309278.603578,-8.060224533081055,10.753059387207031,4.153711795806885,206.84,3.5619921498250715,-0.048046875,-1.000297205902914,-0.27735924357174413,0.0,0.07207031250000001,-7.251827774644072,4.148713471058777,5.0,1.653637373587138
1757309278.7446342,-8.58332633972168,10.741110801696777,4.137454509735107,202.99,3.5598437123250712,-0.050195312500000006,-1.0095483898845714,-0.30166718935484893,0.0,0.07529296875000001,-7.2696208972422385,4.156622095093488,5.0,1.7142619487912718
1757309278.8965807,-8.58332633972168,10.741110801696777,4.137454509735107,202.99,3.54073231825792,-0.054296875,-1.0019571883951528,-0.31701198347020365,0.0,0.0814453125,-7.286986186293772,4.163946417391961,5.0,1.7036996600054541
1757309279.0413642,-8.58332633972168,10.741110801696777,4.137454509735107,202.99,3.495378646686452,-0.058984375000000006,-0.9852940835022442,-0.35870106165387555,0.0,0.08847656250000001,-7.30337763252096,4.170000186856428,5.0,1.6946070389181402
1757309279.1897173,-8.58332633972168,10.741110801696777,4.137454509735107,202.99,3.4678438486232896,-0.07500000000000001,-0.9739927097816995,-0.3825811428902557,0.0,0.11250000000000002,-7.319094578313283,4.17531788332387,5.0,1.6863980283490152
1757309279.3595502,-8.58332633972168,10.741110801696777,4.137454509735107,202.99,3.45983603612329,-0.0830078125,-0.9699080457271209,-0.3873637690391463,0.0,0.12451171875,-7.33455319895786,4.180410586923735,5.0,1.678489474815109
1757309279.4877179,-9.288251876831055,10.535222053527832,4.113819122314453,201.67,3.4455201493357253,-0.086328125,-0.9593808892709123,-0.38564171403265357,0.0,0.12949218750000002,-7.352520010383495,4.186045784256992,5.0,1.637702701767573
1757309279.6450195,-9.288251876831055,10.535222053527832,4.113819122314453,201.67,3.4307430024969645,-0.0890625,-0.9524251701668991,-0.3959019063719268,0.0,0.13359375,-7.370087936430328,4.191272026314708,5.0,1.6275979698553709
1757309279.7896216,-9.288251876831055,10.535222053527832,4.113819122314453,201.67,3.438946127496964,-0.08085937500000001,-0.9544371648080987,-0.38414825083112664,0.0,0.12128906250000002,-7.387741194660769,4.196681670387015,5.0,1.6173283915603207
1757309279.95558,-9.288251876831055,10.535222053527832,4.113819122314453,201.67,3.456524252496964,-0.06328125,-0.9597133442510528,-0.36323417974440303,0.0,0.09492187499999999,-7.405666059400599,4.20252112135982,5.0,1.6066050628346105
1757309280.0881786,-9.464343070983887,10.450000762939453,4.117451190948486,200.82,3.462383627496964,-0.057421875000000004,-0.9567348696814908,-0.3422847301312931,0.0,0.0861328125,-7.424283247146363,4.208707007293704,5.0,1.5662464033189165
1757309280.249473,-9.920443534851074,10.141227722167969,4.110633373260498,194.93,3.423072237693117,-0.049609375000000004,-0.926691327907119,-0.32479920755640734,0.0,0.0744140625,-7.443716359900167,4.214326226633734,5.0,1.42357679466092
1757309280.3876064,-9.920443534851074,10.141227722167969,4.110633373260498,194.93,3.3549046859125466,-0.047265625000000006,-0.9015266141564492,-0.38306275431120634,0.0,0.07089843750000001,-7.461676387082997,4.218216501426589,5.0,1.4130802121891355
1757309280.5365322,-9.920443534851074,10.141227722167969,4.110633373260498,194.93,3.3552953109125467,-0.046875,-0.9007921835181735,-0.37863716077880255,0.0,0.0703125,-7.4795551548518695,4.222096487017461,5.0,1.4026596553736574
1757309280.691414,-9.920443534851074,10.141227722167969,4.110633373260498,194.93,3.3525609359125466,-0.049609375000000004,-0.8988947781866224,-0.3770891173031796,0.0,0.0744140625,-7.497284541270795,4.225893322431986,5.0,1.3924080414870934
1757309280.8384356,-10.330808639526367,9.843220710754395,4.123162746429443,191.04,3.342990623412547,-0.0591796875,-0.8862065094192028,-0.3414050312406314,0.0,0.08876953125,-7.516390103712625,4.229794026082043,5.0,1.2794514759589948
1757309280.9872026,-10.44221305847168,9.76311206817627,4.138319969177246,191.04,3.3119403553806372,-0.062304687500000004,-0.8730197621821589,-0.35619266356472423,0.0,0.09345703125,-7.535221089511725,4.233033234163785,5.0,1.247589472587852
1757309281.14312,-10.44221305847168,9.76311206817627,4.138319969177246,191.04,3.268261378009967,-0.06601562500000001,-0.8561158024124926,-0.389905039970177,0.0,0.0990234375,-7.552989176899833,4.235296010147958,5.0,1.2373363713399925
1757309281.316674,-10.44221305847168,9.76311206817627,4.138319969177246,191.04,3.2637691905099673,-0.0705078125,-0.8538663782888914,-0.3897622938356565,0.0,0.10576171875000001,-7.57056407129444,4.237453998087399,5.0,1.227299977766796
1757309281.443817,-10.44221305847168,9.76311206817627,4.138319969177246,191.04,3.250683253009967,-0.08359375000000001,-0.8482760499037233,-0.39709526485084945,0.0,0.125390625,-7.5877422501079135,4.239335445389519,5.0,1.2177256110451111
1757309281.5899365,-11.135177612304688,9.388772964477539,4.2190070152282715,185.51,3.261620753009967,-0.07265625,-0.8536067552205183,-0.3964025806974215,0.0,0.10898437500000001,-7.60828590652641,4.241813171524247,5.0,1.2394038348679919
1757309281.7406912,-11.135177612304688,9.388772964477539,4.2190070152282715,185.51,3.202212955280921,-0.08476562500000001,-0.8282805814920557,-0.4416928245252435,0.0,0.12714843750000002,-7.627411873064459,4.242974015699246,5.0,1.2276534346923427
1757309281.8929636,-11.135177612304688,9.388772964477539,4.2190070152282715,185.51,3.1508462328746805,-0.0869140625,-0.8044722609847726,-0.47958540796267846,0.0,0.13037109375,-7.645187271677629,4.243138506454705,5.0,1.2175225414357866
1757309282.0395098,-11.135177612304688,9.388772964477539,4.2190070152282715,185.51,3.1410806078746805,-0.0966796875,-0.7997525239675882,-0.48351324853238686,0.0,0.14501953125,-7.662624044807472,4.243129578028958,5.0,1.2077591882771728
1757309282.1913233,-11.135177612304688,9.388772964477539,4.2190070152282715,185.51,3.1256509203746803,-0.11210937500000001,-0.7922560838638192,-0.4920994289208749,0.0,0.16816406250000002,-7.679572317581227,4.2428593702954585,5.0,1.1985187481936963
1757309282.338211,-11.733487129211426,9.129617691040039,4.171731948852539,183.48,3.105587852787914,-0.12187500000000001,-0.7802220705270829,-0.5634797647687633,0.0,0.18281250000000002,-7.698936652913174,4.242161859828226,5.0,1.3375722518835875
1757309282.4986289,-11.733487129211426,9.129617691040039,4.171731948852539,183.48,3.0589707365591954,-0.143359375,-0.753456396032984,-0.595117569576779,0.0,0.21503906250000002,-7.7169621326301385,4.240669162017109,5.0,1.3272656627960382
1757309282.6423862,-11.733487129211426,9.129617691040039,4.171731948852539,183.48,3.0515488615591955,-0.15078125,-0.7493785379535719,-0.5967088087915373,0.0,0.22617187500000002,-7.734693150491005,4.239068264962429,5.0,1.317264200044093
1757309282.7904592,-11.733487129211426,9.129617691040039,4.171731948852539,183.48,3.0589707365591954,-0.143359375,-0.7541211396149504,-0.5870902770702322,0.0,0.21503906250000002,-7.75253979319738,4.237590376721901,5.0,1.3071287394623603
1757309282.9457111,-12.043328285217285,8.990942001342773,4.154147624969482,181.9,3.0706894865591954,-0.131640625,-0.7585608637324452,-0.6118403387002004,0.0,0.19746093750000002,-7.772206565401404,4.236193598847762,5.0,1.3914093216216274
1757309283.1082618,-12.466691970825195,8.808753967285156,4.111725807189941,178.24,3.0703488720668455,-0.11679687500000001,-0.7541530273142233,-0.6709428811813483,0.0,0.1751953125,-7.793936728983383,4.234642835208022,5.0,1.5388939583657484
1757309283.2475271,-12.466691970825195,8.808753967285156,4.111725807189941,178.24,3.007749858754693,-0.10312500000000001,-0.7113617010079818,-0.7119147044375855,0.0,0.1546875,-7.813859829381145,4.231960233994912,5.0,1.5265525213193278
1757309283.395402,-12.466691970825195,8.808753967285156,4.111725807189941,178.24,3.026890483754693,-0.083984375,-0.7254452810554172,-0.6930634580420485,0.0,0.1259765625,-7.834217374341557,4.229614884784987,5.0,1.5137036794704395
1757309283.5546737,-12.466691970825195,8.808753967285156,4.111725807189941,178.24,3.033335796254693,-0.0775390625,-0.7304569039179964,-0.6832233699124982,0.0,0.11630859375000001,-7.854650057712127,4.22739422486808,5.0,1.5007528562276162
1757309283.7015157,-13.233037948608398,8.3441801071167,3.9141972064971924,167.35,3.0413436087546932,-0.06953125,-0.7257216835053382,-0.7785873574204519,0.0,0.10429687500000001,-7.8792229191702745,4.224922533364906,5.0,1.7551179359319145
1757309283.843486,-13.233037948608398,8.3441801071167,3.9141972064971924,167.35,3.0165433407227833,-0.06640625,-0.7070404429212217,-0.7895893098444056,0.0,0.099609375,-7.903026789149198,4.22193026245326,5.0,1.7380978578369843
1757309284.0010629,-13.233037948608398,8.3441801071167,3.9141972064971924,167.35,2.8902022824531945,-0.0662109375,-0.6031743821111091,-0.8674739412281798,0.0,0.09931640624999999,-7.923061909971119,4.216784773186069,5.0,1.7254172936297714
1757309284.1411808,-13.233037948608398,8.3441801071167,3.9141972064971924,167.35,2.8612381907125104,-0.0595703125,-0.5790879481906326,-0.8801026554191979,0.0,0.08935546875,-7.942091874206089,4.2113053207294255,5.0,1.713774226334161
1757309284.2918758,-13.233037948608398,8.3441801071167,3.9141972064971924,167.35,2.8704178782125105,-0.050390625,-0.5884111444511296,-0.8701867275648758,0.0,0.0755859375,-7.961315499293002,4.205960704945328,5.0,1.7019338554721273
1757309284.4527118,-13.894638061523438,7.942257404327393,3.8254001140594482,161.81,2.863062606373749,-0.045703125000000004,-0.5496387263352331,-0.9876387299734946,0.0,0.0685546875,-7.983801124963528,4.199530636784323,5.0,1.9961415756890117
1757309284.5945253,-13.894638061523438,7.942257404327393,3.8254001140594482,161.81,2.787007887652025,-0.037109375,-0.47479226704493077,-1.0217257913902966,0.0,0.0556640625,-8.003699401876363,4.192163639858708,5.0,1.9832915973795187
1757309284.7496579,-13.894638061523438,7.942257404327393,3.8254001140594482,161.81,2.7915000751520247,-0.0326171875,-0.4811465386754073,-1.0147370244033929,0.0,0.048925781249999994,-8.023648068251495,4.184879715230287,5.0,1.9703952972284142
1757309284.8910036,-13.894638061523438,7.942257404327393,3.8254001140594482,161.81,2.7920860126520246,-0.032031250000000004,-0.4834957837634541,-1.009640382220905,0.0,0.048046875,-8.043516488851713,4.177638281940748,5.0,1.9575844080272304
1757309285.043347,-13.894638061523438,7.942257404327393,3.8254001140594482,161.81,2.785445387652025,-0.038671875,-0.47852168439159376,-1.008148420591282,0.0,0.058007812500000006,-8.063064428875988,4.1703662407803685,5.0,1.945099998029769
1757309285.1928408,-14.397293090820312,7.509805679321289,3.848769426345825,156.8,2.762340515880087,-0.042578125,-0.4254187584594371,-1.0934156580577046,0.0,0.0638671875,-8.084652026822086,4.161762594047439,5.0,2.1455461445383373
1757309285.3509738,-14.397293090820312,7.509805679321289,3.848769426345825,156.8,2.6843574061074933,-0.057031250000000006,-0.3411060412875136,-1.1188407719118372,0.0,0.08554687500000001,-8.103432593008893,4.152522366629992,5.0,2.1333043680741994
1757309285.4914913,-14.397293090820312,7.509805679321289,3.848769426345825,156.8,2.657770017127109,-0.07890625000000001,-0.31333529332527904,-1.1235296868957847,0.0,0.11835937500000002,-8.121180327222325,4.143196300321384,5.0,2.122053786104658
1757309285.6409178,-14.397293090820312,7.509805679321289,3.848769426345825,156.8,2.632379392127109,-0.10429687500000001,-0.28672386597758354,-1.1275159330365898,0.0,0.15644531250000002,-8.137938548143541,4.133839745262552,5.0,2.111727306277527
1757309285.7851033,-14.681804656982422,6.998644828796387,3.9026472568511963,158.96,2.609723142127109,-0.126953125,-0.25715123084776054,-1.1404449783769974,0.0,0.1904296875,-8.155981711180681,4.123222587317735,5.0,2.1312283785293697
1757309285.9369688,-14.681804656982422,6.998644828796387,3.9026472568511963,158.96,2.5710595634539035,-0.16718750000000002,-0.2152227244451857,-1.1458762085804561,0.0,0.25078125,-8.172558369894224,4.112584998735153,5.0,2.1203671652987506
1757309286.0889983,-14.681804656982422,6.998644828796387,3.9026472568511963,158.96,2.597812878970186,-0.1765625,-0.2482097171239247,-1.135719903289173,0.0,0.26484375000000004,-8.190003769106353,4.1020378728377525,5.0,2.108713711012455
1757309286.244086,-14.681804656982422,6.998644828796387,3.9026472568511963,158.96,2.5999613164701865,-0.17441406250000002,-0.25304694280180823,-1.1311986792642532,0.0,0.26162109375000003,-8.20743813964675,4.09154849603878,5.0,2.0970860843539123
1757309286.4012306,-14.681804656982422,6.998644828796387,3.9026472568511963,158.96,2.6189066289701866,-0.15546875000000002,-0.27686015657773766,-1.1219858870998687,0.0,0.233203125,-8.225455185338445,4.081168265084062,5.0,2.084921876761107
1757309286.5353227,-14.808866500854492,6.217419624328613,3.956873655319214,153.94,2.631016003970186,-0.143359375,-0.325517707886035,-1.0559004530711755,0.0,0.21503906250000002,-8.245957353972383,4.069684671720716,5.0,1.9053994740986928
1757309286.6923792,-14.808866500854492,6.217419624328613,3.956873655319214,153.94,2.713462767950571,-0.065625,-0.4144671367746178,-1.018717397564302,0.0,0.09843750000000001,-8.26905979655068,4.0591416526018556,5.0,1.8867434635608475
1757309286.8386369,-14.808866500854492,6.217419624328613,3.956873655319214,153.94,2.6717207880200706,-0.0150390625,-0.3746891807189488,-1.0290327707742677,0.0,0.02255859375,-8.290698924284554,4.048153201601838,5.0,1.8696597709797427
1757309287.0001915,-14.808866500854492,6.217419624328613,3.956873655319214,153.94,2.6863692255200706,-0.000390625,-0.39279248412968365,-1.0171617720603123,0.0,0.0005859375000000001,-8.312706740611961,4.037380074111643,5.0,1.852201403279424
1757309287.1430366,-14.808866500854492,6.217419624328613,3.956873655319214,153.94,2.6965254755200707,0.009765625,-0.4061465417658778,-1.0067384563410509,0.0,-0.0146484375,-8.334931768342095,4.02677905544971,5.0,1.8345253692446306
1757309287.2865438,-14.907585144042969,5.430851459503174,4.033340930938721,137.69,2.695353600520071,0.00859375,-0.4282083490399942,-0.9586337705114256,0.0,-0.012890625000000001,-8.358940866803499,4.015292504414364,5.0,1.6998917174200203
1757309287.4428227,-14.907585144042969,5.430851459503174,4.033340930938721,137.69,2.3929875970709924,-0.01015625,-0.1263028735731887,-1.039446765015637,0.0,0.015234375000000001,-8.372986795116471,4.002243917578311,5.0,1.688938263329801
1757309287.608244,-14.907585144042969,5.430851459503174,4.033340930938721,137.69,2.3711125970709923,-0.032031250000000004,-0.10637342456806959,-1.0390379515914145,0.0,0.048046875,-8.38624070856785,3.9893796666022143,5.0,1.678755436144626
1757309287.7449296,-14.907585144042969,5.430851459503174,4.033340930938721,137.69,2.3439641595709926,-0.0591796875,-0.08078451244540424,-1.0389516730138302,0.0,0.08876953125,-8.398542716978204,3.9767730016913783,5.0,1.6694810501868504
1757309287.9231162,-14.907585144042969,5.430851459503174,4.033340930938721,137.69,2.3133000970709925,-0.08984375,-0.05133792338104304,-1.0386964089041946,0.0,0.134765625,-8.409799200320158,3.964506912603476,5.0,1.6611852174117043
1757309288.0413659,-14.970606803894043,4.70683479309082,4.053497314453125,139.22,2.2713993241969894,-0.1326171875,-0.028776488401196343,-1.0222313329973107,0.0,0.19892578125000002,-8.42160371387898,3.9505092393782424,5.0,1.592531366343696
1757309288.1937118,-14.970606803894043,4.70683479309082,4.053497314453125,139.22,2.2579723846265054,-0.171875,-0.018032069155258623,-1.0200775444777368,0.0,0.2578125,-8.432926136111288,3.9367114961947904,5.0,1.5828837454661446
1757309288.339406,-14.970606803894043,4.70683479309082,4.053497314453125,139.22,2.2396130096265052,-0.190234375,-0.0021332916393046464,-1.0179990926272935,0.0,0.28535156250000004,-8.443620700900231,3.9231797237567125,5.0,1.5738620959347323
1757309288.4991722,-14.970606803894043,4.70683479309082,4.053497314453125,139.22,2.2210583221265052,-0.2087890625,0.01407822968362854,-1.015827710659514,0.0,0.31318359375000004,-8.45369348504016,3.909936827007236,5.0,1.5654554734460948
1757309288.649226,-15.06843376159668,3.7024929523468018,4.019502639770508,137.74,2.227511853437674,-0.21210937500000002,0.01994475515661004,-1.0254733231644562,0.0,0.3181640625,-8.466522682160932,3.893294021470971,5.0,1.6046676637629096
1757309288.7998881,-15.073359489440918,3.659886598587036,4.018931865692139,137.74,2.247747321731221,-0.20810546875000002,-0.0032431925341505075,-1.0237106248298036,0.0,0.31215820312500003,-8.480055179865063,3.8764548263844767,5.0,1.5968601255417614
1757309288.944879,-15.073359489440918,3.659886598587036,4.018931865692139,137.74,2.247840946091264,-0.19492187500000002,-0.007700866220226643,-1.0202043435630008,0.0,0.29238281250000003,-8.493523051105402,3.8596992623613366,5.0,1.5828696368568922
1757309289.112687,-15.073359489440918,3.659886598587036,4.018931865692139,137.74,2.2274540116969894,-0.1765625,0.008909836780708169,-1.0169211405822594,0.0,0.26484375000000004,-8.506266894492857,3.843165205045653,5.0,1.569649625224093
1757309289.2357266,-15.073359489440918,3.659886598587036,4.018931865692139,137.74,2.2628055741969897,-0.1412109375,-0.03142953672389459,-1.0129613201324017,0.0,0.21181640624999998,-8.520086183472149,3.8264897353995684,5.0,1.555390730377452
1757309289.390487,-15.192017555236816,2.8785552978515625,3.9955382347106934,123.68,2.2903446366969895,-0.113671875,-0.009914733771194562,-1.0549954290276906,0.0,0.17050781250000002,-8.536924941788383,3.807273310902182,5.0,1.7195814483746377
1757309289.535676,-15.192017555236816,2.8785552978515625,3.9955382347106934,123.68,2.1503651987970867,-0.1005859375,0.13251584003687777,-1.0428770963121845,0.0,0.15087890625,-8.549033248112204,3.7887747068508646,5.0,1.7050533090515323
1757309289.695206,-15.192017555236816,2.8785552978515625,3.9955382347106934,123.68,2.063310718866587,-0.09531250000000001,0.21860665999569207,-1.0252170039717652,0.0,0.14296875,-8.558355642016778,3.7714023482338197,5.0,1.6934778877861723
1757309289.8422256,-15.192017555236816,2.8785552978515625,3.9955382347106934,123.68,2.056670093866587,-0.101953125,0.22142385721953084,-1.0216377123245624,0.0,0.15292968750000002,-8.56743214669522,3.7542152405085347,5.0,1.6822086296550367
1757309289.9902415,-15.192017555236816,2.8785552978515625,3.9955382347106934,123.68,2.036162281366587,-0.1224609375,0.2385618129371867,-1.0149914038509282,0.0,0.18369140625000002,-8.57585814759683,3.7374353847393356,5.0,1.6716744757935738
1757309290.1465755,-15.378093719482422,1.8263455629348755,3.9681854248046875,113.97,1.9749259585707173,-0.1435546875,0.440002315098341,-1.0582657234832702,0.0,0.21533203125,-8.584571691839894,3.71706090726379,5.0,2.051719368589837
1757309290.284768,-15.378093719482422,1.8263455629348755,3.9681854248046875,113.97,1.861516929419476,-0.146484375,0.5531036879724514,-1.0005276887988366,0.0,0.2197265625,-8.589958695812895,3.6990560781148565,5.0,2.0417200862597884
1757309290.4427495,-15.378093719482422,1.8263455629348755,3.9681854248046875,113.97,1.8321204984979373,-0.15703125,0.5787958606195331,-0.9829087106719174,0.0,0.23554687500000002,-8.594561265521206,3.681846344911676,5.0,2.0327232069705117
1757309290.591108,-15.378093719482422,1.8263455629348755,3.9681854248046875,113.97,1.8075111234979373,-0.181640625,0.5996274416793416,-0.9676017114305391,0.0,0.2724609375,-8.598541568953937,3.6653468260403157,5.0,2.0245464627574927
1757309290.7704878,-15.407822608947754,1.5683164596557617,3.9941623210906982,112.7,1.7940345609979373,-0.1951171875,0.648299976247551,-0.9675350089203775,0.0,0.29267578125000004,-8.602473975604926,3.6480251321757415,5.0,2.116035285458884
1757309290.8866541,-15.441805839538574,1.1110703945159912,3.993480920791626,112.33,1.788582481167154,-0.19550781250000002,0.7191623731635218,-0.978502413678871,0.0,0.29326171875,-8.606746507691218,3.628718268302429,5.0,2.2839952557820213
1757309291.0534427,-15.441805839538574,1.1110703945159912,3.993480920791626,112.33,1.7949033487652302,-0.16562500000000002,0.708743340022942,-0.9820667402615015,0.0,0.24843750000000003,-8.611161981780326,3.6093466997820003,5.0,2.273175373176703
1757309291.1940224,-15.441805839538574,1.1110703945159912,3.993480920791626,112.33,1.8163877237652304,-0.144140625,0.6830409990862999,-0.9959526155707488,0.0,0.21621093749999998,-8.616126753732885,3.5895392009615454,5.0,2.261728623883492
1757309291.33822,-15.441805839538574,1.1110703945159912,3.993480920791626,112.33,1.8531064737652303,-0.107421875,0.6411769963987205,-1.0189516996663879,0.0,0.1611328125,-8.622090797632374,3.5689775851104475,5.0,2.249125534185321
1757309291.4869812,-15.273772239685059,0.626349687576294,4.019355297088623,103.58,1.8679502237652303,-0.09257812500000001,0.6293557810879116,-1.0293897335148336,0.0,0.13886718750000002,-8.629061306218468,3.5462145510913134,5.0,2.257946969392931
1757309291.6435463,-15.273772239685059,0.626349687576294,4.019355297088623,103.58,1.8590742436229506,-0.064453125,0.6326688327774925,-1.0220435183863787,0.0,0.0966796875,-8.635726016440245,3.523739511847019,5.0,2.242825792169951
1757309291.788865,-15.273772239685059,0.626349687576294,4.019355297088623,103.58,1.799359249255613,-0.043359375000000006,0.6875108767502057,-0.981295416125536,0.0,0.06503906250000001,-8.640626982502635,3.5026716873316444,5.0,2.2299269878165644
1757309291.9486578,-15.273772239685059,0.626349687576294,4.019355297088623,103.58,1.7748042267157265,-0.033007812500000004,0.7067156711493259,-0.963150959660929,0.0,0.04951171875,-8.644841501610589,3.48230047670917,5.0,2.2179760071738412
1757309292.0907428,-15.273772239685059,0.626349687576294,4.019355297088623,103.58,1.7847651642157265,-0.023046875,0.692322072982136,-0.9691072421930441,0.0,0.034570312500000006,-8.649298951023818,3.4617871332799726,5.0,2.205785998812681
1757309292.237993,-14.893301963806152,0.1849154233932495,4.069387435913086,94.84,1.7912104767157264,-0.0166015625,0.6201368874130853,-0.9587786114844858,0.0,0.02490234375,-8.654286800946302,3.439525344766319,5.0,2.0368882286629466
1757309292.3932254,-14.893301963806152,0.1849154233932495,4.069387435913086,94.84,1.6652766360997275,-0.019140625,0.7315092973288736,-0.8729035490936684,0.0,0.028710937500000002,-8.656092786596066,3.4204673131541337,5.0,2.0264908988490804
1757309292.543731,-14.893301963806152,0.1849154233932495,4.069387435913086,94.84,1.623629637591422,-0.031640625,0.7636218202500615,-0.8415000933176523,0.0,0.047460937499999994,-8.657032891989079,3.4026900720115094,5.0,2.017487130404483
1757309292.695016,-14.893301963806152,0.1849154233932495,4.069387435913086,94.84,1.6083952625914222,-0.046875,0.7729691851575697,-0.8296423269517076,0.0,0.0703125,-8.657681306224744,3.385452651774453,5.0,2.009023008630378
1757309292.8543847,-14.893301963806152,0.1849154233932495,4.069387435913086,94.84,1.5837858875914221,-0.071484375,0.7900840785909371,-0.8103309186454183,0.0,0.10722656250000001,-8.657894411052547,3.369047721278843,5.0,2.001357428340228
1757309292.9964514,-14.346088409423828,-0.3484953045845032,4.16190242767334,92.19,1.553242470650268,-0.087890625,0.7281959253388348,-0.7873393113535386,0.0,0.1318359375,-8.657576954838055,3.350964879284007,5.0,1.7856590115464828
1757309293.1386662,-14.346088409423828,-0.3484953045845032,4.16190242767334,92.19,1.512168926393957,-0.1015625,0.7565964037552246,-0.7569686691360664,0.0,0.15234375,-8.656592639427588,3.3341947787606148,5.0,1.777357034034254
1757309293.3044398,-14.346088409423828,-0.3484953045845032,4.16190242767334,92.19,1.5023784124135724,-0.106640625,0.7607999563537955,-0.7497423455048453,0.0,0.1599609375,-8.655469712642638,3.3178076365356026,5.0,1.769410491927756
1757309293.4369643,-14.346088409423828,-0.3484953045845032,4.16190242767334,92.19,1.4971049749135725,-0.11191406250000001,0.7616609713604011,-0.7459474449483605,0.0,0.16787109375,-8.654277956400955,3.301664653863508,5.0,1.7616842543406026
1757309293.5980084,-14.169830322265625,-0.5110598802566528,4.192166805267334,91.15,1.4900737249135725,-0.11894531250000001,0.7409803326658968,-0.742669432477527,0.0,0.17841796875000002,-8.652925077979127,3.2849414735065046,5.0,1.6967058881369121
1757309293.7466893,-13.657456398010254,-0.9736839532852173,4.221408843994141,87.35,1.4003263516170468,-0.12421875,0.7517476578735633,-0.6823600789324721,0.0,0.186328125,-8.650085295850916,3.268444605653715,5.0,1.5627296200061238
1757309293.9027543,-13.657456398010254,-0.9736839532852173,4.221408843994141,87.35,1.3917326016170468,-0.1328125,0.7543588959910433,-0.6764583561746276,0.0,0.19921875,-8.647162140626484,3.252294792351314,5.0,1.5545362081648841
1757309294.0424113,-13.657456398010254,-0.9736839532852173,4.221408843994141,87.35,1.386263851617047,-0.13828125,0.754914040308688,-0.6729076427783863,0.0,0.20742187499999998,-8.644194324278237,3.2363948663559428,5.0,1.546568588773125
1757309294.2016814,-13.657456398010254,-0.9736839532852173,4.221408843994141,87.35,1.386263851617047,-0.13828125,0.751808592184348,-0.6734872932569315,0.0,0.20742187499999998,-8.64124134701173,3.2205744399905485,5.0,1.5386708823298578
1757309294.340514,-12.95344352722168,-1.6744890213012695,4.207575798034668,75.94,1.3866544766170468,-0.13789062500000002,0.7407304782648645,-0.6757952255517826,0.0,0.2068359375,-8.637558478835812,3.20080084009394,5.0,1.5111684806571857
1757309294.510657,-12.95344352722168,-1.6744890213012695,4.207575798034668,75.94,1.3399254762500372,-0.1259765625,0.7672730470023925,-0.6414476889974595,0.0,0.18896484375,-8.633258447383046,3.182507671342739,5.0,1.500339683156195
1757309294.6660335,-12.95344352722168,-1.6744890213012695,4.207575798034668,75.94,1.2788141409654779,-0.11308593750000001,0.8016003516826508,-0.5944170670376757,0.0,0.16962890625000002,-8.628353673309777,3.166189579308681,5.0,1.4914229225043405
1757309294.8039055,-12.95344352722168,-1.6744890213012695,4.207575798034668,75.94,1.2166139714644937,-0.1087890625,0.8343335324120269,-0.5444257501469184,0.0,0.16318359375000002,-8.62308164897925,3.151932210530197,5.0,1.4843176899045334
1757309294.939485,-12.95344352722168,-1.6744890213012695,4.207575798034668,75.94,1.2072389714644938,-0.1181640625,0.8368611209917403,-0.5375463279316106,0.0,0.17724609375,-8.617799061556143,3.138047825506526,5.0,1.477524514391197
1757309295.0845995,-12.280623435974121,-2.357943058013916,4.22282600402832,65.15,1.1882936589644937,-0.137109375,0.8901866826758182,-0.5041789347939901,0.0,0.20566406250000002,-8.610834918661434,3.12073776066125,5.0,1.5941861722823107
1757309295.253339,-12.280623435974121,-2.357943058013916,4.22282600402832,65.15,1.0135195976786224,-0.14921875,0.962409983248943,-0.3428821375581764,0.0,0.22382812500000002,-8.60367159301456,3.109242640229962,5.0,1.5886337213815507
1757309295.3968272,-12.280623435974121,-2.357943058013916,4.22282600402832,65.15,0.9816132576743057,-0.15546875000000002,0.9712817190759997,-0.3130596697100982,0.0,0.233203125,-8.596719526577463,3.0988411651366574,5.0,1.583892623037908
1757309295.558961,-12.280623435974121,-2.357943058013916,4.22282600402832,65.15,0.9757538826743057,-0.16132812500000002,0.9715878179029594,-0.3083863686748482,0.0,0.2419921875,-8.589841910834972,3.088680456071541,5.0,1.5793294468735253
1757309295.6932385,-12.280623435974121,-2.357943058013916,4.22282600402832,65.15,0.9687226326743058,-0.168359375,0.9722938508676909,-0.30253568599169955,0.0,0.2525390625,-8.583049582801866,3.0787961833090627,5.0,1.5749666141969323
1757309295.8528838,-11.697206497192383,-2.8977620601654053,4.300179481506348,61.53,0.9431783318395335,-0.1853515625,1.0307172574328856,-0.24059430211709254,0.0,0.27802734375000004,-8.574215156146616,3.06661870776844,5.0,1.7325264842513581
1757309295.9903715,-11.697206497192383,-2.8977620601654053,4.300179481506348,61.53,0.8912214850120825,-0.19140625,1.0401692506882414,-0.18807565095108963,0.0,0.287109375,-8.565804283004768,3.0562086757750455,5.0,1.7272169097966783
1757309296.1463356,-11.697206497192383,-2.8977620601654053,4.300179481506348,61.53,0.8608151512521109,-0.21308593750000002,1.0440289919883017,-0.15754960806852863,0.0,0.31962890625,-8.557740531265129,3.0468267212818785,5.0,1.722676723725784
1757309296.2976253,-11.697206497192383,-2.8977620601654053,4.300179481506348,61.53,0.853393276252111,-0.2205078125,1.0438645810765286,-0.15093524277193954,0.0,0.33076171875000004,-8.549800876748408,3.0377266605356814,5.0,1.7183471548567768
1757309296.4458463,-11.3524751663208,-3.1016108989715576,4.294075012207031,59.12,0.8544674950021109,-0.21943359375000002,1.0511560192202778,-0.14556693550670186,0.0,0.329150390625,-8.540640607767493,3.0272047936999713,5.0,1.7430553445312507
1757309296.5975585,-11.07663345336914,-3.1857354640960693,4.270572662353516,59.12,0.8441971511297743,-0.21015625000000002,1.040939727818246,-0.14512356944421884,0.0,0.315234375,-8.530811664362801,3.01614627109421,5.0,1.7040693342675262
1757309296.7515624,-11.07663345336914,-3.1857354640960693,4.270572662353516,59.12,0.8474636537790476,-0.184375,1.0384995768636003,-0.15025415261209213,0.0,0.27656250000000004,-8.521002802249122,3.0050374746455164,5.0,1.6975307094480172
1757309296.8986905,-11.07663345336914,-3.1857354640960693,4.270572662353516,59.12,0.8621120912790476,-0.1697265625,1.0341005181495808,-0.16723872169657172,0.0,0.25458984375000004,-8.5111203328461,2.9935092794122,5.0,1.6906593973800854
1757309297.1191192,-11.07663345336914,-3.1857354640960693,4.270572662353516,59.12,0.8751980287790476,-0.156640625,1.0296233139102857,-0.18259294320715297,0.0,0.23496093750000002,-8.501188751490831,2.9816122012638253,5.0,1.683494044124914
1757309297.2232606,-10.691726684570312,-3.236555337905884,4.246769428253174,49.29,0.8892605287790476,-0.142578125,0.9959605917432077,-0.2221953900096985,0.0,0.2138671875,-8.490324453308713,2.9682194054080497,5.0,1.5837224576276023
1757309297.3499794,-10.5018310546875,-3.2706682682037354,4.2340545654296875,49.29,0.8985525655110987,-0.117578125,0.9817698333543401,-0.24105729572272555,0.0,0.17636718750000002,-8.47902534530163,2.9540229905605715,5.0,1.5451145295449829
1757309297.4914715,-10.5018310546875,-3.2706682682037354,4.2340545654296875,49.29,0.8288270882298717,-0.0724609375,0.9938451966414742,-0.17421161631198112,0.0,0.10869140625000001,-8.468140606296899,2.942149253560274,5.0,1.537201113520453
1757309297.6463673,-10.5018310546875,-3.2706682682037354,4.2340545654296875,49.29,0.804413413308005,-0.055859375,0.9957346616591087,-0.1518886367346357,0.0,0.08378906250000001,-8.45751071034918,2.931107210602352,5.0,1.530027929480549
1757309297.7865672,-10.5018310546875,-3.2706682682037354,4.2340545654296875,49.29,0.807147788308005,-0.053125000000000006,0.9932402042884068,-0.15659782153417007,0.0,0.07968750000000001,-8.446909492931717,2.9200345194580306,5.0,1.5228447498106208
1757309297.9445033,-9.840309143066406,-3.473376750946045,4.152702331542969,37.82,0.7600653801381326,-0.060937500000000006,1.002776925450421,-0.10624042560856678,0.0,0.09140625000000001,-8.434606392304982,2.9083394883821065,5.0,1.5346998693744824
1757309298.0904982,-9.840309143066406,-3.473376750946045,4.152702331542969,37.82,0.5923889394666203,-0.078515625,1.0054641212925426,0.06114913231299335,0.0,0.11777343750000001,-8.42466347533006,2.901647695385097,5.0,1.5303131125467768
1757309298.237678,-9.840309143066406,-3.473376750946045,4.152702331542969,37.82,0.5487553981042554,-0.111328125,1.0011250569475139,0.10377989726526915,0.0,0.1669921875,-8.415630131346832,2.8961247624155964,5.0,1.526887452312204
1757309298.3959153,-9.840309143066406,-3.473376750946045,4.152702331542969,37.82,0.5323491481042555,-0.127734375,0.9986637213529758,0.1191305459427302,0.0,0.19160156250000002,-8.40699083109244,2.891035549551264,5.0,1.5238137093391426
1757309298.5839593,-9.840309143066406,-3.473376750946045,4.152702331542969,37.82,0.5022710231042554,-0.15781250000000002,0.9941481876944122,0.14823407434008884,0.0,0.23671875000000003,-8.399068895177196,2.8866843869590335,5.0,1.5213151380704026
1757309298.6908457,-9.203625679016113,-3.6251919269561768,4.089242935180664,37.85,0.488657377423073,-0.166015625,0.998777133720071,0.17442920392449385,0.0,0.2490234375,-8.388709317891571,2.881176564610001,5.0,1.5572036436024783
1757309298.8432214,-9.203625679016113,-3.6251919269561768,4.089242935180664,37.85,0.4975211843798537,-0.1630859375,0.999454979896141,0.1640430350689112,0.0,0.24462890625,-8.37821228466226,2.8754757494477015,5.0,1.5528610171909607
1757309299.0101888,-9.203625679016113,-3.6251919269561768,4.089242935180664,37.85,0.5035758718798538,-0.15703125,0.9995734540868586,0.15643423128917927,0.0,0.23554687500000002,-8.367640547377793,2.869651201359915,5.0,1.5484241159041536
1757309299.1383998,-9.203625679016113,-3.6251919269561768,4.089242935180664,37.85,0.5213493093798537,-0.1392578125,1.0012396466149474,0.13697984935209967,0.0,0.20888671874999998,-8.35675854306332,2.8634010692293494,5.0,1.5436246084341319
1757309299.2862272,-8.41525936126709,-3.6180691719055176,4.072542190551758,29.31,0.5432243093798537,-0.1173828125,0.9894660113165568,0.09098280993965469,0.0,0.17607421875,-8.342632984182067,2.8548717604130003,5.0,1.4733483533587952
1757309299.4476144,-8.324947357177734,-3.601670265197754,4.074466705322266,29.31,0.44085287875953794,-0.070703125,0.9711106478703456,0.1834048873642905,0.0,0.10605468750000001,-8.330102362607244,2.8489595268043124,5.0,1.4506318518068912
1757309299.6063175,-8.324947357177734,-3.601670265197754,4.074466705322266,29.31,0.4763997537595379,-0.03515625,0.9757696942879525,0.1463626390735307,0.0,0.052734375,-8.316938192801162,2.842166244594987,5.0,1.443841487160582
1757309299.7519205,-8.324947357177734,-3.601670265197754,4.074466705322266,29.31,0.5099935037595379,-0.0015625,0.9786452883499983,0.11084300363150434,0.0,0.0023437500000000003,-8.30324169283181,2.8345051047775605,5.0,1.4362119704793423
1757309299.8990886,-8.324947357177734,-3.601670265197754,4.074466705322266,29.31,0.5357747537595379,0.02421875,0.9794873475238995,0.0827315876096314,0.0,-0.036328125,-8.289195442411302,2.8261658367059534,5.0,1.427935528017228
1757309300.0415926,-7.597460746765137,-3.4807827472686768,4.083618640899658,10.3,0.5482747537595379,0.03671875,0.9606394272033367,0.038052809837453294,0.0,-0.055078125000000006,-8.272649136118064,2.8160604456014307,5.0,1.3329387772748609
1757309300.2060204,-7.597460746765137,-3.4807827472686768,4.083618640899658,10.3,0.5061126078336826,0.0390625,0.9561532229694224,0.07484967599397746,0.0,-0.05859375,-8.256717066508514,2.8072298398997,5.0,1.3224774567814412
1757309300.342453,-7.597460746765137,-3.4807827472686768,4.083618640899658,10.3,0.22492331765255302,0.025781250000000002,0.8975362704239918,0.3359542595387691,0.0,-0.038671875,-8.246749251257475,2.8049492568752594,5.0,1.3191773507304925
1757309300.4876318,-7.597460746765137,-3.4807827472686768,4.083618640899658,10.3,0.18133141295541594,0.0015625,0.8818645343185769,0.37377255868884895,0.0,-0.0023437500000000003,-8.238033494370692,2.8033512632641813,5.0,1.3166980066574903
1757309300.6417692,-7.597460746765137,-3.4807827472686768,4.083618640899658,10.3,0.15398766295541594,-0.025781250000000002,0.8711922650052311,0.3969473716085284,0.0,0.038671875,-8.230143707725198,2.8021266386062025,5.0,1.3146843215004687
1757309300.7969542,-6.839972972869873,-3.4260497093200684,4.0685014724731445,8.05,0.12605797545541594,-0.0537109375,0.862940559552706,0.44616091828500193,0.0,0.08056640625,-8.219418621419726,2.800767448848584,5.0,1.3777834879028825
1757309300.9451911,-6.839972972869873,-3.4260497093200684,4.0685014724731445,8.05,0.05690525478554352,-0.08359375000000001,0.8299960523748229,0.5037853677428322,0.0,0.125390625,-8.210775832918884,2.800275097206443,5.0,1.375438892930113
1757309301.0970309,-6.839972972869873,-3.4260497093200684,4.0685014724731445,8.05,0.03190525478554353,-0.10859375,0.8171188012462638,0.5236058962561027,0.0,0.162890625,-8.202936204787063,2.8000248869676003,5.0,1.373513446294501
1757309301.2377155,-6.839972972869873,-3.4260497093200684,4.0685014724731445,8.05,0.01549900478554353,-0.125,0.8084084777436269,0.536274100957025,0.0,0.1875,-8.19564061301107,2.7999118035006676,5.0,1.3718467895619604
1757309301.3946114,-6.692326068878174,-3.409485340118408,4.066812038421631,9.34,-0.00989162021445647,-0.150390625,0.7944724425863875,0.5627505900284473,0.0,0.2255859375,-8.188431860678726,2.799983112066683,5.0,1.3871614195150155
1757309301.5517685,-6.123318672180176,-3.217536687850952,4.068223476409912,9.12,-0.004236009072504682,-0.1595703125,0.7976905531802628,0.5468851663323046,0.0,0.23935546875000002,-8.178233929832434,2.8000263108526524,5.0,1.358753113582785
1757309301.6879985,-6.123318672180176,-3.217536687850952,4.068223476409912,9.12,0.006535176813464105,-0.15839843750000002,0.8035257735862437,0.5368852316489903,0.0,0.23759765625,-8.167763168757572,2.7999578816034827,5.0,1.3553122813123206
1757309301.8471758,-6.123318672180176,-3.217536687850952,4.068223476409912,9.12,0.014642777781882832,-0.14453125,0.8078312632718823,0.5289254380216606,0.0,0.216796875,-8.157102636667286,2.7998017706435894,5.0,1.3517430157620804
1757309301.9919136,-6.123318672180176,-3.217536687850952,4.068223476409912,9.12,0.027728715281882838,-0.1314453125,0.8146412312049293,0.5167894019225705,0.0,0.19716796874999998,-8.14610769578113,2.799496816896429,5.0,1.3479419996761983
1757309302.1494992,-5.723610877990723,-2.9857420921325684,4.105217456817627,2.37,0.04472090278188283,-0.114453125,0.8218437596199791,0.4702292920792897,0.0,0.1716796875,-8.132727538568773,2.7988980449601604,5.0,1.2662512397715844
1757309302.290814,-5.57324743270874,-2.8902158737182617,4.120654106140137,2.37,0.02550576587198207,-0.10312500000000001,0.812312759486205,0.472436612501928,0.0,0.1546875,-8.11921325008633,2.798553277916904,5.0,1.2324984078498584
1757309302.4547374,-5.57324743270874,-2.8902158737182617,4.120654106140137,2.37,-0.03890913422773439,-0.0802734375,0.7802843707439412,0.5220194192342724,0.0,0.12041015625000001,-8.107608291982459,2.7990050447922328,5.0,1.228179479160505
1757309302.597555,-5.57324743270874,-2.8902158737182617,4.120654106140137,2.37,-0.031682571727734386,-0.073046875,0.7840925622023872,0.514594041182805,0.0,0.10957031249999999,-8.095849845967553,2.7993777073009074,5.0,1.2237446969291499
1757309302.7463148,-5.57324743270874,-2.8902158737182617,4.120654106140137,2.37,-0.026604446727734397,-0.06796875000000001,0.786743540950544,0.5088046652338943,0.0,0.101953125,-8.084002244612256,2.7996929805666397,5.0,1.2192405079371529
1757309302.8921185,-5.078046798706055,-2.6292693614959717,4.14426326751709,351.51,-0.024260696727734392,-0.065625,0.7881307262056336,0.4988475504814413,0.0,0.09843750000000001,-8.069639605562084,2.80004149657621,5.0,1.1989550664296011
1757309303.0381064,-4.990259170532227,-2.5827229022979736,4.146629810333252,351.51,6.154204855332193,-0.065625,0.731777130304181,0.5776670350812589,0.0,0.09843750000000001,-8.057930413597001,2.8015601844100377,5.0,1.1968630139237808
1757309303.1852539,-4.990259170532227,-2.5827229022979736,4.146629810333252,351.51,6.074850603685268,-0.06015625,0.683919393636024,0.6327352269800653,0.0,0.090234375,-8.048695995427387,2.8035123598963487,5.0,1.193994358374919
1757309303.3414636,-4.990259170532227,-2.5827229022979736,4.146629810333252,351.51,6.074069353685268,-0.060937500000000006,0.6836596433518056,0.6321630197020739,0.0,0.09140625000000001,-8.039531826225657,2.805457165311305,5.0,1.191166947332432
1757309303.5056214,-4.990259170532227,-2.5827229022979736,4.146629810333252,351.51,6.069772478685268,-0.065234375,0.6811678492451644,0.6340296134237368,0.0,0.09785156249999999,-8.030545922737776,2.8074045267646914,5.0,1.188442230252316
1757309303.6485357,-4.391329288482666,-2.1893768310546875,4.1956610679626465,345.26,6.041921955110139,-0.07109375,0.6643277290181808,0.6483636898935612,0.0,0.10664062499999999,-8.019185107748132,2.81019992490099,5.0,1.1771438047102807
1757309303.7863867,-4.391329288482666,-2.1893768310546875,4.1956610679626465,345.26,5.965725811254768,-0.07695312500000001,0.6134038029496401,0.6959611274277352,0.0,0.11542968750000002,-8.010226598420122,2.8131434426589226,5.0,1.1742713601515966
1757309303.941253,-4.391329288482666,-2.1893768310546875,4.1956610679626465,345.26,5.945064400435622,-0.08085937500000001,0.599224395976164,0.7075468713248713,0.0,0.12128906250000002,-8.001950408065191,2.8160535502812003,5.0,1.1717840347484376
1757309304.0914993,-4.391329288482666,-2.1893768310546875,4.1956610679626465,345.26,5.941744087935622,-0.0841796875,0.597194384635301,0.7086248670302567,0.0,0.12626953125,-7.993817906727005,2.8189435099790625,5.0,1.1693757287907527
1757309304.2573452,-4.120575904846191,-1.965560793876648,4.2079668045043945,343.71,5.929048775435622,-0.096875,0.5904757086562964,0.7098595035314779,0.0,0.1453125,-7.98456169207605,2.8223657483700735,5.0,1.152611375494554
1757309304.3913076,-3.7941927909851074,-1.6408416032791138,4.211638927459717,341.33,5.900084451148057,-0.11484375000000001,0.5748404580900508,0.7138333678496982,0.0,0.172265625,-7.974274355958522,2.826511675771815,5.0,1.1180329526472539
1757309304.5481324,-3.7941927909851074,-1.6408416032791138,4.211638927459717,341.33,5.819441710832245,-0.13789062500000002,0.5159110673947647,0.7569364637399834,0.0,0.2068359375,-7.966491627575524,2.830403973812443,5.0,1.1155633094977073
1757309304.6956775,-3.7941927909851074,-1.6408416032791138,4.211638927459717,341.33,5.799910460832245,-0.15742187500000002,0.5014260036741816,0.7661126480457698,0.0,0.2361328125,-7.959333541375684,2.834160397254291,5.0,1.1134311458739878
1757309304.8426917,-3.7941927909851074,-1.6408416032791138,4.211638927459717,341.33,5.782332335832245,-0.17500000000000002,0.48823727215644114,0.7741597045955912,0.0,0.2625,-7.95273381641009,2.837773156288143,5.0,1.1115835611367002
1757309305.0137331,-3.368269443511963,-1.1233677864074707,4.182865142822266,340.05,5.767097960832245,-0.190234375,0.48749585979738125,0.7619286948316337,0.0,0.28535156250000004,-7.9438943877270365,2.842788454444378,5.0,1.0553066773674864
1757309305.1389751,-3.368269443511963,-1.1233677864074707,4.182865142822266,340.05,5.752586761544681,-0.19375,0.47701569553797923,0.7678532600337249,0.0,0.290625,-7.9355305787101695,2.847695679514029,5.0,1.0522078060380977
1757309305.300718,-3.368269443511963,-1.1233677864074707,4.182865142822266,340.05,5.755238095761105,-0.18359375,0.4796781610515744,0.7655084187455817,0.0,0.275390625,-7.927130011214378,2.8525945780861295,5.0,1.0490897166120403
1757309305.4611855,-3.368269443511963,-1.1233677864074707,4.182865142822266,340.05,5.762140558906718,-0.1728515625,0.48559094176077544,0.761063548417453,0.0,0.25927734375,-7.918566653058084,2.857509516695806,5.0,1.0458737001004277
1757309305.592081,-3.368269443511963,-1.1233677864074707,4.182865142822266,340.05,5.802374933906718,-0.1326171875,0.5165449701715688,0.7395076629571584,0.0,0.19892578125000002,-7.908843799170083,2.8625813587644617,5.0,1.0419041756020109
1757309305.746078,-2.9706695079803467,-0.5672498941421509,4.101531028747559,329.94,5.829718683906718,-0.10527343750000001,0.542989477375188,0.7119367177204425,0.0,0.15791015625000002,-7.895645040045082,2.8690136128308965,5.0,1.0052719239673928
1757309305.8903992,-2.9706695079803467,-0.5672498941421509,4.101531028747559,329.94,5.706586209030091,-0.051953125,0.4523587631922941,0.7718202004302152,0.0,0.07792968750000001,-7.886191519156065,2.875161412470324,5.0,1.001045929356514
1757309306.0481637,-2.9706695079803467,-0.5672498941421509,4.101531028747559,329.94,5.7409612090300906,-0.017578125,0.47963440725809525,0.7541297358968533,0.0,0.0263671875,-7.875767041103807,2.881441711368906,5.0,0.9961200454440782
1757309306.1894186,-2.9706695079803467,-0.5672498941421509,4.101531028747559,329.94,5.764008084030091,0.0054687500000000005,0.4979577508535025,0.7410006368610638,0.0,-0.008203125,-7.864707477363022,2.8877619184800842,5.0,0.9907190111971103
1757309306.3422267,-2.9706695079803467,-0.5672498941421509,4.101531028747559,329.94,5.784711209030091,0.026171875,0.5143067864117161,0.7284833779750771,0.0,-0.0392578125,-7.853084297760993,2.89408868057339,5.0,0.9848842017438066
1757309306.4935522,-2.5675573348999023,-0.11026588082313538,4.1250739097595215,315.36,5.740471260655432,0.025390625,0.46349553834281426,0.7805106801639429,0.0,-0.0380859375,-7.840349187183252,2.901769542746254,5.0,1.0724534835882036
1757309306.6510603,-2.5675573348999023,-0.11026588082313538,4.1250739097595215,315.36,5.539974411235258,0.017578125,0.29952337857406214,0.8563603839042753,0.0,-0.0263671875,-7.833559604219311,2.908009134123492,5.0,1.0696592957371358
1757309306.7925773,-2.5675573348999023,-0.11026588082313538,4.1250739097595215,315.36,5.512664079089318,0.00859375,0.2766705607951232,0.8635572189943304,0.0,-0.012890625000000001,-7.8275452941766215,2.913847105532316,5.0,1.067349725043032
1757309306.9378726,-2.5675573348999023,-0.11026588082313538,4.1250739097595215,315.36,5.486882829089318,-0.0171875,0.2548584686357821,0.8698730683484335,0.0,0.025781250000000002,-7.822240569006115,2.919268799589673,5.0,1.0654576307662778
1757309307.091625,-2.388526439666748,0.07172997295856476,4.1494317054748535,314.1,5.468914079089318,-0.03515625,0.21971602404724178,0.8926903431726078,0.0,0.052734375,-7.816547268741545,2.925300737522691,5.0,1.1323956354140217
1757309307.2719064,-2.1371641159057617,0.38444480299949646,4.148481369018555,315.09,5.429893293270172,-0.057421875000000004,0.15856649962512404,0.9234089051278064,0.0,0.0861328125,-7.810564535939451,2.932156464589839,5.0,1.2191886156187506
1757309307.4024723,-2.1371641159057617,0.38444480299949646,4.148481369018555,315.09,5.40892833012456,-0.0822265625,0.13987308649246272,0.9259452328054869,0.0,0.12333984375000001,-7.805157406787808,2.9386213085176816,5.0,1.2169096476324137
1757309307.5439389,-2.1371641159057617,0.38444480299949646,4.148481369018555,315.09,5.375920440108933,-0.1234375,0.10979180820944334,0.9296247223492977,0.0,0.18515625000000002,-7.800603739901382,2.9444460574582494,5.0,1.2151552512768369
1757309307.6945407,-2.1371641159057617,0.38444480299949646,4.148481369018555,315.09,5.352482940108933,-0.146875,0.08843059712365897,0.9316035605454082,0.0,0.22031250000000002,-7.796633726727547,2.9497771533807864,5.0,1.2137369065424783
1757309307.8702192,-1.9954464435577393,0.6837085485458374,4.141666889190674,319.17,5.340178252608933,-0.1591796875,0.07296329568417875,0.9355224642778037,0.0,0.23876953125,-7.7920130621151005,2.9561440361716125,5.0,1.2260860585760067
1757309307.9884431,-1.9472768306732178,1.0125316381454468,4.117207050323486,319.17,5.347088857050087,-0.16640625,0.10183884613540678,0.9184928696925221,0.0,0.24960937500000002,-7.786378806235921,2.9637957621588487,5.0,1.1565041673568324
1757309308.137766,-1.9472768306732178,1.0125316381454468,4.117207050323486,319.17,5.385668852330331,-0.176171875,0.13832385140273834,0.9129768519596987,0.0,0.2642578125,-7.779783070473661,2.9720651714479214,5.0,1.152877432994094
1757309308.294183,-1.9472768306732178,1.0125316381454468,4.117207050323486,319.17,5.413536123590302,-0.15703125,0.16498073894874987,0.9076945178444037,0.0,0.23554687500000002,-7.772476619681113,2.9807195272368014,5.0,1.1487166261443136
1757309308.485281,-1.9472768306732178,1.0125316381454468,4.117207050323486,319.17,5.437950186090302,-0.1326171875,0.18848029200117017,0.9021633361856648,0.0,0.19892578125000002,-7.764537550958069,2.9896704495622792,5.0,1.1440703257189195
1757309308.6234941,-1.9501159191131592,1.2583125829696655,4.096319198608398,312.33,5.4434189360903025,-0.12714843750000002,0.21809226776161017,0.8789857170676421,0.0,0.19072265625,-7.755881813652458,2.9993225321133905,5.0,1.0611907464798644
1757309308.7610352,-1.984376311302185,1.6700820922851562,4.093551158905029,310.11,5.456504951105928,-0.105859375,0.2724908967363887,0.8365460211186897,0.0,0.15878906250000002,-7.745954779820879,3.0101049849600328,5.0,0.915356946270526
1757309308.9204683,-1.984376311302185,1.6700820922851562,4.093551158905029,310.11,5.446980772254873,-0.070703125,0.26657033760623855,0.8372434766450052,0.0,0.10605468750000001,-7.7363447179272145,3.0207447533989487,5.0,0.908420277446373
1757309309.0426211,-1.984376311302185,1.6700820922851562,4.093551158905029,310.11,5.374549918359615,-0.037890625000000004,0.206909106820585,0.8530709575868168,0.0,0.0568359375,-7.728747912701515,3.0304895783226145,5.0,0.9032629640758723
1757309309.2035377,-1.984376311302185,1.6700820922851562,4.093551158905029,310.11,5.404628043359615,-0.0078125,0.23425598025310385,0.8449821864620555,0.0,0.01171875,-7.720389389073927,3.0405709310549764,5.0,0.8974643437295233
1757309309.3355675,-1.8600890636444092,2.329306125640869,4.181089878082275,298.63,5.380567621209358,0.012109375,0.21453135360132525,0.84984308930388,0.0,-0.0181640625,-7.710871489802954,3.0526296832418485,5.0,0.8953245854003837
1757309309.4880657,-1.8600890636444092,2.329306125640869,4.181089878082275,298.63,5.207779870230667,-0.004296875,0.06659416006789032,0.8733321730549333,0.0,0.0064453125000000005,-7.7057732021983885,3.0620651416061424,5.0,0.8914309656669976
1757309309.6424267,-1.8600890636444092,2.329306125640869,4.181089878082275,298.63,5.169498620230666,-0.042578125,0.03424466162743145,0.8746884865075177,0.0,0.0638671875,-7.701530660590917,3.070690752383958,5.0,0.888301206231553
1757309309.8052108,-1.8600890636444092,2.329306125640869,4.181089878082275,298.63,5.107779870230666,-0.10429687500000001,-0.019004284314745767,0.8748152926149473,0.0,0.15644531250000002,-7.69851525371577,3.077915520651058,5.0,0.8862242909363136
1757309309.94665,-1.70455801486969,2.83701491355896,4.094429969787598,303.72,5.072232995230666,-0.13984375000000002,-0.09112097867591673,0.8890268751477,0.0,0.209765625,-7.695196145217758,3.0867376628915437,5.0,0.9958407801003535
1757309310.0992131,-1.6869126558303833,2.966684341430664,4.050542831420898,303.72,4.993526477198757,-0.19062500000000002,-0.16521342932759192,0.8804024378684001,0.0,0.2859375,-7.693043628872401,3.0941913283649525,5.0,1.0074842735584175
1757309310.2459774,-1.6869126558303833,2.966684341430664,4.050542831420898,303.72,5.088121035407179,-0.21279296875,-0.07997386311440452,0.8915412955619602,0.0,0.319189453125,-7.68921747792073,3.1038907443799197,5.0,1.0038728146338425
1757309310.3951967,-1.6869126558303833,2.966684341430664,4.050542831420898,303.72,5.095347597907178,-0.20556640625,-0.0721491339885027,0.8915400507766135,0.0,0.308349609375,-7.685264849513638,3.1137024706832035,5.0,1.0001536121830776
1757309310.5436933,-1.6869126558303833,2.966684341430664,4.050542831420898,303.72,5.108726504157178,-0.1921875,-0.05875708394862672,0.8918153118083901,0.0,0.28828125000000004,-7.681056994037961,3.1237574988175503,5.0,0.9962019915974683
1757309310.698369,-1.7666218280792236,3.6120200157165527,3.8974955081939697,299.5,5.150132754157179,-0.15078125,0.003193253597607082,0.881790041195441,0.0,0.22617187500000002,-7.674805919565065,3.1371137203276085,5.0,0.9272401038161453
1757309310.849947,-1.7666218280792236,3.6120200157165527,3.8974955081939697,299.5,5.169867768015226,-0.1162109375,0.023378160206492138,0.8801844623177508,0.0,0.17431640625,-7.6681018917269865,3.1507311414870354,5.0,0.9194809204118517
1757309310.9936154,-1.7666218280792236,3.6120200157165527,3.8974955081939697,299.5,5.157925172223017,-0.0693359375,0.015530331725669089,0.879128050777208,0.0,0.10400390625,-7.661725133752409,3.16408388945976,5.0,0.912096900234709
1757309311.1385002,-1.7666218280792236,3.6120200157165527,3.8974955081939697,299.5,5.181557984723017,-0.045703125000000004,0.03912966799190232,0.877081319241657,0.0,0.0685546875,-7.654796059986928,3.1777528336233174,5.0,0.9041666448996066
1757309311.3083715,-1.7666218280792236,3.6120200157165527,3.8974955081939697,299.5,5.216128297223017,-0.0111328125,0.07249667179068997,0.8735097258125235,0.0,0.01669921875,-7.647018332276341,3.191864195648747,5.0,0.8953875156524296
1757309311.4491482,-1.8458374738693237,4.245982646942139,3.8563547134399414,285.6,5.2335111097230165,0.00625,0.09164317922932719,0.869836243021442,0.0,-0.009375000000000001,-7.637553301247168,3.2083522805739553,5.0,0.883931423997768
1757309311.599348,-1.8458374738693237,4.245982646942139,3.8563547134399414,285.6,5.085008634389937,0.017968750000000002,-0.035076129791717536,0.8726539678817444,0.0,-0.026953125,-7.631956046166734,3.2226719063540923,5.0,0.8759112488607146
1757309311.74596,-1.8458374738693237,4.245982646942139,3.8563547134399414,285.6,5.0143478436958056,0.029687500000000002,-0.09423928239847473,0.8672646335883747,0.0,-0.04453125,-7.627944610928961,3.2355503754245167,5.0,0.8697305150884276
1757309311.8921442,-1.8458374738693237,4.245982646942139,3.8563547134399414,285.6,5.004191593695806,0.01953125,-0.1007878658873618,0.8655855855079164,0.0,-0.029296875,-7.624160034802958,3.248149796675673,5.0,0.8638453266832959
1757309312.0585613,-1.8458374738693237,4.245982646942139,3.8563547134399414,285.6,4.988566593695806,0.00390625,-0.11219423922784644,0.8633084237288938,0.0,-0.005859375,-7.620702923553574,3.260347617509675,5.0,0.8583741236968816
1757309312.2065074,-1.7695144414901733,4.845180988311768,3.9039950370788574,278.48,4.881644203647286,-0.016796875,-0.2818729601966323,0.8597666485627848,0.0,0.025195312499999997,-7.6185570532174784,3.2729046299390645,5.0,1.0566783322956406
1757309312.3570158,-1.7695144414901733,4.845180988311768,3.9039950370788574,278.48,4.823025874729407,-0.037890625000000004,-0.33016081467269065,0.8415990466152027,0.0,0.0568359375,-7.617337856070987,3.283879436787122,5.0,1.0526606730356916
1757309312.4916427,-1.7695144414901733,4.845180988311768,3.9039950370788574,278.48,4.80453352595381,-0.055859375,-0.3442287524390933,0.8352171822741827,0.0,0.08378906250000001,-7.61637503741409,3.294298850463341,5.0,1.049050688634133
1757309312.645786,-1.7695144414901733,4.845180988311768,3.9039950370788574,278.48,4.78871321345381,-0.0716796875,-0.3560930455382439,0.8295672517405435,0.0,0.10751953125000001,-7.6156155130503596,3.304230806785085,5.0,1.0457774686837658
1757309312.791997,-1.7050212621688843,5.507509708404541,3.9428703784942627,279.97,4.779533525953809,-0.08085937500000001,-0.46617891255835187,0.8331552456370503,0.0,0.12128906250000002,-7.6147450072400025,3.317175971822708,5.0,1.3025706359124563
1757309312.9426677,-1.7050212621688843,5.507509708404541,3.9428703784942627,279.97,4.790109244308525,-0.09628906250000001,-0.45513706889585315,0.8378670410949232,0.0,0.14443359375,-7.613719136582977,3.330348910297282,5.0,1.2970421399193963
1757309313.090734,-1.7050212621688843,5.507509708404541,3.9428703784942627,279.97,4.781906119308525,-0.1044921875,-0.4598863685027965,0.8339585371410617,0.0,0.15673828125,-7.612822279353704,3.343229360360406,5.0,1.2917582823547846
1757309313.2659993,-1.7050212621688843,5.507509708404541,3.9428703784942627,279.97,4.768038931808525,-0.118359375,-0.46944352238442855,0.8273918784818844,0.0,0.1775390625,-7.6121299259796835,3.3556577360981454,5.0,1.2868433793747025
1757309313.39064,-1.7050212621688843,5.507509708404541,3.9428703784942627,279.97,4.766867056808525,-0.11953125,-0.46847844943779593,0.8267356973002399,0.0,0.17929687500000002,-7.611457370541717,3.3679909534230115,5.0,1.2820003187844655
1757309313.5519967,-1.8383806943893433,6.181619644165039,3.9678521156311035,279.18,4.772921744308525,-0.1134765625,-0.5163561013317807,0.8327626221137635,0.0,0.17021484375,-7.610502225806706,3.383750647337077,5.0,1.4144725345785858
1757309313.6982474,-1.8383806943893433,6.181619644165039,3.9678521156311035,279.18,4.7870049463676985,-0.107421875,-0.5013587825967982,0.8397111458439266,0.0,0.1611328125,-7.609301882703275,3.399807728508266,5.0,1.406403741243654
1757309313.841471,-1.8383806943893433,6.181619644165039,3.9678521156311035,279.18,4.784328955717769,-0.08828125,-0.5004425271004993,0.8381386768561283,0.0,0.13242187500000002,-7.608155638563565,3.4157135728335204,5.0,1.3984794523268729
1757309313.9927788,-1.8383806943893433,6.181619644165039,3.9678521156311035,279.18,4.809719580717769,-0.062890625,-0.4755932928507294,0.8502408214288141,0.0,0.09433593750000001,-7.606545656289082,3.432202684542377,5.0,1.3899155429120142
1757309314.1461537,-1.8383806943893433,6.181619644165039,3.9678521156311035,279.18,4.830422705717769,-0.0421875,-0.4542832299277141,0.8594764699434709,0.0,0.06328125000000001,-7.60453811887567,3.44913179323499,5.0,1.380835470331382
1757309314.295179,-2.129704236984253,6.761022090911865,4.03323221206665,268.73,4.843118018217769,-0.029492187500000003,-0.4454471739675424,0.8654519505803043,0.0,0.044238281250000004,-7.6019327301867206,3.4689478164583267,5.0,1.3861598563092468
1757309314.4345622,-2.129704236984253,6.761022090911865,4.03323221206665,268.73,4.706724840369064,-0.013867187500000001,-0.5556621341591604,0.7968654513764587,0.0,0.02080078125,-7.602025084236804,3.485252685719441,5.0,1.3778492182921358
1757309314.590537,-2.129704236984253,6.761022090911865,4.03323221206665,268.73,4.680457673884362,-0.009765625,-0.5733943632405191,0.7820925602272815,0.0,0.0146484375,-7.602519838152426,3.500741740401484,5.0,1.3703326889820948
1757309314.743004,-2.129704236984253,6.761022090911865,4.03323221206665,268.73,4.667176423884362,-0.023046875,-0.580895385938235,0.7745366911118116,0.0,0.034570312500000006,-7.603199963334273,3.5157743273551194,5.0,1.3632372667724715
1757309314.9242532,-2.1501998901367188,6.788689136505127,4.036485195159912,268.73,4.646082673884362,-0.044140625,-0.5930931413657898,0.7623782883813388,0.0,0.06621093750000001,-7.604162164498583,3.5302645121852705,5.0,1.3531909716721442
1757309315.0372546,-2.5731849670410156,7.267682075500488,4.082584381103516,264.93,4.583911347738094,-0.0658203125,-0.6022789952280347,0.7288403546951076,0.0,0.09873046875000001,-7.606123764782828,3.545448441833228,5.0,1.2598319598387446
1757309315.1900504,-2.5731849670410156,7.267682075500488,4.082584381103516,264.93,4.517804618174603,-0.09824218750000001,-0.6468647514888253,0.687905096620678,0.0,0.14736328125,-7.608713636443089,3.558589796000496,5.0,1.2541118088995393
1757309315.3463955,-2.5731849670410156,7.267682075500488,4.082584381103516,264.93,4.479760162308577,-0.144140625,-0.6707000347357561,0.6632446219417197,0.0,0.21621093749999998,-7.6115357593782225,3.5705016083592787,5.0,1.2493297331198212
1757309315.5076861,-2.5731849670410156,7.267682075500488,4.082584381103516,264.93,4.445385162308577,-0.178515625,-0.6915571839887951,0.6402235929935813,0.0,0.26777343750000004,-7.614486630551172,3.581289514235336,5.0,1.2453352654810548
1757309315.6345994,-3.0927302837371826,7.8370585441589355,4.105666160583496,267.88,4.434642974808577,-0.1892578125,-0.6820925975266903,0.6374059008024948,0.0,0.28388671875000004,-7.618397735248763,3.5950071278898026,5.0,1.2029562387576362
1757309315.7969306,-3.0927302837371826,7.8370585441589355,4.105666160583496,267.88,4.450753891293279,-0.203515625,-0.6690720491213903,0.6490249954544425,0.0,0.3052734375,-7.622183328492811,3.6091444447760406,5.0,1.196063469365587
1757309315.9497101,-3.0927302837371826,7.8370585441589355,4.105666160583496,267.88,4.474118468992409,-0.20126953125000002,-0.6508344672194332,0.6651814729060569,0.0,0.30190429687500003,-7.625770175922242,3.623912158164063,5.0,1.1886228786348578
1757309316.106854,-3.0927302837371826,7.8370585441589355,4.105666160583496,267.88,4.48671612524241,-0.18867187500000002,-0.6393976386858287,0.6740175177891276,0.0,0.2830078125,-7.629229532769542,3.6389801208963597,5.0,1.1809131917811273
1757309316.2408543,-3.0927302837371826,7.8370585441589355,4.105666160583496,267.88,4.50409893774241,-0.1712890625,-0.6244113700210902,0.6857004881488884,0.0,0.25693359375,-7.632506335458374,3.654483873608086,5.0,1.1728030484144556
1757309316.4065573,-3.5023138523101807,8.366945266723633,4.08162784576416,259.94,4.535934875242409,-0.139453125,-0.6342568591906117,0.6995246369895596,0.0,0.20917968750000002,-7.6359418912009085,3.673751348057057,5.0,1.2540346914701823
1757309316.5573575,-3.5023138523101807,8.366945266723633,4.08162784576416,259.94,4.495859060639032,-0.11093750000000001,-0.6575156560539311,0.6744881816500473,0.0,0.16640625,-7.639911659885531,3.691797504252955,5.0,1.2431340061051808
1757309316.69838,-3.5023138523101807,8.366945266723633,4.08162784576416,259.94,4.45594948263406,-0.08085937500000001,-0.6801727016731944,0.6486951501290115,0.0,0.12128906250000002,-7.644315849789168,3.70859375599617,5.0,1.2334917457727297
1757309316.8481548,-3.5023138523101807,8.366945266723633,4.08162784576416,259.94,4.470011982634061,-0.066796875,-0.667113143456989,0.6591525146055518,0.0,0.10019531250000001,-7.64854971697814,3.7257184511909367,5.0,1.2235245800654333
1757309317.0069153,-3.5023138523101807,8.366945266723633,4.08162784576416,259.94,4.507316670134061,-0.029492187500000003,-0.6377657801966401,0.6844688616398039,0.0,0.044238281250000004,-7.65231665746378,3.743829068104884,5.0,1.212545908781184
1757309317.1388288,-3.8881962299346924,8.95333480834961,4.067212104797363,243.5,4.4765574711806115,-0.0134765625,-0.7366650695106541,0.6457511962861122,0.0,0.020214843750000003,-7.657206769722869,3.764178839738937,5.0,1.4134842414714113
1757309317.2883685,-3.8881962299346924,8.95333480834961,4.067212104797363,243.5,4.264138495480523,-0.00703125,-0.8536508236387861,0.4771787372118059,0.0,0.010546875,-7.663800904996911,3.7778909361001074,5.0,1.406278946249266
1757309317.4353428,-3.8881962299346924,8.95333480834961,4.067212104797363,243.5,4.244798603606193,-0.005078125,-0.8603508486131273,0.46177688190193944,0.0,0.007617187500000001,-7.6703773615439905,3.7909152156671366,5.0,1.3996460967160722
1757309317.6057677,-3.8881962299346924,8.95333480834961,4.067212104797363,243.5,4.244017353606193,-0.005859375,-0.8583723360466442,0.46228794325604394,0.0,0.0087890625,-7.676920999261347,3.8038493753018385,5.0,1.3930928041817516
1757309317.7424,-4.0097336769104,9.101371765136719,4.087667465209961,242.5,4.234251728606193,-0.015625,-0.8780611383349033,0.44599824350101996,0.0,0.0234375,-7.683859828764554,3.817238453047167,5.0,1.4359356615548213
1757309317.8963346,-4.332737445831299,9.431851387023926,4.130584239959717,239.68,4.177603194857531,-0.029687500000000002,-0.9346910105096308,0.37614686473409664,0.0,0.04453125,-7.691817523405429,3.8306722475829367,5.0,1.5312040788559287
1757309318.0543559,-4.332737445831299,9.431851387023926,4.130584239959717,239.68,4.131056713680009,-0.052148437500000006,-0.9491257862619147,0.3335987891738206,0.0,0.07822265625000001,-7.6996056310465395,3.8425249531835917,5.0,1.5250571921356277
1757309318.1901474,-4.332737445831299,9.431851387023926,4.130584239959717,239.68,4.113673901180009,-0.06953125,-0.9529121394860451,0.3183257712205332,0.0,0.10429687500000001,-7.7072692600049315,3.853757792854913,5.0,1.5194012846410487
1757309318.350909,-4.332737445831299,9.431851387023926,4.130584239959717,239.68,4.094142651180009,-0.0890625,-0.9572742982186733,0.30084462035458825,0.0,0.13359375,-7.714774199001699,3.8643093320215782,5.0,1.5142687336350455
1757309318.4951217,-4.785048007965088,9.732979774475098,4.155207633972168,239.69,4.083595776180009,-0.099609375,-0.9727164919489872,0.2817700457218509,0.0,0.1494140625,-7.723664498486585,3.8765335730218924,5.0,1.5523605661532818
1757309318.676945,-4.785048007965088,9.732979774475098,4.155207633972168,239.69,4.088968847117175,-0.1048828125,-0.9689040423289579,0.28863513819721975,0.0,0.15732421875000002,-7.732536039918943,3.8888708382575388,5.0,1.5453261917867112
1757309318.786974,-4.785048007965088,9.732979774475098,4.155207633972168,239.69,4.079947099888784,-0.11093750000000001,-0.969296723702611,0.2814739655901944,0.0,0.16640625,-7.741318463541948,3.900854582363097,5.0,1.5385945938698518
1757309318.949579,-4.785048007965088,9.732979774475098,4.155207633972168,239.69,4.069317184105208,-0.11406250000000001,-0.9701873432326911,0.2726882969437997,0.0,0.17109375000000002,-7.749996857920921,3.9124361300834924,5.0,1.5322010072503076
1757309319.0856912,-4.785048007965088,9.732979774475098,4.155207633972168,239.69,4.060723434105208,-0.12265625000000001,-0.9705499406108986,0.26582447072245785,0.0,0.183984375,-7.7585774537472085,3.9236844165935203,5.0,1.5260853442195934
1757309319.2519467,-5.5219035148620605,9.973966598510742,4.134294033050537,237.14,4.051739059105208,-0.131640625,-0.9461854419897049,0.2778544354834901,0.0,0.19746093750000002,-7.769023812001178,3.9371263529369647,5.0,1.4415052418199483
1757309319.4196289,-5.5219035148620605,9.973966598510742,4.134294033050537,237.14,4.045472543967245,-0.1265625,-0.9451697241411997,0.2740754587937235,0.0,0.18984374999999998,-7.779395157592553,3.9503005417619295,5.0,1.4327926501812414
1757309319.5400844,-5.5219035148620605,9.973966598510742,4.134294033050537,237.14,4.0105534756793535,-0.1283203125,-0.9518218013517676,0.2428891638226124,0.0,0.19248046875000002,-7.789539600240329,3.962299679837154,5.0,1.4251313260340508
1757309319.6920795,-5.5219035148620605,9.973966598510742,4.134294033050537,237.14,4.009381600679353,-0.1294921875,-0.9497981695823072,0.24372915100653653,0.0,0.19423828124999998,-7.799626035141776,3.9742018866553726,5.0,1.417569358956265
1757309319.8484185,-5.5219035148620605,9.973966598510742,4.134294033050537,237.14,4.0066472256793535,-0.1322265625,-0.9482016473181305,0.24305650465743656,0.0,0.19833984375000002,-7.809644539439793,3.9859586049449924,5.0,1.4101481048836382
1757309320.0060668,-6.1844868659973145,10.174568176269531,4.118854999542236,230.87,3.979008684773441,-0.1328125,-0.9482213780952502,0.2224680903067603,0.0,0.19921875,-7.8213914412757815,3.998995891491637,5.0,1.3888300676324485
1757309320.144686,-6.1844868659973145,10.174568176269531,4.118854999542236,230.87,3.9024885190793084,-0.126953125,-0.9604187346248998,0.15146666442096124,0.0,0.1904296875,-7.8325191169827395,4.00959119768218,5.0,1.3814537095241954
1757309320.2856727,-6.1844868659973145,10.174568176269531,4.118854999542236,230.87,3.9106916440793085,-0.11875000000000001,-0.9570485129420208,0.16150478209666025,0.0,0.178125,-7.843669006467076,4.020383417263112,5.0,1.3739215105961824
1757309320.4384642,-6.1844868659973145,10.174568176269531,4.118854999542236,230.87,3.9161603940793084,-0.11328125,-0.954020894926188,0.16891292823145465,0.0,0.169921875,-7.8548130625893995,4.0312886608077285,5.0,1.3663076275117572
1757309320.5903287,-6.365811824798584,10.229727745056152,4.117885112762451,227.51,3.9200666440793084,-0.109375,-0.9533488117555557,0.17264333389137182,0.0,0.1640625,-7.866533622471719,4.042848023901918,5.0,1.3662898612960426
1757309320.739454,-6.888418197631836,10.366385459899902,4.109164714813232,220.97,3.869236081212299,-0.1015625,-0.9670150344175181,0.11710432838530332,0.0,0.15234375,-7.879510004147793,4.054405860685298,5.0,1.389315255161888
1757309320.8962476,-6.888418197631836,10.366385459899902,4.109164714813232,220.97,3.7582165481318697,-0.09843750000000001,-0.9725772753395276,0.011304098060255452,0.0,0.14765625000000002,-7.891101189068975,4.062621975967048,5.0,1.383009262305876
1757309321.039831,-6.888418197631836,10.366385459899902,4.109164714813232,220.97,3.75743529813187,-0.09921875000000001,-0.9711464365858049,0.012578283497959863,0.0,0.148828125,-7.9026225503474,4.07077508253884,5.0,1.3767797901921854
1757309321.187219,-6.888418197631836,10.366385459899902,4.109164714813232,220.97,3.7630993606318697,-0.09355468750000001,-0.9695884598380342,0.02013283835879265,0.0,0.14033203125000002,-7.914171800783393,4.079046494961185,5.0,1.3704632260468363
1757309321.3472245,-7.6795334815979,10.535414695739746,4.049592018127441,212.39,3.7683727981318698,-0.08828125,-0.9882784183408638,-0.0007275390428936324,0.0,0.13242187500000002,-7.9287377298921164,4.089595063700897,5.0,1.450635122694922
1757309321.4910305,-7.6795334815979,10.535414695739746,4.049592018127441,212.39,3.6229204233107564,-0.083984375,-0.9766434336332699,-0.1418668684622974,0.0,0.1259765625,-7.940984165478456,4.095991372785418,5.0,1.4447287912145512
1757309321.644771,-7.6795334815979,10.535414695739746,4.049592018127441,212.39,3.6217485483107565,-0.08515625,-0.975400487811533,-0.14094521028731477,0.0,0.127734375,-7.953146519041504,4.1023256360798275,5.0,1.4389051044238297
1757309321.7926707,-7.6795334815979,10.535414695739746,4.049592018127441,212.39,3.620186048310756,-0.08671875000000001,-0.9741231128994372,-0.14043381181187659,0.0,0.13007812500000002,-7.965217435548622,4.1085883209573355,5.0,1.4331728231988095
1757309321.9441812,-7.6795334815979,10.535414695739746,4.049592018127441,212.39,3.6115922983107565,-0.09531250000000001,-0.9718892010493372,-0.14684877050863587,0.0,0.14296875,-7.977057075330225,4.114602448909126,5.0,1.4277017819651112
1757309322.0884578,-8.415775299072266,10.601557731628418,4.00170373916626,207.08,3.6049516733107563,-0.101953125,-0.9826483025924392,-0.17682779168057783,0.0,0.15292968750000002,-7.991780746760513,4.121958974023246,5.0,1.4934560474333338
1757309322.2403672,-8.415775299072266,10.601557731628418,4.00170373916626,207.08,3.5225470110893595,-0.12187500000000001,-0.9638611384841707,-0.2548694749615062,0.0,0.18281250000000002,-8.004789881614556,4.127169389468157,5.0,1.4874196271293867
1757309322.3887784,-8.415775299072266,10.601557731628418,4.00170373916626,207.08,3.4650090650298577,-0.14921875,-0.9470239715908331,-0.30812877151466855,0.0,0.22382812500000002,-8.016391927660326,4.13105822493473,5.0,1.4828135052216052
1757309322.5376153,-8.415775299072266,10.601557731628418,4.00170373916626,207.08,3.462665315029858,-0.15156250000000002,-0.945729787291584,-0.3086354215553958,0.0,0.22734375,-8.02787815943574,4.134878319217922,5.0,1.4783027726274076
1757309322.7064946,-8.415775299072266,10.601557731628418,4.00170373916626,207.08,3.465790315029858,-0.1484375,-0.9461113207570624,-0.30395756456502243,0.0,0.22265625,-8.039384040925805,4.13874492323205,5.0,1.473763957357514
1757309322.842384,-9.106493949890137,10.564969062805176,3.9726738929748535,202.01,3.455393161490299,-0.14609375,-0.9470447751414025,-0.3265498816401254,0.0,0.21914062499999998,-8.053644986638592,4.143372929685646,5.0,1.5073333890554244
1757309322.9845634,-9.106493949890137,10.564969062805176,3.9726738929748535,202.01,3.4103679312256827,-0.1345703125,-0.9307842456529706,-0.3666572414350583,0.0,0.20185546875000002,-8.066758192791658,4.146984831869401,5.0,1.5016591754051074
1757309323.145016,-9.106493949890137,10.564969062805176,3.9726738929748535,202.01,3.415583371953745,-0.11015625000000001,-0.9320614022267002,-0.35958315223695425,0.0,0.16523437500000002,-8.07993513829409,4.150688334907397,5.0,1.4959079619362177
1757309323.2913005,-9.106493949890137,10.564969062805176,3.9726738929748535,202.01,3.431989621953745,-0.09375,-0.9371353729574721,-0.3419023353399996,0.0,0.140625,-8.093445708230211,4.154725903291436,5.0,1.4897984640528676
1757309323.439053,-9.37397575378418,10.528061866760254,3.9867420196533203,193.6,3.4415599344537453,-0.0841796875,-0.9407779778921584,-0.3342548915338684,0.0,0.12626953125,-8.108285099156168,4.159315732840261,5.0,1.4932965550276185
1757309323.5949845,-9.787384986877441,10.449950218200684,4.006464004516602,191.8,3.3668100645076184,-0.07480468750000001,-0.9141252839575814,-0.40766736771278356,0.0,0.11220703125,-8.123108585977743,4.162711855653333,5.0,1.5037821431901257
1757309323.7390695,-9.787384986877441,10.449950218200684,4.006464004516602,191.8,3.280354005325124,-0.0671875,-0.8752405181556988,-0.4831512355651042,0.0,0.10078124999999999,-8.135577117244727,4.164453196618957,5.0,1.4989185289933689
1757309323.8870354,-9.787384986877441,10.449950218200684,4.006464004516602,191.8,3.2828930678251242,-0.0646484375,-0.876189690226022,-0.4789958635471313,0.0,0.09697265625000001,-8.148054196649323,4.166228040926059,5.0,1.494041102500268
1757309324.0395308,-9.787384986877441,10.449950218200684,4.006464004516602,191.8,3.281721192825124,-0.0658203125,-0.8753592991315827,-0.4781190180763592,0.0,0.09873046875000001,-8.160436188152996,4.167974557840737,5.0,1.4892357478385465
1757309324.2182171,-9.977917671203613,10.396697044372559,4.0198140144348145,185.15,3.272541505325124,-0.07500000000000001,-0.8706187200318265,-0.4837442320655015,0.0,0.11250000000000002,-8.173400415761265,4.169681979128036,5.0,1.4832090162180824
1757309324.3397236,-10.465764999389648,10.25151538848877,4.037896156311035,184.52,3.1918572833753367,-0.090234375,-0.82902193899038,-0.5567864983247923,0.0,0.13535156250000002,-8.18635923666349,4.1703338985876535,5.0,1.4943405318989225
1757309324.5001004,-10.465764999389648,10.25151538848877,4.037896156311035,184.52,3.1265362232799374,-0.0939453125,-0.7909320291981194,-0.6082428257617426,0.0,0.14091796875,-8.197295946769097,4.170169218329818,5.0,1.4906643022116102
1757309324.6475756,-10.465764999389648,10.25151538848877,4.037896156311035,184.52,3.0847393482799372,-0.1337890625,-0.7648903586124951,-0.6396298765366917,0.0,0.20068359375,-8.206876669278264,4.169623934955097,5.0,1.4878332392624989
1757309324.7884626,-10.465764999389648,10.25151538848877,4.037896156311035,184.52,3.0958721607799373,-0.12460937500000001,-0.7720187216081172,-0.6298722511500173,0.0,0.1869140625,-8.216759119242163,4.169171789379135,5.0,1.484823136105403
1757309324.936851,-11.094175338745117,9.93303108215332,4.068681716918945,182.13,3.0591534107799374,-0.16132812500000002,-0.7499263046219535,-0.6390189537964717,0.0,0.2419921875,-8.22868355265669,4.168186515055652,5.0,1.4377384273466527
1757309325.0886004,-11.094175338745117,9.93303108215332,4.068681716918945,182.13,3.026964530570834,-0.16367187500000002,-0.7291417056553403,-0.6613497219869742,0.0,0.24550781250000003,-8.239548377743143,4.166935616974234,5.0,1.4340307739424274
1757309325.249583,-11.094175338745117,9.93303108215332,4.068681716918945,182.13,3.017244729157272,-0.1615234375,-0.7228516466892498,-0.667025642222257,0.0,0.24228515625000002,-8.250053781821375,4.165622516899333,5.0,1.4305543298477303
1757309325.3931231,-11.094175338745117,9.93303108215332,4.068681716918945,182.13,3.021736916657272,-0.15703125,-0.7260097400085225,-0.6623685290297572,0.0,0.23554687500000002,-8.260647801874788,4.164346647502663,5.0,1.4270209591056426
1757309325.546739,-11.094175338745117,9.93303108215332,4.068681716918945,182.13,3.0340416041572724,-0.14472656250000002,-0.7342658252327207,-0.6518939786062964,0.0,0.21708984375,-8.2715739166716,4.163166980385686,5.0,1.423271015670931
1757309325.6877544,-11.602944374084473,9.453219413757324,4.06495475769043,174.42,3.027031288763326,-0.13515625,-0.7377937294611463,-0.5864923644641157,0.0,0.20273437500000002,-8.285009379040035,4.16162102636342,5.0,1.2457750619767198
1757309325.84198,-11.602944374084473,9.453219413757324,4.06495475769043,174.42,2.9231095313285094,-0.12109375,-0.6732767689531304,-0.6584979156596518,0.0,0.181640625,-8.295221253840383,4.1593537120865065,5.0,1.2422789354148502
1757309325.999452,-11.602944374084473,9.453219413757324,4.06495475769043,174.42,2.9260392188285094,-0.1181640625,-0.6755042905226721,-0.6551468834382925,0.0,0.17724609375,-8.30547280175781,4.157109083283786,5.0,1.2387581619141965
1757309326.1401381,-11.602944374084473,9.453219413757324,4.06495475769043,174.42,2.9295548438285093,-0.1146484375,-0.6781027905473231,-0.6513771002862669,0.0,0.17197265625000002,-8.315781841996374,4.154889817430597,5.0,1.2352012015391756
1757309326.2974334,-11.861106872558594,9.165331840515137,4.044532775878906,166.22,2.9268204688285095,-0.1173828125,-0.685011610955991,-0.6133801286531442,0.0,0.17607421875,-8.32748670557901,4.152336558920077,5.0,1.1332367619209958
1757309326.4379208,-12.098109245300293,8.918338775634766,4.027462959289551,162.47,2.8380122858035937,-0.11875000000000001,-0.635074717076153,-0.6488479115647786,0.0,0.178125,-8.337857058578669,4.149087904957965,5.0,1.073322844637537
1757309326.586473,-12.098109245300293,8.918338775634766,4.027462959289551,162.47,2.7525991597354587,-0.12265625000000001,-0.577754534273607,-0.6998119367996732,0.0,0.183984375,-8.345585809471677,4.145920053586674,5.0,1.071030604024175
1757309326.7594793,-12.098109245300293,8.918338775634766,4.027462959289551,162.47,2.693058310715187,-0.142578125,-0.5353331979737787,-0.7324419182272746,0.0,0.2138671875,-8.35149601912645,4.143075772953677,5.0,1.0696167433632553
1757309326.8871477,-12.098109245300293,8.918338775634766,4.027462959289551,162.47,2.680753623215187,-0.15488281250000002,-0.5265023836034063,-0.7385263726081612,0.0,0.23232421875000003,-8.357014333338952,4.14033596200488,5.0,1.068368975874665
1757309327.0417771,-12.649588584899902,8.375913619995117,4.039234161376953,157.17,2.675480185715187,-0.16015625,-0.5299718942492343,-0.7266401978715755,0.0,0.240234375,-8.365639857359497,4.135996591273069,5.0,1.0273636949036238
1757309327.1962895,-12.649588584899902,8.375913619995117,4.039234161376953,157.17,2.671769248215187,-0.1638671875,-0.5278129619934705,-0.7275359373835282,0.0,0.24580078125000002,-8.374111597799978,4.131695117963257,5.0,1.0243750016255317
1757309327.3433578,-12.649588584899902,8.375913619995117,4.039234161376953,157.17,2.6037262963677934,-0.16855468750000002,-0.4775065704640119,-0.7611008163424198,0.0,0.25283203125000003,-8.38054172775834,4.127859333062816,5.0,1.0225182683985405
1757309327.4933782,-12.649588584899902,8.375913619995117,4.039234161376953,157.17,2.5767277353594875,-0.16640625,-0.45710102153824483,-0.7732174476909832,0.0,0.24960937500000002,-8.386166773569874,4.1242944744908385,5.0,1.0210489866586494
1757309327.6507778,-12.649588584899902,8.375913619995117,4.039234161376953,157.17,2.593524610359488,-0.14960937500000002,-0.47037354822645644,-0.7648575502084312,0.0,0.2244140625,-8.3922426882029,4.120585431313131,5.0,1.0193697408876883
1757309327.8062634,-13.176836013793945,7.853470325469971,4.0566840171813965,149.82,2.6036808603594874,-0.139453125,-0.468860216260675,-0.7755573921550682,0.0,0.20917968750000002,-8.401673792154781,4.114958885292544,5.0,1.064539721306752
1757309327.9491475,-13.176836013793945,7.853470325469971,4.0566840171813965,149.82,2.496883535337904,-0.11796875000000001,-0.38400617693825717,-0.8204684414338936,0.0,0.17695312500000002,-8.40794788913423,4.110241459362339,5.0,1.0625123743858778
1757309328.0873237,-13.176836013793945,7.853470325469971,4.0566840171813965,149.82,2.5107507228379045,-0.10410156250000001,-0.39587063759382146,-0.814347015032354,0.0,0.15615234375,-8.414582470817649,4.105395527530596,5.0,1.0602907107282054
1757309328.245128,-13.176836013793945,7.853470325469971,4.0566840171813965,149.82,2.5187585353379043,-0.09609375,-0.40292216286822635,-0.8103946125501262,0.0,0.14414062500000002,-8.421411842103955,4.100490698582379,5.0,1.057962952389751
1757309328.3934095,-13.176836013793945,7.853470325469971,4.0566840171813965,149.82,2.5267663478379045,-0.0880859375,-0.40996061218745095,-0.8063463199981076,0.0,0.13212890625,-8.428436136893158,4.095530653467567,5.0,1.0555273898613438
1757309328.5416486,-13.596637725830078,7.336248874664307,4.120666027069092,137.23,2.507044204805995,-0.07988281250000001,-0.3843576290526876,-0.827344996497095,0.0,0.11982421875000002,-8.437460021233896,4.08888813250441,5.0,1.0961025563324966
1757309328.6998787,-13.596637725830078,7.336248874664307,4.120666027069092,137.23,2.3647583116188566,-0.0802734375,-0.26360222381006193,-0.8730292661335173,0.0,0.12041015625000001,-8.442461654984488,4.083971439608573,5.0,1.0944925534329757
1757309328.8420374,-13.596637725830078,7.336248874664307,4.120666027069092,137.23,2.299021582511818,-0.09609375,-0.20592990266570693,-0.8882403181235975,0.0,0.14414062500000002,-8.445799310457994,4.080228525739856,5.0,1.0936692471681537
1757309329.0102575,-13.596637725830078,7.336248874664307,4.120666027069092,137.23,2.293748145011818,-0.10136718750000001,-0.20147220042992253,-0.8891116799636983,0.0,0.15205078125000002,-8.448995680701026,4.076605771731482,5.0,1.0929050364565782
1757309329.1482291,-13.940555572509766,6.790582656860352,4.203807830810547,131.34,2.2904278325118184,-0.1046875,-0.18929589281992681,-0.8978589793072861,0.0,0.15703125,-8.454197641682661,4.0706702798241805,5.0,1.1235648672896419
1757309329.2986,-13.940555572509766,6.790582656860352,4.203807830810547,131.34,2.2079485033492676,-0.110546875,-0.11498564259441568,-0.9101769217902429,0.0,0.1658203125,-8.457403115835259,4.06633929938131,5.0,1.122618944038928
1757309329.4472713,-13.940555572509766,6.790582656860352,4.203807830810547,131.34,2.1817685645693525,-0.110546875,-0.0913436012568109,-0.9127188073424648,0.0,0.1658203125,-8.460025005390007,4.062595705644044,5.0,1.1219382635845392
1757309329.60157,-13.940555572509766,6.790582656860352,4.203807830810547,131.34,2.1817685645693525,-0.110546875,-0.09156441670853627,-0.9125641554846411,0.0,0.1658203125,-8.462633785496982,4.058870829875463,5.0,1.1212642983552383
1757309329.7420332,-13.940555572509766,6.790582656860352,4.203807830810547,131.34,2.1807920020693525,-0.1115234375,-0.09088913379607066,-0.9125022179706375,0.0,0.16728515625,-8.46520896567739,4.055186276434565,5.0,1.1206056745225235
1757309329.9060557,-14.086791038513184,6.360758304595947,4.2300591468811035,126.4,2.1817685645693525,-0.110546875,-0.10687311432146496,-0.9018424487009749,0.0,0.1658203125,-8.469042267058281,4.049713001247755,5.0,1.0745396248037435
1757309330.0522168,-14.10861587524414,6.225046157836914,4.232335567474365,126.4,2.155006875210648,-0.1078125,-0.09316387913202545,-0.8974624556119971,0.0,0.16171875000000002,-8.472615996452733,4.044308111706186,5.0,1.0431873262028564
1757309330.2005615,-14.10861587524414,6.225046157836914,4.232335567474365,126.4,2.1098942622099925,-0.10859375,-0.05289179456201565,-0.9005738406741687,0.0,0.162890625,-8.475238917303923,4.039923452901581,5.0,1.042325478313436
1757309330.3478506,-14.10861587524414,6.225046157836914,4.232335567474365,126.4,2.0951586745208326,-0.11093750000000001,-0.03986266230463992,-0.9011127975317325,0.0,0.16640625,-8.47756417754097,4.035903076666865,5.0,1.0416132491281216
1757309330.4973433,-14.10861587524414,6.225046157836914,4.232335567474365,126.4,2.0945727370208327,-0.1115234375,-0.039577079820777517,-0.9009959811357049,0.0,0.16728515625,-8.479866718230436,4.031916594746852,5.0,1.0409133707645646
1757309330.6375716,-14.142300605773926,5.632928848266602,4.20400333404541,122.19,2.0788107313552766,-0.113671875,-0.08060777436300731,-0.8707546511317411,0.0,0.17050781250000002,-8.483163903421104,4.025994444676535,5.0,0.8828620919887396
1757309330.7850192,-14.142300605773926,5.632928848266602,4.20400333404541,122.19,2.0158209380118715,-0.11679687500000001,-0.025932956442862143,-0.8739600225809417,0.0,0.1751953125,-8.48528558181152,4.021545860200082,5.0,0.88203826199444
1757309330.9551377,-14.142300605773926,5.632928848266602,4.20400333404541,122.19,2.0103521880118715,-0.122265625,-0.021429599063991223,-0.8739587646157075,0.0,0.1833984375,-8.48730489893789,4.017251615912875,5.0,0.8812744676201092
1757309331.0952468,-14.142300605773926,5.632928848266602,4.20400333404541,122.19,2.0080084380118715,-0.12460937500000001,-0.019647413183239537,-0.8738821678623186,0.0,0.1869140625,-8.489275290524896,4.013035785216384,5.0,0.8805398349611249
1757309331.249583,-14.143738746643066,5.606779098510742,4.202866554260254,120.9,2.0054693755118715,-0.12714843750000002,-0.019789865803493678,-0.8728328854008968,0.0,0.19072265625,-8.491245335881626,4.008792642080341,5.0,0.8740311944725399
1757309331.393055,-14.173043251037598,5.000949859619141,4.173426628112793,115.26,1.8819789958486643,-0.1296875,0.04720334851411373,-0.8555428529792963,0.0,0.19453125000000002,-8.492462686033226,4.005007726191082,5.0,0.7672260479924509
1757309331.542699,-14.173043251037598,5.000949859619141,4.173426628112793,115.26,1.8882289958486642,-0.1234375,0.04163060368569388,-0.855747333823124,0.0,0.18515625000000002,-8.493753160325943,4.001079850491323,5.0,0.7666347178929982
1757309331.690106,-14.173043251037598,5.000949859619141,4.173426628112793,115.26,1.8899868083486644,-0.12167968750000001,0.03989847366087235,-0.8557438969492952,0.0,0.18251953125,-8.495059789821344,3.9971262523672224,5.0,0.7660348611781362
1757309331.8545806,-14.173043251037598,5.000949859619141,4.173426628112793,115.26,1.8847133708486643,-0.126953125,0.04420076645285759,-0.8554534710034467,0.0,0.1904296875,-8.496292646992691,3.993328778580198,5.0,0.7654832983435398
1757309331.9965262,-14.1852445602417,4.513125896453857,4.147976398468018,107.77,1.8886196208486643,-0.123046875,0.020236656082698506,-0.8488354178832079,0.0,0.1845703125,-8.498298942426901,3.9872301600348794,5.0,0.7112097479926787
1757309332.150245,-14.186521530151367,4.332992076873779,4.142178535461426,107.77,1.8294530367216832,-0.11484375000000001,0.06514044736451458,-0.8447632895035506,0.0,0.172265625,-8.499732199972184,3.9818131312191887,5.0,0.6976222705362689
1757309332.2923994,-14.186521530151367,4.332992076873779,4.142178535461426,107.77,1.770589772374289,-0.1103515625,0.11451325384710781,-0.8394252786145249,0.0,0.16552734375,-8.500510632996592,3.977968922646891,5.0,0.6970835839576779
1757309332.4655254,-14.186521530151367,4.332992076873779,4.142178535461426,107.77,1.776253834874289,-0.1046875,0.10953057633968499,-0.8400132580178953,0.0,0.15703125,-8.501339419393146,3.9739919852328187,5.0,0.6965056568288883
1757309332.6060174,-14.186521530151367,4.332992076873779,4.142178535461426,107.77,1.776644459874289,-0.10429687500000001,0.10897715941727687,-0.8400089398809797,0.0,0.15644531250000002,-8.502167858562617,3.970024474368988,5.0,0.6959303141956177
1757309332.7634466,-14.166169166564941,3.6149277687072754,4.095705032348633,99.24,1.776839772374289,-0.10410156250000001,0.099884686483871,-0.8381640856897232,0.0,0.15615234375,-8.503708795765078,3.9626519080405638,5.0,0.6731269620866058
1757309332.899054,-14.166169166564941,3.6149277687072754,4.095705032348633,99.24,1.7530326594959695,-0.10312500000000001,0.11916130541317158,-0.8354295146182142,0.0,0.1546875,-8.504948558400532,3.955924336597697,5.0,0.6714810617349727
1757309333.0451832,-14.166169166564941,3.6149277687072754,4.095705032348633,99.24,1.6603183039866805,-0.10019531250000001,0.1957442854292174,-0.8207867912550504,0.0,0.15029296875,-8.505326622622983,3.951712480074092,5.0,0.670851986175772
1757309333.1874049,-14.166169166564941,3.6149277687072754,4.095705032348633,99.24,1.6326506871791726,-0.09941406250000001,0.21821041055463541,-0.8150473333242019,0.0,0.14912109375000002,-8.505538667975335,3.9482887140497884,5.0,0.670438004373425
1757309333.3588853,-14.166169166564941,3.6149277687072754,4.095705032348633,99.24,1.6250334996791727,-0.10703125000000001,0.22426860672338947,-0.8133537487769532,0.0,0.160546875,-8.505712070518548,3.945094733435137,5.0,0.670078020695974
1757309333.4949696,-14.13359260559082,3.060422420501709,4.084200382232666,94.32,1.6064664839624205,-0.11093750000000001,0.2496763256765151,-0.8094189869130192,0.0,0.16640625,-8.505905506988968,3.9396741118699112,5.0,0.6959587091677175
1757309333.6465464,-14.13359260559082,3.060422420501709,4.084200382232666,94.32,1.5346711129810515,-0.1115234375,0.3069360571004342,-0.7894293397701166,0.0,0.16728515625,-8.505783534910389,3.9362992110188575,5.0,0.6955592427960537
1757309333.7860022,-14.13359260559082,3.060422420501709,4.084200382232666,94.32,1.5364289254810515,-0.109765625,0.305385092316068,-0.7899732538912845,0.0,0.16464843750000002,-8.505666367806139,3.932891302165197,5.0,0.6951519459463391
1757309333.9488685,-14.13359260559082,3.060422420501709,4.084200382232666,94.32,1.5376008004810515,-0.10859375,0.3042947527889945,-0.790336043223399,0.0,0.162890625,-8.50555266072649,3.929467186841128,5.0,0.694740769068459
1757309334.1093478,-14.115375518798828,2.865600347518921,4.071404457092285,92.28,1.5442414254810515,-0.101953125,0.3047729983440838,-0.7921870282370381,0.0,0.15292968750000002,-8.505431247270144,3.9248960941144047,5.0,0.7090789281996077
1757309334.243212,-14.02469539642334,2.3686532974243164,4.063689231872559,88.65,1.5113710837403673,-0.09921875000000001,0.3402606099030191,-0.7811707206516338,0.0,0.148828125,-8.505067272441464,3.9187783860983654,5.0,0.7331651308494873
1757309334.4003813,-14.02469539642334,2.3686532974243164,4.063689231872559,88.65,1.4583671943929732,-0.0888671875,0.38087508555162064,-0.7620800932338601,0.0,0.13330078125,-8.504550582619462,3.9142020726960816,5.0,0.7324270411501885
1757309334.5457702,-14.02469539642334,2.3686532974243164,4.063689231872559,88.65,1.4687187568929732,-0.078515625,0.3726369632457166,-0.7660155598747297,0.0,0.11777343750000001,-8.504053818891252,3.9093524555762276,5.0,0.731599892133608
1757309334.6989439,-14.02469539642334,2.3686532974243164,4.063689231872559,88.65,1.4835625068929732,-0.063671875,0.3608406451194426,-0.7714959801981836,0.0,0.09550781250000001,-8.503594738472815,3.9041031688471586,5.0,0.7306333666423068
1757309334.8375099,-13.874129295349121,1.8314361572265625,4.0473222732543945,80.56,1.4874687568929732,-0.059765625,0.3672750981561035,-0.7721102798218272,0.0,0.08964843750000001,-8.50292119873018,3.8960388497122995,5.0,0.754342768292851
1757309334.9963324,-13.874129295349121,1.8314361572265625,4.0473222732543945,80.56,1.4132216286320176,-0.0587890625,0.4230475974095731,-0.7428168514330055,0.0,0.08818359375000001,-8.50198267466185,3.890132169218725,5.0,0.7531025181161253
1757309335.1412213,-13.874129295349121,1.8314361572265625,4.0473222732543945,80.56,1.344709120406632,-0.061328125000000004,0.47269013563837076,-0.7121627808734121,0.0,0.0919921875,-8.50108371126294,3.886223969384187,5.0,0.7525448109214699
1757309335.291494,-13.874129295349121,1.8314361572265625,4.0473222732543945,80.56,1.3423653704066318,-0.063671875,0.4741499665917044,-0.7111013162374294,0.0,0.09550781250000001,-8.50019525151772,3.882402454787971,5.0,0.752010940634837
1757309335.4413066,-13.874129295349121,1.8314361572265625,4.0473222732543945,80.56,1.340998182906632,-0.06503906250000001,0.47491994169680213,-0.710499604827598,0.0,0.09755859375,-8.499314910667044,3.8786391958749906,5.0,0.751492845447757
1757309335.6425006,-13.6600980758667,1.314954161643982,4.03391170501709,77.35,1.3404122454066318,-0.065625,0.47902938683339835,-0.7093549705211979,0.0,0.09843750000000001,-8.497810671755706,3.8722258584384055,5.0,0.7609764601036906
1757309335.7379923,-13.6600980758667,1.314954161643982,4.03391170501709,77.35,1.3218203407094948,-0.06484375,0.49164561095654846,-0.7004510197783703,0.0,0.09726562500000001,-8.496324352253973,3.866379993500547,5.0,0.7597163857379474
1757309335.8911822,-13.6600980758667,1.314954161643982,4.03391170501709,77.35,1.2871215514176138,-0.062890625,0.5153142488777269,-0.6830710696673651,0.0,0.09433593750000001,-8.494919062914532,3.861559718734675,5.0,0.7588431216040892
1757309336.0397656,-13.6600980758667,1.314954161643982,4.03391170501709,77.35,1.2914184264176138,-0.05859375,0.5120255564421013,-0.6853790830526032,0.0,0.087890625,-8.493507833530579,3.856640501905393,5.0,0.7579357572375063
1757309336.1848967,-13.6600980758667,1.314954161643982,4.03391170501709,77.35,1.2972778014176138,-0.052734375,0.5076319527023367,-0.6884709575938793,0.0,0.0791015625,-8.49208753936456,3.8515779646764052,5.0,0.7569777855666429
1757309336.339021,-13.349063873291016,0.8182663917541504,4.04412317276001,72.91,1.2974731139176139,-0.052539062500000004,0.49483562757283706,-0.6921197037614806,0.0,0.07880859375,-8.489915045578188,3.8438284462082066,5.0,0.7241028183650924
1757309336.4907837,-13.349063873291016,0.8182663917541504,4.04412317276001,72.91,1.2201758076290656,-0.05234375,0.5463537969466863,-0.6520062675926721,0.0,0.078515625,-8.48790145459922,3.8383227978716725,5.0,0.722904922941928
1757309336.6370635,-13.349063873291016,0.8182663917541504,4.04412317276001,72.91,1.2197851826290655,-0.052734375,0.546164569216657,-0.6519553346002745,0.0,0.0791015625,-8.485899554661524,3.8328557368535767,5.0,0.7217231765944456
1757309336.791827,-13.349063873291016,0.8182663917541504,4.04412317276001,72.91,1.2149023701290655,-0.0576171875,0.5489231628605622,-0.6494362301477454,0.0,0.08642578125,-8.483928814659066,3.8275540906170007,5.0,0.7206076244798485
1757309336.9496698,-13.24952507019043,0.6822786331176758,4.048151016235352,72.22,1.2092383076290656,-0.06328125,0.5480940740987079,-0.6480180288198509,0.0,0.09492187499999999,-8.481707060013354,3.8216792716169175,5.0,0.7085834448817803
1757309337.0938795,-12.947652816772461,0.3164841830730438,4.054786682128906,69.81,1.1512268508172416,-0.0671875,0.5726809132229477,-0.6205306084119341,0.0,0.10078124999999999,-8.478892376760447,3.8153691186516734,5.0,0.675563026047322
1757309337.244592,-12.947652816772461,0.3164841830730438,4.054786682128906,69.81,1.1391174758172415,-0.079296875,0.5796065269533972,-0.6138022001660537,0.0,0.11894531250000001,-8.47615564530399,3.8094281561768923,5.0,0.6740589134845116
1757309337.3887753,-12.947652816772461,0.3164841830730438,4.054786682128906,69.81,1.1336487258172416,-0.08476562500000001,0.5824395773228666,-0.6108639724038281,0.0,0.12714843750000002,-8.473464284215414,3.803668777577969,5.0,0.6726377833436068
1757309337.5427632,-12.947652816772461,0.3164841830730438,4.054786682128906,69.81,1.1320862258172415,-0.086328125,0.5828906668159684,-0.6101890227982172,0.0,0.12949218750000002,-8.47079578317111,3.79798150426352,5.0,0.6712496415483553
1757309337.692679,-12.548471450805664,-0.12347672134637833,4.072469711303711,65.82,1.1295471633172416,-0.0888671875,0.57836159266624,-0.6115770386420377,0.0,0.13330078125,-8.466942750043279,3.789823612296225,5.0,0.654449224852443
1757309337.8401952,-12.548471450805664,-0.12347672134637833,4.072469711303711,65.82,1.10745211686811,-0.08984375,0.5908448713824208,-0.5990931761073022,0.0,0.134765625,-8.46319628919184,3.7823250037786575,5.0,0.6519695913980783
1757309337.994357,-12.548471450805664,-0.12347672134637833,4.072469711303711,65.82,1.0746316306038217,-0.08828125,0.6094964130748795,-0.5797553236499859,0.0,0.13242187500000002,-8.459649671864396,3.775773366041015,5.0,0.6500101578612254
1757309338.1454217,-12.548471450805664,-0.12347672134637833,4.072469711303711,65.82,1.0644007136626674,-0.084375,0.6147672273147756,-0.5738380347861121,0.0,0.12656250000000002,-8.456189737868026,3.7695351602839318,5.0,0.6482130916386799
1757309338.3039637,-12.548471450805664,-0.12347672134637833,4.072469711303711,65.82,1.0644007136626674,-0.084375,0.0,0.0,0.0,0.0,-8.456189737868026,3.7695351602839318,5.0,0.6482130916386799
1757309338.4313564,-12.1078519821167,-0.5687816143035889,4.099493980407715,60.54,1.0659632136626676,-0.08281250000000001,0.0,0.0,0.0,0.0,-8.456189737868026,3.7695351602839318,5.0,0.6482130916386799
1757309338.577229,-12.1078519821167,-0.5687816143035889,4.099493980407715,60.54,1.0290578350675958,-0.0802734375,0.0,0.0,0.0,0.0,-8.456189737868026,3.7695351602839318,5.0,0.6482130916386799
1757309338.7287881,-12.1078519821167,-0.5687816143035889,4.099493980407715,60.54,0.975372329157367,-0.08125,0.0,0.0,0.0,0.0,-8.456189737868026,3.7695351602839318,5.0,0.6482130916386799
1757309338.8769917,-12.1078519821167,-0.5687816143035889,4.099493980407715,60.54,0.969512954157367,-0.087109375,0.0,0.0,0.0,0.0,-8.456189737868026,3.7695351602839318,5.0,0.6482130916386799
1757309339.0279334,-12.1078519821167,-0.5687816143035889,4.099493980407715,60.54,0.9554504541573671,-0.10117187500000001,0.0,0.0,0.0,0.0,-8.456189737868026,3.7695351602839318,5.0,0.6482130916386799
1757309339.1771717,-11.669534683227539,-1.0169543027877808,4.131114482879639,57.39,0.934980168917011,-0.10820312500000001,0.0,0.0,0.0,0.0,-8.456189737868026,3.7695351602839318,5.0,0.6482130916386799
1757309339.32881,-11.669534683227539,-1.0169543027877808,4.131114482879639,57.39,0.8852382077195458,-0.11640625,0.0,0.0,0.0,0.0,-8.456189737868026,3.7695351602839318,5.0,0.6482130916386799
1757309339.4766648,-11.669534683227539,-1.0169543027877808,4.131114482879639,57.39,0.8743007077195458,-0.12734375,0.0,0.0,0.0,0.0,-8.456189737868026,3.7695351602839318,5.0,0.6482130916386799
1757309339.6289692,-11.669534683227539,-1.0169543027877808,4.131114482879639,57.39,0.8700038327195458,-0.131640625,0.0,0.0,0.0,0.0,-8.456189737868026,3.7695351602839318,5.0,0.6482130916386799
1757309339.7856405,-11.62372875213623,-1.0665339231491089,4.138899803161621,57.63,0.8633632077195458,-0.13828125,0.0,0.0,0.0,0.0,-8.456189737868026,3.7695351602839318,5.0,0.6482130916386799
1757309339.927474,-11.479530334472656,-1.3149515390396118,4.340815544128418,58.19,0.8560285604243322,-0.1498046875,0.0,0.0,0.0,0.0,-8.456189737868026,3.7695351602839318,5.0,0.6482130916386799
1757309340.0776534,-11.479530334472656,-1.3149515390396118,4.340815544128418,58.19,0.8572086542355002,-0.15839843750000002,0.0,0.0,0.0,0.0,-8.456189737868026,3.7695351602839318,5.0,0.6482130916386799
1757309340.2274249,-11.479530334472656,-1.3149515390396118,4.340815544128418,58.19,0.8523258417355002,-0.16328125000000002,0.0,0.0,0.0,0.0,-8.456189737868026,3.7695351602839318,5.0,0.6482130916386799
1757309340.3775632,-11.479530334472656,-1.3149515390396118,4.340815544128418,58.19,0.8507633417355003,-0.16484375,0.0,0.0,0.0,0.0,-8.456189737868026,3.7695351602839318,5.0,0.6482130916386799
1757309340.527755,-11.49539852142334,-1.505640983581543,4.867342948913574,59.44,0.8480289667355002,-0.16757812500000002,0.0,0.0,0.0,0.0,-8.456189737868026,3.7695351602839318,5.0,0.6482130916386799
1757309340.6792202,-11.49539852142334,-1.505640983581543,4.867342948913574,59.44,0.8545655388302441,-0.17832031250000002,0.0,0.0,0.0,0.0,-8.456189737868026,3.7695351602839318,5.0,0.6482130916386799
1757309340.8343296,-11.49539852142334,-1.505640983581543,4.867342948913574,59.44,0.8553924573854296,-0.18203125,0.0,0.0,0.0,0.0,-8.456189737868026,3.7695351602839318,5.0,0.6482130916386799
1757309340.991036,-11.49539852142334,-1.505640983581543,4.867342948913574,59.44,0.8479705823854295,-0.189453125,0.0,0.0,0.0,0.0,-8.456189737868026,3.7695351602839318,5.0,0.6482130916386799
1757309341.1285396,-11.49539852142334,-1.505640983581543,4.867342948913574,59.44,0.8438690198854295,-0.19355468750000002,0.0,0.0,0.0,0.0,-8.456189737868026,3.7695351602839318,5.0,0.6482130916386799
1757309341.278928,-11.566527366638184,-1.6029788255691528,6.196248531341553,61.18,0.8495330823854296,-0.187890625,0.0,0.0,0.0,0.0,-8.456189737868026,3.7695351602839318,5.0,0.6482130916386799
1757309341.4273677,-11.566527366638184,-1.6029788255691528,6.196248531341553,61.18,0.8978705613701308,-0.169921875,0.0,0.0,0.0,0.0,-8.456189737868026,3.7695351602839318,5.0,0.6482130916386799
1757309341.584605,-11.566527366638184,-1.6029788255691528,6.196248531341553,61.18,0.9107611863701308,-0.15703125,0.0,0.0,0.0,0.0,-8.456189737868026,3.7695351602839318,5.0,0.6482130916386799
1757309341.7269146,-11.566527366638184,-1.6029788255691528,6.196248531341553,61.18,0.9244330613701308,-0.143359375,0.0,0.0,0.0,0.0,-8.456189737868026,3.7695351602839318,5.0,0.6482130916386799
1757309341.878838,-11.566527366638184,-1.6029788255691528,6.196248531341553,61.18,0.9299018113701307,-0.13789062500000002,0.0,0.0,0.0,0.0,-8.456189737868026,3.7695351602839318,5.0,0.6482130916386799
1757309342.0286438,-11.667012214660645,-1.5965453386306763,7.873749732971191,59.0,0.9294821879841622,-0.1287109375,0.0,0.0,0.0,0.0,-8.456189737868026,3.7695351602839318,5.0,0.6482130916386799
1757309342.1778393,-11.667012214660645,-1.5965453386306763,7.873749732971191,59.0,0.9090411336766545,-0.12070312500000001,0.0,0.0,0.0,0.0,-8.456189737868026,3.7695351602839318,5.0,0.6482130916386799
1757309342.3283544,-11.667012214660645,-1.5965453386306763,7.873749732971191,59.0,0.9149005086766545,-0.11484375000000001,0.0,0.0,0.0,0.0,-8.456189737868026,3.7695351602839318,5.0,0.6482130916386799
1757309342.479958,-11.667012214660645,-1.5965453386306763,7.873749732971191,59.0,0.9266192586766545,-0.10312500000000001,0.0,0.0,0.0,0.0,-8.456189737868026,3.7695351602839318,5.0,0.6482130916386799
1757309342.6311834,-11.720094680786133,-1.5595308542251587,8.780942916870117,57.99,0.9309161336766545,-0.098828125,0.0,0.0,0.0,0.0,-8.456189737868026,3.7695351602839318,5.0,0.6482130916386799
1757309342.7776966,-11.76022720336914,-1.5249958038330078,9.41712760925293,57.99,0.9309161336766545,-0.098828125,0.0,0.0,0.0,0.0,-8.456189737868026,3.7695351602839318,5.0,0.6482130916386799
1757309342.9282033,-11.76022720336914,-1.5249958038330078,9.41712760925293,57.99,0.9309161336766545,-0.098828125,0.0,0.0,0.0,0.0,-8.456189737868026,3.7695351602839318,5.0,0.6482130916386799
1757309343.0768862,-11.76022720336914,-1.5249958038330078,9.41712760925293,57.99,0.9309161336766545,-0.098828125,0.0,0.0,0.0,0.0,-8.456189737868026,3.7695351602839318,5.0,0.6482130916386799
1757309343.2275565,-11.76022720336914,-1.5249958038330078,9.41712760925293,57.99,0.9309161336766545,-0.098828125,0.0,0.0,0.0,0.0,-8.456189737868026,3.7695351602839318,5.0,0.6482130916386799
1757309343.3783643,-11.75343132019043,-1.3915809392929077,11.145886421203613,59.55,0.9309161336766545,-0.098828125,0.0,0.0,0.0,0.0,-8.456189737868026,3.7695351602839318,5.0,0.6482130916386799
1757309343.5305796,-11.75343132019043,-1.3915809392929077,11.145886421203613,59.55,0.9309161336766545,-0.098828125,0.0,0.0,0.0,0.0,-8.456189737868026,3.7695351602839318,5.0,0.6482130916386799
1757309343.6772952,-11.75343132019043,-1.3915809392929077,11.145886421203613,59.55,0.9309161336766545,-0.098828125,0.0,0.0,0.0,0.0,-8.456189737868026,3.7695351602839318,5.0,0.6482130916386799
1757309343.8293588,-11.75343132019043,-1.3915809392929077,11.145886421203613,59.55,0.9309161336766545,-0.098828125,0.0,0.0,0.0,0.0,-8.456189737868026,3.7695351602839318,5.0,0.6482130916386799
1757309343.9780695,-11.75343132019043,-1.3915809392929077,11.145886421203613,59.55,0.9309161336766545,-0.098828125,0.0,0.0,0.0,0.0,-8.456189737868026,3.7695351602839318,5.0,0.6482130916386799
1757309344.1285057,-11.509149551391602,-1.1409032344818115,12.747796058654785,61.58,0.9309161336766545,-0.098828125,0.0,0.0,0.0,0.0,-8.456189737868026,3.7695351602839318,5.0,0.6482130916386799
1757309344.2781146,-11.509149551391602,-1.1409032344818115,12.747796058654785,61.58,0.9309161336766545,-0.098828125,0.0,0.0,0.0,0.0,-8.456189737868026,3.7695351602839318,5.0,0.6482130916386799
1757309344.4271662,-11.509149551391602,-1.1409032344818115,12.747796058654785,61.58,0.9309161336766545,-0.098828125,0.0,0.0,0.0,0.0,-8.456189737868026,3.7695351602839318,5.0,0.6482130916386799
1757309344.5783207,-11.509149551391602,-1.1409032344818115,12.747796058654785,61.58,0.9309161336766545,-0.098828125,0.0,0.0,0.0,0.0,-8.456189737868026,3.7695351602839318,5.0,0.6482130916386799
1757309344.7290154,-11.509149551391602,-1.1409032344818115,12.747796058654785,62.05,0.9309161336766545,-0.098828125,0.0,0.0,0.0,0.0,-8.456189737868026,3.7695351602839318,5.0,0.6482130916386799
1757309344.8786986,-10.946056365966797,-0.8485769629478455,13.835175514221191,59.46,0.9309161336766545,-0.098828125,0.0,0.0,0.0,0.0,-8.456189737868026,3.7695351602839318,5.0,0.6482130916386799
1757309345.0281,-10.946056365966797,-0.8485769629478455,13.835175514221191,59.46,0.9309161336766545,-0.098828125,0.0,0.0,0.0,0.0,-8.456189737868026,3.7695351602839318,5.0,0.6482130916386799
1757309345.1772828,-10.946056365966797,-0.8485769629478455,13.835175514221191,59.46,0.9309161336766545,-0.098828125,0.0,0.0,0.0,0.0,-8.456189737868026,3.7695351602839318,5.0,0.6482130916386799
1757309345.3275256,-10.946056365966797,-0.8485769629478455,13.835175514221191,59.46,0.9309161336766545,-0.098828125,0.0,0.0,0.0,0.0,-8.456189737868026,3.7695351602839318,5.0,0.6482130916386799
1757309345.4775817,-10.3136568069458,-0.5527018308639526,14.394108772277832,51.3,0.9309161336766545,-0.098828125,0.0,0.0,0.0,0.0,-8.456189737868026,3.7695351602839318,5.0,0.6482130916386799
1757309345.6284733,-9.684638977050781,-0.3257366418838501,14.730719566345215,51.3,0.9309161336766545,-0.098828125,0.0,0.0,0.0,0.0,-8.456189737868026,3.7695351602839318,5.0,0.6482130916386799
1757309345.7792075,-9.684638977050781,-0.3257366418838501,14.730719566345215,51.3,0.9309161336766545,-0.098828125,0.0,0.0,0.0,0.0,-8.456189737868026,3.7695351602839318,5.0,0.6482130916386799
1757309345.9273129,-9.684638977050781,-0.3257366418838501,14.730719566345215,51.3,0.9309161336766545,-0.098828125,0.0,0.0,0.0,0.0,-8.456189737868026,3.7695351602839318,5.0,0.6482130916386799
1757309346.080735,-9.684638977050781,-0.3257366418838501,14.730719566345215,51.3,0.9309161336766545,-0.098828125,0.0,0.0,0.0,0.0,-8.456189737868026,3.7695351602839318,5.0,0.6482130916386799
1757309346.2322454,-7.8913254737854,0.14669126272201538,15.095871925354004,51.08,0.9309161336766545,-0.098828125,0.0,0.0,0.0,0.0,-8.456189737868026,3.7695351602839318,5.0,0.6482130916386799
1757309346.3815994,-7.8913254737854,0.14669126272201538,15.095871925354004,51.08,0.9309161336766545,-0.098828125,0.0,0.0,0.0,0.0,-8.456189737868026,3.7695351602839318,5.0,0.6482130916386799
1757309346.5290382,-7.8913254737854,0.14669126272201538,15.095871925354004,51.08,0.9309161336766545,-0.098828125,0.0,0.0,0.0,0.0,-8.456189737868026,3.7695351602839318,5.0,0.6482130916386799
1757309346.679625,-7.8913254737854,0.14669126272201538,15.095871925354004,51.08,0.9309161336766545,-0.098828125,0.0,0.0,0.0,0.0,-8.456189737868026,3.7695351602839318,5.0,0.6482130916386799
1757309346.8303719,-7.8913254737854,0.14669126272201538,15.095871925354004,51.08,0.9309161336766545,-0.098828125,0.0,0.0,0.0,0.0,-8.456189737868026,3.7695351602839318,5.0,0.6482130916386799
1757309346.9813378,-5.582990646362305,0.5804423689842224,15.116190910339355,56.35,0.9309161336766545,-0.098828125,0.0,0.0,0.0,0.0,-8.456189737868026,3.7695351602839318,5.0,0.6482130916386799
1757309347.1287158,-5.582990646362305,0.5804423689842224,15.116190910339355,56.35,0.9309161336766545,-0.098828125,0.0,0.0,0.0,0.0,-8.456189737868026,3.7695351602839318,5.0,0.6482130916386799
1757309347.2775402,-5.582990646362305,0.5804423689842224,15.116190910339355,56.35,0.9309161336766545,-0.098828125,0.0,0.0,0.0,0.0,-8.456189737868026,3.7695351602839318,5.0,0.6482130916386799
1757309347.4273458,-5.582990646362305,0.5804423689842224,15.116190910339355,56.35,0.9309161336766545,-0.098828125,0.0,0.0,0.0,0.0,-8.456189737868026,3.7695351602839318,5.0,0.6482130916386799
1757309347.578457,-3.6575496196746826,0.8489039540290833,15.127771377563477,60.8,0.9309161336766545,-0.098828125,0.0,0.0,0.0,0.0,-8.456189737868026,3.7695351602839318,5.0,0.6482130916386799
1757309347.7273705,-3.6575496196746826,0.8489039540290833,15.127771377563477,60.8,0.9309161336766545,-0.098828125,0.0,0.0,0.0,0.0,-8.456189737868026,3.7695351602839318,5.0,0.6482130916386799
1757309347.877357,-3.6575496196746826,0.8489039540290833,15.127771377563477,60.8,0.9309161336766545,-0.098828125,0.0,0.0,0.0,0.0,-8.456189737868026,3.7695351602839318,5.0,0.6482130916386799
1757309348.0304294,-3.6575496196746826,0.8489039540290833,15.127771377563477,60.8,0.9309161336766545,-0.098828125,0.0,0.0,0.0,0.0,-8.456189737868026,3.7695351602839318,5.0,0.6482130916386799
1757309348.1770208,-3.6575496196746826,0.8489039540290833,15.127771377563477,60.8,0.9309161336766545,-0.098828125,0.0,0.0,0.0,0.0,-8.456189737868026,3.7695351602839318,5.0,0.6482130916386799
1757309348.3294656,-1.6954646110534668,0.9766317009925842,15.14377498626709,60.72,0.9309161336766545,-0.098828125,0.0,0.0,0.0,0.0,-8.456189737868026,3.7695351602839318,5.0,0.6482130916386799
1757309348.4870503,-1.6954646110534668,0.9766317009925842,15.14377498626709,60.72,0.9309161336766545,-0.098828125,0.0,0.0,0.0,0.0,-8.456189737868026,3.7695351602839318,5.0,0.6482130916386799
1757309348.6289282,-1.6954646110534668,0.9766317009925842,15.14377498626709,60.72,0.9309161336766545,-0.098828125,0.0,0.0,0.0,0.0,-8.456189737868026,3.7695351602839318,5.0,0.6482130916386799
1757309348.777538,-1.6954646110534668,0.9766317009925842,15.14377498626709,60.72,0.9309161336766545,-0.098828125,0.0,0.0,0.0,0.0,-8.456189737868026,3.7695351602839318,5.0,0.6482130916386799
1757309348.9282243,-1.6954646110534668,0.9766317009925842,15.14377498626709,60.72,0.9309161336766545,-0.098828125,0.0,0.0,0.0,0.0,-8.456189737868026,3.7695351602839318,5.0,0.6482130916386799
1757309349.0785823,-0.2879812717437744,0.9420921802520752,15.124425888061523,60.12,0.9309161336766545,-0.098828125,0.0,0.0,0.0,0.0,-8.456189737868026,3.7695351602839318,5.0,0.6482130916386799
1757309349.2345119,-0.2879812717437744,0.9420921802520752,15.124425888061523,60.12,0.9309161336766545,-0.098828125,0.0,0.0,0.0,0.0,-8.456189737868026,3.7695351602839318,5.0,0.6482130916386799
1757309349.378067,-0.2879812717437744,0.9420921802520752,15.124425888061523,60.12,0.9309161336766545,-0.098828125,0.0,0.0,0.0,0.0,-8.456189737868026,3.7695351602839318,5.0,0.6482130916386799
1757309349.5287807,-0.2879812717437744,0.9420921802520752,15.124425888061523,60.12,0.9309161336766545,-0.098828125,0.0,0.0,0.0,0.0,-8.456189737868026,3.7695351602839318,5.0,0.6482130916386799
1757309349.6822498,-0.15783357620239258,0.9240707159042358,15.112519264221191,60.22,0.9309161336766545,-0.098828125,0.0,0.0,0.0,0.0,-8.456189737868026,3.7695351602839318,5.0,0.6482130916386799
1757309349.8289194,0.32068806886672974,0.7762664556503296,15.080987930297852,60.57,0.9309161336766545,-0.098828125,0.0,0.0,0.0,0.0,-8.456189737868026,3.7695351602839318,5.0,0.6482130916386799
1757309349.9780679,0.32068806886672974,0.7762664556503296,15.080987930297852,60.57,0.9309161336766545,-0.098828125,0.0,0.0,0.0,0.0,-8.456189737868026,3.7695351602839318,5.0,0.6482130916386799
1757309350.128241,0.32068806886672974,0.7762664556503296,15.080987930297852,60.57,0.9309161336766545,-0.098828125,0.0,0.0,0.0,0.0,-8.456189737868026,3.7695351602839318,5.0,0.6482130916386799
1757309350.2767336,0.32068806886672974,0.7762664556503296,15.080987930297852,60.57,0.9309161336766545,-0.098828125,0.0,0.0,0.0,0.0,-8.456189737868026,3.7695351602839318,5.0,0.6482130916386799
1757309350.4286509,0.3964724540710449,0.62044358253479,15.11526107788086,59.91,0.9309161336766545,-0.098828125,0.0,0.0,0.0,0.0,-8.456189737868026,3.7695351602839318,5.0,0.6482130916386799
1757309350.5813246,0.3964724540710449,0.62044358253479,15.11526107788086,59.91,0.9309161336766545,-0.098828125,0.0,0.0,0.0,0.0,-8.456189737868026,3.7695351602839318,5.0,0.6482130916386799
1757309350.7281063,0.3964724540710449,0.62044358253479,15.11526107788086,59.91,0.9309161336766545,-0.098828125,0.0,0.0,0.0,0.0,-8.456189737868026,3.7695351602839318,5.0,0.6482130916386799
1757309350.8788755,0.3964724540710449,0.62044358253479,15.11526107788086,59.91,0.9309161336766545,-0.098828125,0.0,0.0,0.0,0.0,-8.456189737868026,3.7695351602839318,5.0,0.6482130916386799
1757309351.029043,0.3964724540710449,0.62044358253479,15.11526107788086,59.91,0.9309161336766545,-0.098828125,0.0,0.0,0.0,0.0,-8.456189737868026,3.7695351602839318,5.0,0.6482130916386799
1757309351.1798759,0.25864309072494507,0.6977049112319946,15.219305038452148,56.33,0.9309161336766545,-0.098828125,0.0,0.0,0.0,0.0,-8.456189737868026,3.7695351602839318,5.0,0.6482130916386799
1757309351.3282542,0.25864309072494507,0.6977049112319946,15.219305038452148,56.33,0.9309161336766545,-0.098828125,0.0,0.0,0.0,0.0,-8.456189737868026,3.7695351602839318,5.0,0.6482130916386799
1757309351.4783487,0.25864309072494507,0.6977049112319946,15.219305038452148,56.33,0.9309161336766545,-0.098828125,0.0,0.0,0.0,0.0,-8.456189737868026,3.7695351602839318,5.0,0.6482130916386799
1757309351.6275012,0.25864309072494507,0.6977049112319946,15.219305038452148,56.33,0.9309161336766545,-0.098828125,0.0,0.0,0.0,0.0,-8.456189737868026,3.7695351602839318,5.0,0.6482130916386799
1757309351.778753,0.25864309072494507,0.6977049112319946,15.219305038452148,56.33,0.9309161336766545,-0.098828125,0.0,0.0,0.0,0.0,-8.456189737868026,3.7695351602839318,5.0,0.6482130916386799
1757309351.930003,0.12683884799480438,0.9764040112495422,15.32948112487793,57.16,0.9309161336766545,-0.098828125,0.0,0.0,0.0,0.0,-8.456189737868026,3.7695351602839318,5.0,0.6482130916386799
1757309352.086222,0.12683884799480438,0.9764040112495422,15.32948112487793,57.16,0.9309161336766545,-0.098828125,0.0,0.0,0.0,0.0,-8.456189737868026,3.7695351602839318,5.0,0.6482130916386799
1757309352.2276177,0.12683884799480438,0.9764040112495422,15.32948112487793,57.16,0.9309161336766545,-0.098828125,0.0,0.0,0.0,0.0,-8.456189737868026,3.7695351602839318,5.0,0.6482130916386799
1757309352.3771877,0.12683884799480438,0.9764040112495422,15.32948112487793,57.16,0.9309161336766545,-0.098828125,0.0,0.0,0.0,0.0,-8.456189737868026,3.7695351602839318,5.0,0.6482130916386799
1757309352.5271497,0.09452811628580093,1.2332494258880615,15.328004837036133,57.51,0.9309161336766545,-0.098828125,0.0,0.0,0.0,0.0,-8.456189737868026,3.7695351602839318,5.0,0.6482130916386799
1757309352.6862915,0.08219113200902939,1.3306094408035278,15.325215339660645,57.51,0.9309161336766545,-0.098828125,0.0,0.0,0.0,0.0,-8.456189737868026,3.7695351602839318,5.0,0.6482130916386799
1757309352.8305662,0.08219113200902939,1.3306094408035278,15.325215339660645,57.51,0.9309161336766545,-0.098828125,0.0,0.0,0.0,0.0,-8.456189737868026,3.7695351602839318,5.0,0.6482130916386799
1757309352.977603,0.08219113200902939,1.3306094408035278,15.325215339660645,57.51,0.9309161336766545,-0.098828125,0.0,0.0,0.0,0.0,-8.456189737868026,3.7695351602839318,5.0,0.6482130916386799
1757309353.1320634,0.08219113200902939,1.3306094408035278,15.325215339660645,57.51,0.9309161336766545,-0.098828125,0.0,0.0,0.0,0.0,-8.456189737868026,3.7695351602839318,5.0,0.6482130916386799
1757309353.2785246,0.05660650134086609,1.5518418550491333,15.3154296875,56.76,0.9309161336766545,-0.098828125,0.0,0.0,0.0,0.0,-8.456189737868026,3.7695351602839318,5.0,0.6482130916386799
1757309353.4292738,0.05660650134086609,1.5518418550491333,15.3154296875,56.76,0.9309161336766545,-0.098828125,0.0,0.0,0.0,0.0,-8.456189737868026,3.7695351602839318,5.0,0.6482130916386799
1757309353.577745,0.05660650134086609,1.5518418550491333,15.3154296875,56.76,0.9309161336766545,-0.098828125,0.0,0.0,0.0,0.0,-8.456189737868026,3.7695351602839318,5.0,0.6482130916386799
1757309353.7274783,0.05660650134086609,1.5518418550491333,15.3154296875,56.76,0.9309161336766545,-0.098828125,0.0,0.0,0.0,0.0,-8.456189737868026,3.7695351602839318,5.0,0.6482130916386799
1757309353.878496,0.05660650134086609,1.5518418550491333,15.3154296875,56.76,0.9309161336766545,-0.098828125,0.0,0.0,0.0,0.0,-8.456189737868026,3.7695351602839318,5.0,0.6482130916386799
1757309354.028576,0.16684409976005554,1.6711446046829224,15.292937278747559,57.51,0.9309161336766545,-0.098828125,0.0,0.0,0.0,0.0,-8.456189737868026,3.7695351602839318,5.0,0.6482130916386799
1757309354.1773548,0.16684409976005554,1.6711446046829224,15.292937278747559,57.51,0.9309161336766545,-0.098828125,0.0,0.0,0.0,0.0,-8.456189737868026,3.7695351602839318,5.0,0.6482130916386799
1757309354.3310375,0.16684409976005554,1.6711446046829224,15.292937278747559,57.51,0.9309161336766545,-0.098828125,0.0,0.0,0.0,0.0,-8.456189737868026,3.7695351602839318,5.0,0.6482130916386799
1757309354.4803,0.16684409976005554,1.6711446046829224,15.292937278747559,57.51,0.9309161336766545,-0.098828125,0.0,0.0,0.0,0.0,-8.456189737868026,3.7695351602839318,5.0,0.6482130916386799
1757309354.6498222,0.17257869243621826,1.6792036294937134,15.286091804504395,57.51,0.9309161336766545,-0.098828125,0.0,0.0,0.0,0.0,-8.456189737868026,3.7695351602839318,5.0,0.6482130916386799
1757309354.777213,0.24133189022541046,1.7688419818878174,15.209856033325195,57.48,0.9309161336766545,-0.098828125,0.0,0.0,0.0,0.0,-8.456189737868026,3.7695351602839318,5.0,0.6482130916386799
1757309354.92831,0.24133189022541046,1.7688419818878174,15.209856033325195,57.48,0.9309161336766545,-0.098828125,0.0,0.0,0.0,0.0,-8.456189737868026,3.7695351602839318,5.0,0.6482130916386799
1757309355.07683,0.24133189022541046,1.7688419818878174,15.209856033325195,57.48,0.9309161336766545,-0.098828125,0.0,0.0,0.0,0.0,-8.456189737868026,3.7695351602839318,5.0,0.6482130916386799
1757309355.2273147,0.24133189022541046,1.7688419818878174,15.209856033325195,57.48,0.9309161336766545,-0.098828125,0.0,0.0,0.0,0.0,-8.456189737868026,3.7695351602839318,5.0,0.6482130916386799
1757309355.377429,0.2648983895778656,1.7327890396118164,15.128082275390625,57.91,0.9309161336766545,-0.098828125,0.0,0.0,0.0,0.0,-8.456189737868026,3.7695351602839318,5.0,0.6482130916386799
1757309355.5281851,0.2648983895778656,1.7327890396118164,15.128082275390625,57.91,0.9309161336766545,-0.098828125,0.0,0.0,0.0,0.0,-8.456189737868026,3.7695351602839318,5.0,0.6482130916386799
1757309355.6772356,0.2648983895778656,1.7327890396118164,15.128082275390625,57.91,0.9309161336766545,-0.098828125,0.0,0.0,0.0,0.0,-8.456189737868026,3.7695351602839318,5.0,0.6482130916386799
1757309355.8295074,0.2648983895778656,1.7327890396118164,15.128082275390625,57.91,0.9309161336766545,-0.098828125,0.0,0.0,0.0,0.0,-8.456189737868026,3.7695351602839318,5.0,0.6482130916386799
1757309355.9790235,0.2648983895778656,1.7327890396118164,15.128082275390625,57.91,0.9309161336766545,-0.098828125,0.0,0.0,0.0,0.0,-8.456189737868026,3.7695351602839318,5.0,0.6482130916386799
1757309356.1306305,0.22880274057388306,1.5911298990249634,15.123051643371582,59.18,0.9309161336766545,-0.098828125,0.0,0.0,0.0,0.0,-8.456189737868026,3.7695351602839318,5.0,0.6482130916386799
1757309356.2767992,0.22880274057388306,1.5911298990249634,15.123051643371582,59.18,0.9309161336766545,-0.098828125,0.0,0.0,0.0,0.0,-8.456189737868026,3.7695351602839318,5.0,0.6482130916386799
1757309356.433052,0.22880274057388306,1.5911298990249634,15.123051643371582,59.18,0.9309161336766545,-0.098828125,0.0,0.0,0.0,0.0,-8.456189737868026,3.7695351602839318,5.0,0.6482130916386799
1757309356.5779452,0.22880274057388306,1.5911298990249634,15.123051643371582,59.18,0.9309161336766545,-0.098828125,0.0,0.0,0.0,0.0,-8.456189737868026,3.7695351602839318,5.0,0.6482130916386799
1757309356.7344205,0.22880274057388306,1.5911298990249634,15.123051643371582,59.18,0.9309161336766545,-0.098828125,0.0,0.0,0.0,0.0,-8.456189737868026,3.7695351602839318,5.0,0.6482130916386799
1757309356.8885586,0.16863679885864258,1.5054652690887451,14.907221794128418,59.25,0.9309161336766545,-0.098828125,0.0,0.0,0.0,0.0,-8.456189737868026,3.7695351602839318,5.0,0.6482130916386799
1757309357.0286102,0.16045020520687103,1.5051921606063843,14.79723834991455,59.25,0.9309161336766545,-0.098828125,0.0,0.0,0.0,0.0,-8.456189737868026,3.7695351602839318,5.0,0.6482130916386799
1757309357.1915,0.16045020520687103,1.5051921606063843,14.79723834991455,59.25,0.9309161336766545,-0.098828125,0.0,0.0,0.0,0.0,-8.456189737868026,3.7695351602839318,5.0,0.6482130916386799
1757309357.327714,0.16045020520687103,1.5051921606063843,14.79723834991455,59.25,0.9309161336766545,-0.098828125,0.0,0.0,0.0,0.0,-8.456189737868026,3.7695351602839318,5.0,0.6482130916386799
1757309357.482232,0.15274260938167572,1.507615327835083,14.68368148803711,59.2,0.9309161336766545,-0.098828125,0.0,0.0,0.0,0.0,-8.456189737868026,3.7695351602839318,5.0,0.6482130916386799
1757309357.6287158,0.14186003804206848,1.5517020225524902,13.849424362182617,60.67,0.9309161336766545,-0.098828125,0.0,0.0,0.0,0.0,-8.456189737868026,3.7695351602839318,5.0,0.6482130916386799
1757309357.778125,0.14186003804206848,1.5517020225524902,13.849424362182617,60.67,0.9309161336766545,-0.098828125,0.0,0.0,0.0,0.0,-8.456189737868026,3.7695351602839318,5.0,0.6482130916386799
1757309357.9281192,0.14186003804206848,1.5517020225524902,13.849424362182617,60.67,0.9309161336766545,-0.098828125,0.0,0.0,0.0,0.0,-8.456189737868026,3.7695351602839318,5.0,0.6482130916386799
1757309358.0781732,0.14186003804206848,1.5517020225524902,13.849424362182617,60.67,0.9309161336766545,-0.098828125,0.0,0.0,0.0,0.0,-8.456189737868026,3.7695351602839318,5.0,0.6482130916386799
1757309358.2272675,0.040152668952941895,1.61008620262146,12.652019500732422,66.66,0.9309161336766545,-0.098828125,0.0,0.0,0.0,0.0,-8.456189737868026,3.7695351602839318,5.0,0.6482130916386799
1757309358.3803234,0.040152668952941895,1.61008620262146,12.652019500732422,66.66,0.9309161336766545,-0.098828125,0.0,0.0,0.0,0.0,-8.456189737868026,3.7695351602839318,5.0,0.6482130916386799
1757309358.5322611,0.040152668952941895,1.61008620262146,12.652019500732422,66.66,0.9309161336766545,-0.098828125,0.0,0.0,0.0,0.0,-8.456189737868026,3.7695351602839318,5.0,0.6482130916386799
1757309358.686051,0.040152668952941895,1.61008620262146,12.652019500732422,66.66,0.9309161336766545,-0.098828125,0.0,0.0,0.0,0.0,-8.456189737868026,3.7695351602839318,5.0,0.6482130916386799
1757309358.8271158,0.040152668952941895,1.61008620262146,12.652019500732422,66.66,0.9309161336766545,-0.098828125,0.0,0.0,0.0,0.0,-8.456189737868026,3.7695351602839318,5.0,0.6482130916386799
1757309358.9786701,-0.04383346438407898,1.6679884195327759,11.748456001281738,65.15,0.9309161336766545,-0.098828125,0.0,0.0,0.0,0.0,-8.456189737868026,3.7695351602839318,5.0,0.6482130916386799
1757309359.128519,-0.04383346438407898,1.6679884195327759,11.748456001281738,65.15,0.9309161336766545,-0.098828125,0.0,0.0,0.0,0.0,-8.456189737868026,3.7695351602839318,5.0,0.6482130916386799
1757309359.2771297,-0.04383346438407898,1.6679884195327759,11.748456001281738,65.15,0.9309161336766545,-0.098828125,0.0,0.0,0.0,0.0,-8.456189737868026,3.7695351602839318,5.0,0.6482130916386799
1757309359.4286597,-0.04383346438407898,1.6679884195327759,11.748456001281738,65.15,0.9309161336766545,-0.098828125,0.0,0.0,0.0,0.0,-8.456189737868026,3.7695351602839318,5.0,0.6482130916386799
1757309359.5788229,-0.04383346438407898,1.6679884195327759,11.748456001281738,65.15,0.9309161336766545,-0.098828125,0.0,0.0,0.0,0.0,-8.456189737868026,3.7695351602839318,5.0,0.6482130916386799
1757309359.7280715,-0.024764467030763626,1.5488367080688477,10.836488723754883,65.16,0.9309161336766545,-0.098828125,0.0,0.0,0.0,0.0,-8.456189737868026,3.7695351602839318,5.0,0.6482130916386799
1757309359.8794012,-0.024764467030763626,1.5488367080688477,10.836488723754883,65.16,0.9309161336766545,-0.098828125,0.0,0.0,0.0,0.0,-8.456189737868026,3.7695351602839318,5.0,0.6482130916386799
1757309360.0281727,-0.024764467030763626,1.5488367080688477,10.836488723754883,65.16,0.9309161336766545,-0.098828125,0.0,0.0,0.0,0.0,-8.456189737868026,3.7695351602839318,5.0,0.6482130916386799
1757309360.1818697,-0.024764467030763626,1.5488367080688477,10.836488723754883,65.16,0.9309161336766545,-0.098828125,0.0,0.0,0.0,0.0,-8.456189737868026,3.7695351602839318,5.0,0.6482130916386799
1757309360.326969,0.03833824023604393,1.4403294324874878,10.535269737243652,60.23,0.9309161336766545,-0.098828125,0.0,0.0,0.0,0.0,-8.456189737868026,3.7695351602839318,5.0,0.6482130916386799
1757309360.4787223,0.059899356216192245,1.425128698348999,10.44111156463623,60.23,0.9309161336766545,-0.098828125,0.0,0.0,0.0,0.0,-8.456189737868026,3.7695351602839318,5.0,0.6482130916386799
1757309360.627271,0.059899356216192245,1.425128698348999,10.44111156463623,60.23,0.9309161336766545,-0.098828125,0.0,0.0,0.0,0.0,-8.456189737868026,3.7695351602839318,5.0,0.6482130916386799
1757309360.777612,0.059899356216192245,1.425128698348999,10.44111156463623,60.23,0.9309161336766545,-0.098828125,0.0,0.0,0.0,0.0,-8.456189737868026,3.7695351602839318,5.0,0.6482130916386799
1757309360.9289174,0.059899356216192245,1.425128698348999,10.44111156463623,60.23,0.9309161336766545,-0.098828125,0.0,0.0,0.0,0.0,-8.456189737868026,3.7695351602839318,5.0,0.6482130916386799
1757309361.078456,0.04827924072742462,1.439560055732727,10.176715850830078,54.28,0.9309161336766545,-0.098828125,0.0,0.0,0.0,0.0,-8.456189737868026,3.7695351602839318,5.0,0.6482130916386799
1757309361.2318187,0.04827924072742462,1.439560055732727,10.176715850830078,54.28,0.9309161336766545,-0.098828125,0.0,0.0,0.0,0.0,-8.456189737868026,3.7695351602839318,5.0,0.6482130916386799
1757309361.3795705,0.04827924072742462,1.439560055732727,10.176715850830078,54.28,0.9309161336766545,-0.098828125,0.0,0.0,0.0,0.0,-8.456189737868026,3.7695351602839318,5.0,0.6482130916386799
1757309361.5319753,0.04827924072742462,1.439560055732727,10.176715850830078,54.28,0.9309161336766545,-0.098828125,0.0,0.0,0.0,0.0,-8.456189737868026,3.7695351602839318,5.0,0.6482130916386799
1757309361.677447,0.04827924072742462,1.439560055732727,10.176715850830078,54.28,0.9309161336766545,-0.098828125,0.0,0.0,0.0,0.0,-8.456189737868026,3.7695351602839318,5.0,0.6482130916386799
1757309361.8330913,0.08165284991264343,1.5003807544708252,9.706029891967773,54.61,0.9309161336766545,-0.098828125,0.0,0.0,0.0,0.0,-8.456189737868026,3.7695351602839318,5.0,0.6482130916386799
1757309361.9773083,0.08165284991264343,1.5003807544708252,9.706029891967773,54.61,0.9309161336766545,-0.098828125,0.0,0.0,0.0,0.0,-8.456189737868026,3.7695351602839318,5.0,0.6482130916386799
1757309362.1306791,0.08165284991264343,1.5003807544708252,9.706029891967773,54.61,0.9309161336766545,-0.098828125,0.0,0.0,0.0,0.0,-8.456189737868026,3.7695351602839318,5.0,0.6482130916386799
1757309362.2776048,0.08165284991264343,1.5003807544708252,9.706029891967773,54.61,0.9309161336766545,-0.098828125,0.0,0.0,0.0,0.0,-8.456189737868026,3.7695351602839318,5.0,0.6482130916386799
1757309362.431458,0.08628742396831512,1.5121577978134155,9.651266098022461,54.13,0.9309161336766545,-0.098828125,0.0,0.0,0.0,0.0,-8.456189737868026,3.7695351602839318,5.0,0.6482130916386799
1757309362.5788586,0.11239640414714813,1.5610220432281494,9.390548706054688,55.62,0.9309161336766545,-0.098828125,0.0,0.0,0.0,0.0,-8.456189737868026,3.7695351602839318,5.0,0.6482130916386799
1757309362.7297108,0.11239640414714813,1.5610220432281494,9.390548706054688,55.62,0.9309161336766545,-0.098828125,0.0,0.0,0.0,0.0,-8.456189737868026,3.7695351602839318,5.0,0.6482130916386799
1757309362.8768845,0.11239640414714813,1.5610220432281494,9.390548706054688,55.62,0.9309161336766545,-0.098828125,0.0,0.0,0.0,0.0,-8.456189737868026,3.7695351602839318,5.0,0.6482130916386799
1757309363.0299714,0.11239640414714813,1.5610220432281494,9.390548706054688,55.62,0.9309161336766545,-0.098828125,0.0,0.0,0.0,0.0,-8.456189737868026,3.7695351602839318,5.0,0.6482130916386799
1757309363.1779573,0.13396364450454712,1.6071608066558838,9.038803100585938,61.68,0.9309161336766545,-0.098828125,0.0,0.0,0.0,0.0,-8.456189737868026,3.7695351602839318,5.0,0.6482130916386799
1757309363.328085,0.13396364450454712,1.6071608066558838,9.038803100585938,61.68,0.9309161336766545,-0.098828125,0.0,0.0,0.0,0.0,-8.456189737868026,3.7695351602839318,5.0,0.6482130916386799
1757309363.4793332,0.13396364450454712,1.6071608066558838,9.038803100585938,61.68,0.9309161336766545,-0.098828125,0.0,0.0,0.0,0.0,-8.456189737868026,3.7695351602839318,5.0,0.6482130916386799
1757309363.6286693,0.13396364450454712,1.6071608066558838,9.038803100585938,61.68,0.9309161336766545,-0.098828125,0.0,0.0,0.0,0.0,-8.456189737868026,3.7695351602839318,5.0,0.6482130916386799
1757309363.7801836,0.13396364450454712,1.6071608066558838,9.038803100585938,61.68,0.9309161336766545,-0.098828125,0.0,0.0,0.0,0.0,-8.456189737868026,3.7695351602839318,5.0,0.6482130916386799
1757309363.927726,0.19628922641277313,1.655889630317688,8.640303611755371,61.27,0.9309161336766545,-0.098828125,0.0,0.0,0.0,0.0,-8.456189737868026,3.7695351602839318,5.0,0.6482130916386799
1757309364.0778267,0.19628922641277313,1.655889630317688,8.640303611755371,61.27,0.9309161336766545,-0.098828125,0.0,0.0,0.0,0.0,-8.456189737868026,3.7695351602839318,5.0,0.6482130916386799
1757309364.2274568,0.19628922641277313,1.655889630317688,8.640303611755371,61.27,0.9309161336766545,-0.098828125,0.0,0.0,0.0,0.0,-8.456189737868026,3.7695351602839318,5.0,0.6482130916386799
1757309364.3853385,0.19628922641277313,1.655889630317688,8.640303611755371,61.27,0.9309161336766545,-0.098828125,0.0,0.0,0.0,0.0,-8.456189737868026,3.7695351602839318,5.0,0.6482130916386799
1757309364.52805,0.19628922641277313,1.655889630317688,8.640303611755371,61.27,0.9309161336766545,-0.098828125,0.0,0.0,0.0,0.0,-8.456189737868026,3.7695351602839318,5.0,0.6482130916386799
1757309364.680148,0.22178369760513306,1.6748849153518677,8.349193572998047,61.57,0.9309161336766545,-0.098828125,0.0,0.0,0.0,0.0,-8.456189737868026,3.7695351602839318,5.0,0.6482130916386799
1757309364.8281877,0.22178369760513306,1.6748849153518677,8.349193572998047,61.57,0.9309161336766545,-0.098828125,0.0,0.0,0.0,0.0,-8.456189737868026,3.7695351602839318,5.0,0.6482130916386799
1757309364.9779518,0.22178369760513306,1.6748849153518677,8.349193572998047,61.57,0.9309161336766545,-0.098828125,0.0,0.0,0.0,0.0,-8.456189737868026,3.7695351602839318,5.0,0.6482130916386799
1757309365.1279404,0.22178369760513306,1.6748849153518677,8.349193572998047,61.57,0.9309161336766545,-0.098828125,0.0,0.0,0.0,0.0,-8.456189737868026,3.7695351602839318,5.0,0.6482130916386799
1757309365.2901285,0.2227191925048828,1.6744078397750854,8.30809211730957,61.81,0.9309161336766545,-0.098828125,0.0,0.0,0.0,0.0,-8.456189737868026,3.7695351602839318,5.0,0.6482130916386799
1757309365.4287002,0.22955003380775452,1.6361887454986572,7.973808288574219,63.29,0.9309161336766545,-0.098828125,0.0,0.0,0.0,0.0,-8.456189737868026,3.7695351602839318,5.0,0.6482130916386799
1757309365.578896,0.22955003380775452,1.6361887454986572,7.973808288574219,63.29,0.9309161336766545,-0.098828125,0.0,0.0,0.0,0.0,-8.456189737868026,3.7695351602839318,5.0,0.6482130916386799
1757309365.728433,0.22955003380775452,1.6361887454986572,7.973808288574219,63.29,0.9309161336766545,-0.098828125,0.0,0.0,0.0,0.0,-8.456189737868026,3.7695351602839318,5.0,0.6482130916386799
1757309365.8783898,0.22955003380775452,1.6361887454986572,7.973808288574219,63.29,0.9309161336766545,-0.098828125,0.0,0.0,0.0,0.0,-8.456189737868026,3.7695351602839318,5.0,0.6482130916386799
1757309366.0275552,0.234654039144516,1.6031557321548462,7.566625118255615,63.55,0.9309161336766545,-0.098828125,0.0,0.0,0.0,0.0,-8.456189737868026,3.7695351602839318,5.0,0.6482130916386799
1757309366.1799834,0.234654039144516,1.6031557321548462,7.566625118255615,63.55,0.9309161336766545,-0.098828125,0.0,0.0,0.0,0.0,-8.456189737868026,3.7695351602839318,5.0,0.6482130916386799
1757309366.3293796,0.234654039144516,1.6031557321548462,7.566625118255615,63.55,0.9309161336766545,-0.098828125,0.0,0.0,0.0,0.0,-8.456189737868026,3.7695351602839318,5.0,0.6482130916386799
1757309366.4771094,0.234654039144516,1.6031557321548462,7.566625118255615,63.55,0.9309161336766545,-0.098828125,0.0,0.0,0.0,0.0,-8.456189737868026,3.7695351602839318,5.0,0.6482130916386799
1757309366.6295743,0.234654039144516,1.6031557321548462,7.566625118255615,63.55,0.9309161336766545,-0.098828125,0.0,0.0,0.0,0.0,-8.456189737868026,3.7695351602839318,5.0,0.6482130916386799
1757309366.7815504,0.2350749671459198,1.6236226558685303,7.280505180358887,64.92,0.9309161336766545,-0.098828125,0.0,0.0,0.0,0.0,-8.456189737868026,3.7695351602839318,5.0,0.6482130916386799
1757309366.9395149,0.2350749671459198,1.6236226558685303,7.280505180358887,64.92,0.9309161336766545,-0.098828125,0.0,0.0,0.0,0.0,-8.456189737868026,3.7695351602839318,5.0,0.6482130916386799
1757309367.087773,0.2350749671459198,1.6236226558685303,7.280505180358887,64.92,0.9309161336766545,-0.098828125,0.0,0.0,0.0,0.0,-8.456189737868026,3.7695351602839318,5.0,0.6482130916386799
1757309367.2273288,0.2350749671459198,1.6236226558685303,7.280505180358887,64.92,0.9309161336766545,-0.098828125,0.0,0.0,0.0,0.0,-8.456189737868026,3.7695351602839318,5.0,0.6482130916386799
1757309367.3795476,0.2350749671459198,1.6236226558685303,7.280505180358887,64.92,0.9309161336766545,-0.098828125,0.0,0.0,0.0,0.0,-8.456189737868026,3.7695351602839318,5.0,0.6482130916386799
1757309367.5282998,0.21469740569591522,1.6492280960083008,6.939424514770508,62.52,0.9309161336766545,-0.098828125,0.0,0.0,0.0,0.0,-8.456189737868026,3.7695351602839318,5.0,0.6482130916386799
1757309367.679101,0.21469740569591522,1.6492280960083008,6.939424514770508,62.52,0.9309161336766545,-0.098828125,0.0,0.0,0.0,0.0,-8.456189737868026,3.7695351602839318,5.0,0.6482130916386799
1757309367.8272882,0.21469740569591522,1.6492280960083008,6.939424514770508,62.52,0.9309161336766545,-0.098828125,0.0,0.0,0.0,0.0,-8.456189737868026,3.7695351602839318,5.0,0.6482130916386799
1757309367.9782238,0.21469740569591522,1.6492280960083008,6.939424514770508,62.52,0.9309161336766545,-0.098828125,0.0,0.0,0.0,0.0,-8.456189737868026,3.7695351602839318,5.0,0.6482130916386799
1757309368.1309469,0.2255984991788864,1.628478765487671,6.765276908874512,61.66,0.9309161336766545,-0.098828125,0.0,0.0,0.0,0.0,-8.456189737868026,3.7695351602839318,5.0,0.6482130916386799
1757309368.2803886,0.2597320079803467,1.5570403337478638,6.5573883056640625,60.63,0.9309161336766545,-0.098828125,0.0,0.0,0.0,0.0,-8.456189737868026,3.7695351602839318,5.0,0.6482130916386799
1757309368.4282005,0.2597320079803467,1.5570403337478638,6.5573883056640625,60.63,0.9309161336766545,-0.098828125,0.0,0.0,0.0,0.0,-8.456189737868026,3.7695351602839318,5.0,0.6482130916386799
1757309368.5789948,0.2597320079803467,1.5570403337478638,6.5573883056640625,60.63,0.9309161336766545,-0.098828125,0.0,0.0,0.0,0.0,-8.456189737868026,3.7695351602839318,5.0,0.6482130916386799
1757309368.7292652,0.2597320079803467,1.5570403337478638,6.5573883056640625,60.63,0.9309161336766545,-0.098828125,0.0,0.0,0.0,0.0,-8.456189737868026,3.7695351602839318,5.0,0.6482130916386799
1757309368.8777783,0.2641243040561676,1.4822003841400146,6.270167350769043,57.31,0.9309161336766545,-0.098828125,0.0,0.0,0.0,0.0,-8.456189737868026,3.7695351602839318,5.0,0.6482130916386799
1757309369.0288208,0.2641243040561676,1.4822003841400146,6.270167350769043,57.31,0.9309161336766545,-0.098828125,0.0,0.0,0.0,0.0,-8.456189737868026,3.7695351602839318,5.0,0.6482130916386799
1757309369.179913,0.2641243040561676,1.4822003841400146,6.270167350769043,57.31,0.9309161336766545,-0.098828125,0.0,0.0,0.0,0.0,-8.456189737868026,3.7695351602839318,5.0,0.6482130916386799
1757309369.3304143,0.2641243040561676,1.4822003841400146,6.270167350769043,57.31,0.9309161336766545,-0.098828125,0.0,0.0,0.0,0.0,-8.456189737868026,3.7695351602839318,5.0,0.6482130916386799
1757309369.4781923,0.2641243040561676,1.4822003841400146,6.270167350769043,57.31,0.9309161336766545,-0.098828125,0.0,0.0,0.0,0.0,-8.456189737868026,3.7695351602839318,5.0,0.6482130916386799
1757309369.6318593,0.19779303669929504,1.4122179746627808,5.893233299255371,56.97,0.9309161336766545,-0.098828125,0.0,0.0,0.0,0.0,-8.456189737868026,3.7695351602839318,5.0,0.6482130916386799
1757309369.7825387,0.19779303669929504,1.4122179746627808,5.893233299255371,56.97,0.9309161336766545,-0.098828125,0.0,0.0,0.0,0.0,-8.456189737868026,3.7695351602839318,5.0,0.6482130916386799
1757309369.9296234,0.19779303669929504,1.4122179746627808,5.893233299255371,56.97,0.9309161336766545,-0.098828125,0.0,0.0,0.0,0.0,-8.456189737868026,3.7695351602839318,5.0,0.6482130916386799
1757309370.0855324,0.19779303669929504,1.4122179746627808,5.893233299255371,56.97,0.9309161336766545,-0.098828125,0.0,0.0,0.0,0.0,-8.456189737868026,3.7695351602839318,5.0,0.6482130916386799
1757309370.235621,0.1597861498594284,1.415351390838623,5.709224700927734,58.89,0.9309161336766545,-0.098828125,0.0,0.0,0.0,0.0,-8.456189737868026,3.7695351602839318,5.0,0.6482130916386799
1757309370.3771076,0.13688138127326965,1.4524592161178589,5.506954669952393,59.25,0.9309161336766545,-0.098828125,0.0,0.0,0.0,0.0,-8.456189737868026,3.7695351602839318,5.0,0.6482130916386799
1757309370.527203,0.13688138127326965,1.4524592161178589,5.506954669952393,59.25,0.9309161336766545,-0.098828125,0.0,0.0,0.0,0.0,-8.456189737868026,3.7695351602839318,5.0,0.6482130916386799
1757309370.6775403,0.13688138127326965,1.4524592161178589,5.506954669952393,59.25,0.9309161336766545,-0.098828125,0.0,0.0,0.0,0.0,-8.456189737868026,3.7695351602839318,5.0,0.6482130916386799
1757309370.8284373,0.13688138127326965,1.4524592161178589,5.506954669952393,59.25,0.9309161336766545,-0.098828125,0.0,0.0,0.0,0.0,-8.456189737868026,3.7695351602839318,5.0,0.6482130916386799
1757309370.9788153,0.11902846395969391,1.5579826831817627,5.234312534332275,58.35,0.9309161336766545,-0.098828125,0.0,0.0,0.0,0.0,-8.456189737868026,3.7695351602839318,5.0,0.6482130916386799
1757309371.1275387,0.11902846395969391,1.5579826831817627,5.234312534332275,58.35,0.9309161336766545,-0.098828125,0.0,0.0,0.0,0.0,-8.456189737868026,3.7695351602839318,5.0,0.6482130916386799
1757309371.2769737,0.11902846395969391,1.5579826831817627,5.234312534332275,58.35,0.9309161336766545,-0.098828125,0.0,0.0,0.0,0.0,-8.456189737868026,3.7695351602839318,5.0,0.6482130916386799
1757309371.4282773,0.11902846395969391,1.5579826831817627,5.234312534332275,58.35,0.9309161336766545,-0.098828125,0.0,0.0,0.0,0.0,-8.456189737868026,3.7695351602839318,5.0,0.6482130916386799
1757309371.5789423,0.11902846395969391,1.5579826831817627,5.234312534332275,58.35,0.9309161336766545,-0.098828125,0.0,0.0,0.0,0.0,-8.456189737868026,3.7695351602839318,5.0,0.6482130916386799
1757309371.7278829,0.12979502975940704,1.6567022800445557,4.869323253631592,59.73,0.9309161336766545,-0.098828125,0.0,0.0,0.0,0.0,-8.456189737868026,3.7695351602839318,5.0,0.6482130916386799
1757309371.877668,0.12979502975940704,1.6567022800445557,4.869323253631592,59.73,0.9309161336766545,-0.098828125,0.0,0.0,0.0,0.0,-8.456189737868026,3.7695351602839318,5.0,0.6482130916386799
1757309372.0315304,0.12979502975940704,1.6567022800445557,4.869323253631592,59.73,0.9309161336766545,-0.098828125,0.0,0.0,0.0,0.0,-8.456189737868026,3.7695351602839318,5.0,0.6482130916386799
1757309372.1770322,0.12979502975940704,1.6567022800445557,4.869323253631592,59.73,0.9309161336766545,-0.098828125,0.0,0.0,0.0,0.0,-8.456189737868026,3.7695351602839318,5.0,0.6482130916386799
1757309372.3430274,0.12979502975940704,1.6567022800445557,4.869323253631592,59.73,0.9309161336766545,-0.098828125,0.0,0.0,0.0,0.0,-8.456189737868026,3.7695351602839318,5.0,0.6482130916386799
1757309372.4774337,0.18667244911193848,1.671050786972046,4.443155765533447,58.49,0.9309161336766545,-0.098828125,0.0,0.0,0.0,0.0,-8.456189737868026,3.7695351602839318,5.0,0.6482130916386799
1757309372.6304483,0.18667244911193848,1.671050786972046,4.443155765533447,58.49,0.9309161336766545,-0.098828125,0.0,0.0,0.0,0.0,-8.456189737868026,3.7695351602839318,5.0,0.6482130916386799
1757309372.7785888,0.18667244911193848,1.671050786972046,4.443155765533447,58.49,0.9309161336766545,-0.098828125,0.0,0.0,0.0,0.0,-8.456189737868026,3.7695351602839318,5.0,0.6482130916386799
1757309372.9298975,0.18667244911193848,1.671050786972046,4.443155765533447,58.49,0.9309161336766545,-0.098828125,0.0,0.0,0.0,0.0,-8.456189737868026,3.7695351602839318,5.0,0.6482130916386799
1757309373.0778286,0.205938920378685,1.6526755094528198,4.287975311279297,50.63,0.9309161336766545,-0.098828125,0.0,0.0,0.0,0.0,-8.456189737868026,3.7695351602839318,5.0,0.6482130916386799
1757309373.2317739,0.2263958901166916,1.6363576650619507,4.1072611808776855,50.63,0.9309161336766545,-0.098828125,0.0,0.0,0.0,0.0,-8.456189737868026,3.7695351602839318,5.0,0.6482130916386799
1757309373.378141,0.2263958901166916,1.6363576650619507,4.1072611808776855,50.63,0.9309161336766545,-0.098828125,0.0,0.0,0.0,0.0,-8.456189737868026,3.7695351602839318,5.0,0.6482130916386799
1757309373.528009,0.2263958901166916,1.6363576650619507,4.1072611808776855,50.63,1.180144575284729,0.296484375,0.0,0.0,0.0,0.0,-8.456189737868026,3.7695351602839318,5.0,0.6482130916386799
1757309373.677829,0.2263958901166916,1.6363576650619507,4.1072611808776855,50.63,1.180144575284729,0.296484375,0.0,0.0,0.0,0.0,-8.456189737868026,3.7695351602839318,5.0,0.6482130916386799
1757309373.8272157,0.2837274670600891,1.5728347301483154,3.7801623344421387,51.35,1.180144575284729,0.296484375,0.0,0.0,0.0,0.0,-8.456189737868026,3.7695351602839318,5.0,0.6482130916386799
1757309373.98046,0.2837274670600891,1.5728347301483154,3.7801623344421387,51.35,1.180144575284729,0.296484375,0.0,0.0,0.0,0.0,-8.456189737868026,3.7695351602839318,5.0,0.6482130916386799
1757309374.1305742,0.2837274670600891,1.5728347301483154,3.7801623344421387,51.35,1.180144575284729,0.296484375,0.0,0.0,0.0,0.0,-8.456189737868026,3.7695351602839318,5.0,0.6482130916386799
1757309374.2804418,0.2837274670600891,1.5728347301483154,3.7801623344421387,51.35,1.180144575284729,0.296484375,0.0,0.0,0.0,0.0,-8.456189737868026,3.7695351602839318,5.0,0.6482130916386799
1757309374.4291117,0.2837274670600891,1.5728347301483154,3.7801623344421387,51.35,1.180144575284729,0.296484375,0.0,0.0,0.0,0.0,-8.456189737868026,3.7695351602839318,5.0,0.6482130916386799
1757309374.5789888,0.2591124176979065,1.503149151802063,3.4482932090759277,56.2,1.180144575284729,0.296484375,0.0,0.0,0.0,0.0,-8.456189737868026,3.7695351602839318,5.0,0.6482130916386799
1757309374.7292507,0.2591124176979065,1.503149151802063,3.4482932090759277,56.2,1.180144575284729,0.296484375,0.0,0.0,0.0,0.0,-8.456189737868026,3.7695351602839318,5.0,0.6482130916386799
1757309374.8883185,0.2591124176979065,1.503149151802063,3.4482932090759277,56.2,1.180144575284729,0.296484375,0.0,0.0,0.0,0.0,-8.456189737868026,3.7695351602839318,5.0,0.6482130916386799
1757309375.0296097,0.2591124176979065,1.503149151802063,3.4482932090759277,56.2,1.180144575284729,0.296484375,0.0,0.0,0.0,0.0,-8.456189737868026,3.7695351602839318,5.0,0.6482130916386799
1757309375.1783934,0.2591124176979065,1.503149151802063,3.4482932090759277,56.2,1.180144575284729,0.296484375,0.0,0.0,0.0,0.0,-8.456189737868026,3.7695351602839318,5.0,0.6482130916386799
1757309375.3278747,0.17623370885849,1.4531644582748413,3.038489818572998,56.75,1.180144575284729,0.296484375,0.0,0.0,0.0,0.0,-8.456189737868026,3.7695351602839318,5.0,0.6482130916386799
1757309375.47739,0.17623370885849,1.4531644582748413,3.038489818572998,56.75,1.180144575284729,0.296484375,0.0,0.0,0.0,0.0,-8.456189737868026,3.7695351602839318,5.0,0.6482130916386799
1757309375.6288471,0.17623370885849,1.4531644582748413,3.038489818572998,56.75,1.180144575284729,0.296484375,0.0,0.0,0.0,0.0,-8.456189737868026,3.7695351602839318,5.0,0.6482130916386799
1757309375.777285,0.17623370885849,1.4531644582748413,3.038489818572998,56.75,1.180144575284729,0.296484375,0.0,0.0,0.0,0.0,-8.456189737868026,3.7695351602839318,5.0,0.6482130916386799
1757309375.9422715,0.17329344153404236,1.4499331712722778,2.9872794151306152,57.76,1.180144575284729,0.296484375,0.0,0.0,0.0,0.0,-8.456189737868026,3.7695351602839318,5.0,0.6482130916386799
1757309376.0767012,0.165707066655159,1.4718679189682007,2.7257003784179688,59.08,1.180144575284729,0.296484375,0.0,0.0,0.0,0.0,-8.456189737868026,3.7695351602839318,5.0,0.6482130916386799
1757309376.229852,0.165707066655159,1.4718679189682007,2.7257003784179688,59.08,1.180144575284729,0.296484375,0.0,0.0,0.0,0.0,-8.456189737868026,3.7695351602839318,5.0,0.6482130916386799
1757309376.3845747,0.165707066655159,1.4718679189682007,2.7257003784179688,59.08,1.180144575284729,0.296484375,0.0,0.0,0.0,0.0,-8.456189737868026,3.7695351602839318,5.0,0.6482130916386799
1757309376.5283961,0.165707066655159,1.4718679189682007,2.7257003784179688,59.08,1.180144575284729,0.296484375,0.0,0.0,0.0,0.0,-8.456189737868026,3.7695351602839318,5.0,0.6482130916386799
1757309376.6774294,0.15552794933319092,1.5515965223312378,2.3571529388427734,61.11,1.180144575284729,0.296484375,0.0,0.0,0.0,0.0,-8.456189737868026,3.7695351602839318,5.0,0.6482130916386799
1757309376.8302126,0.15552794933319092,1.5515965223312378,2.3571529388427734,61.11,1.180144575284729,0.296484375,0.0,0.0,0.0,0.0,-8.456189737868026,3.7695351602839318,5.0,0.6482130916386799
1757309376.9776638,0.15552794933319092,1.5515965223312378,2.3571529388427734,61.11,1.180144575284729,0.296484375,0.0,0.0,0.0,0.0,-8.456189737868026,3.7695351602839318,5.0,0.6482130916386799
1757309377.129019,0.15552794933319092,1.5515965223312378,2.3571529388427734,61.11,1.180144575284729,0.296484375,0.0,0.0,0.0,0.0,-8.456189737868026,3.7695351602839318,5.0,0.6482130916386799
1757309377.2784054,0.15552794933319092,1.5515965223312378,2.3571529388427734,61.11,1.180144575284729,0.296484375,0.0,0.0,0.0,0.0,-8.456189737868026,3.7695351602839318,5.0,0.6482130916386799
1757309377.4342818,0.1696208119392395,1.5756620168685913,1.940565824508667,58.18,1.180144575284729,0.296484375,0.0,0.0,0.0,0.0,-8.456189737868026,3.7695351602839318,5.0,0.6482130916386799
1757309377.5793831,0.1696208119392395,1.5756620168685913,1.940565824508667,58.18,1.180144575284729,0.296484375,0.0,0.0,0.0,0.0,-8.456189737868026,3.7695351602839318,5.0,0.6482130916386799
1757309377.7285082,0.1696208119392395,1.5756620168685913,1.940565824508667,58.18,1.180144575284729,0.296484375,0.0,0.0,0.0,0.0,-8.456189737868026,3.7695351602839318,5.0,0.6482130916386799
1757309377.8783867,0.1696208119392395,1.5756620168685913,1.940565824508667,58.18,1.1857450588103011,0.1703125,0.0,0.0,0.0,0.0,-8.456189737868026,3.7695351602839318,5.0,0.6482130916386799
1757309378.0349677,0.1696208119392395,1.5756620168685913,1.940565824508667,58.18,1.1857450588103011,0.1703125,0.0,0.0,0.0,0.0,-8.456189737868026,3.7695351602839318,5.0,0.6482130916386799
1757309378.1771367,0.20141980051994324,1.551762342453003,1.602428674697876,60.43,1.1857450588103011,0.1703125,0.0,0.0,0.0,0.0,-8.456189737868026,3.7695351602839318,5.0,0.6482130916386799
1757309378.3285286,0.20141980051994324,1.551762342453003,1.602428674697876,60.43,1.2007962169801734,0.14609375,0.0,0.0,0.0,0.0,-8.456189737868026,3.7695351602839318,5.0,0.6482130916386799
1757309378.4782164,0.20141980051994324,1.551762342453003,1.602428674697876,60.43,1.1968899669801734,0.1421875,0.0,0.0,0.0,0.0,-8.456189737868026,3.7695351602839318,5.0,0.6482130916386799
1757309378.6278503,0.20141980051994324,1.551762342453003,1.602428674697876,60.43,1.1968899669801734,0.1421875,0.0,0.0,0.0,0.0,-8.456189737868026,3.7695351602839318,5.0,0.6482130916386799
1757309378.778684,0.2194627821445465,1.5339497327804565,1.2853299379348755,60.7,1.2007962169801734,0.14609375,0.0,0.0,0.0,0.0,-8.456189737868026,3.7695351602839318,5.0,0.6482130916386799
1757309378.928075,0.2194627821445465,1.5339497327804565,1.2853299379348755,60.7,1.2007962169801734,0.14609375,0.0,0.0,0.0,0.0,-8.456189737868026,3.7695351602839318,5.0,0.6482130916386799
1757309379.0795825,0.2194627821445465,1.5339497327804565,1.2853299379348755,60.7,1.2007962169801734,0.14609375,0.0,0.0,0.0,0.0,-8.456189737868026,3.7695351602839318,5.0,0.6482130916386799
1757309379.2274172,0.2194627821445465,1.5339497327804565,1.2853299379348755,60.7,1.2007962169801734,0.14609375,0.0,0.0,0.0,0.0,-8.456189737868026,3.7695351602839318,5.0,0.6482130916386799
1757309379.379772,0.2194627821445465,1.5339497327804565,1.2853299379348755,60.7,1.2007962169801734,0.14609375,0.0,0.0,0.0,0.0,-8.456189737868026,3.7695351602839318,5.0,0.6482130916386799
1757309379.5285711,0.225187748670578,1.521580696105957,0.8808122277259827,58.44,1.2007962169801734,0.14609375,0.0,0.0,0.0,0.0,-8.456189737868026,3.7695351602839318,5.0,0.6482130916386799
1757309379.6791472,0.225187748670578,1.521580696105957,0.8808122277259827,58.44,1.2007962169801734,0.14609375,0.0,0.0,0.0,0.0,-8.456189737868026,3.7695351602839318,5.0,0.6482130916386799
1757309379.8296394,0.225187748670578,1.521580696105957,0.8808122277259827,58.44,1.2007962169801734,0.14609375,0.0,0.0,0.0,0.0,-8.456189737868026,3.7695351602839318,5.0,0.6482130916386799
1757309379.9779732,0.225187748670578,1.521580696105957,0.8808122277259827,58.44,1.2007962169801734,0.14609375,0.0,0.0,0.0,0.0,-8.456189737868026,3.7695351602839318,5.0,0.6482130916386799
1757309380.1349847,0.225187748670578,1.521580696105957,0.8808122277259827,58.44,1.2007962169801734,0.14609375,0.0,0.0,0.0,0.0,-8.456189737868026,3.7695351602839318,5.0,0.6482130916386799
1757309380.2786329,0.15881997346878052,1.526487112045288,0.607826292514801,56.68,1.2007962169801734,0.14609375,0.0,0.0,0.0,0.0,-8.456189737868026,3.7695351602839318,5.0,0.6482130916386799
1757309380.4281216,0.15881997346878052,1.526487112045288,0.607826292514801,56.68,1.2007962169801734,0.14609375,0.0,0.0,0.0,0.0,-8.456189737868026,3.7695351602839318,5.0,0.6482130916386799
1757309380.578475,0.15881997346878052,1.526487112045288,0.607826292514801,56.68,1.2007962169801734,0.14609375,0.0,0.0,0.0,0.0,-8.456189737868026,3.7695351602839318,5.0,0.6482130916386799
1757309380.7277524,0.15881997346878052,1.526487112045288,0.607826292514801,56.68,1.2007962169801734,0.14609375,0.0,0.0,0.0,0.0,-8.456189737868026,3.7695351602839318,5.0,0.6482130916386799
1757309380.892623,0.15501649677753448,1.527293086051941,0.602951169013977,56.68,1.2007962169801734,0.14609375,0.0,0.0,0.0,0.0,-8.456189737868026,3.7695351602839318,5.0,0.6482130916386799
1757309381.027134,0.16835173964500427,1.524933934211731,0.5939315557479858,58.8,1.2007962169801734,0.14609375,0.0,0.0,0.0,0.0,-8.456189737868026,3.7695351602839318,5.0,0.6482130916386799
1757309381.1812184,0.16835173964500427,1.524933934211731,0.5939315557479858,58.8,1.2007962169801734,0.14609375,0.0,0.0,0.0,0.0,-8.456189737868026,3.7695351602839318,5.0,0.6482130916386799
1757309381.328338,0.16835173964500427,1.524933934211731,0.5939315557479858,58.8,1.2007962169801734,0.14609375,0.0,0.0,0.0,0.0,-8.456189737868026,3.7695351602839318,5.0,0.6482130916386799
1757309381.4791882,0.16835173964500427,1.524933934211731,0.5939315557479858,58.8,1.2007962169801734,0.14609375,0.0,0.0,0.0,0.0,-8.456189737868026,3.7695351602839318,5.0,0.6482130916386799
1757309381.6287715,0.1887006163597107,1.5111900568008423,0.5906036496162415,59.06,1.2007962169801734,0.14609375,0.0,0.0,0.0,0.0,-8.456189737868026,3.7695351602839318,5.0,0.6482130916386799
1757309381.7786174,0.1887006163597107,1.5111900568008423,0.5906036496162415,59.06,1.2007962169801734,0.14609375,0.0,0.0,0.0,0.0,-8.456189737868026,3.7695351602839318,5.0,0.6482130916386799
1757309381.933314,0.1887006163597107,1.5111900568008423,0.5906036496162415,59.06,1.2007962169801734,0.14609375,0.0,0.0,0.0,0.0,-8.456189737868026,3.7695351602839318,5.0,0.6482130916386799
1757309382.0778992,0.1887006163597107,1.5111900568008423,0.5906036496162415,59.06,1.2007962169801734,0.14609375,0.0,0.0,0.0,0.0,-8.456189737868026,3.7695351602839318,5.0,0.6482130916386799
1757309382.227212,0.1887006163597107,1.5111900568008423,0.5906036496162415,59.06,1.2007962169801734,0.14609375,0.0,0.0,0.0,0.0,-8.456189737868026,3.7695351602839318,5.0,0.6482130916386799
1757309382.3779542,0.2000655084848404,1.5091220140457153,0.570530354976654,59.21,1.2007962169801734,0.14609375,0.0,0.0,0.0,0.0,-8.456189737868026,3.7695351602839318,5.0,0.6482130916386799
1757309382.5276124,0.2000655084848404,1.5091220140457153,0.570530354976654,59.21,1.2007962169801734,0.14609375,0.0,0.0,0.0,0.0,-8.456189737868026,3.7695351602839318,5.0,0.6482130916386799
1757309382.6784189,0.2000655084848404,1.5091220140457153,0.570530354976654,59.21,1.2007962169801734,0.14609375,0.0,0.0,0.0,0.0,-8.456189737868026,3.7695351602839318,5.0,0.6482130916386799
1757309382.827992,0.2000655084848404,1.5091220140457153,0.570530354976654,59.21,1.2007962169801734,0.14609375,0.0,0.0,0.0,0.0,-8.456189737868026,3.7695351602839318,5.0,0.6482130916386799
1757309382.9778855,0.2000655084848404,1.5091220140457153,0.570530354976654,59.21,1.2007962169801734,0.14609375,0.0,0.0,0.0,0.0,-8.456189737868026,3.7695351602839318,5.0,0.6482130916386799
1757309383.130307,0.19848515093326569,1.5103914737701416,0.49664533138275146,59.34,1.2007962169801734,0.14609375,0.0,0.0,0.0,0.0,-8.456189737868026,3.7695351602839318,5.0,0.6482130916386799
1757309383.2772188,0.19848515093326569,1.5103914737701416,0.49664533138275146,59.34,1.2007962169801734,0.14609375,0.0,0.0,0.0,0.0,-8.456189737868026,3.7695351602839318,5.0,0.6482130916386799
1757309383.4285605,0.19848515093326569,1.5103914737701416,0.49664533138275146,59.34,1.2007962169801734,0.14609375,0.0,0.0,0.0,0.0,-8.456189737868026,3.7695351602839318,5.0,0.6482130916386799
1757309383.5793233,0.19848515093326569,1.5103914737701416,0.49664533138275146,59.34,1.2007962169801734,0.14609375,0.0,0.0,0.0,0.0,-8.456189737868026,3.7695351602839318,5.0,0.6482130916386799
1757309383.7310724,0.19920873641967773,1.508271336555481,0.4819561243057251,59.37,1.2007962169801734,0.14609375,0.0,0.0,0.0,0.0,-8.456189737868026,3.7695351602839318,5.0,0.6482130916386799
1757309383.877303,0.19943460822105408,1.5166877508163452,0.46071451902389526,59.5,1.2007962169801734,0.14609375,0.0,0.0,0.0,0.0,-8.456189737868026,3.7695351602839318,5.0,0.6482130916386799
1757309384.0281966,0.19943460822105408,1.5166877508163452,0.46071451902389526,59.5,1.2007962169801734,0.14609375,0.0,0.0,0.0,0.0,-8.456189737868026,3.7695351602839318,5.0,0.6482130916386799
1757309384.177766,0.19943460822105408,1.5166877508163452,0.46071451902389526,59.5,1.2007962169801734,0.14609375,0.0,0.0,0.0,0.0,-8.456189737868026,3.7695351602839318,5.0,0.6482130916386799
1757309384.327923,0.19943460822105408,1.5166877508163452,0.46071451902389526,59.5,1.2007962169801734,0.14609375,0.0,0.0,0.0,0.0,-8.456189737868026,3.7695351602839318,5.0,0.6482130916386799
1757309384.477812,0.20513863861560822,1.5189768075942993,0.43236035108566284,59.62,1.2007962169801734,0.14609375,0.0,0.0,0.0,0.0,-8.456189737868026,3.7695351602839318,5.0,0.6482130916386799
1757309384.630072,0.20513863861560822,1.5189768075942993,0.43236035108566284,59.62,1.2007962169801734,0.14609375,0.0,0.0,0.0,0.0,-8.456189737868026,3.7695351602839318,5.0,0.6482130916386799
1757309384.7816923,0.20513863861560822,1.5189768075942993,0.43236035108566284,59.62,1.2007962169801734,0.14609375,0.0,0.0,0.0,0.0,-8.456189737868026,3.7695351602839318,5.0,0.6482130916386799
1757309384.927109,0.20513863861560822,1.5189768075942993,0.43236035108566284,59.62,1.2007962169801734,0.14609375,0.0,0.0,0.0,0.0,-8.456189737868026,3.7695351602839318,5.0,0.6482130916386799
1757309385.0779312,0.20513863861560822,1.5189768075942993,0.43236035108566284,59.62,1.2007962169801734,0.14609375,0.0,0.0,0.0,0.0,-8.456189737868026,3.7695351602839318,5.0,0.6482130916386799
1757309385.227361,0.21152155101299286,1.5356553792953491,0.3774960935115814,59.79,1.2007962169801734,0.14609375,0.0,0.0,0.0,0.0,-8.456189737868026,3.7695351602839318,5.0,0.6482130916386799
1757309385.3840518,0.21152155101299286,1.5356553792953491,0.3774960935115814,59.79,1.2007962169801734,0.14609375,0.0,0.0,0.0,0.0,-8.456189737868026,3.7695351602839318,5.0,0.6482130916386799
1757309385.5282872,0.21152155101299286,1.5356553792953491,0.3774960935115814,59.79,1.2007962169801734,0.14609375,0.0,0.0,0.0,0.0,-8.456189737868026,3.7695351602839318,5.0,0.6482130916386799
1757309385.678772,0.21152155101299286,1.5356553792953491,0.3774960935115814,59.79,1.2007962169801734,0.14609375,0.0,0.0,0.0,0.0,-8.456189737868026,3.7695351602839318,5.0,0.6482130916386799
1757309385.828863,0.21152155101299286,1.5356553792953491,0.3774960935115814,59.79,1.2007962169801734,0.14609375,0.0,0.0,0.0,0.0,-8.456189737868026,3.7695351602839318,5.0,0.6482130916386799
1757309385.9794824,0.20914094150066376,1.5629233121871948,0.34524422883987427,59.91,1.2007962169801734,0.14609375,0.0,0.0,0.0,0.0,-8.456189737868026,3.7695351602839318,5.0,0.6482130916386799
1757309386.1273744,0.20914094150066376,1.5629233121871948,0.34524422883987427,59.91,1.2007962169801734,0.14609375,0.0,0.0,0.0,0.0,-8.456189737868026,3.7695351602839318,5.0,0.6482130916386799
1757309386.283258,0.20914094150066376,1.5629233121871948,0.34524422883987427,59.91,1.2007962169801734,0.14609375,0.0,0.0,0.0,0.0,-8.456189737868026,3.7695351602839318,5.0,0.6482130916386799
1757309386.4277656,0.20914094150066376,1.5629233121871948,0.34524422883987427,59.91,1.2007962169801734,0.14609375,0.0,0.0,0.0,0.0,-8.456189737868026,3.7695351602839318,5.0,0.6482130916386799
1757309386.5835204,0.21678151190280914,1.5717459917068481,0.33272457122802734,60.0,1.2007962169801734,0.14609375,0.0,0.0,0.0,0.0,-8.456189737868026,3.7695351602839318,5.0,0.6482130916386799
1757309386.7281137,0.22254663705825806,1.5805360078811646,0.31897106766700745,60.06,1.2007962169801734,0.14609375,0.0,0.0,0.0,0.0,-8.456189737868026,3.7695351602839318,5.0,0.6482130916386799
1757309386.8769703,0.22254663705825806,1.5805360078811646,0.31897106766700745,60.06,1.2007962169801734,0.14609375,0.0,0.0,0.0,0.0,-8.456189737868026,3.7695351602839318,5.0,0.6482130916386799
1757309387.0286403,0.22254663705825806,1.5805360078811646,0.31897106766700745,60.06,1.2007962169801734,0.14609375,0.0,0.0,0.0,0.0,-8.456189737868026,3.7695351602839318,5.0,0.6482130916386799
1757309387.1782885,0.22254663705825806,1.5805360078811646,0.31897106766700745,60.06,1.2007962169801734,0.14609375,0.0,0.0,0.0,0.0,-8.456189737868026,3.7695351602839318,5.0,0.6482130916386799
1757309387.3274727,0.2174907624721527,1.5985138416290283,0.29720595479011536,60.22,1.2007962169801734,0.14609375,0.0,0.0,0.0,0.0,-8.456189737868026,3.7695351602839318,5.0,0.6482130916386799
1757309387.4770901,0.2174907624721527,1.5985138416290283,0.29720595479011536,60.22,1.2007962169801734,0.14609375,0.0,0.0,0.0,0.0,-8.456189737868026,3.7695351602839318,5.0,0.6482130916386799
1757309387.6273074,0.2174907624721527,1.5985138416290283,0.29720595479011536,60.22,1.2007962169801734,0.14609375,0.0,0.0,0.0,0.0,-8.456189737868026,3.7695351602839318,5.0,0.6482130916386799
1757309387.7792993,0.2174907624721527,1.5985138416290283,0.29720595479011536,60.22,1.2007962169801734,0.14609375,0.0,0.0,0.0,0.0,-8.456189737868026,3.7695351602839318,5.0,0.6482130916386799
1757309387.9337692,0.2174907624721527,1.5985138416290283,0.29720595479011536,60.22,1.2007962169801734,0.14609375,0.0,0.0,0.0,0.0,-8.456189737868026,3.7695351602839318,5.0,0.6482130916386799
1757309388.0853262,0.23957061767578125,1.6262876987457275,0.28910115361213684,60.38,1.2007962169801734,0.14609375,0.0,0.0,0.0,0.0,-8.456189737868026,3.7695351602839318,5.0,0.6482130916386799
1757309388.2285106,0.23957061767578125,1.6262876987457275,0.28910115361213684,60.38,1.2007962169801734,0.14609375,0.0,0.0,0.0,0.0,-8.456189737868026,3.7695351602839318,5.0,0.6482130916386799
1757309388.3796883,0.23957061767578125,1.6262876987457275,0.28910115361213684,60.38,1.2007962169801734,0.14609375,0.0,0.0,0.0,0.0,-8.456189737868026,3.7695351602839318,5.0,0.6482130916386799
1757309388.527466,0.23957061767578125,1.6262876987457275,0.28910115361213684,60.38,1.2007962169801734,0.14609375,0.0,0.0,0.0,0.0,-8.456189737868026,3.7695351602839318,5.0,0.6482130916386799
1757309388.679583,0.23957061767578125,1.6262876987457275,0.28910115361213684,60.38,1.2007962169801734,0.14609375,0.0,0.0,0.0,0.0,-8.456189737868026,3.7695351602839318,5.0,0.6482130916386799
1757309388.8298779,0.236016184091568,1.6325973272323608,0.28068989515304565,60.54,1.2007962169801734,0.14609375,0.0,0.0,0.0,0.0,-8.456189737868026,3.7695351602839318,5.0,0.6482130916386799
1757309388.9774754,0.236016184091568,1.6325973272323608,0.28068989515304565,60.54,1.2007962169801734,0.14609375,0.0,0.0,0.0,0.0,-8.456189737868026,3.7695351602839318,5.0,0.6482130916386799
1757309389.1291196,0.236016184091568,1.6325973272323608,0.28068989515304565,60.54,1.2007962169801734,0.14609375,0.0,0.0,0.0,0.0,-8.456189737868026,3.7695351602839318,5.0,0.6482130916386799
1757309389.2784684,0.236016184091568,1.6325973272323608,0.28068989515304565,60.54,1.2007962169801734,0.14609375,0.0,0.0,0.0,0.0,-8.456189737868026,3.7695351602839318,5.0,0.6482130916386799
1757309389.437125,0.23341004550457,1.640217661857605,0.2742956280708313,60.65,1.2007962169801734,0.14609375,0.0,0.0,0.0,0.0,-8.456189737868026,3.7695351602839318,5.0,0.6482130916386799
1757309389.5771346,0.22808223962783813,1.6527053117752075,0.26159700751304626,60.69,1.2007962169801734,0.14609375,0.0,0.0,0.0,0.0,-8.456189737868026,3.7695351602839318,5.0,0.6482130916386799
1757309389.7290604,0.22808223962783813,1.6527053117752075,0.26159700751304626,60.69,1.2007962169801734,0.14609375,0.0,0.0,0.0,0.0,-8.456189737868026,3.7695351602839318,5.0,0.6482130916386799
1757309389.878136,0.22808223962783813,1.6527053117752075,0.26159700751304626,60.69,1.2007962169801734,0.14609375,0.0,0.0,0.0,0.0,-8.456189737868026,3.7695351602839318,5.0,0.6482130916386799
1757309390.0273461,0.22808223962783813,1.6527053117752075,0.26159700751304626,60.69,1.2007962169801734,0.14609375,0.0,0.0,0.0,0.0,-8.456189737868026,3.7695351602839318,5.0,0.6482130916386799
1757309390.176988,0.23968127369880676,1.6568251848220825,0.2460567057132721,60.86,1.2007962169801734,0.14609375,0.0,0.0,0.0,0.0,-8.456189737868026,3.7695351602839318,5.0,0.6482130916386799
1757309390.3285282,0.23968127369880676,1.6568251848220825,0.2460567057132721,60.86,1.2007962169801734,0.14609375,0.0,0.0,0.0,0.0,-8.456189737868026,3.7695351602839318,5.0,0.6482130916386799
1757309390.477449,0.23968127369880676,1.6568251848220825,0.2460567057132721,60.86,1.2007962169801734,0.14609375,0.0,0.0,0.0,0.0,-8.456189737868026,3.7695351602839318,5.0,0.6482130916386799
1757309390.6304567,0.23968127369880676,1.6568251848220825,0.2460567057132721,60.86,1.2007962169801734,0.14609375,0.0,0.0,0.0,0.0,-8.456189737868026,3.7695351602839318,5.0,0.6482130916386799
1757309390.7790446,0.23968127369880676,1.6568251848220825,0.2460567057132721,60.86,1.2007962169801734,0.14609375,0.0,0.0,0.0,0.0,-8.456189737868026,3.7695351602839318,5.0,0.6482130916386799
1757309390.9284482,0.2572602331638336,1.6473942995071411,0.2319970726966858,61.02,1.2007962169801734,0.14609375,0.0,0.0,0.0,0.0,-8.456189737868026,3.7695351602839318,5.0,0.6482130916386799
1757309391.0883305,0.2572602331638336,1.6473942995071411,0.2319970726966858,61.02,1.2007962169801734,0.14609375,0.0,0.0,0.0,0.0,-8.456189737868026,3.7695351602839318,5.0,0.6482130916386799
1757309391.2285888,0.2572602331638336,1.6473942995071411,0.2319970726966858,61.02,1.2007962169801734,0.14609375,0.0,0.0,0.0,0.0,-8.456189737868026,3.7695351602839318,5.0,0.6482130916386799
1757309391.378375,0.2572602331638336,1.6473942995071411,0.2319970726966858,61.02,1.2007962169801734,0.14609375,0.0,0.0,0.0,0.0,-8.456189737868026,3.7695351602839318,5.0,0.6482130916386799
1757309391.5344508,0.2572602331638336,1.6473942995071411,0.2319970726966858,61.02,1.2007962169801734,0.14609375,0.0,0.0,0.0,0.0,-8.456189737868026,3.7695351602839318,5.0,0.6482130916386799
1757309391.6776805,0.26488104462623596,1.623450517654419,0.21199047565460205,61.19,1.2007962169801734,0.14609375,0.0,0.0,0.0,0.0,-8.456189737868026,3.7695351602839318,5.0,0.6482130916386799
1757309391.8272126,0.26488104462623596,1.623450517654419,0.21199047565460205,61.19,1.2007962169801734,0.14609375,0.0,0.0,0.0,0.0,-8.456189737868026,3.7695351602839318,5.0,0.6482130916386799
1757309391.9803967,0.26488104462623596,1.623450517654419,0.21199047565460205,61.19,1.2007962169801734,0.14609375,0.0,0.0,0.0,0.0,-8.456189737868026,3.7695351602839318,5.0,0.6482130916386799
1757309392.1274672,0.26488104462623596,1.623450517654419,0.21199047565460205,61.19,1.2007962169801734,0.14609375,0.0,0.0,0.0,0.0,-8.456189737868026,3.7695351602839318,5.0,0.6482130916386799
1757309392.2792385,0.2649068832397461,1.603657841682434,0.21271751821041107,61.36,1.2007962169801734,0.14609375,0.0,0.0,0.0,0.0,-8.456189737868026,3.7695351602839318,5.0,0.6482130916386799
1757309392.4279642,0.2649068832397461,1.603657841682434,0.21271751821041107,61.36,1.2007962169801734,0.14609375,0.0,0.0,0.0,0.0,-8.456189737868026,3.7695351602839318,5.0,0.6482130916386799
1757309392.5769858,0.2649068832397461,1.603657841682434,0.21271751821041107,61.36,1.2007962169801734,0.14609375,0.0,0.0,0.0,0.0,-8.456189737868026,3.7695351602839318,5.0,0.6482130916386799
1757309392.7278543,0.2649068832397461,1.603657841682434,0.21271751821041107,61.36,1.2007962169801734,0.14609375,0.0,0.0,0.0,0.0,-8.456189737868026,3.7695351602839318,5.0,0.6482130916386799
1757309392.8767877,0.2649068832397461,1.603657841682434,0.21271751821041107,61.36,1.2007962169801734,0.14609375,0.0,0.0,0.0,0.0,-8.456189737868026,3.7695351602839318,5.0,0.6482130916386799
1757309393.028314,0.2674175202846527,1.5902605056762695,0.21850943565368652,61.53,1.2007962169801734,0.14609375,0.0,0.0,0.0,0.0,-8.456189737868026,3.7695351602839318,5.0,0.6482130916386799
1757309393.179006,0.2674175202846527,1.5902605056762695,0.21850943565368652,61.53,1.2007962169801734,0.14609375,0.0,0.0,0.0,0.0,-8.456189737868026,3.7695351602839318,5.0,0.6482130916386799
1757309393.3274145,0.2674175202846527,1.5902605056762695,0.21850943565368652,61.53,1.2007962169801734,0.14609375,0.0,0.0,0.0,0.0,-8.456189737868026,3.7695351602839318,5.0,0.6482130916386799
1757309393.4794633,0.2674175202846527,1.5902605056762695,0.21850943565368652,61.53,1.2007962169801734,0.14609375,0.0,0.0,0.0,0.0,-8.456189737868026,3.7695351602839318,5.0,0.6482130916386799
1757309393.6277814,0.2674175202846527,1.5902605056762695,0.21850943565368652,61.53,1.2007962169801734,0.14609375,0.0,0.0,0.0,0.0,-8.456189737868026,3.7695351602839318,5.0,0.6482130916386799
1757309393.7804592,0.26201504468917847,1.5866116285324097,0.22132545709609985,61.72,1.2007962169801734,0.14609375,0.0,0.0,0.0,0.0,-8.456189737868026,3.7695351602839318,5.0,0.6482130916386799
1757309393.933739,0.26201504468917847,1.5866116285324097,0.22132545709609985,61.72,1.2007962169801734,0.14609375,0.0,0.0,0.0,0.0,-8.456189737868026,3.7695351602839318,5.0,0.6482130916386799
1757309394.0781045,0.26201504468917847,1.5866116285324097,0.22132545709609985,61.72,1.2007962169801734,0.14609375,0.0,0.0,0.0,0.0,-8.456189737868026,3.7695351602839318,5.0,0.6482130916386799
1757309394.2327678,0.26201504468917847,1.5866116285324097,0.22132545709609985,61.72,1.2007962169801734,0.14609375,0.0,0.0,0.0,0.0,-8.456189737868026,3.7695351602839318,5.0,0.6482130916386799
1757309394.4030602,0.2606436312198639,1.5868489742279053,0.22391368448734283,61.75,1.2007962169801734,0.14609375,0.0,0.0,0.0,0.0,-8.456189737868026,3.7695351602839318,5.0,0.6482130916386799
1757309394.528335,0.26406481862068176,1.5965009927749634,0.23733209073543549,61.87,1.2007962169801734,0.14609375,0.0,0.0,0.0,0.0,-8.456189737868026,3.7695351602839318,5.0,0.6482130916386799
1757309394.685497,0.26406481862068176,1.5965009927749634,0.23733209073543549,61.87,1.2007962169801734,0.14609375,0.0,0.0,0.0,0.0,-8.456189737868026,3.7695351602839318,5.0,0.6482130916386799
1757309394.8284452,0.26406481862068176,1.5965009927749634,0.23733209073543549,61.87,1.2007962169801734,0.14609375,0.0,0.0,0.0,0.0,-8.456189737868026,3.7695351602839318,5.0,0.6482130916386799
1757309394.9788303,0.26406481862068176,1.5965009927749634,0.23733209073543549,61.87,1.2007962169801734,0.14609375,0.0,0.0,0.0,0.0,-8.456189737868026,3.7695351602839318,5.0,0.6482130916386799
1757309395.1285172,0.2675729990005493,1.6039167642593384,0.24618975818157196,62.05,1.2007962169801734,0.14609375,0.0,0.0,0.0,0.0,-8.456189737868026,3.7695351602839318,5.0,0.6482130916386799
1757309395.2782056,0.2675729990005493,1.6039167642593384,0.24618975818157196,62.05,1.2007962169801734,0.14609375,0.0,0.0,0.0,0.0,-8.456189737868026,3.7695351602839318,5.0,0.6482130916386799
1757309395.4272733,0.2675729990005493,1.6039167642593384,0.24618975818157196,62.05,1.2007962169801734,0.14609375,0.0,0.0,0.0,0.0,-8.456189737868026,3.7695351602839318,5.0,0.6482130916386799
1757309395.5770264,0.2675729990005493,1.6039167642593384,0.24618975818157196,62.05,1.2007962169801734,0.14609375,0.0,0.0,0.0,0.0,-8.456189737868026,3.7695351602839318,5.0,0.6482130916386799
1757309395.7301736,0.2675729990005493,1.6039167642593384,0.24618975818157196,62.05,1.2007962169801734,0.14609375,0.0,0.0,0.0,0.0,-8.456189737868026,3.7695351602839318,5.0,0.6482130916386799
1757309395.877387,0.2833528518676758,1.622515082359314,0.28663188219070435,62.24,1.2007962169801734,0.14609375,0.0,0.0,0.0,0.0,-8.456189737868026,3.7695351602839318,5.0,0.6482130916386799
1757309396.0312245,0.2833528518676758,1.622515082359314,0.28663188219070435,62.24,1.2007962169801734,0.14609375,0.0,0.0,0.0,0.0,-8.456189737868026,3.7695351602839318,5.0,0.6482130916386799
1757309396.1869175,0.2833528518676758,1.622515082359314,0.28663188219070435,62.24,1.2007962169801734,0.14609375,0.0,0.0,0.0,0.0,-8.456189737868026,3.7695351602839318,5.0,0.6482130916386799
1757309396.3310466,0.2833528518676758,1.622515082359314,0.28663188219070435,62.24,1.2007962169801734,0.14609375,0.0,0.0,0.0,0.0,-8.456189737868026,3.7695351602839318,5.0,0.6482130916386799
1757309396.4774098,0.2833528518676758,1.622515082359314,0.28663188219070435,62.24,1.2007962169801734,0.14609375,0.0,0.0,0.0,0.0,-8.456189737868026,3.7695351602839318,5.0,0.6482130916386799
1757309396.6287193,0.29112982749938965,1.6284468173980713,0.3121095299720764,62.39,1.2007962169801734,0.14609375,0.0,0.0,0.0,0.0,-8.456189737868026,3.7695351602839318,5.0,0.6482130916386799
1757309396.7799509,0.29112982749938965,1.6284468173980713,0.3121095299720764,62.39,1.2007962169801734,0.14609375,0.0,0.0,0.0,0.0,-8.456189737868026,3.7695351602839318,5.0,0.6482130916386799
1757309396.9297774,0.29112982749938965,1.6284468173980713,0.3121095299720764,62.39,1.2007962169801734,0.14609375,0.0,0.0,0.0,0.0,-8.456189737868026,3.7695351602839318,5.0,0.6482130916386799
1757309397.0796015,0.29112982749938965,1.6284468173980713,0.3121095299720764,62.39,1.2007962169801734,0.14609375,0.0,0.0,0.0,0.0,-8.456189737868026,3.7695351602839318,5.0,0.6482130916386799
1757309397.229752,0.291923850774765,1.6280912160873413,0.3171524107456207,62.49,1.2007962169801734,0.14609375,0.0,0.0,0.0,0.0,-8.456189737868026,3.7695351602839318,5.0,0.6482130916386799
1757309397.3771548,0.29938778281211853,1.6266086101531982,0.3329263925552368,62.57,1.2007962169801734,0.14609375,0.0,0.0,0.0,0.0,-8.456189737868026,3.7695351602839318,5.0,0.6482130916386799
1757309397.5279274,0.29938778281211853,1.6266086101531982,0.3329263925552368,62.57,1.2007962169801734,0.14609375,0.0,0.0,0.0,0.0,-8.456189737868026,3.7695351602839318,5.0,0.6482130916386799
1757309397.6768646,0.29938778281211853,1.6266086101531982,0.3329263925552368,62.57,1.2007962169801734,0.14609375,0.0,0.0,0.0,0.0,-8.456189737868026,3.7695351602839318,5.0,0.6482130916386799
1757309397.8293593,0.29938778281211853,1.6266086101531982,0.3329263925552368,62.57,1.2007962169801734,0.14609375,0.0,0.0,0.0,0.0,-8.456189737868026,3.7695351602839318,5.0,0.6482130916386799
1757309397.977189,0.30337411165237427,1.6214056015014648,0.3609655201435089,62.78,1.2007962169801734,0.14609375,0.0,0.0,0.0,0.0,-8.456189737868026,3.7695351602839318,5.0,0.6482130916386799
1757309398.130813,0.30337411165237427,1.6214056015014648,0.3609655201435089,62.78,1.2007962169801734,0.14609375,0.0,0.0,0.0,0.0,-8.456189737868026,3.7695351602839318,5.0,0.6482130916386799
1757309398.2781537,0.30337411165237427,1.6214056015014648,0.3609655201435089,62.78,1.2007962169801734,0.14609375,0.0,0.0,0.0,0.0,-8.456189737868026,3.7695351602839318,5.0,0.6482130916386799
1757309398.4296186,0.30337411165237427,1.6214056015014648,0.3609655201435089,62.78,1.2007962169801734,0.14609375,0.0,0.0,0.0,0.0,-8.456189737868026,3.7695351602839318,5.0,0.6482130916386799
1757309398.5772417,0.30337411165237427,1.6214056015014648,0.3609655201435089,62.78,1.2007962169801734,0.14609375,0.0,0.0,0.0,0.0,-8.456189737868026,3.7695351602839318,5.0,0.6482130916386799
1757309398.7289627,0.30251339077949524,1.6267478466033936,0.39965659379959106,62.94,1.2007962169801734,0.14609375,0.0,0.0,0.0,0.0,-8.456189737868026,3.7695351602839318,5.0,0.6482130916386799
1757309398.8786168,0.30251339077949524,1.6267478466033936,0.39965659379959106,62.94,1.2007962169801734,0.14609375,0.0,0.0,0.0,0.0,-8.456189737868026,3.7695351602839318,5.0,0.6482130916386799
1757309399.0340152,0.30251339077949524,1.6267478466033936,0.39965659379959106,62.94,1.2007962169801734,0.14609375,0.0,0.0,0.0,0.0,-8.456189737868026,3.7695351602839318,5.0,0.6482130916386799
1757309399.1780028,0.30251339077949524,1.6267478466033936,0.39965659379959106,62.94,1.2007962169801734,0.14609375,0.0,0.0,0.0,0.0,-8.456189737868026,3.7695351602839318,5.0,0.6482130916386799
1757309399.3285067,0.30251339077949524,1.6267478466033936,0.39965659379959106,62.94,1.2007962169801734,0.14609375,0.0,0.0,0.0,0.0,-8.456189737868026,3.7695351602839318,5.0,0.6482130916386799
1757309399.4777172,0.30089274048805237,1.6295334100723267,0.4300216734409332,63.14,1.2007962169801734,0.14609375,0.0,0.0,0.0,0.0,-8.456189737868026,3.7695351602839318,5.0,0.6482130916386799
1757309399.6310766,0.30089274048805237,1.6295334100723267,0.4300216734409332,63.14,1.2007962169801734,0.14609375,0.0,0.0,0.0,0.0,-8.456189737868026,3.7695351602839318,5.0,0.6482130916386799
1757309399.781179,0.30089274048805237,1.6295334100723267,0.4300216734409332,63.14,1.2007962169801734,0.14609375,0.0,0.0,0.0,0.0,-8.456189737868026,3.7695351602839318,5.0,0.6482130916386799
1757309399.9273202,0.30089274048805237,1.6295334100723267,0.4300216734409332,63.14,1.2007962169801734,0.14609375,0.0,0.0,0.0,0.0,-8.456189737868026,3.7695351602839318,5.0,0.6482130916386799
1757309400.0789733,0.29428473114967346,1.6307177543640137,0.453828364610672,63.32,1.2007962169801734,0.14609375,0.0,0.0,0.0,0.0,-8.456189737868026,3.7695351602839318,5.0,0.6482130916386799
1757309400.2277327,0.29418447613716125,1.6335275173187256,0.4650222659111023,63.32,1.2007962169801734,0.14609375,0.0,0.0,0.0,0.0,-8.456189737868026,3.7695351602839318,5.0,0.6482130916386799
1757309400.3777502,0.29418447613716125,1.6335275173187256,0.4650222659111023,63.32,1.2007962169801734,0.14609375,0.0,0.0,0.0,0.0,-8.456189737868026,3.7695351602839318,5.0,0.6482130916386799
1757309400.5281062,0.29418447613716125,1.6335275173187256,0.4650222659111023,63.32,1.2007962169801734,0.14609375,0.0,0.0,0.0,0.0,-8.456189737868026,3.7695351602839318,5.0,0.6482130916386799
1757309400.6769545,0.29418447613716125,1.6335275173187256,0.4650222659111023,63.32,1.2007962169801734,0.14609375,0.0,0.0,0.0,0.0,-8.456189737868026,3.7695351602839318,5.0,0.6482130916386799
1757309400.829085,0.29535484313964844,1.6423273086547852,0.4965747594833374,63.5,1.2007962169801734,0.14609375,0.0,0.0,0.0,0.0,-8.456189737868026,3.7695351602839318,5.0,0.6482130916386799
1757309400.9770603,0.29535484313964844,1.6423273086547852,0.4965747594833374,63.5,1.2007962169801734,0.14609375,0.0,0.0,0.0,0.0,-8.456189737868026,3.7695351602839318,5.0,0.6482130916386799
1757309401.127728,0.29535484313964844,1.6423273086547852,0.4965747594833374,63.5,1.2007962169801734,0.14609375,0.0,0.0,0.0,0.0,-8.456189737868026,3.7695351602839318,5.0,0.6482130916386799
1757309401.2822554,0.29535484313964844,1.6423273086547852,0.4965747594833374,63.5,1.2007962169801734,0.14609375,0.0,0.0,0.0,0.0,-8.456189737868026,3.7695351602839318,5.0,0.6482130916386799
1757309401.4299505,0.29535484313964844,1.6423273086547852,0.4965747594833374,63.5,1.2007962169801734,0.14609375,0.0,0.0,0.0,0.0,-8.456189737868026,3.7695351602839318,5.0,0.6482130916386799
1757309401.5775747,0.288984090089798,1.6557648181915283,0.5205678939819336,63.65,1.2007962169801734,0.14609375,0.0,0.0,0.0,0.0,-8.456189737868026,3.7695351602839318,5.0,0.6482130916386799
1757309401.7295103,0.288984090089798,1.6557648181915283,0.5205678939819336,63.65,1.2007962169801734,0.14609375,0.0,0.0,0.0,0.0,-8.456189737868026,3.7695351602839318,5.0,0.6482130916386799
1757309401.8792832,0.288984090089798,1.6557648181915283,0.5205678939819336,63.65,1.2007962169801734,0.14609375,0.0,0.0,0.0,0.0,-8.456189737868026,3.7695351602839318,5.0,0.6482130916386799
1757309402.0298574,0.288984090089798,1.6557648181915283,0.5205678939819336,63.65,1.2007962169801734,0.14609375,0.0,0.0,0.0,0.0,-8.456189737868026,3.7695351602839318,5.0,0.6482130916386799
1757309402.1845837,0.2883785665035248,1.6563541889190674,0.5214494466781616,63.65,1.2007962169801734,0.14609375,0.0,0.0,0.0,0.0,-8.456189737868026,3.7695351602839318,5.0,0.6482130916386799
1757309402.3291473,0.2827647030353546,1.6599087715148926,0.5350569486618042,63.83,1.2007962169801734,0.14609375,0.0,0.0,0.0,0.0,-8.456189737868026,3.7695351602839318,5.0,0.6482130916386799
1757309402.4783826,0.2827647030353546,1.6599087715148926,0.5350569486618042,63.83,1.2007962169801734,0.14609375,0.0,0.0,0.0,0.0,-8.456189737868026,3.7695351602839318,5.0,0.6482130916386799
1757309402.6357453,0.2827647030353546,1.6599087715148926,0.5350569486618042,63.83,1.2007962169801734,0.14609375,0.0,0.0,0.0,0.0,-8.456189737868026,3.7695351602839318,5.0,0.6482130916386799
1757309402.777461,0.2827647030353546,1.6599087715148926,0.5350569486618042,63.83,1.2007962169801734,0.14609375,0.0,0.0,0.0,0.0,-8.456189737868026,3.7695351602839318,5.0,0.6482130916386799
1757309402.9277072,0.2826797664165497,1.6617565155029297,0.5522343516349792,64.03,1.2007962169801734,0.14609375,0.0,0.0,0.0,0.0,-8.456189737868026,3.7695351602839318,5.0,0.6482130916386799
1757309403.0795445,0.28532111644744873,1.662488341331482,0.5558291077613831,64.03,1.2007962169801734,0.14609375,0.0,0.0,0.0,0.0,-8.456189737868026,3.7695351602839318,5.0,0.6482130916386799
1757309403.2313704,0.28532111644744873,1.662488341331482,0.5558291077613831,64.03,1.2007962169801734,0.14609375,0.0,0.0,0.0,0.0,-8.456189737868026,3.7695351602839318,5.0,0.6482130916386799
1757309403.3797078,0.28532111644744873,1.662488341331482,0.5558291077613831,64.03,1.2007962169801734,0.14609375,0.0,0.0,0.0,0.0,-8.456189737868026,3.7695351602839318,5.0,0.6482130916386799
1757309403.5300317,0.28532111644744873,1.662488341331482,0.5558291077613831,64.03,1.2007962169801734,0.14609375,0.0,0.0,0.0,0.0,-8.456189737868026,3.7695351602839318,5.0,0.6482130916386799
1757309403.685868,0.29675787687301636,1.6606106758117676,0.5618915557861328,64.21,1.2007962169801734,0.14609375,0.0,0.0,0.0,0.0,-8.456189737868026,3.7695351602839318,5.0,0.6482130916386799
1757309403.8290675,0.29675787687301636,1.6606106758117676,0.5618915557861328,64.21,1.2007962169801734,0.14609375,0.0,0.0,0.0,0.0,-8.456189737868026,3.7695351602839318,5.0,0.6482130916386799
1757309403.9777153,0.29675787687301636,1.6606106758117676,0.5618915557861328,64.21,1.2007962169801734,0.14609375,0.0,0.0,0.0,0.0,-8.456189737868026,3.7695351602839318,5.0,0.6482130916386799
1757309404.129287,0.29675787687301636,1.6606106758117676,0.5618915557861328,64.21,1.2007962169801734,0.14609375,0.0,0.0,0.0,0.0,-8.456189737868026,3.7695351602839318,5.0,0.6482130916386799
1757309404.2774782,0.29675787687301636,1.6606106758117676,0.5618915557861328,64.21,1.2007962169801734,0.14609375,0.0,0.0,0.0,0.0,-8.456189737868026,3.7695351602839318,5.0,0.6482130916386799
1757309404.427328,0.2960769832134247,1.6642749309539795,0.5788571834564209,64.4,1.2007962169801734,0.14609375,0.0,0.0,0.0,0.0,-8.456189737868026,3.7695351602839318,5.0,0.6482130916386799
1757309404.5785608,0.2960769832134247,1.6642749309539795,0.5788571834564209,64.4,1.2007962169801734,0.14609375,0.0,0.0,0.0,0.0,-8.456189737868026,3.7695351602839318,5.0,0.6482130916386799
1757309404.733435,0.2960769832134247,1.6642749309539795,0.5788571834564209,64.4,1.2007962169801734,0.14609375,0.0,0.0,0.0,0.0,-8.456189737868026,3.7695351602839318,5.0,0.6482130916386799
1757309404.880581,0.2960769832134247,1.6642749309539795,0.5788571834564209,64.4,1.2007962169801734,0.14609375,0.0,0.0,0.0,0.0,-8.456189737868026,3.7695351602839318,5.0,0.6482130916386799
1757309405.0334575,0.29713010787963867,1.6672437191009521,0.5764546394348145,64.43,1.2007962169801734,0.14609375,0.0,0.0,0.0,0.0,-8.456189737868026,3.7695351602839318,5.0,0.6482130916386799
1757309405.1831267,0.30930522084236145,1.6741966009140015,0.577083945274353,64.56,1.2007962169801734,0.14609375,0.0,0.0,0.0,0.0,-8.456189737868026,3.7695351602839318,5.0,0.6482130916386799
1757309405.3277373,0.30930522084236145,1.6741966009140015,0.577083945274353,64.56,1.2007962169801734,0.14609375,0.0,0.0,0.0,0.0,-8.456189737868026,3.7695351602839318,5.0,0.6482130916386799
1757309405.478197,0.30930522084236145,1.6741966009140015,0.577083945274353,64.56,1.2007962169801734,0.14609375,0.0,0.0,0.0,0.0,-8.456189737868026,3.7695351602839318,5.0,0.6482130916386799
1757309405.6289353,0.30930522084236145,1.6741966009140015,0.577083945274353,64.56,1.2007962169801734,0.14609375,0.0,0.0,0.0,0.0,-8.456189737868026,3.7695351602839318,5.0,0.6482130916386799
1757309405.7777128,0.31676217913627625,1.6758784055709839,0.5682575702667236,64.77,1.2007962169801734,0.14609375,0.0,0.0,0.0,0.0,-8.456189737868026,3.7695351602839318,5.0,0.6482130916386799
1757309405.9280624,0.31676217913627625,1.6758784055709839,0.5682575702667236,64.77,1.2007962169801734,0.14609375,0.0,0.0,0.0,0.0,-8.456189737868026,3.7695351602839318,5.0,0.6482130916386799
1757309406.0787585,0.31676217913627625,1.6758784055709839,0.5682575702667236,64.77,1.2007962169801734,0.14609375,0.0,0.0,0.0,0.0,-8.456189737868026,3.7695351602839318,5.0,0.6482130916386799
1757309406.2287092,0.31676217913627625,1.6758784055709839,0.5682575702667236,64.77,1.2007962169801734,0.14609375,0.0,0.0,0.0,0.0,-8.456189737868026,3.7695351602839318,5.0,0.6482130916386799
1757309406.3790276,0.31676217913627625,1.6758784055709839,0.5682575702667236,64.77,1.2007962169801734,0.14609375,0.0,0.0,0.0,0.0,-8.456189737868026,3.7695351602839318,5.0,0.6482130916386799
1757309406.5282545,0.3276534676551819,1.6735215187072754,0.5658873915672302,64.93,1.2007962169801734,0.14609375,0.0,0.0,0.0,0.0,-8.456189737868026,3.7695351602839318,5.0,0.6482130916386799
1757309406.6781082,0.3276534676551819,1.6735215187072754,0.5658873915672302,64.93,1.2007962169801734,0.14609375,0.0,0.0,0.0,0.0,-8.456189737868026,3.7695351602839318,5.0,0.6482130916386799
1757309406.828002,0.3276534676551819,1.6735215187072754,0.5658873915672302,64.93,1.2007962169801734,0.14609375,0.0,0.0,0.0,0.0,-8.456189737868026,3.7695351602839318,5.0,0.6482130916386799
1757309406.9774203,0.3276534676551819,1.6735215187072754,0.5658873915672302,64.93,1.2007962169801734,0.14609375,0.0,0.0,0.0,0.0,-8.456189737868026,3.7695351602839318,5.0,0.6482130916386799
1757309407.128834,0.3276534676551819,1.6735215187072754,0.5658873915672302,64.93,1.2007962169801734,0.14609375,0.0,0.0,0.0,0.0,-8.456189737868026,3.7695351602839318,5.0,0.6482130916386799
1757309407.2788906,0.33770084381103516,1.6783586740493774,0.5521764755249023,65.13,1.2007962169801734,0.14609375,0.0,0.0,0.0,0.0,-8.456189737868026,3.7695351602839318,5.0,0.6482130916386799
1757309407.4287627,0.33770084381103516,1.6783586740493774,0.5521764755249023,65.13,1.2007962169801734,0.14609375,0.0,0.0,0.0,0.0,-8.456189737868026,3.7695351602839318,5.0,0.6482130916386799
1757309407.5782602,0.33770084381103516,1.6783586740493774,0.5521764755249023,65.13,1.2007962169801734,0.14609375,0.0,0.0,0.0,0.0,-8.456189737868026,3.7695351602839318,5.0,0.6482130916386799
1757309407.7286792,0.33770084381103516,1.6783586740493774,0.5521764755249023,65.13,1.2007962169801734,0.14609375,0.0,0.0,0.0,0.0,-8.456189737868026,3.7695351602839318,5.0,0.6482130916386799
1757309407.8826082,0.33846452832221985,1.6778908967971802,0.5477554798126221,65.16,1.2007962169801734,0.14609375,0.0,0.0,0.0,0.0,-8.456189737868026,3.7695351602839318,5.0,0.6482130916386799
1757309408.029909,0.3451650142669678,1.6830661296844482,0.5319415330886841,65.32,1.2007962169801734,0.14609375,0.0,0.0,0.0,0.0,-8.456189737868026,3.7695351602839318,5.0,0.6482130916386799
1757309408.1776702,0.3451650142669678,1.6830661296844482,0.5319415330886841,65.32,1.2007962169801734,0.14609375,0.0,0.0,0.0,0.0,-8.456189737868026,3.7695351602839318,5.0,0.6482130916386799
1757309408.3310537,0.3451650142669678,1.6830661296844482,0.5319415330886841,65.32,1.2007962169801734,0.14609375,0.0,0.0,0.0,0.0,-8.456189737868026,3.7695351602839318,5.0,0.6482130916386799
1757309408.4772644,0.3451650142669678,1.6830661296844482,0.5319415330886841,65.32,1.2007962169801734,0.14609375,0.0,0.0,0.0,0.0,-8.456189737868026,3.7695351602839318,5.0,0.6482130916386799
1757309408.6281016,0.3529294431209564,1.691090703010559,0.5429590344429016,65.47,1.2007962169801734,0.14609375,0.0,0.0,0.0,0.0,-8.456189737868026,3.7695351602839318,5.0,0.6482130916386799
1757309408.7773836,0.3529294431209564,1.691090703010559,0.5429590344429016,65.47,1.2007962169801734,0.14609375,0.0,0.0,0.0,0.0,-8.456189737868026,3.7695351602839318,5.0,0.6482130916386799
1757309408.9293094,0.3529294431209564,1.691090703010559,0.5429590344429016,65.47,1.2007962169801734,0.14609375,0.0,0.0,0.0,0.0,-8.456189737868026,3.7695351602839318,5.0,0.6482130916386799
1757309409.0773304,0.3529294431209564,1.691090703010559,0.5429590344429016,65.47,1.2007962169801734,0.14609375,0.0,0.0,0.0,0.0,-8.456189737868026,3.7695351602839318,5.0,0.6482130916386799
1757309409.2273977,0.3529294431209564,1.691090703010559,0.5429590344429016,65.47,1.2007962169801734,0.14609375,0.0,0.0,0.0,0.0,-8.456189737868026,3.7695351602839318,5.0,0.6482130916386799
1757309409.3784053,0.35371020436286926,1.696838140487671,0.5492603778839111,65.66,1.2007962169801734,0.14609375,0.0,0.0,0.0,0.0,-8.456189737868026,3.7695351602839318,5.0,0.6482130916386799
1757309409.531079,0.35371020436286926,1.696838140487671,0.5492603778839111,65.66,1.2007962169801734,0.14609375,0.0,0.0,0.0,0.0,-8.456189737868026,3.7695351602839318,5.0,0.6482130916386799
1757309409.6772468,0.35371020436286926,1.696838140487671,0.5492603778839111,65.66,1.2007962169801734,0.14609375,0.0,0.0,0.0,0.0,-8.456189737868026,3.7695351602839318,5.0,0.6482130916386799
1757309409.8321543,0.35371020436286926,1.696838140487671,0.5492603778839111,65.66,1.2007962169801734,0.14609375,0.0,0.0,0.0,0.0,-8.456189737868026,3.7695351602839318,5.0,0.6482130916386799
1757309409.9786406,0.35371020436286926,1.696838140487671,0.5492603778839111,65.66,1.2007962169801734,0.14609375,0.0,0.0,0.0,0.0,-8.456189737868026,3.7695351602839318,5.0,0.6482130916386799
1757309410.1272182,0.35145121812820435,1.7093329429626465,0.5474607348442078,65.81,1.2007962169801734,0.14609375,0.0,0.0,0.0,0.0,-8.456189737868026,3.7695351602839318,5.0,0.6482130916386799
1757309410.280019,0.35145121812820435,1.7093329429626465,0.5474607348442078,65.81,1.2007962169801734,0.14609375,0.0,0.0,0.0,0.0,-8.456189737868026,3.7695351602839318,5.0,0.6482130916386799
1757309410.428222,0.35145121812820435,1.7093329429626465,0.5474607348442078,65.81,1.2007962169801734,0.14609375,0.0,0.0,0.0,0.0,-8.456189737868026,3.7695351602839318,5.0,0.6482130916386799
1757309410.5800636,0.35145121812820435,1.7093329429626465,0.5474607348442078,65.81,1.2007962169801734,0.14609375,0.0,0.0,0.0,0.0,-8.456189737868026,3.7695351602839318,5.0,0.6482130916386799
1757309410.7296023,0.35043174028396606,1.7107118368148804,0.5471886396408081,65.88,1.2007962169801734,0.14609375,0.0,0.0,0.0,0.0,-8.456189737868026,3.7695351602839318,5.0,0.6482130916386799
1757309410.8776276,0.3575552999973297,1.7190452814102173,0.5384533405303955,66.01,1.2007962169801734,0.14609375,0.0,0.0,0.0,0.0,-8.456189737868026,3.7695351602839318,5.0,0.6482130916386799
1757309411.0287807,0.3575552999973297,1.7190452814102173,0.5384533405303955,66.01,1.2007962169801734,0.14609375,0.0,0.0,0.0,0.0,-8.456189737868026,3.7695351602839318,5.0,0.6482130916386799
1757309411.1776528,0.3575552999973297,1.7190452814102173,0.5384533405303955,66.01,1.2007962169801734,0.14609375,0.0,0.0,0.0,0.0,-8.456189737868026,3.7695351602839318,5.0,0.6482130916386799
1757309411.3284953,0.3575552999973297,1.7190452814102173,0.5384533405303955,66.01,1.2007962169801734,0.14609375,0.0,0.0,0.0,0.0,-8.456189737868026,3.7695351602839318,5.0,0.6482130916386799
1757309411.4785953,0.36318346858024597,1.7278615236282349,0.5382247567176819,66.17,1.2007962169801734,0.14609375,0.0,0.0,0.0,0.0,-8.456189737868026,3.7695351602839318,5.0,0.6482130916386799
1757309411.6296935,0.3636419177055359,1.7289267778396606,0.5386025309562683,66.17,1.2007962169801734,0.14609375,0.0,0.0,0.0,0.0,-8.456189737868026,3.7695351602839318,5.0,0.6482130916386799
1757309411.7792308,0.3636419177055359,1.7289267778396606,0.5386025309562683,66.17,1.2007962169801734,0.14609375,0.0,0.0,0.0,0.0,-8.456189737868026,3.7695351602839318,5.0,0.6482130916386799
1757309411.927205,0.3636419177055359,1.7289267778396606,0.5386025309562683,66.17,1.2007962169801734,0.14609375,0.0,0.0,0.0,0.0,-8.456189737868026,3.7695351602839318,5.0,0.6482130916386799
1757309412.077165,0.3636419177055359,1.7289267778396606,0.5386025309562683,66.17,1.2007962169801734,0.14609375,0.0,0.0,0.0,0.0,-8.456189737868026,3.7695351602839318,5.0,0.6482130916386799
1757309412.2383573,0.36942651867866516,1.734861135482788,0.537086546421051,66.31,1.2007962169801734,0.14609375,0.0,0.0,0.0,0.0,-8.456189737868026,3.7695351602839318,5.0,0.6482130916386799
1757309412.379512,0.37691324949264526,1.7410646677017212,0.5336633324623108,66.34,1.2007962169801734,0.14609375,0.0,0.0,0.0,0.0,-8.456189737868026,3.7695351602839318,5.0,0.6482130916386799
1757309412.5286808,0.37691324949264526,1.7410646677017212,0.5336633324623108,66.34,1.2007962169801734,0.14609375,0.0,0.0,0.0,0.0,-8.456189737868026,3.7695351602839318,5.0,0.6482130916386799
1757309412.6801577,0.37691324949264526,1.7410646677017212,0.5336633324623108,66.34,1.2007962169801734,0.14609375,0.0,0.0,0.0,0.0,-8.456189737868026,3.7695351602839318,5.0,0.6482130916386799
1757309412.8274848,0.37691324949264526,1.7410646677017212,0.5336633324623108,66.34,1.2007962169801734,0.14609375,0.0,0.0,0.0,0.0,-8.456189737868026,3.7695351602839318,5.0,0.6482130916386799
1757309412.9774723,0.39362114667892456,1.7573904991149902,0.5273807644844055,66.5,1.2007962169801734,0.14609375,0.0,0.0,0.0,0.0,-8.456189737868026,3.7695351602839318,5.0,0.6482130916386799
1757309413.1275477,0.39362114667892456,1.7573904991149902,0.5273807644844055,66.5,1.2007962169801734,0.14609375,0.0,0.0,0.0,0.0,-8.456189737868026,3.7695351602839318,5.0,0.6482130916386799
1757309413.277679,0.39362114667892456,1.7573904991149902,0.5273807644844055,66.5,1.2007962169801734,0.14609375,0.0,0.0,0.0,0.0,-8.456189737868026,3.7695351602839318,5.0,0.6482130916386799
1757309413.427722,0.39362114667892456,1.7573904991149902,0.5273807644844055,66.5,1.2007962169801734,0.14609375,0.0,0.0,0.0,0.0,-8.456189737868026,3.7695351602839318,5.0,0.6482130916386799
1757309413.582589,0.39362114667892456,1.7573904991149902,0.5273807644844055,66.5,1.2007962169801734,0.14609375,0.0,0.0,0.0,0.0,-8.456189737868026,3.7695351602839318,5.0,0.6482130916386799
1757309413.7284193,0.40019506216049194,1.7744107246398926,0.5248003005981445,66.66,1.2007962169801734,0.14609375,0.0,0.0,0.0,0.0,-8.456189737868026,3.7695351602839318,5.0,0.6482130916386799
1757309413.8805277,0.40019506216049194,1.7744107246398926,0.5248003005981445,66.66,1.2007962169801734,0.14609375,0.0,0.0,0.0,0.0,-8.456189737868026,3.7695351602839318,5.0,0.6482130916386799
1757309414.0290804,0.40019506216049194,1.7744107246398926,0.5248003005981445,66.66,1.2007962169801734,0.14609375,0.0,0.0,0.0,0.0,-8.456189737868026,3.7695351602839318,5.0,0.6482130916386799
1757309414.1779704,0.40019506216049194,1.7744107246398926,0.5248003005981445,66.66,1.2007962169801734,0.14609375,0.0,0.0,0.0,0.0,-8.456189737868026,3.7695351602839318,5.0,0.6482130916386799
1757309414.3275425,0.40236029028892517,1.7882245779037476,0.5332337617874146,66.83,1.2007962169801734,0.14609375,0.0,0.0,0.0,0.0,-8.456189737868026,3.7695351602839318,5.0,0.6482130916386799
1757309414.4769287,0.4024144411087036,1.7928028106689453,0.5344094038009644,66.83,1.2007962169801734,0.14609375,0.0,0.0,0.0,0.0,-8.456189737868026,3.7695351602839318,5.0,0.6482130916386799
1757309414.6282585,0.4024144411087036,1.7928028106689453,0.5344094038009644,66.83,1.2007962169801734,0.14609375,0.0,0.0,0.0,0.0,-8.456189737868026,3.7695351602839318,5.0,0.6482130916386799
1757309414.7820249,0.4024144411087036,1.7928028106689453,0.5344094038009644,66.83,1.2007962169801734,0.14609375,0.0,0.0,0.0,0.0,-8.456189737868026,3.7695351602839318,5.0,0.6482130916386799
1757309414.9281762,0.4024144411087036,1.7928028106689453,0.5344094038009644,66.83,1.2007962169801734,0.14609375,0.0,0.0,0.0,0.0,-8.456189737868026,3.7695351602839318,5.0,0.6482130916386799
1757309415.077016,0.4028257727622986,1.8022009134292603,0.555077850818634,66.93,1.2007962169801734,0.14609375,0.0,0.0,0.0,0.0,-8.456189737868026,3.7695351602839318,5.0,0.6482130916386799
1757309415.2295403,0.4033553898334503,1.8030213117599487,0.5569843649864197,66.93,1.2007962169801734,0.14609375,0.0,0.0,0.0,0.0,-8.456189737868026,3.7695351602839318,5.0,0.6482130916386799
1757309415.3806374,0.4033553898334503,1.8030213117599487,0.5569843649864197,66.93,1.2007962169801734,0.14609375,0.0,0.0,0.0,0.0,-8.456189737868026,3.7695351602839318,5.0,0.6482130916386799
1757309415.5295756,0.4033553898334503,1.8030213117599487,0.5569843649864197,66.93,1.2007962169801734,0.14609375,0.0,0.0,0.0,0.0,-8.456189737868026,3.7695351602839318,5.0,0.6482130916386799
1757309415.6776412,0.4033553898334503,1.8030213117599487,0.5569843649864197,66.93,1.2007962169801734,0.14609375,0.0,0.0,0.0,0.0,-8.456189737868026,3.7695351602839318,5.0,0.6482130916386799
1757309415.8328652,0.41354647278785706,1.8087619543075562,0.5696940422058105,67.07,1.2007962169801734,0.14609375,0.0,0.0,0.0,0.0,-8.456189737868026,3.7695351602839318,5.0,0.6482130916386799
1757309415.978744,0.41354647278785706,1.8087619543075562,0.5696940422058105,67.07,1.2007962169801734,0.14609375,0.0,0.0,0.0,0.0,-8.456189737868026,3.7695351602839318,5.0,0.6482130916386799
1757309416.1284359,0.41354647278785706,1.8087619543075562,0.5696940422058105,67.07,1.2007962169801734,0.14609375,0.0,0.0,0.0,0.0,-8.456189737868026,3.7695351602839318,5.0,0.6482130916386799
1757309416.277463,0.41354647278785706,1.8087619543075562,0.5696940422058105,67.07,1.2007962169801734,0.14609375,0.0,0.0,0.0,0.0,-8.456189737868026,3.7695351602839318,5.0,0.6482130916386799
1757309416.4303432,0.41354647278785706,1.8087619543075562,0.5696940422058105,67.07,1.2007962169801734,0.14609375,0.0,0.0,0.0,0.0,-8.456189737868026,3.7695351602839318,5.0,0.6482130916386799
1757309416.5774958,0.4127879738807678,1.8117257356643677,0.5700390338897705,67.17,1.2007962169801734,0.14609375,0.0,0.0,0.0,0.0,-8.456189737868026,3.7695351602839318,5.0,0.6482130916386799
1757309416.7283745,0.4127879738807678,1.8117257356643677,0.5700390338897705,67.17,1.2007962169801734,0.14609375,0.0,0.0,0.0,0.0,-8.456189737868026,3.7695351602839318,5.0,0.6482130916386799
1757309416.8769298,0.4127879738807678,1.8117257356643677,0.5700390338897705,67.17,1.2007962169801734,0.14609375,0.0,0.0,0.0,0.0,-8.456189737868026,3.7695351602839318,5.0,0.6482130916386799
1757309417.0278707,0.4127879738807678,1.8117257356643677,0.5700390338897705,67.17,1.2007962169801734,0.14609375,0.0,0.0,0.0,0.0,-8.456189737868026,3.7695351602839318,5.0,0.6482130916386799
1757309417.1787162,0.411446213722229,1.81254243850708,0.5635021924972534,67.21,1.2007962169801734,0.14609375,0.0,0.0,0.0,0.0,-8.456189737868026,3.7695351602839318,5.0,0.6482130916386799
1757309417.328054,0.44404709339141846,1.784003734588623,0.5679727792739868,64.08,1.2007962169801734,0.14609375,0.0,0.0,0.0,0.0,-8.456189737868026,3.7695351602839318,5.0,0.6482130916386799
1757309417.4775047,0.44404709339141846,1.784003734588623,0.5679727792739868,64.08,1.2007962169801734,0.14609375,0.0,0.0,0.0,0.0,-8.456189737868026,3.7695351602839318,5.0,0.6482130916386799
1757309417.6299033,0.44404709339141846,1.784003734588623,0.5679727792739868,64.08,1.2007962169801734,0.14609375,0.0,0.0,0.0,0.0,-8.456189737868026,3.7695351602839318,5.0,0.6482130916386799
1757309417.7788205,0.44404709339141846,1.784003734588623,0.5679727792739868,64.08,1.2007962169801734,0.14609375,0.0,0.0,0.0,0.0,-8.456189737868026,3.7695351602839318,5.0,0.6482130916386799
1757309417.9281683,0.49030306935310364,1.8053219318389893,0.5954344272613525,50.92,1.2007962169801734,0.14609375,0.0,0.0,0.0,0.0,-8.456189737868026,3.7695351602839318,5.0,0.6482130916386799
1757309418.0770216,0.49030306935310364,1.8053219318389893,0.5954344272613525,50.92,1.2007962169801734,0.14609375,0.0,0.0,0.0,0.0,-8.456189737868026,3.7695351602839318,5.0,0.6482130916386799
1757309418.2288873,0.49030306935310364,1.8053219318389893,0.5954344272613525,50.92,1.2007962169801734,0.14609375,0.0,0.0,0.0,0.0,-8.456189737868026,3.7695351602839318,5.0,0.6482130916386799
1757309418.3799355,0.49030306935310364,1.8053219318389893,0.5954344272613525,50.92,1.2007962169801734,0.14609375,0.0,0.0,0.0,0.0,-8.456189737868026,3.7695351602839318,5.0,0.6482130916386799
1757309418.527223,0.49030306935310364,1.8053219318389893,0.5954344272613525,50.92,1.2007962169801734,0.14609375,0.0,0.0,0.0,0.0,-8.456189737868026,3.7695351602839318,5.0,0.6482130916386799
1757309418.677753,0.5155960917472839,1.7878895998001099,0.6538096070289612,38.73,1.2007962169801734,0.14609375,0.0,0.0,0.0,0.0,-8.456189737868026,3.7695351602839318,5.0,0.6482130916386799
1757309418.8292217,0.5155960917472839,1.7878895998001099,0.6538096070289612,38.73,1.2007962169801734,0.14609375,0.0,0.0,0.0,0.0,-8.456189737868026,3.7695351602839318,5.0,0.6482130916386799
1757309418.9811509,0.5155960917472839,1.7878895998001099,0.6538096070289612,38.73,1.2007962169801734,0.14609375,0.0,0.0,0.0,0.0,-8.456189737868026,3.7695351602839318,5.0,0.6482130916386799
1757309419.1298795,0.5155960917472839,1.7878895998001099,0.6538096070289612,38.73,1.2007962169801734,0.14609375,0.0,0.0,0.0,0.0,-8.456189737868026,3.7695351602839318,5.0,0.6482130916386799
1757309419.2767448,0.5155960917472839,1.7878895998001099,0.6538096070289612,38.73,1.2007962169801734,0.14609375,0.0,0.0,0.0,0.0,-8.456189737868026,3.7695351602839318,5.0,0.6482130916386799
1757309419.4282448,0.5363017320632935,1.804085373878479,0.6913270950317383,38.62,1.2007962169801734,0.14609375,0.0,0.0,0.0,0.0,-8.456189737868026,3.7695351602839318,5.0,0.6482130916386799
1757309419.5779245,0.5363017320632935,1.804085373878479,0.6913270950317383,38.62,1.2007962169801734,0.14609375,0.0,0.0,0.0,0.0,-8.456189737868026,3.7695351602839318,5.0,0.6482130916386799
1757309419.7283893,0.5363017320632935,1.804085373878479,0.6913270950317383,38.62,1.2007962169801734,0.14609375,0.0,0.0,0.0,0.0,-8.456189737868026,3.7695351602839318,5.0,0.6482130916386799
1757309419.8803744,0.5363017320632935,1.804085373878479,0.6913270950317383,38.62,1.2007962169801734,0.14609375,0.0,0.0,0.0,0.0,-8.456189737868026,3.7695351602839318,5.0,0.6482130916386799
1757309420.0304008,0.5374988317489624,1.8052715063095093,0.6950887441635132,38.62,1.2007962169801734,0.14609375,0.0,0.0,0.0,0.0,-8.456189737868026,3.7695351602839318,5.0,0.6482130916386799
1757309420.1771574,0.5661182999610901,1.8329261541366577,0.768527626991272,37.61,1.2007962169801734,0.14609375,0.0,0.0,0.0,0.0,-8.456189737868026,3.7695351602839318,5.0,0.6482130916386799
1757309420.3286154,0.5661182999610901,1.8329261541366577,0.768527626991272,37.61,1.2007962169801734,0.14609375,0.0,0.0,0.0,0.0,-8.456189737868026,3.7695351602839318,5.0,0.6482130916386799
1757309420.4808538,0.5661182999610901,1.8329261541366577,0.768527626991272,37.61,1.2007962169801734,0.14609375,0.0,0.0,0.0,0.0,-8.456189737868026,3.7695351602839318,5.0,0.6482130916386799
1757309420.6294603,0.5661182999610901,1.8329261541366577,0.768527626991272,37.61,1.2007962169801734,0.14609375,0.0,0.0,0.0,0.0,-8.456189737868026,3.7695351602839318,5.0,0.6482130916386799
1757309420.7804654,0.5805621147155762,1.8622089624404907,0.8527851700782776,36.93,1.2007962169801734,0.14609375,0.0,0.0,0.0,0.0,-8.456189737868026,3.7695351602839318,5.0,0.6482130916386799
1757309420.927483,0.5805621147155762,1.8622089624404907,0.8527851700782776,36.93,1.2007962169801734,0.14609375,0.0,0.0,0.0,0.0,-8.456189737868026,3.7695351602839318,5.0,0.6482130916386799
1757309421.0784447,0.5805621147155762,1.8622089624404907,0.8527851700782776,36.93,1.2007962169801734,0.14609375,0.0,0.0,0.0,0.0,-8.456189737868026,3.7695351602839318,5.0,0.6482130916386799
1757309421.2281494,0.5805621147155762,1.8622089624404907,0.8527851700782776,36.93,1.2007962169801734,0.14609375,0.0,0.0,0.0,0.0,-8.456189737868026,3.7695351602839318,5.0,0.6482130916386799
1757309421.3772426,0.5805621147155762,1.8622089624404907,0.8527851700782776,36.93,1.2007962169801734,0.14609375,0.0,0.0,0.0,0.0,-8.456189737868026,3.7695351602839318,5.0,0.6482130916386799
1757309421.528219,0.590644121170044,1.8857592344284058,0.9340952634811401,36.17,1.2007962169801734,0.14609375,0.0,0.0,0.0,0.0,-8.456189737868026,3.7695351602839318,5.0,0.6482130916386799
1757309421.6775403,0.590644121170044,1.8857592344284058,0.9340952634811401,36.17,1.2007962169801734,0.14609375,0.0,0.0,0.0,0.0,-8.456189737868026,3.7695351602839318,5.0,0.6482130916386799
1757309421.828207,0.590644121170044,1.8857592344284058,0.9340952634811401,36.17,1.2007962169801734,0.14609375,0.0,0.0,0.0,0.0,-8.456189737868026,3.7695351602839318,5.0,0.6482130916386799
1757309421.9787219,0.590644121170044,1.8857592344284058,0.9340952634811401,36.17,1.2007962169801734,0.14609375,0.0,0.0,0.0,0.0,-8.456189737868026,3.7695351602839318,5.0,0.6482130916386799
1757309422.1287887,0.590644121170044,1.8857592344284058,0.9340952634811401,36.17,1.2007962169801734,0.14609375,0.0,0.0,0.0,0.0,-8.456189737868026,3.7695351602839318,5.0,0.6482130916386799
1757309422.276861,0.6077936291694641,1.9124561548233032,1.0288050174713135,35.4,1.2007962169801734,0.14609375,0.0,0.0,0.0,0.0,-8.456189737868026,3.7695351602839318,5.0,0.6482130916386799
1757309422.4284635,0.6077936291694641,1.9124561548233032,1.0288050174713135,35.4,1.2007962169801734,0.14609375,0.0,0.0,0.0,0.0,-8.456189737868026,3.7695351602839318,5.0,0.6482130916386799
1757309422.5790253,0.6077936291694641,1.9124561548233032,1.0288050174713135,35.4,1.2007962169801734,0.14609375,0.0,0.0,0.0,0.0,-8.456189737868026,3.7695351602839318,5.0,0.6482130916386799
1757309422.728313,0.6077936291694641,1.9124561548233032,1.0288050174713135,35.4,1.2007962169801734,0.14609375,0.0,0.0,0.0,0.0,-8.456189737868026,3.7695351602839318,5.0,0.6482130916386799
1757309422.8949876,0.6077936291694641,1.9124561548233032,1.0288050174713135,35.4,1.2007962169801734,0.14609375,0.0,0.0,0.0,0.0,-8.456189737868026,3.7695351602839318,5.0,0.6482130916386799
1757309423.0276995,0.6146554946899414,1.9202929735183716,1.1251460313796997,34.64,1.2007962169801734,0.14609375,0.0,0.0,0.0,0.0,-8.456189737868026,3.7695351602839318,5.0,0.6482130916386799
1757309423.1807392,0.6146554946899414,1.9202929735183716,1.1251460313796997,34.64,1.2007962169801734,0.14609375,0.0,0.0,0.0,0.0,-8.456189737868026,3.7695351602839318,5.0,0.6482130916386799
1757309423.3289833,0.6146554946899414,1.9202929735183716,1.1251460313796997,34.64,1.2007962169801734,0.14609375,0.0,0.0,0.0,0.0,-8.456189737868026,3.7695351602839318,5.0,0.6482130916386799
1757309423.482118,0.6146554946899414,1.9202929735183716,1.1251460313796997,34.64,1.2007962169801734,0.14609375,0.0,0.0,0.0,0.0,-8.456189737868026,3.7695351602839318,5.0,0.6482130916386799
1757309423.627977,0.6282727122306824,1.9249465465545654,1.2096282243728638,34.63,1.2007962169801734,0.14609375,0.0,0.0,0.0,0.0,-8.456189737868026,3.7695351602839318,5.0,0.6482130916386799
1757309423.7804148,0.6328615546226501,1.928889274597168,1.237363338470459,34.63,1.2007962169801734,0.14609375,0.0,0.0,0.0,0.0,-8.456189737868026,3.7695351602839318,5.0,0.6482130916386799
1757309423.9290688,0.6328615546226501,1.928889274597168,1.237363338470459,34.63,1.2007962169801734,0.14609375,0.0,0.0,0.0,0.0,-8.456189737868026,3.7695351602839318,5.0,0.6482130916386799
1757309424.0787227,0.6328615546226501,1.928889274597168,1.237363338470459,34.63,1.2007962169801734,0.14609375,0.0,0.0,0.0,0.0,-8.456189737868026,3.7695351602839318,5.0,0.6482130916386799
1757309424.2305562,0.6328615546226501,1.928889274597168,1.237363338470459,34.63,1.2007962169801734,0.14609375,0.0,0.0,0.0,0.0,-8.456189737868026,3.7695351602839318,5.0,0.6482130916386799
1757309424.3781447,0.6470666527748108,1.9271694421768188,1.321482539176941,31.28,1.2007962169801734,0.14609375,0.0,0.0,0.0,0.0,-8.456189737868026,3.7695351602839318,5.0,0.6482130916386799
1757309424.5280862,0.6470666527748108,1.9271694421768188,1.321482539176941,31.28,1.2007962169801734,0.14609375,0.0,0.0,0.0,0.0,-8.456189737868026,3.7695351602839318,5.0,0.6482130916386799
1757309424.6769516,0.6470666527748108,1.9271694421768188,1.321482539176941,31.28,1.2007962169801734,0.14609375,0.0,0.0,0.0,0.0,-8.456189737868026,3.7695351602839318,5.0,0.6482130916386799
1757309424.8317153,0.6470666527748108,1.9271694421768188,1.321482539176941,31.28,1.2007962169801734,0.14609375,0.0,0.0,0.0,0.0,-8.456189737868026,3.7695351602839318,5.0,0.6482130916386799
1757309424.9781115,0.6470666527748108,1.9271694421768188,1.321482539176941,31.28,1.2007962169801734,0.14609375,0.0,0.0,0.0,0.0,-8.456189737868026,3.7695351602839318,5.0,0.6482130916386799
1757309425.1274722,0.6829163432121277,1.9455057382583618,1.4562731981277466,23.03,1.2007962169801734,0.14609375,0.0,0.0,0.0,0.0,-8.456189737868026,3.7695351602839318,5.0,0.6482130916386799
1757309425.2769482,0.6829163432121277,1.9455057382583618,1.4562731981277466,23.03,1.2007962169801734,0.14609375,0.0,0.0,0.0,0.0,-8.456189737868026,3.7695351602839318,5.0,0.6482130916386799
1757309425.4277272,0.6829163432121277,1.9455057382583618,1.4562731981277466,23.03,1.2007962169801734,0.14609375,0.0,0.0,0.0,0.0,-8.456189737868026,3.7695351602839318,5.0,0.6482130916386799
1757309425.5772827,0.6829163432121277,1.9455057382583618,1.4562731981277466,23.03,1.2007962169801734,0.14609375,0.0,0.0,0.0,0.0,-8.456189737868026,3.7695351602839318,5.0,0.6482130916386799
1757309425.7335746,0.6829163432121277,1.9455057382583618,1.4562731981277466,23.03,1.2007962169801734,0.14609375,0.0,0.0,0.0,0.0,-8.456189737868026,3.7695351602839318,5.0,0.6482130916386799
1757309425.8818386,0.8049950003623962,1.9501327276229858,1.6215568780899048,332.68,1.2007962169801734,0.14609375,0.0,0.0,0.0,0.0,-8.456189737868026,3.7695351602839318,5.0,0.6482130916386799
1757309426.0356112,0.8049950003623962,1.9501327276229858,1.6215568780899048,332.68,1.2007962169801734,0.14609375,0.0,0.0,0.0,0.0,-8.456189737868026,3.7695351602839318,5.0,0.6482130916386799
1757309426.1787186,0.8049950003623962,1.9501327276229858,1.6215568780899048,332.68,5.468861355534735,-0.3375,0.0,0.0,0.0,0.0,-8.456189737868026,3.7695351602839318,5.0,0.6482130916386799
1757309426.328031,0.8049950003623962,1.9501327276229858,1.6215568780899048,332.68,5.509388699284735,-0.29697265625,0.0,0.0,0.0,0.0,-8.456189737868026,3.7695351602839318,5.0,0.6482130916386799
1757309426.476827,0.9166978001594543,1.9708646535873413,1.7218602895736694,293.1,5.509388699284735,-0.29697265625,0.0,0.0,0.0,0.0,-8.456189737868026,3.7695351602839318,5.0,0.6482130916386799
1757309426.6288466,0.9166978001594543,1.9708646535873413,1.7218602895736694,293.1,5.509388699284735,-0.29697265625,0.0,0.0,0.0,0.0,-8.456189737868026,3.7695351602839318,5.0,0.6482130916386799
1757309426.7780595,0.9166978001594543,1.9708646535873413,1.7218602895736694,293.1,5.509388699284735,-0.29697265625,0.0,0.0,0.0,0.0,-8.456189737868026,3.7695351602839318,5.0,0.6482130916386799
1757309426.9286828,0.9166978001594543,1.9708646535873413,1.7218602895736694,293.1,5.509388699284735,-0.29697265625,0.0,0.0,0.0,0.0,-8.456189737868026,3.7695351602839318,5.0,0.6482130916386799
1757309427.0878341,0.9166978001594543,1.9708646535873413,1.7218602895736694,293.1,5.509388699284735,-0.29697265625,0.0,0.0,0.0,0.0,-8.456189737868026,3.7695351602839318,5.0,0.6482130916386799
1757309427.231763,0.9445925354957581,1.9336326122283936,1.7532615661621094,297.33,5.509388699284735,-0.29697265625,0.0,0.0,0.0,0.0,-8.456189737868026,3.7695351602839318,5.0,0.6482130916386799
1757309427.378112,0.9445925354957581,1.9336326122283936,1.7532615661621094,297.33,5.509388699284735,-0.29697265625,0.0,0.0,0.0,0.0,-8.456189737868026,3.7695351602839318,5.0,0.6482130916386799
1757309427.527841,0.9445925354957581,1.9336326122283936,1.7532615661621094,297.33,4.860969496204739,-0.32841796875,0.0,0.0,0.0,0.0,-8.456189737868026,3.7695351602839318,5.0,0.6482130916386799
1757309427.6779885,0.9445925354957581,1.9336326122283936,1.7532615661621094,297.33,4.860969496204739,-0.32841796875,0.0,0.0,0.0,0.0,-8.456189737868026,3.7695351602839318,5.0,0.6482130916386799
1757309427.829993,0.9445925354957581,1.9336326122283936,1.7532615661621094,297.33,4.860969496204739,-0.32841796875,0.0,0.0,0.0,0.0,-8.456189737868026,3.7695351602839318,5.0,0.6482130916386799
1757309427.9784899,0.7010531425476074,2.058366060256958,2.054337978363037,276.33,5.1894788020651115,-0.008984375000000001,0.0,0.0,0.0,0.0,-8.456189737868026,3.7695351602839318,5.0,0.6482130916386799
1757309428.127817,0.7010531425476074,2.058366060256958,2.054337978363037,276.33,4.934212031986375,0.0015625,0.0,0.0,0.0,0.0,-8.456189737868026,3.7695351602839318,5.0,0.6482130916386799
1757309428.2768922,0.7010531425476074,2.058366060256958,2.054337978363037,276.33,4.743962072035931,-0.07890625000000001,0.0,0.0,0.0,0.0,-8.456189737868026,3.7695351602839318,5.0,0.6482130916386799
1757309428.4279401,0.7010531425476074,2.058366060256958,2.054337978363037,276.33,4.754508947035931,-0.068359375,0.0,0.0,0.0,0.0,-8.456189737868026,3.7695351602839318,5.0,0.6482130916386799
1757309428.5844657,0.7010531425476074,2.058366060256958,2.054337978363037,276.33,4.754508947035931,-0.068359375,0.0,0.0,0.0,0.0,-8.456189737868026,3.7695351602839318,5.0,0.6482130916386799
1757309428.729554,0.6254441142082214,1.9250154495239258,2.2664718627929688,315.72,4.754508947035931,-0.068359375,0.0,0.0,0.0,0.0,-8.456189737868026,3.7695351602839318,5.0,0.6482130916386799
1757309428.87786,0.6254441142082214,1.9250154495239258,2.2664718627929688,315.72,4.754508947035931,-0.068359375,0.0,0.0,0.0,0.0,-8.456189737868026,3.7695351602839318,5.0,0.6482130916386799
1757309429.0284343,0.6254441142082214,1.9250154495239258,2.2664718627929688,315.72,4.754508947035931,-0.068359375,0.0,0.0,0.0,0.0,-8.456189737868026,3.7695351602839318,5.0,0.6482130916386799
1757309429.1785321,0.6254441142082214,1.9250154495239258,2.2664718627929688,315.72,5.512697264396498,0.0023437500000000003,0.0,0.0,0.0,0.0,-8.456189737868026,3.7695351602839318,5.0,0.6482130916386799
1757309429.3276412,0.6851925849914551,1.8150403499603271,2.274812698364258,313.76,5.512697264396498,0.0023437500000000003,0.0,0.0,0.0,0.0,-8.456189737868026,3.7695351602839318,5.0,0.6482130916386799
1757309429.4770045,0.7185831665992737,1.7004910707473755,2.2189106941223145,309.62,5.512697264396498,0.0023437500000000003,0.0,0.0,0.0,0.0,-8.456189737868026,3.7695351602839318,5.0,0.6482130916386799
1757309429.6305256,0.7185831665992737,1.7004910707473755,2.2189106941223145,309.62,5.512697264396498,0.0023437500000000003,0.0,0.0,0.0,0.0,-8.456189737868026,3.7695351602839318,5.0,0.6482130916386799
1757309429.7772439,0.7185831665992737,1.7004910707473755,2.2189106941223145,309.62,5.512697264396498,0.0023437500000000003,0.0,0.0,0.0,0.0,-8.456189737868026,3.7695351602839318,5.0,0.6482130916386799
1757309429.9272344,0.7185831665992737,1.7004910707473755,2.2189106941223145,309.62,5.512697264396498,0.0023437500000000003,0.0,0.0,0.0,0.0,-8.456189737868026,3.7695351602839318,5.0,0.6482130916386799
1757309430.079004,0.758556604385376,1.6650749444961548,2.1446640491485596,313.36,5.512697264396498,0.0023437500000000003,0.0,0.0,0.0,0.0,-8.456189737868026,3.7695351602839318,5.0,0.6482130916386799
1757309430.2290542,0.7664384245872498,1.648949146270752,2.127042531967163,313.36,5.512697264396498,0.0023437500000000003,0.0,0.0,0.0,0.0,-8.456189737868026,3.7695351602839318,5.0,0.6482130916386799
1757309430.3776312,0.7664384245872498,1.648949146270752,2.127042531967163,313.36,5.512697264396498,0.0023437500000000003,0.0,0.0,0.0,0.0,-8.456189737868026,3.7695351602839318,5.0,0.6482130916386799
1757309430.5281744,0.7664384245872498,1.648949146270752,2.127042531967163,313.36,5.512697264396498,0.0023437500000000003,0.0,0.0,0.0,0.0,-8.456189737868026,3.7695351602839318,5.0,0.6482130916386799
1757309430.6780396,0.7664384245872498,1.648949146270752,2.127042531967163,313.36,5.512697264396498,0.0023437500000000003,0.0,0.0,0.0,0.0,-8.456189737868026,3.7695351602839318,5.0,0.6482130916386799
1757309430.8286328,0.7772257924079895,1.568489909172058,2.052382707595825,309.2,5.512697264396498,0.0023437500000000003,0.0,0.0,0.0,0.0,-8.456189737868026,3.7695351602839318,5.0,0.6482130916386799
1757309430.9775674,0.7772257924079895,1.568489909172058,2.052382707595825,309.2,5.776785583564402,0.36015625,0.0,0.0,0.0,0.0,-8.456189737868026,3.7695351602839318,5.0,0.6482130916386799
1757309431.128236,0.7772257924079895,1.568489909172058,2.052382707595825,309.2,5.776785583564402,0.36015625,0.0,0.0,0.0,0.0,-8.456189737868026,3.7695351602839318,5.0,0.6482130916386799
1757309431.2773724,0.7772257924079895,1.568489909172058,2.052382707595825,309.2,5.776785583564402,0.36015625,0.0,0.0,0.0,0.0,-8.456189737868026,3.7695351602839318,5.0,0.6482130916386799
1757309431.4285448,0.7772257924079895,1.568489909172058,2.052382707595825,309.2,5.776785583564402,0.36015625,0.0,0.0,0.0,0.0,-8.456189737868026,3.7695351602839318,5.0,0.6482130916386799
1757309431.5775473,0.7902517318725586,1.5295642614364624,1.9641069173812866,308.34,5.776785583564402,0.36015625,0.0,0.0,0.0,0.0,-8.456189737868026,3.7695351602839318,5.0,0.6482130916386799
1757309431.7300277,0.7902517318725586,1.5295642614364624,1.9641069173812866,308.34,5.776785583564402,0.36015625,0.0,0.0,0.0,0.0,-8.456189737868026,3.7695351602839318,5.0,0.6482130916386799
1757309431.8781269,0.7902517318725586,1.5295642614364624,1.9641069173812866,308.34,5.776785583564402,0.36015625,0.0,0.0,0.0,0.0,-8.456189737868026,3.7695351602839318,5.0,0.6482130916386799
1757309432.02738,0.7902517318725586,1.5295642614364624,1.9641069173812866,308.34,5.776785583564402,0.36015625,0.0,0.0,0.0,0.0,-8.456189737868026,3.7695351602839318,5.0,0.6482130916386799
1757309432.2042196,0.7793601155281067,1.5391942262649536,1.9324406385421753,308.2,5.776785583564402,0.36015625,0.0,0.0,0.0,0.0,-8.456189737868026,3.7695351602839318,5.0,0.6482130916386799
1757309432.330789,0.753078818321228,1.5594531297683716,1.8619738817214966,308.75,5.776785583564402,0.36015625,0.0,0.0,0.0,0.0,-8.456189737868026,3.7695351602839318,5.0,0.6482130916386799
1757309432.4769993,0.753078818321228,1.5594531297683716,1.8619738817214966,308.75,5.776785583564402,0.36015625,0.0,0.0,0.0,0.0,-8.456189737868026,3.7695351602839318,5.0,0.6482130916386799
1757309432.6273484,0.753078818321228,1.5594531297683716,1.8619738817214966,308.75,5.776785583564402,0.36015625,0.0,0.0,0.0,0.0,-8.456189737868026,3.7695351602839318,5.0,0.6482130916386799
1757309432.7790546,0.753078818321228,1.5594531297683716,1.8619738817214966,308.75,5.776785583564402,0.36015625,0.0,0.0,0.0,0.0,-8.456189737868026,3.7695351602839318,5.0,0.6482130916386799
1757309432.9282916,0.7321068644523621,1.6086806058883667,1.7799724340438843,309.94,5.776785583564402,0.36015625,0.0,0.0,0.0,0.0,-8.456189737868026,3.7695351602839318,5.0,0.6482130916386799
1757309433.0772607,0.7321068644523621,1.6086806058883667,1.7799724340438843,309.94,5.776785583564402,0.36015625,0.0,0.0,0.0,0.0,-8.456189737868026,3.7695351602839318,5.0,0.6482130916386799
1757309433.230255,0.7321068644523621,1.6086806058883667,1.7799724340438843,309.94,5.776785583564402,0.36015625,0.0,0.0,0.0,0.0,-8.456189737868026,3.7695351602839318,5.0,0.6482130916386799
1757309433.3779354,0.7321068644523621,1.6086806058883667,1.7799724340438843,309.94,5.776785583564402,0.36015625,0.0,0.0,0.0,0.0,-8.456189737868026,3.7695351602839318,5.0,0.6482130916386799
1757309433.533298,0.7321068644523621,1.6086806058883667,1.7799724340438843,309.94,5.776785583564402,0.36015625,0.0,0.0,0.0,0.0,-8.456189737868026,3.7695351602839318,5.0,0.6482130916386799
1757309433.6780605,0.6960463523864746,1.6807295083999634,1.6726930141448975,308.35,5.776785583564402,0.36015625,0.0,0.0,0.0,0.0,-8.456189737868026,3.7695351602839318,5.0,0.6482130916386799
1757309433.82823,0.6960463523864746,1.6807295083999634,1.6726930141448975,308.35,5.776785583564402,0.36015625,0.0,0.0,0.0,0.0,-8.456189737868026,3.7695351602839318,5.0,0.6482130916386799
1757309433.9779718,0.6960463523864746,1.6807295083999634,1.6726930141448975,308.35,5.776785583564402,0.36015625,0.0,0.0,0.0,0.0,-8.456189737868026,3.7695351602839318,5.0,0.6482130916386799
1757309434.1303701,0.6960463523864746,1.6807295083999634,1.6726930141448975,308.35,5.776785583564402,0.36015625,0.0,0.0,0.0,0.0,-8.456189737868026,3.7695351602839318,5.0,0.6482130916386799
1757309434.2768865,0.6960463523864746,1.6807295083999634,1.6726930141448975,308.35,5.776785583564402,0.36015625,0.0,0.0,0.0,0.0,-8.456189737868026,3.7695351602839318,5.0,0.6482130916386799
1757309434.429309,0.668256938457489,1.7351986169815063,1.5812087059020996,305.81,5.776785583564402,0.36015625,0.0,0.0,0.0,0.0,-8.456189737868026,3.7695351602839318,5.0,0.6482130916386799
1757309434.5779824,0.668256938457489,1.7351986169815063,1.5812087059020996,305.81,5.776785583564402,0.36015625,0.0,0.0,0.0,0.0,-8.456189737868026,3.7695351602839318,5.0,0.6482130916386799
1757309434.7280495,0.668256938457489,1.7351986169815063,1.5812087059020996,305.81,5.776785583564402,0.36015625,0.0,0.0,0.0,0.0,-8.456189737868026,3.7695351602839318,5.0,0.6482130916386799
1757309434.8781967,0.668256938457489,1.7351986169815063,1.5812087059020996,305.81,5.776785583564402,0.36015625,0.0,0.0,0.0,0.0,-8.456189737868026,3.7695351602839318,5.0,0.6482130916386799
1757309435.032215,0.6345345973968506,1.7821245193481445,1.5034834146499634,304.66,5.776785583564402,0.36015625,0.0,0.0,0.0,0.0,-8.456189737868026,3.7695351602839318,5.0,0.6482130916386799
1757309435.186694,0.6298346519470215,1.789521336555481,1.4891523122787476,304.66,5.776785583564402,0.36015625,0.0,0.0,0.0,0.0,-8.456189737868026,3.7695351602839318,5.0,0.6482130916386799
1757309435.3278642,0.6298346519470215,1.789521336555481,1.4891523122787476,304.66,5.776785583564402,0.36015625,0.0,0.0,0.0,0.0,-8.456189737868026,3.7695351602839318,5.0,0.6482130916386799
1757309435.4854796,0.6298346519470215,1.789521336555481,1.4891523122787476,304.66,5.776785583564402,0.36015625,0.0,0.0,0.0,0.0,-8.456189737868026,3.7695351602839318,5.0,0.6482130916386799
1757309435.6279855,0.6298346519470215,1.789521336555481,1.4891523122787476,304.66,5.776785583564402,0.36015625,0.0,0.0,0.0,0.0,-8.456189737868026,3.7695351602839318,5.0,0.6482130916386799
1757309435.7786908,0.6070806980133057,1.8660244941711426,1.3862642049789429,305.21,5.776785583564402,0.36015625,0.0,0.0,0.0,0.0,-8.456189737868026,3.7695351602839318,5.0,0.6482130916386799
1757309435.9303982,0.6069266200065613,1.8672434091567993,1.3850841522216797,305.21,5.776785583564402,0.36015625,0.0,0.0,0.0,0.0,-8.456189737868026,3.7695351602839318,5.0,0.6482130916386799
1757309436.0813618,0.6069266200065613,1.8672434091567993,1.3850841522216797,305.21,5.776785583564402,0.36015625,0.0,0.0,0.0,0.0,-8.456189737868026,3.7695351602839318,5.0,0.6482130916386799
1757309436.2319546,0.6069266200065613,1.8672434091567993,1.3850841522216797,305.21,5.776785583564402,0.36015625,0.0,0.0,0.0,0.0,-8.456189737868026,3.7695351602839318,5.0,0.6482130916386799
1757309436.3779612,0.6069266200065613,1.8672434091567993,1.3850841522216797,305.21,5.776785583564402,0.36015625,0.0,0.0,0.0,0.0,-8.456189737868026,3.7695351602839318,5.0,0.6482130916386799
1757309436.52939,0.5906823873519897,1.9031246900558472,1.3347995281219482,305.6,5.776785583564402,0.36015625,0.0,0.0,0.0,0.0,-8.456189737868026,3.7695351602839318,5.0,0.6482130916386799
1757309436.6828573,0.5906823873519897,1.9031246900558472,1.3347995281219482,305.6,5.776785583564402,0.36015625,0.0,0.0,0.0,0.0,-8.456189737868026,3.7695351602839318,5.0,0.6482130916386799
1757309436.828294,0.5906823873519897,1.9031246900558472,1.3347995281219482,305.6,5.776785583564402,0.36015625,0.0,0.0,0.0,0.0,-8.456189737868026,3.7695351602839318,5.0,0.6482130916386799
1757309436.977773,0.5906823873519897,1.9031246900558472,1.3347995281219482,305.6,5.776785583564402,0.36015625,0.0,0.0,0.0,0.0,-8.456189737868026,3.7695351602839318,5.0,0.6482130916386799
1757309437.1291375,0.5906823873519897,1.9031246900558472,1.3347995281219482,305.6,5.776785583564402,0.36015625,0.0,0.0,0.0,0.0,-8.456189737868026,3.7695351602839318,5.0,0.6482130916386799
1757309437.2776227,0.5860817432403564,1.9592825174331665,1.278670072555542,304.75,5.3320556868150835,0.0023437500000000003,0.0,0.0,0.0,0.0,-8.456189737868026,3.7695351602839318,5.0,0.6482130916386799
1757309437.4288418,0.5860817432403564,1.9592825174331665,1.278670072555542,304.75,5.3320556868150835,0.0023437500000000003,0.0,0.0,0.0,0.0,-8.456189737868026,3.7695351602839318,5.0,0.6482130916386799
1757309437.579808,0.5860817432403564,1.9592825174331665,1.278670072555542,304.75,5.03627370795272,-0.28261718750000003,0.0,0.0,0.0,0.0,-8.456189737868026,3.7695351602839318,5.0,0.6482130916386799
1757309437.7342958,0.5860817432403564,1.9592825174331665,1.278670072555542,304.75,4.9770451923277195,-0.341845703125,0.0,0.0,0.0,0.0,-8.456189737868026,3.7695351602839318,5.0,0.6482130916386799
1757309437.8795342,0.6746010184288025,2.0300419330596924,1.2396624088287354,299.95,4.9661809345152195,-0.3527099609375,0.0,0.0,0.0,0.0,-8.456189737868026,3.7695351602839318,5.0,0.6482130916386799
1757309438.0289047,0.6434415578842163,2.024833917617798,1.1934863328933716,303.57,4.9661809345152195,-0.3527099609375,0.0,0.0,0.0,0.0,-8.456189737868026,3.7695351602839318,5.0,0.6482130916386799
1757309438.1773255,0.6434415578842163,2.024833917617798,1.1934863328933716,303.57,4.9661809345152195,-0.3527099609375,0.0,0.0,0.0,0.0,-8.456189737868026,3.7695351602839318,5.0,0.6482130916386799
1757309438.3306458,0.6434415578842163,2.024833917617798,1.1934863328933716,303.57,4.9661809345152195,-0.3527099609375,0.0,0.0,0.0,0.0,-8.456189737868026,3.7695351602839318,5.0,0.6482130916386799
1757309438.4768434,0.6434415578842163,2.024833917617798,1.1934863328933716,303.57,4.9661809345152195,-0.3527099609375,0.0,0.0,0.0,0.0,-8.456189737868026,3.7695351602839318,5.0,0.6482130916386799
1757309438.6369507,0.631223201751709,1.99277663230896,1.2780922651290894,325.15,4.9661809345152195,-0.3527099609375,0.0,0.0,0.0,0.0,-8.456189737868026,3.7695351602839318,5.0,0.6482130916386799
1757309438.7781742,0.631223201751709,1.99277663230896,1.2780922651290894,325.15,4.9661809345152195,-0.3527099609375,0.0,0.0,0.0,0.0,-8.456189737868026,3.7695351602839318,5.0,0.6482130916386799
1757309438.9279733,0.631223201751709,1.99277663230896,1.2780922651290894,325.15,4.9661809345152195,-0.3527099609375,0.0,0.0,0.0,0.0,-8.456189737868026,3.7695351602839318,5.0,0.6482130916386799
1757309439.0781562,0.631223201751709,1.99277663230896,1.2780922651290894,325.15,4.9661809345152195,-0.3527099609375,0.0,0.0,0.0,0.0,-8.456189737868026,3.7695351602839318,5.0,0.6482130916386799
1757309439.2288196,0.631223201751709,1.99277663230896,1.2780922651290894,325.15,4.9661809345152195,-0.3527099609375,0.0,0.0,0.0,0.0,-8.456189737868026,3.7695351602839318,5.0,0.6482130916386799
1757309439.3782213,0.6005297303199768,2.013406276702881,1.2884870767593384,318.64,4.9661809345152195,-0.3527099609375,0.0,0.0,0.0,0.0,-8.456189737868026,3.7695351602839318,5.0,0.6482130916386799
1757309439.527511,0.6005297303199768,2.013406276702881,1.2884870767593384,318.64,5.410516785752839,-0.302294921875,0.0,0.0,0.0,0.0,-8.456189737868026,3.7695351602839318,5.0,0.6482130916386799
1757309439.6799896,0.6005297303199768,2.013406276702881,1.2884870767593384,318.64,5.296473378554731,-0.26484375,0.0,0.0,0.0,0.0,-8.456189737868026,3.7695351602839318,5.0,0.6482130916386799
1757309439.8273876,0.6005297303199768,2.013406276702881,1.2884870767593384,318.64,5.289637441054731,-0.2716796875,0.0,0.0,0.0,0.0,-8.456189737868026,3.7695351602839318,5.0,0.6482130916386799
1757309439.9782057,0.6005297303199768,2.013406276702881,1.2884870767593384,318.64,5.330360097304731,-0.23095703125,0.0,0.0,0.0,0.0,-8.456189737868026,3.7695351602839318,5.0,0.6482130916386799
1757309440.1273956,0.5584359169006348,1.985710859298706,0.9605374336242676,299.63,5.205393088284159,-0.162890625,0.0,0.0,0.0,0.0,-8.456189737868026,3.7695351602839318,5.0,0.6482130916386799
1757309440.2781858,0.5584359169006348,1.985710859298706,0.9605374336242676,299.63,5.1170300377506095,-0.1125,0.0,0.0,0.0,0.0,-8.456189737868026,3.7695351602839318,5.0,0.6482130916386799
1757309440.428624,0.5584359169006348,1.985710859298706,0.9605374336242676,299.63,5.1824597252506095,-0.0470703125,0.0,0.0,0.0,0.0,-8.456189737868026,3.7695351602839318,5.0,0.6482130916386799
1757309440.5790248,0.5584359169006348,1.985710859298706,0.9605374336242676,299.63,5.172108162750609,-0.057421875000000004,0.0,0.0,0.0,0.0,-8.456189737868026,3.7695351602839318,5.0,0.6482130916386799
1757309440.728275,0.5464550256729126,1.8831005096435547,0.6437380909919739,295.54,5.166444100250609,-0.06308593750000001,0.0,0.0,0.0,0.0,-8.456189737868026,3.7695351602839318,5.0,0.6482130916386799
1757309440.8794804,0.5164830684661865,1.8368734121322632,0.5381000638008118,296.14,5.150719544329071,-0.059960937500000006,0.0,0.0,0.0,0.0,-8.456189737868026,3.7695351602839318,5.0,0.6482130916386799
1757309441.0281808,0.5164830684661865,1.8368734121322632,0.5381000638008118,296.14,5.112368046856007,-0.05625,0.0,0.0,0.0,0.0,-8.456189737868026,3.7695351602839318,5.0,0.6482130916386799
1757309441.1907392,0.5164830684661865,1.8368734121322632,0.5381000638008118,296.14,5.113539921856008,-0.055078125000000006,0.0,0.0,0.0,0.0,-8.456189737868026,3.7695351602839318,5.0,0.6482130916386799
1757309441.3282926,0.5164830684661865,1.8368734121322632,0.5381000638008118,296.14,5.113539921856008,-0.055078125000000006,0.0,0.0,0.0,0.0,-8.456189737868026,3.7695351602839318,5.0,0.6482130916386799
1757309441.4787278,0.5026009678840637,1.821705937385559,0.5232157111167908,296.2,5.114516484356008,-0.054101562500000006,0.0,0.0,0.0,0.0,-8.456189737868026,3.7695351602839318,5.0,0.6482130916386799
1757309441.627272,0.5026009678840637,1.821705937385559,0.5232157111167908,296.2,5.11518554015521,-0.052734375,0.0,0.0,0.0,0.0,-8.456189737868026,3.7695351602839318,5.0,0.6482130916386799
1757309441.7849834,0.5026009678840637,1.821705937385559,0.5232157111167908,296.2,5.1184019547812065,-0.050390625,0.0,0.0,0.0,0.0,-8.456189737868026,3.7695351602839318,5.0,0.6482130916386799
                                                                                                                                                                                                                                                                                                                                                                                                                                                                                                                                                                                                                                                                                                                                                                                                                                                                                                                                                                                                                                                                                                                                                                                                                                                                                                                                                                                                                                                                                                                                                                                                                                                                                                                                                                                                                                                                                                                                                                                                                                                                                                                                                                                                                                                                                                                                                                                                           