timestamp,x,y,z,compass_hdg,bearing,yaw_error,vel_x,vel_y,vel_z,yaw_rate,estimated_state_x,estimated_state_y,desired_radius,distance_error
1757308981.28772,0.0,0.0,0.0,0.0,0.0,0.0,0.0,0.0,0.0,0.0,0.0,0.0,5.0,0.0
1757308981.4355927,0.0,0.0,0.0,0.0,0.0,0.0,0.0,0.0,0.0,0.0,0.0,0.0,5.0,0.0
1757308981.5860379,0.0827869102358818,0.857256293296814,0.30371522903442383,288.77,0.0,0.0,0.0,0.0,0.0,0.0,0.0,0.0,5.0,0.0
1757308981.7359598,0.0827869102358818,0.857256293296814,0.30371522903442383,288.77,0.0,0.0,0.0,0.0,0.0,0.0,0.0,0.0,5.0,0.0
1757308981.8863823,0.0827869102358818,0.857256293296814,0.30371522903442383,288.77,0.0,0.0,0.0,0.0,0.0,0.0,0.0,0.0,5.0,0.0
1757308982.0358584,0.0827869102358818,0.857256293296814,0.30371522903442383,288.77,0.0,0.0,0.0,0.0,0.0,0.0,0.0,0.0,5.0,0.0
1757308982.1919265,0.08151759207248688,0.8523476719856262,0.3133818209171295,288.77,0.0,0.0,0.0,0.0,0.0,0.0,0.0,0.0,5.0,0.0
1757308982.339411,0.08181798458099365,0.8460180759429932,0.3156310021877289,288.78,0.0,0.0,0.0,0.0,0.0,0.0,0.0,0.0,5.0,0.0
1757308982.4884005,0.08181798458099365,0.8460180759429932,0.3156310021877289,288.78,0.0,0.0,0.0,0.0,0.0,0.0,0.0,0.0,5.0,0.0
1757308982.6368003,0.08181798458099365,0.8460180759429932,0.3156310021877289,288.78,0.0,0.0,0.0,0.0,0.0,0.0,0.0,0.0,5.0,0.0
1757308982.7859147,0.08181798458099365,0.8460180759429932,0.3156310021877289,288.78,0.0,0.0,0.0,0.0,0.0,0.0,0.0,0.0,5.0,0.0
1757308982.9360385,0.08509610593318939,0.8350743651390076,0.3219875693321228,288.77,0.0,0.0,0.0,0.0,0.0,0.0,0.0,0.0,5.0,0.0
1757308983.0859907,0.08509610593318939,0.8350743651390076,0.3219875693321228,288.77,0.0,0.0,0.0,0.0,0.0,0.0,0.0,0.0,5.0,0.0
1757308983.2360828,0.08509610593318939,0.8350743651390076,0.3219875693321228,288.77,0.0,0.0,0.0,0.0,0.0,0.0,0.0,0.0,5.0,0.0
1757308983.3859034,0.08509610593318939,0.8350743651390076,0.3219875693321228,288.77,0.0,0.0,0.0,0.0,0.0,0.0,0.0,0.0,5.0,0.0
1757308983.5372214,0.08509610593318939,0.8350743651390076,0.3219875693321228,288.77,0.0,0.0,0.0,0.0,0.0,0.0,0.0,0.0,5.0,0.0
1757308983.6859245,0.09188664704561234,0.844596803188324,0.3342477083206177,288.77,0.0,0.0,0.0,0.0,0.0,0.0,-5.592302438999972,2.7739581712188364,5.0,0.0
1757308983.8376784,0.09188664704561234,0.844596803188324,0.3342477083206177,288.77,0.0,0.0,0.0,0.0,0.0,0.0,-5.592302438999972,2.7739581712188364,5.0,0.0
1757308983.9862804,0.09188664704561234,0.844596803188324,0.3342477083206177,288.77,0.0,0.0,0.0,0.0,0.0,0.0,-5.592302438999972,2.7739581712188364,5.0,0.0
1757308984.1358743,0.09188664704561234,0.844596803188324,0.3342477083206177,288.77,0.0,0.0,0.0,0.0,0.0,0.0,-5.592302438999972,2.7739581712188364,5.0,0.0
1757308984.2863686,0.09188664704561234,0.844596803188324,0.3342477083206177,288.77,0.0,0.0,0.0,0.0,0.0,0.0,-5.592302438999972,2.7739581712188364,5.0,0.0
1757308984.4361029,0.11337600648403168,0.8315126299858093,0.33686140179634094,288.77,0.0,0.0,0.0,0.0,0.0,0.0,-5.592302438999972,2.7739581712188364,5.0,0.0
1757308984.5872428,0.11337600648403168,0.8315126299858093,0.33686140179634094,288.77,0.0,0.0,0.0,0.0,0.0,0.0,-5.592302438999972,2.7739581712188364,5.0,0.0
1757308984.7360716,0.11337600648403168,0.8315126299858093,0.33686140179634094,288.77,0.0,0.0,0.0,0.0,0.0,0.0,-5.592302438999972,2.7739581712188364,5.0,0.0
1757308984.8863518,0.11337600648403168,0.8315126299858093,0.33686140179634094,288.77,0.0,0.0,0.0,0.0,0.0,0.0,-5.592302438999972,2.7739581712188364,5.0,0.0
1757308985.0393662,0.12172291427850723,0.8233824968338013,0.3331218957901001,288.76,0.0,0.0,0.0,0.0,0.0,0.0,-5.592302438999972,2.7739581712188364,5.0,0.0
1757308985.1859663,0.12489236146211624,0.8101409077644348,0.34383174777030945,288.76,0.0,0.0,0.0,0.0,0.0,0.0,-5.592302438999972,2.7739581712188364,5.0,0.0
1757308985.337169,0.12489236146211624,0.8101409077644348,0.34383174777030945,288.76,0.0,0.0,0.0,0.0,0.0,0.0,-5.592302438999972,2.7739581712188364,5.0,0.0
1757308985.4860396,0.12489236146211624,0.8101409077644348,0.34383174777030945,288.76,0.0,0.0,0.0,0.0,0.0,0.0,-5.592302438999972,2.7739581712188364,5.0,0.0
1757308985.6369965,0.12489236146211624,0.8101409077644348,0.34383174777030945,288.76,0.0,0.0,0.0,0.0,0.0,0.0,-5.592302438999972,2.7739581712188364,5.0,0.0
1757308985.787728,0.12520350515842438,0.817270815372467,0.35454171895980835,288.77,0.0,0.0,0.0,0.0,0.0,0.0,-5.592302438999972,2.7739581712188364,5.0,0.0
1757308985.9359128,0.12520350515842438,0.817270815372467,0.35454171895980835,288.77,0.0,0.0,0.0,0.0,0.0,0.0,-5.592302438999972,2.7739581712188364,5.0,0.0
1757308986.0866792,0.12520350515842438,0.817270815372467,0.35454171895980835,288.77,0.0,0.0,0.0,0.0,0.0,0.0,-5.592302438999972,2.7739581712188364,5.0,0.0
1757308986.2364793,0.12520350515842438,0.817270815372467,0.35454171895980835,288.77,0.0,0.0,0.0,0.0,0.0,0.0,-5.592302438999972,2.7739581712188364,5.0,0.0
1757308986.3874104,0.12520350515842438,0.817270815372467,0.35454171895980835,288.77,0.0,0.0,0.0,0.0,0.0,0.0,-5.592302438999972,2.7739581712188364,5.0,0.0
1757308986.5362575,0.14727604389190674,0.8199716806411743,0.36441338062286377,288.76,0.0,0.0,0.0,0.0,0.0,0.0,-5.592302438999972,2.7739581712188364,5.0,0.0
1757308986.6871417,0.14727604389190674,0.8199716806411743,0.36441338062286377,288.76,0.0,0.0,0.0,0.0,0.0,0.0,-5.592302438999972,2.7739581712188364,5.0,0.0
1757308986.8362691,0.14727604389190674,0.8199716806411743,0.36441338062286377,288.76,0.0,0.0,0.0,0.0,0.0,0.0,-5.592302438999972,2.7739581712188364,5.0,0.0
1757308986.9879131,0.14727604389190674,0.8199716806411743,0.36441338062286377,288.76,0.0,0.0,0.0,0.0,0.0,0.0,-5.592302438999972,2.7739581712188364,5.0,0.0
1757308987.1402225,0.14727604389190674,0.8199716806411743,0.36441338062286377,288.76,0.0,0.0,0.0,0.0,0.0,0.0,-5.592302438999972,2.7739581712188364,5.0,0.0
1757308987.2885313,0.16478921473026276,0.8278785347938538,0.37532225251197815,288.76,0.0,0.0,0.0,0.0,0.0,0.0,-5.592302438999972,2.7739581712188364,5.0,0.0
1757308987.4358752,0.16478921473026276,0.8278785347938538,0.37532225251197815,288.76,0.0,0.0,0.0,0.0,0.0,0.0,-5.592302438999972,2.7739581712188364,5.0,0.0
1757308987.5862985,0.16478921473026276,0.8278785347938538,0.37532225251197815,288.76,0.0,0.0,0.0,0.0,0.0,0.0,-5.592302438999972,2.7739581712188364,5.0,0.0
1757308987.7368672,0.16478921473026276,0.8278785347938538,0.37532225251197815,288.76,0.0,0.0,0.0,0.0,0.0,0.0,-5.592302438999972,2.7739581712188364,5.0,0.0
1757308987.8916056,0.16681233048439026,0.8414677977561951,0.38105204701423645,288.75,0.0,0.0,0.0,0.0,0.0,0.0,-5.592302438999972,2.7739581712188364,5.0,0.0
1757308988.0365279,0.16705861687660217,0.8552849888801575,0.38866639137268066,288.74,0.0,0.0,0.0,0.0,0.0,0.0,-5.592302438999972,2.7739581712188364,5.0,0.0
1757308988.1866329,0.16705861687660217,0.8552849888801575,0.38866639137268066,288.74,0.0,0.0,0.0,0.0,0.0,0.0,-5.592302438999972,2.7739581712188364,5.0,0.0
1757308988.342122,0.16705861687660217,0.8552849888801575,0.38866639137268066,288.74,0.0,0.0,0.0,0.0,0.0,0.0,-5.592302438999972,2.7739581712188364,5.0,0.0
1757308988.4897525,0.16705861687660217,0.8552849888801575,0.38866639137268066,288.74,0.0,0.0,0.0,0.0,0.0,0.0,-5.592302438999972,2.7739581712188364,5.0,0.0
1757308988.6358066,0.16629920899868011,0.8769721388816833,0.3994029760360718,288.74,0.0,0.0,0.0,0.0,0.0,0.0,-5.592302438999972,2.7739581712188364,5.0,0.0
1757308988.7869978,0.16629920899868011,0.8769721388816833,0.3994029760360718,288.74,0.0,0.0,0.0,0.0,0.0,0.0,-5.592302438999972,2.7739581712188364,5.0,0.0
1757308988.9372134,0.16629920899868011,0.8769721388816833,0.3994029760360718,288.74,0.0,0.0,0.0,0.0,0.0,0.0,-5.592302438999972,2.7739581712188364,5.0,0.0
1757308989.0879247,0.16629920899868011,0.8769721388816833,0.3994029760360718,288.74,0.0,0.0,0.0,0.0,0.0,0.0,-5.592302438999972,2.7739581712188364,5.0,0.0
1757308989.2360435,0.16629920899868011,0.8769721388816833,0.3994029760360718,288.74,0.0,0.0,0.0,0.0,0.0,0.0,-5.592302438999972,2.7739581712188364,5.0,0.0
1757308989.386459,0.15925702452659607,0.8821499943733215,0.3915533125400543,288.72,0.0,0.0,0.0,0.0,0.0,0.0,-5.592302438999972,2.7739581712188364,5.0,0.0
1757308989.5366683,0.15925702452659607,0.8821499943733215,0.3915533125400543,288.72,0.0,0.0,0.0,0.0,0.0,0.0,-5.592302438999972,2.7739581712188364,5.0,0.0
1757308989.685871,0.15925702452659607,0.8821499943733215,0.3915533125400543,288.72,0.0,0.0,0.0,0.0,0.0,0.0,-5.592302438999972,2.7739581712188364,5.0,0.0
1757308989.8466792,0.15925702452659607,0.8821499943733215,0.3915533125400543,288.72,0.0,0.0,0.0,0.0,0.0,0.0,-5.592302438999972,2.7739581712188364,5.0,0.0
1757308990.006416,0.15925702452659607,0.8821499943733215,0.3915533125400543,288.72,0.0,0.0,0.0,0.0,0.0,0.0,-5.592302438999972,2.7739581712188364,5.0,0.0
1757308990.1367116,0.17931745946407318,0.8362360000610352,0.5047528147697449,299.38,0.0,0.0,0.0,0.0,0.0,0.0,-5.592302438999972,2.7739581712188364,5.0,0.0
1757308990.2861075,0.17931745946407318,0.8362360000610352,0.5047528147697449,299.38,0.0,0.0,0.0,0.0,0.0,0.0,-5.592302438999972,2.7739581712188364,5.0,0.0
1757308990.4380825,0.17931745946407318,0.8362360000610352,0.5047528147697449,299.38,0.0,0.0,0.0,0.0,0.0,0.0,-5.592302438999972,2.7739581712188364,5.0,0.0
1757308990.5859306,0.17931745946407318,0.8362360000610352,0.5047528147697449,299.38,5.132588589620624,-0.09257812500000001,0.0,0.0,0.0,0.0,-5.592302438999972,2.7739581712188364,5.0,0.0
1757308990.7362113,0.1977156549692154,0.7750428318977356,0.7491317391395569,316.6,5.113252652120623,-0.11191406250000001,0.0,0.0,0.0,0.0,-5.592302438999972,2.7739581712188364,5.0,0.0
1757308990.8858745,0.20860087871551514,0.7164357900619507,1.0503581762313843,322.64,5.072432339620624,-0.152734375,0.0,0.0,0.0,0.0,-5.592302438999972,2.7739581712188364,5.0,0.0
1757308991.0375345,0.20860087871551514,0.7164357900619507,1.0503581762313843,322.64,5.262333505564048,-0.26337890625,0.0,0.0,0.0,0.0,-5.592302438999972,2.7739581712188364,5.0,0.0
1757308991.1883354,0.20860087871551514,0.7164357900619507,1.0503581762313843,322.64,5.318239673634505,-0.31289062500000003,0.0,0.0,0.0,0.0,-5.592302438999972,2.7739581712188364,5.0,0.0
1757308991.3371034,0.20860087871551514,0.7164357900619507,1.0503581762313843,322.64,5.289528736134504,-0.3416015625,0.0,0.0,0.0,0.0,-5.592302438999972,2.7739581712188364,5.0,0.0
1757308991.487028,0.2480359822511673,0.6317729353904724,2.1194868087768555,335.33,5.294851001759504,-0.336279296875,0.0,0.0,0.0,0.0,-5.592302438999972,2.7739581712188364,5.0,0.0
1757308991.6375325,0.2480359822511673,0.6317729353904724,2.1194868087768555,335.33,5.439627129321644,-0.33339843750000003,0.0,0.0,0.0,0.0,-5.592302438999972,2.7739581712188364,5.0,0.0
1757308991.7897527,0.2480359822511673,0.6317729353904724,2.1194868087768555,335.33,5.531323518212585,-0.3212890625,0.0,0.0,0.0,0.0,-5.592302438999972,2.7739581712188364,5.0,0.0
1757308991.9418995,0.2480359822511673,0.6317729353904724,2.1194868087768555,335.33,5.537573518212585,-0.3150390625,0.0,0.0,0.0,0.0,-5.592302438999972,2.7739581712188364,5.0,0.0
1757308992.0862212,0.2480359822511673,0.6317729353904724,2.1194868087768555,335.33,5.562964143212585,-0.2896484375,0.0,0.0,0.0,0.0,-5.592302438999972,2.7739581712188364,5.0,0.0
1757308992.2377596,0.22499671578407288,0.5743662118911743,3.021239757537842,331.47,5.591772736962585,-0.26083984375,0.0,0.0,0.0,0.0,-5.592302438999972,2.7739581712188364,5.0,0.0
1757308992.3885145,0.22499671578407288,0.5743662118911743,3.021239757537842,331.47,5.598710672665049,-0.2341796875,0.0,0.0,0.0,0.0,-5.592302438999972,2.7739581712188364,5.0,0.0
1757308992.5451396,0.22499671578407288,0.5743662118911743,3.021239757537842,331.47,5.570203809085605,-0.21503906250000002,0.0,0.0,0.0,0.0,-5.592302438999972,2.7739581712188364,5.0,0.0
1757308992.6873991,0.22499671578407288,0.5743662118911743,3.021239757537842,331.47,5.582508496585604,-0.20273437500000002,0.0,0.0,0.0,0.0,-5.592302438999972,2.7739581712188364,5.0,0.0
1757308992.8434167,0.22499671578407288,0.5743662118911743,3.021239757537842,331.47,5.593445996585605,-0.191796875,0.0,0.0,0.0,0.0,-5.592302438999972,2.7739581712188364,5.0,0.0
1757308993.0092804,0.1814182698726654,0.5336357355117798,3.779984712600708,326.57,5.620249632672043,-0.153125,0.3564572388936601,0.8433802625567275,0.0,0.22968750000000002,-5.467295144445394,2.8715663186493643,5.0,1.1134182458479671
1757308993.1527019,0.1814182698726654,0.5336357355117798,3.779984712600708,326.57,5.631494949435347,-0.109765625,0.38430253439400613,0.815220295809379,0.0,0.16464843750000002,-5.345132776688194,2.964760943155555,5.0,1.03764326914765
1757308993.3057547,0.1814182698726654,0.5336357355117798,3.779984712600708,326.57,5.608706113237882,-0.091015625,0.3815024840195784,0.8039099562775709,0.0,0.1365234375,-5.235858551129368,3.0521334255830297,5.0,0.9740872750789409
1757308993.4535432,0.1814182698726654,0.5336357355117798,3.779984712600708,326.57,5.643862363237882,-0.055859375,0.4253714671560481,0.7686880314679745,0.0,0.08378906250000001,-5.121715102402678,3.1369981635110213,5.0,0.9076830903204822
1757308993.5952694,0.18284529447555542,0.5552867650985718,4.1113667488098145,318.85,5.686831113237882,-0.012890625000000001,0.47597915764116616,0.7232171169954306,0.0,0.0193359375,-5.000131676783323,3.219528737552117,5.0,0.8276440842233166
1757308993.7481134,0.19058819115161896,0.631712794303894,4.21185302734375,317.18,5.690787528776784,0.022656250000000003,0.5004651887753492,0.6891925912254376,0.0,-0.033984375000000004,-4.881443034639117,3.2994102232482856,5.0,0.7308036371692932
1757308993.8925788,0.19058819115161896,0.631712794303894,4.21185302734375,317.18,5.60091981998392,0.035937500000000004,0.4475397639629879,0.7178519794230086,0.0,-0.05390625,-4.793951442448382,3.3704897246452514,5.0,0.6874013778789392
1757308994.050124,0.19058819115161896,0.631712794303894,4.21185302734375,317.18,5.5702103214756145,0.034375,0.4340965486129087,0.7210676588157809,0.0,-0.051562500000000004,-4.719103608964898,3.435211755198743,5.0,0.6537315107696671
1757308994.2119102,0.19058819115161896,0.631712794303894,4.21185302734375,317.18,5.560835321475615,0.025,0.43497365509393016,0.7164176460396667,0.0,-0.037500000000000006,-4.650455947389743,3.4957064224964434,5.0,0.6247815827490752
1757308994.3476052,0.2657497823238373,1.051442265510559,4.230810642242432,306.62,5.555366571475615,0.01953125,0.4767419919440446,0.6675029838354166,0.0,-0.029296875,-4.574130317969247,3.5637123283097014,5.0,0.4530670501700049
1757308994.505003,0.2657497823238373,1.051442265510559,4.230810642242432,306.62,5.425929434076368,-0.0011718750000000002,0.39095051327585595,0.7196847376566533,0.0,0.0017578125000000003,-4.532621910684919,3.611659926035835,5.0,0.4386657714492106
1757308994.6411374,0.2657497823238373,1.051442265510559,4.230810642242432,306.62,5.320278552465013,-0.03125,0.3140786540557977,0.7560630242608262,0.0,0.046875,-4.5143753404964455,3.6378844713008887,5.0,0.4350050113786619
1757308994.8044844,0.2657497823238373,1.051442265510559,4.230810642242432,306.62,5.298403552465014,-0.053125000000000006,0.29818007842162475,0.762278023557342,0.0,0.07968750000000001,-4.500860964377211,3.6582436145261714,5.0,0.43286216315079606
1757308994.9509046,0.2657497823238373,1.051442265510559,4.230810642242432,306.62,5.276528552465013,-0.07500000000000001,0.2817979212270101,0.7683883374966097,0.0,0.11250000000000002,-4.491616751884481,3.6728536281922777,5.0,0.4317891963147922
1757308995.1026022,0.5267597436904907,1.6360054016113281,4.243072509765625,305.31,5.267544177465013,-0.083984375,0.28281517668034784,0.765969463439823,0.0,0.1259765625,-4.467526512181715,3.7116950214888385,5.0,0.40845473343923455
1757308995.2534292,0.5267597436904907,1.6360054016113281,4.243072509765625,305.31,5.226894443515882,-0.103515625,0.2527832824451306,0.7760782848989419,0.0,0.1552734375,-4.451514732098775,3.7400199747995964,5.0,0.4046363504387136
1757308995.4058368,0.5267597436904907,1.6360054016113281,4.243072509765625,305.31,5.201578640488289,-0.1265625,0.2337977086287179,0.781834201031205,0.0,0.18984374999999998,-4.440187494162405,3.761297868322534,5.0,0.40253948922855276
1757308995.5571203,0.5267597436904907,1.6360054016113281,4.243072509765625,305.31,5.185695989263888,-0.14296875,0.22179683230767905,0.7852205097592834,0.0,0.21445312500000002,-4.431698880158273,3.7778728795806997,5.0,0.40128764440508746
1757308995.7172616,0.5880551338195801,1.7234506607055664,4.24622106552124,305.36,5.175539739263887,-0.153125,0.20624904487717124,0.7912086977469498,0.0,0.22968750000000002,-4.422658867340946,3.7959753852129223,5.0,0.4224176835725615
1757308995.8463585,0.9534387588500977,2.2257041931152344,4.242915153503418,304.17,5.171305202988289,-0.15683593750000002,0.14191313930096996,0.8222069797071864,0.0,0.23525390625000003,-4.4010928555475735,3.839622472245649,5.0,0.5924718167636227
1757308996.0020661,0.9534387588500977,2.2257041931152344,4.242915153503418,304.17,5.163650798291152,-0.1451171875,0.13806218246759439,0.822083469601993,0.0,0.21767578124999998,-4.381844265224872,3.8793420409796457,5.0,0.5856748096243667
1757308996.1521633,0.9534387588500977,2.2257041931152344,4.242915153503418,304.17,5.170486735791152,-0.13828125,0.14608474292830273,0.819934071155988,0.0,0.20742187499999998,-4.36246628421298,3.918641769017653,5.0,0.5789680105522939
1757308996.3141153,0.9534387588500977,2.2257041931152344,4.242915153503418,304.17,5.187283610791153,-0.121484375,0.16249771034810623,0.8159961737307013,0.0,0.18222656250000002,-4.3413170921585245,3.959776942314243,5.0,0.5714852437482634
1757308996.453137,1.271099328994751,2.6731863021850586,4.214531421661377,295.72,5.206814860791153,-0.101953125,0.11972986292266596,0.8442969352955314,0.0,0.15292968750000002,-4.304998520085437,4.027147501745786,5.0,0.7381249683526958
1757308996.610671,1.271099328994751,2.6731863021850586,4.214531421661377,295.72,5.195034082129257,-0.0814453125,0.11558863207994063,0.8426027753785948,0.0,0.12216796875000001,-4.272772070640532,4.088650999562976,5.0,0.7217174349330842
1757308996.7661538,1.271099328994751,2.6731863021850586,4.214531421661377,295.72,5.13237699452954,-0.0568359375,0.06551961615283108,0.8468838418506568,0.0,0.08525390625000001,-4.253035796399552,4.132847423585443,5.0,0.7137272837389572
1757308996.8943768,1.271099328994751,2.6731863021850586,4.214531421661377,295.72,5.132381413997631,-0.02890625,0.06816077327316139,0.8457057793762668,0.0,0.043359375000000006,-4.234285642202769,4.174835081365383,5.0,0.7065061760328692
1757308997.0521507,1.271099328994751,2.6731863021850586,4.214531421661377,295.72,5.1526939139976315,-0.00859375,0.08834396210427586,0.8427239991117639,0.0,0.012890625000000001,-4.213229424736636,4.2195258995928615,5.0,0.6981600565021155
1757308997.1997132,1.4934368133544922,3.1663765907287598,4.21465539932251,286.25,5.166756413997632,0.0054687500000000005,0.0698386917022763,0.8562214386034581,0.0,-0.008203125,-4.179032424521295,4.289536726096126,5.0,0.7825942226932678
1757308997.344691,1.4934368133544922,3.1663765907287598,4.21465539932251,286.25,5.053709166491675,0.02890625,-0.02494916832485422,0.8578368054060073,0.0,-0.043359375000000006,-4.164967268385196,4.329132016866469,5.0,0.7766371647578012
1757308997.5079877,1.4934368133544922,3.1663765907287598,4.21465539932251,286.25,5.0397549838337685,0.043750000000000004,-0.0352662306232332,0.8568446591918218,0.0,-0.065625,-4.153416298279431,4.3631470279099975,5.0,0.7722794062381189
1757308997.6586497,1.4934368133544922,3.1663765907287598,4.21465539932251,286.25,5.050692483833768,0.0546875,-0.024122268188773777,0.8565562809080568,0.0,-0.08203125,-4.141050477343078,4.39829425120051,5.0,0.7675877237554554
1757308997.8245056,1.4934368133544922,3.1663765907287598,4.21465539932251,286.25,5.053817483833768,0.0578125,-0.019766499927396597,0.85603088600005,0.0,-0.08671875000000001,-4.128899254530264,4.432489820986222,5.0,0.7631333120161994
1757308997.9947796,1.5345633029937744,3.5483200550079346,4.21614933013916,278.16,5.058504983833768,0.0625,-0.00026062887392125367,0.8505268380430551,0.0,-0.09375,-4.1104175211332175,4.483737832389508,5.0,0.7219590109509646
1757308998.1356344,1.5324180126190186,3.6486923694610596,4.2198028564453125,278.16,5.0592862338337685,0.06328125,0.011183440850364157,0.8466297827157464,0.0,-0.09492187499999999,-4.091154911296409,4.537020659559701,5.0,0.6933030467018257
1757308998.253075,1.5324180126190186,3.6486923694610596,4.2198028564453125,278.16,4.988508984502001,0.06406250000000001,-0.0471993369697315,0.8448710301193016,0.0,-0.09609375,-4.081906855128408,4.56965799761169,5.0,0.6893603690434347
1757308998.410466,1.5324180126190186,3.6486923694610596,4.2198028564453125,278.16,4.889964097347428,0.03515625,-0.13006885806421922,0.8361239086393734,0.0,-0.052734375,-4.081153915162691,4.573853456743837,5.0,0.689298096057291
1757308998.5469954,1.5179322957992554,3.8163866996765137,4.2200822830200195,277.83,4.880198472347428,0.025390625,-0.12264432766535985,0.832173975251993,0.0,-0.0380859375,-4.0795809790013475,4.58313865098131,5.0,0.6497843690178726
1757308998.7105706,1.4856293201446533,4.0613579750061035,4.230113983154297,277.75,4.852281345611059,0.0074218750000000005,-0.12176137828657571,0.8250377699247188,0.0,-0.0111328125,-4.0777731131167405,4.5959775019869396,5.0,0.5890307454019261
1757308998.8552911,1.4856293201446533,4.0613579750061035,4.230113983154297,277.75,4.8273394974142505,-0.0203125,-0.1422596451080501,0.8217399348771534,0.0,0.030468750000000003,-4.077159382423546,4.601293050999194,5.0,0.5889308490719456
1757308999.0066488,1.4856293201446533,4.0613579750061035,4.230113983154297,277.75,4.810542622414251,-0.037109375,-0.1560413803055844,0.819234590905879,0.0,0.0556640625,-4.077121186405626,4.601680945695531,5.0,0.588930319012757
1757308999.1447148,1.4856293201446533,4.0613579750061035,4.230113983154297,277.75,4.7970660599142505,-0.050585937500000004,-0.16705130844696528,0.8170559995287769,0.0,0.07587890625,-4.077408373474405,4.598297499489628,5.0,0.5888900895955231
1757308999.2988048,1.4329547882080078,4.597546577453613,4.26536226272583,279.93,4.776948872414251,-0.070703125,-0.15166348312909514,0.8114750963568633,0.0,0.10605468750000001,-4.076264031190818,4.615998148307324,5.0,0.5092497184721223
1757308999.4524813,1.3864521980285645,4.87453031539917,4.278244495391846,279.93,4.773807124729407,-0.087109375,-0.13682168537034733,0.8099251669021976,0.0,0.1306640625,-4.074443073066144,4.6456093959659714,5.0,0.46569135144115936
1757308999.6032212,1.3864521980285645,4.87453031539917,4.278244495391846,279.93,4.7880439251077265,-0.09765625,-0.12381519270809821,0.8116800852918908,0.0,0.146484375,-4.0720205846942665,4.677568506825143,5.0,0.4620251806232707
1757308999.7478151,1.3864521980285645,4.87453031539917,4.278244495391846,279.93,4.7802314251077265,-0.10546875,-0.12900904524454523,0.8106103177353691,0.0,0.158203125,-4.07010028273849,4.705830385265448,5.0,0.4591597010705062
1757308999.8951647,1.3864521980285645,4.87453031539917,4.278244495391846,279.93,4.773004862607727,-0.1126953125,-0.13397578705219493,0.8096029890329661,0.0,0.16904296875000002,-4.068589020153855,4.7307316345611214,5.0,0.4569362056633839
1757309000.0559726,1.2620971202850342,5.458014965057373,4.27647066116333,279.21,4.770856425107726,-0.11484375000000001,-0.10112245594258776,0.8072884450338726,0.0,0.172265625,-4.065557647941337,4.782519723629919,5.0,0.3703071746964648
1757309000.2102988,1.2620971202850342,5.458014965057373,4.27647066116333,279.21,4.778323968662912,-0.11191406250000001,-0.09128084807618947,0.8077694633079749,0.0,0.16787109375,-4.062180756973776,4.833660946915681,5.0,0.3607604734997496
1757309000.3465176,1.2620971202850342,5.458014965057373,4.27647066116333,279.21,4.764930679493367,-0.10820312500000001,-0.0991262589592577,0.806318583730827,0.0,0.16230468750000002,-4.059809300903429,4.878754148527074,5.0,0.3533383088923445
1757309000.4978306,1.2620971202850342,5.458014965057373,4.27647066116333,279.21,4.7750869294933675,-0.098046875,-0.08790903560960894,0.807093942617086,0.0,0.14707031250000002,-4.05695347337231,4.924243426459628,5.0,0.34576573311097825
1757309000.658089,1.2620971202850342,5.458014965057373,4.27647066116333,279.21,4.781727554493367,-0.09140625000000001,-0.07959129337045952,0.807454603490951,0.0,0.137109375,-4.053832242461964,4.969185613724504,5.0,0.33835734326957745
1757309000.8075163,1.1218571662902832,6.069151401519775,4.284546375274658,271.54,4.786610366993367,-0.08652343750000001,-0.0487967120010968,0.80583701973497,0.0,0.12978515625,-4.04834218843987,5.043018363810787,5.0,0.2710445244495867
1757309000.9518943,1.1218571662902832,6.069151401519775,4.284546375274658,271.54,4.7523978042486945,-0.08164062500000001,-0.07071339928239881,0.8034713801711976,0.0,0.1224609375,-4.045878081762926,5.104574578881884,5.0,0.256985451829002
1757309001.097799,1.1218571662902832,6.069151401519775,4.284546375274658,271.54,4.706728484680887,-0.06796875000000001,-0.10407349625641625,0.7994237027853272,0.0,0.101953125,-4.046142796142998,5.151339308803335,5.0,0.2488667966759195
1757309001.2504787,1.1218571662902832,6.069151401519775,4.284546375274658,271.54,4.681454550865403,-0.0578125,-0.1221107205570417,0.7966042973914634,0.0,0.08671875000000001,-4.047314296191584,5.189197654933373,5.0,0.2435343237808958
1757309001.4000282,1.0563112497329712,6.326547145843506,4.282487392425537,269.31,4.685751425865402,-0.053515625000000004,-0.10906409927002332,0.7973780194379988,0.0,0.0802734375,-4.048647366752063,5.239230597974574,5.0,0.21946929785916147
1757309001.542066,0.9934755563735962,6.692880153656006,4.296319961547852,265.48,4.651518083545929,-0.048828125,-0.14261545482668636,0.7927925295322856,0.0,0.0732421875,-4.052127726577971,5.296336052159838,5.0,0.2353078148620229
1757309001.7048676,0.9934755563735962,6.692880153656006,4.296319961547852,265.48,4.585453223194547,-0.048046875,-0.19258168841842044,0.7819109813129045,0.0,0.07207031250000001,-4.056853265649222,5.333363691131395,5.0,0.23011531636060756
1757309001.8435054,0.9934755563735962,6.692880153656006,4.296319961547852,265.48,4.586820410694546,-0.046679687500000004,-0.18961361042049102,0.782413246457377,0.0,0.07001953125,-4.061338789602324,5.368897455914274,5.0,0.2253304446899289
1757309001.9942868,0.9934755563735962,6.692880153656006,4.296319961547852,265.48,4.590921973194546,-0.042578125,-0.18457793476931156,0.7834071458428374,0.0,0.0638671875,-4.06559024863089,5.403726085714077,5.0,0.22073414667486357
1757309002.1444993,0.9188160300254822,7.27808141708374,4.309734344482422,259.84,4.590140723194547,-0.043359375000000006,-0.22094558290988153,0.7788697315759661,0.0,0.06503906250000001,-4.073227287371676,5.465886125471676,5.0,0.310795444913178
1757309002.3002756,0.9188160300254822,7.27808141708374,4.309734344482422,259.84,4.530820308201539,-0.0431640625,-0.2639279518076741,0.764915780350107,0.0,0.06474609375000001,-4.081181325580662,5.509210989799032,5.0,0.3036662927253273
1757309002.448981,0.9188160300254822,7.27808141708374,4.309734344482422,259.84,4.487407278382065,-0.047656250000000004,-0.29554713713760744,0.753044920547258,0.0,0.071484375,-4.087972694141903,5.538886266763967,5.0,0.30025783328938527
1757309002.6011941,0.9188160300254822,7.27808141708374,4.309734344482422,259.84,4.486235403382065,-0.048828125,-0.2952550404814154,0.7529682692358535,0.0,0.0732421875,-4.094388300691784,5.566769334220448,5.0,0.2972451997690513
1757309002.7536876,0.9188160300254822,7.27808141708374,4.309734344482422,259.84,4.485258840882065,-0.0498046875,-0.29495000035651936,0.7529199889559028,0.0,0.07470703125,-4.100451052261338,5.593001590220242,5.0,0.29457609882324487
1757309002.898026,0.8217489123344421,8.017720222473145,4.33213472366333,256.62,4.485844778382066,-0.049218750000000006,-0.36403639376568897,0.7370664960343186,0.0,0.07382812500000001,-4.114569911560574,5.654254499680168,5.0,0.47295292816936296
1757309003.0610101,0.8217489123344421,8.017720222473145,4.33213472366333,256.62,4.454104674976154,-0.05390625,-0.38362688434154346,0.7260981446799687,0.0,0.08085937500000001,-4.127650380265468,5.703766983097359,5.0,0.4636007313498105
1757309003.203347,0.8217489123344421,8.017720222473145,4.33213472366333,256.62,4.4283818093262255,-0.0578125,-0.39978847883428215,0.7166877367355742,0.0,0.08671875000000001,-4.139340694081726,5.7438163123326715,5.0,0.45738482017189863
1757309003.3527255,0.8217489123344421,8.017720222473145,4.33213472366333,256.62,4.422223301467849,-0.056640625,-0.4022190877870151,0.7148019344159818,0.0,0.0849609375,-4.150204678802973,5.780200207535584,5.0,0.45223058295138685
1757309003.494983,0.8217489123344421,8.017720222473145,4.33213472366333,256.62,4.421637363967848,-0.0572265625,-0.4008692941893366,0.7150953435137275,0.0,0.08583984375,-4.160500325022085,5.814607165316982,5.0,0.44761549723837124
1757309003.646723,0.6813662052154541,8.605852127075195,4.304598808288574,253.26,4.414535633947906,-0.046875,-0.4547295090848086,0.6972520355581152,0.0,0.0703125,-4.1788040620307285,5.874231227564571,5.0,0.5752136968251778
1757309003.796035,0.6813662052154541,8.605852127075195,4.304598808288574,253.26,4.404695342006751,-0.042578125,-0.45729755507117,0.694100941688016,0.0,0.0638671875,-4.1959364966844195,5.928143027264174,5.0,0.5640100349631432
1757309003.9524024,0.6813662052154541,8.605852127075195,4.304598808288574,253.26,4.387213051100838,-0.033007812500000004,-0.46617481304761094,0.6870750554072133,0.0,0.04951171875,-4.211578077734061,5.974537435339021,5.0,0.5556026462477481
1757309004.0976322,0.6813662052154541,8.605852127075195,4.304598808288574,253.26,4.393463051100839,-0.026757812500000002,-0.4587689779394001,0.6909996612036614,0.0,0.04013671875,-4.226698207619243,6.02032856314735,5.0,0.5474343962015942
1757309004.2491446,0.588901937007904,8.874011039733887,4.301493167877197,249.59,4.395416176100839,-0.024804687500000002,-0.4716419537634111,0.6872286102391498,0.0,0.03720703125,-4.24556395541217,6.077840279135626,5.0,0.5848573291891412
1757309004.3960893,0.4846222400665283,9.100335121154785,4.291938781738281,249.59,4.3782744996872776,-0.030078125,-0.4885447632729853,0.6772408683465112,0.0,0.0451171875,-4.266947976970496,6.139442873618669,5.0,0.5985982557201535
1757309004.5499728,0.4846222400665283,9.100335121154785,4.291938781738281,249.59,4.332729780052647,-0.0234375,-0.5157049731029142,0.6555594325370678,0.0,0.03515625,-4.285276182995425,6.185376200057555,5.0,0.5900730297566978
1757309004.7010384,0.4846222400665283,9.100335121154785,4.291938781738281,249.59,4.338198530052647,-0.017968750000000002,-0.509056366876193,0.6595698735401669,0.0,0.026953125,-4.302999581336029,6.230509289785142,5.0,0.5818655490047773
1757309004.8497458,0.4846222400665283,9.100335121154785,4.291938781738281,249.59,4.339761030052647,-0.01640625,-0.50520986094219,0.6614649427359786,0.0,0.024609375000000003,-4.319926359256735,6.273812514588382,5.0,0.5743086825802957
1757309004.9941943,0.28017762303352356,9.42199420928955,4.264153480529785,245.7,4.343081342552647,-0.0130859375,-0.49766653894558277,0.6652073382474728,0.0,0.01962890625,-4.342945849775205,6.333284128283008,5.0,0.5599820691569217
1757309005.1453676,0.1951155960559845,9.527310371398926,4.254838943481445,245.7,4.318900274843544,-0.0074218750000000005,-0.5049375240109504,0.6565780977481601,0.0,0.0111328125,-4.366141912143027,6.389159543999783,5.0,0.5365206286627142
1757309005.3028948,0.1951155960559845,9.527310371398926,4.254838943481445,245.7,4.2812427221500675,-0.00703125,-0.5264407607311834,0.638417126217064,0.0,0.010546875,-4.38588334267063,6.432074847573982,5.0,0.5286557339521734
1757309005.4582431,0.1951155960559845,9.527310371398926,4.254838943481445,245.7,4.284758347150067,-0.003515625,-0.521494232126099,0.641493961185492,0.0,0.0052734375,-4.404891828553329,6.47378240355523,5.0,0.5212409254500443
1757309005.6009867,0.1951155960559845,9.527310371398926,4.254838943481445,245.7,4.280461472150067,-0.0078125,-0.5219411162088958,0.6403096217078534,0.0,0.01171875,-4.42262945240559,6.512262482277485,5.0,0.514896472853053
1757309005.755731,-0.20068450272083282,9.937371253967285,4.267856121063232,243.23,4.280852097150067,-0.0074218750000000005,-0.48732470657284443,0.656338511536425,0.0,0.0111328125,-4.450762257045906,6.573356673680758,5.0,0.4203094943175705
1757309005.9044673,-0.20068450272083282,9.937371253967285,4.267856121063232,243.23,4.249161849220552,-0.013281250000000001,-0.503903662398464,0.6425522297094068,0.0,0.019921875000000002,-4.475570772504613,6.62302590565458,5.0,0.40920860269484827
1757309006.057255,-0.20068450272083282,9.937371253967285,4.267856121063232,243.23,4.220750277125807,-0.0244140625,-0.5193563464648705,0.6293690395668875,0.0,0.03662109375,-4.496902377977568,6.662861215218002,5.0,0.40184265094285454
1757309006.195105,-0.20068450272083282,9.937371253967285,4.267856121063232,243.23,4.214695589625808,-0.030468750000000003,-0.5209907344178973,0.6273901759270115,0.0,0.045703125000000004,-4.516625010630022,6.699162014845781,5.0,0.39567804303993803
1757309006.371232,-0.20068450272083282,9.937371253967285,4.267856121063232,243.23,4.200633089625807,-0.04453125,-0.5281734350102532,0.6208939732076684,0.0,0.066796875,-4.534004648229487,6.730105012088433,5.0,0.39112420834159956
1757309006.5007071,-0.6096148490905762,10.301109313964844,4.249833106994629,242.85,4.1812099244210215,-0.059765625,-0.5069751203235039,0.6299988903332971,0.0,0.08964843750000001,-4.561638393210542,6.777141019028776,5.0,0.2949827796691791
1757309006.644279,-0.6096148490905762,10.301109313964844,4.249833106994629,242.85,4.163789739692631,-0.07421875,-0.5150586640423799,0.6227918099158306,0.0,0.111328125,-4.586302272283329,6.817495573616181,5.0,0.2867388391829433
1757309006.7933586,-0.6096148490905762,10.301109313964844,4.249833106994629,242.85,4.1592352134682296,-0.079296875,-0.5154861257538844,0.6219236868093101,0.0,0.11894531250000001,-4.609283768597962,6.854715410895472,5.0,0.2796763537916904
1757309006.9554038,-0.6096148490905762,10.301109313964844,4.249833106994629,242.85,4.155524275968229,-0.0830078125,-0.515723184687783,0.6212935572334729,0.0,0.12451171875,-4.630735799591313,6.889171500199856,5.0,0.27358827967782773
1757309007.0998971,-0.846697211265564,10.513823509216309,4.23449182510376,241.27,4.154547713468229,-0.083984375,-0.5012810433631187,0.6301791610306264,0.0,0.1259765625,-4.659110622133378,6.934647883052229,5.0,0.2292441306838784
1757309007.2576437,-1.05582857131958,10.71396541595459,4.22119140625,241.27,4.155071312243828,-0.083984375,-0.4930363578163586,0.6353741097227057,0.0,0.1259765625,-4.693532232788873,6.989879837155362,5.0,0.205929439292035
1757309007.4024181,-1.05582857131958,10.71396541595459,4.22119140625,241.27,4.132440261286719,-0.078515625,-0.503340782429391,0.6266402737506159,0.0,0.11777343750000001,-4.724267681275333,7.036797369823736,5.0,0.19413229932957687
1757309007.5610166,-1.05582857131958,10.71396541595459,4.22119140625,241.27,4.136737136286719,-0.07421875,-0.4969150377747436,0.6312169722175183,0.0,0.111328125,-4.7538688665164575,7.082409829133263,5.0,0.18302016251847153
1757309007.693522,-1.05582857131958,10.71396541595459,4.22119140625,241.27,4.1390808862867186,-0.07187500000000001,-0.49197895573879113,0.6346107840500141,0.0,0.1078125,-4.782211121975745,7.126307366660483,5.0,0.17273788167345128
1757309007.84705,-1.5229568481445312,11.23881721496582,4.17648983001709,237.0,4.141424636286719,-0.06953125,-0.5065807177356052,0.625426718186902,0.0,0.10429687500000001,-4.828114812636602,7.197771716291633,5.0,0.22054766213280352
1757309008.007864,-1.5229568481445312,11.23881721496582,4.17648983001709,237.0,4.132814371148756,-0.066796875,-0.504216633514306,0.6261017637966496,0.0,0.10019531250000001,-4.871134027417946,7.263493992878538,5.0,0.19744986929875896
1757309008.1540394,-1.5229568481445312,11.23881721496582,4.17648983001709,237.0,4.086824984116519,-0.0626953125,-0.5276167008194869,0.6057631951575112,0.0,0.09404296875000001,-4.908082161968729,7.314644439174692,5.0,0.18249026671094004
1757309008.2975876,-1.5229568481445312,11.23881721496582,4.17648983001709,237.0,4.075102202226561,-0.061328125000000004,-0.5307487973198353,0.6024481072999442,0.0,0.0919921875,-4.941989267921292,7.360444117131951,5.0,0.17025730244501602
1757309008.4663885,-1.5229568481445312,11.23881721496582,4.17648983001709,237.0,4.080180327226561,-0.05625,-0.5239406140723517,0.6078765967828469,0.0,0.084375,-4.974737787433636,7.405151811561395,5.0,0.15866088031570325
1757309008.602518,-1.8831602334976196,11.701728820800781,4.179197788238525,231.34,4.082524077226561,-0.05390625,-0.557882760297582,0.5833226847733552,0.0,0.08085937500000001,-5.023364005021101,7.47186287612611,5.0,0.2680779831556066
1757309008.7450893,-1.8831602334976196,11.701728820800781,4.179197788238525,231.34,4.036414199666731,-0.047656250000000004,-0.5790227370293611,0.561121914624861,0.0,0.071484375,-5.065127113107293,7.523934921618781,5.0,0.2515593005292498
1757309008.9018135,-1.8831602334976196,11.701728820800781,4.179197788238525,231.34,3.996043129063682,-0.0416015625,-0.5980388643855827,0.5400456135231667,0.0,0.062402343750000006,-5.099979557280464,7.563966516202994,5.0,0.24108800262055397
1757309009.047601,-1.8831602334976196,11.701728820800781,4.179197788238525,231.34,4.002293129063682,-0.0353515625,-0.5915939227880789,0.5464017310708835,0.0,0.053027343750000004,-5.133898164046414,7.6034207333205925,5.0,0.231006239053265
1757309009.228975,-1.9489974975585938,11.79251766204834,4.189706325531006,231.34,4.003660316563682,-0.033984375000000004,-0.59690534971841,0.5420155237805642,0.0,0.0509765625,-5.169935708719409,7.64545582410902,5.0,0.250958469442363
1757309009.3560584,-2.261038303375244,12.228236198425293,4.243207931518555,226.93,3.984465881712955,-0.030664062500000002,-0.6541445928466559,0.48862145091142273,0.0,0.04599609375,-5.219367737944199,7.700923625508642,5.0,0.40816717348181264
1757309009.5013819,-2.261038303375244,12.228236198425293,4.243207931518555,226.93,3.9393241928107035,-0.030078125,-0.6719628579246986,0.46208270709430244,0.0,0.0451171875,-5.260382009626375,7.742962271984172,5.0,0.39571541720287673
1757309009.655391,-2.261038303375244,12.228236198425293,4.243207931518555,226.93,3.933331921550732,-0.02734375,-0.671693528217534,0.46103588807824114,0.0,0.041015625,-5.298472179808486,7.7815385989573365,5.0,0.3850834807659531
1757309009.8095765,-2.261038303375244,12.228236198425293,4.243207931518555,226.93,3.936847546550732,-0.023828125000000002,-0.6672227888808463,0.46618466507090894,0.0,0.0357421875,-5.335179033870595,7.81897629951155,5.0,0.3751199137376764
1757309009.951064,-2.626404285430908,12.679333686828613,4.244426250457764,223.79,3.936456921550732,-0.02421875,-0.7152005590760474,0.41902469758450234,0.0,0.036328125,-5.390228825020689,7.875078296539528,5.0,0.5425261335207425
1757309010.0940802,-2.626404285430908,12.679333686828613,4.244426250457764,223.79,3.916090611700005,-0.0220703125,-0.7188628022370314,0.40919973794718156,0.0,0.033105468750000006,-5.4397048632330325,7.923487325169671,5.0,0.5256433794415614
1757309010.2556226,-2.626404285430908,12.679333686828613,4.244426250457764,223.79,3.88321608303811,-0.022656250000000003,-0.7288336004211069,0.388724390306477,0.0,0.033984375000000004,-5.48166342364606,7.961924340975612,5.0,0.5142049003190268
1757309010.401629,-2.626404285430908,12.679333686828613,4.244426250457764,223.79,3.88126295803811,-0.024609375000000003,-0.7268568870776791,0.39029696262411273,0.0,0.036914062500000004,-5.521205160995309,7.998005588785883,5.0,0.5040625787406148
1757309010.5471594,-2.626404285430908,12.679333686828613,4.244426250457764,223.79,3.88087233303811,-0.025,-0.7245483516970255,0.392712085238764,0.0,0.037500000000000006,-5.558705124795969,8.032196913006718,5.0,0.4949311558152223
1757309010.6946375,-3.0150959491729736,13.000411987304688,4.22951078414917,221.91,3.88087233303811,-0.025,-0.7427984804020578,0.3726959208639706,0.0,0.037500000000000006,-5.612935241567727,8.081642280872495,5.0,0.5626490464548546
1757309010.8523424,-3.0150959491729736,13.000411987304688,4.22951078414917,221.91,3.8634896755693635,-0.0259765625,-0.7452409561292924,0.3641847163378263,0.0,0.038964843750000006,-5.661741980776895,8.124613188514513,5.0,0.547805795347247
1757309011.0159156,-3.0150959491729736,13.000411987304688,4.22951078414917,221.91,3.850100495805403,-0.0271484375,-0.7469532836918036,0.35778807861986905,0.0,0.04072265625,-5.70589730600088,8.162451539801502,5.0,0.5359076250884209
1757309011.157997,-3.0150959491729736,13.000411987304688,4.22951078414917,221.91,3.844153893100617,-0.02890625,-0.7464467978037913,0.3564354490104453,0.0,0.043359375000000006,-5.746826211450022,8.197105068545406,5.0,0.5257676011248442
1757309011.302783,-3.0150959491729736,13.000411987304688,4.22951078414917,221.91,3.839661705600617,-0.0333984375,-0.7457951899076823,0.3557548051905093,0.0,0.050097656250000004,-5.784921262150323,8.229066544759762,5.0,0.5170344929594473
1757309011.464558,-3.460986375808716,13.237846374511719,4.225366115570068,220.65,3.8298088528958303,-0.0390625,-0.7461169199733996,0.35221658143659884,0.0,0.05859375,-5.838463329226594,8.273096415000902,5.0,0.5046470208811584
1757309011.6037664,-3.460986375808716,13.237846374511719,4.225366115570068,220.65,3.8126879560570694,-0.044140625,-0.7487257045256429,0.3435622680474423,0.0,0.06621093750000001,-5.886446415420144,8.311196833322004,5.0,0.4913324526435927
1757309011.7433803,-3.460986375808716,13.237846374511719,4.225366115570068,220.65,3.804389307025488,-0.046679687500000004,-0.7488094617206678,0.34084919838001226,0.0,0.07001953125,-5.930572302651276,8.3456413181492,5.0,0.480193880106599
1757309011.901926,-3.460986375808716,13.237846374511719,4.225366115570068,220.65,3.8016549320254884,-0.0494140625,-0.7473362322741893,0.34189551019159414,0.0,0.07412109375,-5.972000441588993,8.377798034670452,5.0,0.47039866043968104
1757309012.0561914,-3.5059213638305664,13.257670402526855,4.225992202758789,220.31,3.7998971195254883,-0.051171875000000006,-0.7449146053656192,0.3444880716305933,0.0,0.07675781250000001,-6.012922322216193,8.409446675882252,5.0,0.45805158540537594
1757309012.202759,-3.9587299823760986,13.440589904785156,4.236217975616455,218.98,3.7941583125687077,-0.0509765625,-0.7367021310313547,0.35352383118252095,0.0,0.07646484375000001,-6.069450288209307,8.45264877876291,5.0,0.4161514829370043
1757309012.3531103,-3.9587299823760986,13.440589904785156,4.236217975616455,218.98,3.77851268802516,-0.050390625,-0.7386870242518039,0.34662635983682943,0.0,0.0755859375,-6.120482445559341,8.490400706631128,5.0,0.4016244602526413
1757309012.4930975,-3.9587299823760986,13.440589904785156,4.236217975616455,218.98,3.7754376210171827,-0.046484375,-0.7367187384847714,0.3484764875020033,0.0,0.0697265625,-6.168420521777857,8.525636165704926,5.0,0.3888312774868332
1757309012.6447678,-3.9587299823760986,13.440589904785156,4.236217975616455,218.98,3.7771954335171825,-0.044726562500000004,-0.7333118484318351,0.3535571586976226,0.0,0.06708984375,-6.214275368144421,8.559464720337353,5.0,0.3770687231531067
1757309012.7959673,-4.384512901306152,13.581775665283203,4.222175598144531,215.51,3.7773907460171827,-0.04453125,-0.7207337384205272,0.37064954174215897,0.0,0.066796875,-6.275027533692848,8.60430181951188,5.0,0.32440526825351323
1757309012.9481483,-4.518764972686768,13.62680721282959,4.217853546142578,215.51,3.75424020569006,-0.0439453125,-0.7238252122548553,0.36140029063411044,0.0,0.06591796875,-6.334393821473159,8.64602842563012,5.0,0.3013833518772824
1757309013.105142,-4.518764972686768,13.62680721282959,4.217853546142578,215.51,3.71721844597298,-0.044140625,-0.7338750345131976,0.338723733168416,0.0,0.06621093750000001,-6.384233883792675,8.678371359419781,5.0,0.28838270680312217
1757309013.2555563,-4.518764972686768,13.62680721282959,4.217853546142578,215.51,3.71917157097298,-0.0421875,-0.7305974015684842,0.3441684187683595,0.0,0.06328125000000001,-6.431944448109371,8.7094649830601,5.0,0.27641074120018505
1757309013.3944628,-4.518764972686768,13.62680721282959,4.217853546142578,215.51,3.7246403209729797,-0.03671875,-0.7261934962508354,0.3519656709427853,0.0,0.055078125000000006,-6.478285395494975,8.740028369091181,5.0,0.2650097583016642
1757309013.5473518,-4.863141059875488,13.747766494750977,4.216954708099365,211.85,3.7285465709729797,-0.0328125,-0.7198970093441523,0.3621905794784285,0.0,0.049218750000000006,-6.537760355031276,8.779588314203785,5.0,0.24281834678384318
1757309013.697233,-5.179250240325928,13.867072105407715,4.214773178100586,211.85,3.7257208588626094,-0.026562500000000003,-0.7202487037880063,0.3611667007978535,0.0,0.039843750000000004,-6.607513367649119,8.825700963868846,5.0,0.23978611659025084
1757309013.863483,-5.179250240325928,13.867072105407715,4.214773178100586,211.85,3.6941803323935343,-0.01953125,-0.727275509022216,0.34476750076327967,0.0,0.029296875,-6.668392369663083,8.863243294806093,5.0,0.22071326996356255
1757309014.0161579,-5.179250240325928,13.867072105407715,4.214773178100586,211.85,3.689081582849987,-0.0083984375,-0.7255623909404052,0.34673270170021864,0.0,0.012597656249999999,-6.725310527138817,8.897943764824626,5.0,0.20408866907991818
1757309014.149646,-5.179250240325928,13.867072105407715,4.214773178100586,211.85,3.693964395349987,-0.003515625,-0.7205778630871134,0.35559742136326056,0.0,0.0052734375,-6.780269579106985,8.931819054099934,5.0,0.18844732107725015
1757309014.3026705,-5.722395420074463,14.076204299926758,4.198172569274902,205.78,3.664252238916482,-0.00390625,-0.7384527737725832,0.3207912740584089,0.0,0.005859375,-6.851814522140922,8.973036002328536,5.0,0.22665420529463898
1757309014.4654512,-5.722395420074463,14.076204299926758,4.198172569274902,205.78,3.5871792435139027,-0.0130859375,-0.7587177347775089,0.26767606547942346,0.0,0.01962890625,-6.9050653840331035,8.998469858197213,5.0,0.21364510725235153
1757309014.5960026,-5.722395420074463,14.076204299926758,4.198172569274902,205.78,3.5700541597539313,-0.021484375,-0.7615275796469848,0.2582844503610587,0.0,0.0322265625,-6.952087108482484,9.019947512563972,5.0,0.20364048991588302
1757309014.7430584,-5.722395420074463,14.076204299926758,4.198172569274902,205.78,3.5645854097539313,-0.026953125,-0.7615268323316736,0.25723006244588953,0.0,0.040429687500000006,-6.995593855124515,9.039532812158415,5.0,0.19510287970435414
1757309014.913572,-5.909354209899902,14.161137580871582,4.176968097686768,205.42,3.5415385347539314,-0.05,-0.7721153076950265,0.22810894349761057,0.0,0.07500000000000001,-7.0413566977276645,9.058878112408136,5.0,0.22632579504694927
1757309015.0551124,-6.380911350250244,14.386723518371582,4.148697853088379,205.99,3.5172865994467517,-0.06796875000000001,-0.7959060448777024,0.16244994481121725,0.0,0.101953125,-7.103707005392331,9.083470835906256,5.0,0.3522819967905235
1757309015.2001145,-6.380911350250244,14.386723518371582,4.148697853088379,205.99,3.5037974761831197,-0.09140625000000001,-0.7961535414609717,0.15663799102537004,0.0,0.137109375,-7.159965509021652,9.104788428853588,5.0,0.33907891608472873
1757309015.350403,-6.380911350250244,14.386723518371582,4.148697853088379,205.99,3.4893443511831195,-0.105859375,-0.7969142580127537,0.14903244065975652,0.0,0.15878906250000002,-7.210149451560316,9.122979239871556,5.0,0.3286620889399705
1757309015.5018797,-6.380911350250244,14.386723518371582,4.148697853088379,205.99,3.4784068511831197,-0.11679687500000001,-0.7973882841640796,0.14347265604598897,0.0,0.1751953125,-7.2553074480893684,9.138791604061977,5.0,0.3202779920926657
1757309015.6522374,-6.839836120605469,14.590723991394043,4.127213478088379,208.13,3.4756724761831195,-0.11953125,-0.8148388127715978,0.09213674880178707,0.0,0.17929687500000002,-7.321210008097484,9.161665707323792,5.0,0.4503572975898562
1757309015.8171825,-6.839836120605469,14.590723991394043,4.127213478088379,208.13,3.5043624015614387,-0.115625,-0.8090875047186867,0.12277881378318053,0.0,0.17343750000000002,-7.390232084839013,9.187864301260555,5.0,0.43082208774269315
1757309015.9544837,-6.839836120605469,14.590723991394043,4.127213478088379,208.13,3.5344902270065814,-0.10312500000000001,-0.8016690333047238,0.1551852919012505,0.0,0.1546875,-7.46229420753611,9.217730169060621,5.0,0.4089293473679678
1757309016.1103055,-6.839836120605469,14.590723991394043,4.127213478088379,208.13,3.556772522175798,-0.07578125000000001,-0.7942928194140727,0.18144656394786413,0.0,0.113671875,-7.535389962289167,9.249951035323168,5.0,0.38587512990962214
1757309016.282313,-6.839836120605469,14.590723991394043,4.127213478088379,208.13,3.5747412721757983,-0.0578125,-0.7869548404917969,0.20422969998464727,0.0,0.08671875000000001,-7.608472378995751,9.283747079904002,5.0,0.36235075659925364
1757309016.4028938,-7.330279350280762,14.760066986083984,4.151504039764404,200.18,3.593100647175798,-0.039453125000000006,-0.7970695739924782,0.18977835959698364,0.0,0.05917968750000001,-7.7047107159781145,9.330414617705658,5.0,0.4425475366830147
1757309016.570661,-7.330279350280762,14.760066986083984,4.151504039764404,200.18,3.5864435845534617,-0.026562500000000003,-0.7921368538507156,0.19742830711943854,0.0,0.039843750000000004,-7.794911232909127,9.37341502636837,5.0,0.4066535048459361
1757309016.7109685,-7.330279350280762,14.760066986083984,4.151504039764404,200.18,3.5673947617575923,-0.0054687500000000005,-0.7909040051389812,0.192996855410508,0.0,0.008203125,-7.87695781509931,9.41062724623658,5.0,0.37730070520098735
1757309016.858769,-7.330279350280762,14.760066986083984,4.151504039764404,200.18,3.515675096642249,0.021875000000000002,-0.7970484039694411,0.15892138913441428,0.0,-0.0328125,-7.944253722572198,9.437045414444887,5.0,0.3583134643249304
1757309017.0084677,-7.330279350280762,14.760066986083984,4.151504039764404,200.18,3.520362596642249,0.026562500000000003,-0.7936607456434831,0.1692739988678656,0.0,-0.039843750000000004,-8.009193632233622,9.462890662879227,5.0,0.3405057439685093
1757309017.1527245,-7.891197681427002,14.95341682434082,4.150186061859131,194.35,3.4954126846655247,0.025,-0.814644538068827,0.1033751802612588,0.0,-0.037500000000000006,-8.09322896346804,9.493930254935089,5.0,0.4632234294823334
1757309017.29496,-7.891197681427002,14.95341682434082,4.150186061859131,194.35,3.434866352274912,0.021875000000000002,-0.8174249343994135,0.060455593666313034,0.0,-0.0328125,-8.15951572154462,9.51394763008817,5.0,0.4460829672229689
1757309017.4521563,-7.891197681427002,14.95341682434082,4.150186061859131,194.35,3.3998599012509794,0.0078125,-0.8178713925365868,0.036233117808184806,0.0,-0.01171875,-8.214134695678862,9.528376161714622,5.0,0.4346439171597627
1757309017.599349,-7.891197681427002,14.95341682434082,4.150186061859131,194.35,3.3889224012509795,-0.003125,-0.8173129752368554,0.030872951146182548,0.0,0.004687500000000001,-8.263341611936605,9.54080088351829,5.0,0.42539421865925764
1757309017.7537858,-8.376411437988281,15.061208724975586,4.167027950286865,195.28,3.377594276250979,-0.014453125,-0.8249822280136652,-0.00904229800473988,0.0,0.021679687500000003,-8.331435314572458,9.557176261237897,5.0,0.5042162215483401
1757309017.902674,-8.376411437988281,15.061208724975586,4.167027950286865,195.28,3.356899525093401,-0.028515625000000003,-0.8234908052859191,-0.02095569271118694,0.0,0.042773437500000004,-8.391019987167738,9.570207234899742,5.0,0.491020922717766
1757309018.0500557,-8.376411437988281,15.061208724975586,4.167027950286865,195.28,3.361699064262945,-0.040820312500000004,-0.8224925951440939,-0.012134288372412955,0.0,0.06123046875,-8.44882166580498,9.583139271279151,5.0,0.47854799929821024
1757309018.206265,-8.376411437988281,15.061208724975586,4.167027950286865,195.28,3.3557399007945268,-0.052539062500000004,-0.821500476884057,-0.01287320676621978,0.0,0.07880859375,-8.502243453420288,9.594757546388712,5.0,0.467899247789914
1757309018.3512473,-8.376411437988281,15.061208724975586,4.167027950286865,195.28,3.352419588294527,-0.055859375,-0.8206746974125149,-0.011963001085661368,0.0,0.08378906250000001,-8.552158748098002,9.60543977380246,5.0,0.45859890132948866
1757309018.5006819,-8.902090072631836,15.058405876159668,4.194520950317383,195.66,3.351638338294527,-0.056640625,-0.8194997602997584,-0.007137948207985301,0.0,0.0849609375,-8.62449363708611,9.620860863614125,5.0,0.44462629980117274
1757309018.651596,-8.902090072631836,15.058405876159668,4.194520950317383,195.66,3.3693617652868775,-0.054101562500000006,-0.8176788073057079,0.015233243220931086,0.0,0.08115234375000001,-8.697471372813622,9.63777647474204,5.0,0.4244900147229078
1757309018.800032,-8.902090072631836,15.058405876159668,4.194520950317383,195.66,3.362567464452105,-0.05234375,-0.8162436209710296,0.016442826062247062,0.0,0.078515625,-8.765171240476215,9.652984789783483,5.0,0.40715487919840854
1757309018.9472797,-8.902090072631836,15.058405876159668,4.194520950317383,195.66,3.361200276952105,-0.0537109375,-0.8149127442588746,0.021386660599688856,0.0,0.08056640625,-8.829155882296101,9.667266639160518,5.0,0.3916325606287101
1757309019.108096,-8.902090072631836,15.058405876159668,4.194520950317383,195.66,3.362958089452105,-0.051953125,-0.813621831716632,0.02838247622469031,0.0,0.07792968750000001,-8.890367058224914,9.681042433174627,5.0,0.3773762214502643
1757309019.256219,-9.454322814941406,15.015426635742188,4.233520984649658,193.09,3.362176839452105,-0.052734375,-0.8101308749554004,0.04341304702258281,0.0,0.0791015625,-8.97415897741169,9.699831338225861,5.0,0.3372381132800273
1757309019.4022782,-9.454322814941406,15.015426635742188,4.233520984649658,193.09,3.3540028678693274,-0.054101562500000006,-0.808507234316289,0.045838179654028574,0.0,0.08115234375000001,-9.051871677327723,9.716591127505511,5.0,0.3140967869917821
1757309019.5563295,-9.454322814941406,15.015426635742188,4.233520984649658,193.09,3.322595315175851,-0.0474609375,-0.8083425893626549,0.027012851398583698,0.0,0.07119140625,-9.118256752378596,9.728739966738077,5.0,0.29735748601434775
1757309019.7035987,-9.454322814941406,15.015426635742188,4.233520984649658,193.09,3.329821877675851,-0.040234375,-0.8069254250004779,0.03915782582597921,0.0,0.060351562500000004,-9.183060222926779,9.741084003290293,5.0,0.2813136243103447
1757309019.844601,-9.454322814941406,15.015426635742188,4.233520984649658,193.09,3.3321656276758507,-0.037890625000000004,-0.8057099197418391,0.04686248407773777,0.0,0.0568359375,-9.245186033525842,9.753068946248492,5.0,0.2665118100612185
1757309020.0077138,-10.14044189453125,14.979573249816895,4.242648124694824,189.56,3.3341187526758507,-0.035937500000000004,-0.8058895240977986,0.04703731576052583,0.0,0.05390625,-9.337387891623084,9.771042836220165,5.0,0.2700744587670627
1757309020.1464741,-10.14044189453125,14.979573249816895,4.242648124694824,189.56,3.2930993283327736,-0.0392578125,-0.8057433983623411,0.023100809980146533,0.0,0.058886718750000004,-9.415481273744462,9.78296587298748,5.0,0.2469320684195493
1757309020.2979476,-10.14044189453125,14.979573249816895,4.242648124694824,189.56,3.257274255080451,-0.051171875000000006,-0.8053052979507572,0.0006678625354012424,0.0,0.07675781250000001,-9.481036536654134,9.790583421075132,5.0,0.23071991878579912
1757309020.4511669,-10.14044189453125,14.979573249816895,4.242648124694824,189.56,3.2473133175804514,-0.0611328125,-0.804701674105731,-0.001979103545087041,0.0,0.09169921875,-9.540864918944498,9.796932188110514,5.0,0.2172081541892501
1757309020.617121,-10.407946586608887,14.97903060913086,4.244907379150391,188.55,3.2400867550804513,-0.068359375,-0.8054303932642656,-0.01552627353405428,0.0,0.1025390625,-9.609155355325814,9.803680228519259,5.0,0.23663240959983423
1757309020.7433376,-10.667801856994629,14.980317115783691,4.250020980834961,188.55,3.2180041143636986,-0.07578125000000001,-0.8057367317663402,-0.044351211098198215,0.0,0.113671875,-9.681480049779665,9.809217445005881,5.0,0.26432355697350474
1757309020.8967638,-10.667801856994629,14.980317115783691,4.250020980834961,188.55,3.2123026796353087,-0.078515625,-0.8049936147200953,-0.04220748797674398,0.0,0.11777343750000001,-9.748771525137071,9.81398357303026,5.0,0.24743928272194804
1757309021.0526123,-10.667801856994629,14.980317115783691,4.250020980834961,188.55,3.216990179635309,-0.07382812500000001,-0.804704762927619,-0.032107840527743355,0.0,0.1107421875,-9.813865021110043,9.818900782884933,5.0,0.23157975005587073
1757309021.199078,-10.667801856994629,14.980317115783691,4.250020980834961,188.55,3.2216776796353086,-0.069140625,-0.8043692516751952,-0.022389831002907076,0.0,0.10371093749999999,-9.87686795890813,9.823957189366391,5.0,0.2166679137074201
1757309021.3471184,-11.303099632263184,14.999771118164062,4.258692741394043,185.11,3.229099554635309,-0.06171875,-0.8087117714944863,-0.06427589421933855,0.0,0.09257812500000001,-9.970165411279075,9.832142263257833,5.0,0.33676883699584526
1757309021.5028365,-11.303099632263184,14.999771118164062,4.258692741394043,185.11,3.22673099317055,-0.051171875000000006,-0.8075839317067318,-0.05478649618069635,0.0,0.07675781250000001,-10.058222215292682,9.839657440133216,5.0,0.30815344102675457
1757309021.6542952,-11.303099632263184,14.999771118164062,4.258692741394043,185.11,3.1880055408667034,-0.042773437500000004,-0.8044818172659803,-0.07792623305327373,0.0,0.06416015625,-10.13228969846613,9.843097596446693,5.0,0.28791808849748346
1757309021.828647,-11.303099632263184,14.999771118164062,4.258692741394043,185.11,3.1936696033667036,-0.037109375,-0.804512835259938,-0.06574321669281359,0.0,0.0556640625,-10.204074504414086,9.846839313315408,5.0,0.2688293213070141
1757309021.941126,-11.303099632263184,14.999771118164062,4.258692741394043,185.11,3.2038258533667037,-0.026953125,-0.8046758033731626,-0.05013524542559746,0.0,0.040429687500000006,-10.274806014644009,9.851246853083243,5.0,0.2502085551111515
1757309022.0953395,-11.95669174194336,15.028789520263672,4.286807060241699,180.1,3.184560705949153,-0.030859375,-0.8063293847374335,-0.13002390573246697,0.0,0.046289062500000006,-10.369854897303197,9.855333433714275,5.0,0.4113490971256457
1757309022.2461133,-11.95669174194336,15.028789520263672,4.286807060241699,180.1,3.1375490878617307,-0.0232421875,-0.799363937213902,-0.15891901878401507,0.0,0.03486328125,-10.448149493184397,9.85501684264421,5.0,0.38921361944137534
1757309022.4014556,-11.95669174194336,15.028789520263672,4.286807060241699,180.1,3.1159942328417873,-0.02734375,-0.7959285716454872,-0.16925516706005267,0.0,0.041015625,-10.516908062579608,9.853256347299371,5.0,0.3720685650702693
1757309022.5472417,-11.95669174194336,15.028789520263672,4.286807060241699,180.1,3.1109161078417875,-0.032421875,-0.7952415822433563,-0.16733874712224994,0.0,0.048632812500000004,-10.58089612767002,9.851292798521827,5.0,0.3571714435792801
1757309022.6998556,-11.95669174194336,15.028789520263672,4.286807060241699,180.1,3.1079864203417875,-0.0353515625,-0.7949245628454698,-0.16441355861737017,0.0,0.053027343750000004,-10.640914988548815,9.849275031018633,5.0,0.34402833161209756
1757309022.8466156,-12.53697395324707,15.013399124145508,4.309261322021484,179.02,3.098989639609408,-0.037890625000000004,-0.791159826109051,-0.22441936720544936,0.0,0.0568359375,-10.724558915101603,9.845709390152566,5.0,0.4763003439650637
1757309022.9966607,-12.53697395324707,15.013399124145508,4.309261322021484,179.02,3.0820349793690522,-0.041406250000000006,-0.7877201272689655,-0.22977082750368194,0.0,0.06210937500000001,-10.79950619016266,9.841240419524224,5.0,0.4561909693070003
1757309023.1509037,-12.53697395324707,15.013399124145508,4.309261322021484,179.02,3.079957176920249,-0.04453125,-0.7876828692534346,-0.2242472074060675,0.0,0.066796875,-10.87015088443259,9.836880677932752,5.0,0.43825729133083957
1757309023.2966573,-12.53697395324707,15.013399124145508,4.309261322021484,179.02,3.0846446769202487,-0.039843750000000004,-0.789108731313074,-0.21382799962440896,0.0,0.059765625,-10.938514283064231,9.832983306639276,5.0,0.4214187589107876
1757309023.446651,-12.758814811706543,14.989355087280273,4.29016637802124,178.23,3.090113426920249,-0.034375,-0.7897457456815246,-0.21961232951957615,0.0,0.051562500000000004,-11.016039457290727,9.828988841407318,5.0,0.4467096239384851
1757309023.605124,-13.030776023864746,14.937063217163086,4.278289318084717,177.16,3.098873413518653,-0.02421875,-0.7913716388512201,-0.21894575343728973,0.0,0.036328125,-11.105695175934665,9.8251564856904,5.0,0.46237372415536626
1757309023.7457163,-13.030776023864746,14.937063217163086,4.278289318084717,177.16,3.076790927833154,-0.015234375000000001,-0.786929869765849,-0.2273415324865628,0.0,0.022851562500000002,-11.185028898177315,9.820008315385367,5.0,0.43976408677718215
1757309023.9145021,-13.030776023864746,14.937063217163086,4.278289318084717,177.16,3.090462802833154,-0.0015625,-0.7904237681128254,-0.20758554693974107,0.0,0.0023437500000000003,-11.264016276091573,9.815966179526665,5.0,0.4172940547140369
1757309024.0487702,-13.030776023864746,14.937063217163086,4.278289318084717,177.16,3.099837802833154,0.0078125,-0.7926975121871517,-0.1914922854723195,0.0,-0.01171875,-11.341521228984995,9.812728089732095,5.0,0.395590075260297
1757309024.2005076,-13.577533721923828,14.810084342956543,4.27002477645874,170.84,3.109212802833154,0.0171875,-0.7939295768909875,-0.20036287467623856,0.0,-0.025781250000000002,-11.44511964817214,9.809372415540713,5.0,0.43638754716155415
1757309024.354342,-13.577533721923828,14.810084342956543,4.27002477645874,170.84,3.0868476994272425,0.021875000000000002,-0.7899279889154324,-0.20570024704124756,0.0,-0.0328125,-11.537760273079918,9.804295736143294,5.0,0.4054227678054847
1757309024.5037396,-13.577533721923828,14.810084342956543,4.27002477645874,170.84,3.0333160243830384,0.02890625,-0.7786536773037948,-0.23972814596016478,0.0,-0.043359375000000006,-11.61166873567594,9.796261756042318,5.0,0.38544724950552833
1757309024.6553419,-13.577533721923828,14.810084342956543,4.27002477645874,170.84,3.0082829941071125,0.026562500000000003,-0.7732013058868121,-0.2532366185766929,0.0,-0.039843750000000004,-11.67520048214952,9.787741830133944,5.0,0.3705489543672744
1757309024.8037484,-13.577533721923828,14.810084342956543,4.27002477645874,170.84,2.994220494107113,0.0125,-0.7702626608210451,-0.25937681666341117,0.0,-0.018750000000000003,-11.731792099586409,9.77934089429696,5.0,0.3586511159675334
1757309024.9442394,-14.064719200134277,14.663312911987305,4.287723064422607,170.3,2.9778142441071127,-0.00390625,-0.7637220813385386,-0.28518024166750267,0.0,0.005859375,-11.806054387401689,9.767068408390383,5.0,0.3921032051769382
1757309025.1011534,-14.064719200134277,14.663312911987305,4.287723064422607,170.3,2.924814076587169,-0.039453125000000006,-0.7485768153793626,-0.32054034588423536,0.0,0.05917968750000001,-11.862340183972455,9.754672062129133,5.0,0.38007698120819366
1757309025.2533476,-14.064719200134277,14.663312911987305,4.287723064422607,170.3,2.9109675911463433,-0.061328125000000004,-0.7449330008188884,-0.3271855615118128,0.0,0.0919921875,-11.912088277341613,9.742991071045669,5.0,0.3706039612142771
1757309025.3984175,-14.064719200134277,14.663312911987305,4.287723064422607,170.3,2.8842097786463436,-0.0880859375,-0.7365485449069934,-0.3445828767969026,0.0,0.13212890625,-11.952185063303682,9.73243674882737,5.0,0.3643583228279432
1757309025.572662,-14.064719200134277,14.663312911987305,4.287723064422607,170.3,2.8683894661463434,-0.10390625,-0.731491156276036,-0.3544574139471039,0.0,0.15585937500000002,-11.986067433893608,9.722942578460119,5.0,0.35985561351152207
1757309025.7009664,-14.703987121582031,14.378643989562988,4.3013834953308105,175.78,2.8675831721347054,-0.11640625,-0.7296409440141365,-0.36061198878392553,0.0,0.174609375,-12.051372800413027,9.704586575931721,5.0,0.3743069732563944
1757309025.8631563,-14.703987121582031,14.378643989562988,4.3013834953308105,175.78,2.9421087311948635,-0.11640625,-0.7564847173860896,-0.29529729235479496,0.0,0.174609375,-12.133402290341893,9.688002443636336,5.0,0.3488339371282656
1757309025.9983518,-14.703987121582031,14.378643989562988,4.3013834953308105,175.78,2.9589553841556326,-0.10898437500000001,-0.7632160828539873,-0.2724185128376663,0.0,0.1634765625,-12.215803618985378,9.67278329393399,5.0,0.32317405588620485
1757309026.1497474,-14.703987121582031,14.378643989562988,4.3013834953308105,175.78,2.9728225716556325,-0.0951171875,-0.7686247575114128,-0.25180553957838775,0.0,0.14267578125000002,-12.29774207041148,9.6588217250025,5.0,0.29780496576871496
1757309026.3021626,-15.072924613952637,14.200106620788574,4.335503578186035,171.07,2.9941116341556326,-0.07382812500000001,-0.7747149562336042,-0.22930082780557853,0.0,0.1107421875,-12.400500726164225,9.643555932563636,5.0,0.28242402788580456
1757309026.4764516,-15.135994911193848,14.171072959899902,4.339993953704834,171.07,2.9942115001396776,-0.059765625,-0.7765714193031498,-0.21687267662997883,0.0,0.08964843750000001,-12.501443474564768,9.628570213805657,5.0,0.2512086675848355
1757309026.5970864,-15.135994911193848,14.171072959899902,4.339993953704834,171.07,2.9431566263866995,-0.042578125,-0.7665814925007132,-0.24582907360964057,0.0,0.0638671875,-12.584155800613898,9.611938228080932,5.0,0.22470978611860293
1757309026.7629058,-15.135994911193848,14.171072959899902,4.339993953704834,171.07,2.9593675638866994,-0.0263671875,-0.7723872416101971,-0.2229424817991702,0.0,0.03955078125,-12.666931675885023,9.596685181043814,5.0,0.19820130538454883
1757309026.9128847,-15.135994911193848,14.171072959899902,4.339993953704834,171.07,2.9705003763866995,-0.015234375000000001,-0.7765733046166688,-0.20419001765190073,0.0,0.022851562500000002,-12.748433256530546,9.582603216029499,5.0,0.1724757365533076
1757309027.0703335,-15.677409172058105,13.976054191589355,4.369253158569336,163.62,2.9777269388866996,-0.008007812500000001,-0.7738509206528387,-0.22383874429804362,0.0,0.01201171875,-12.855628824457517,9.564878606037981,5.0,0.23649829338933426
1757309027.197032,-15.759507179260254,13.950727462768555,4.369420528411865,163.62,2.9177000958661004,-0.00625,-0.7597857917899357,-0.2665355857352063,0.0,0.009375000000000001,-12.94619175045064,9.544256503087583,5.0,0.22797570963082947
1757309027.359677,-15.759507179260254,13.950727462768555,4.369420528411865,163.62,2.852778034613122,-0.0029296875,-0.7431056427603325,-0.3078202814044745,0.0,0.00439453125,-13.0152940187454,9.523724677987845,5.0,0.2085563764635472
1757309027.5116572,-15.759507179260254,13.950727462768555,4.369420528411865,163.62,2.849067097113122,-0.006640625000000001,-0.7439320273498679,-0.3040218972745978,0.0,0.009960937500000001,-13.079975082029852,9.504244984564506,5.0,0.19144475931927563
1757309027.6519265,-15.759507179260254,13.950727462768555,4.369420528411865,163.62,2.840668659613122,-0.0150390625,-0.7430700216763158,-0.3047248457531193,0.0,0.02255859375,-13.139244962906076,9.485850639308806,5.0,0.1769584826538182
1757309027.8015478,-16.37101173400879,13.739192008972168,4.346174716949463,161.7,2.837348347113122,-0.018359375,-0.7258862335218457,-0.3586817284611835,0.0,0.027539062500000003,-13.225548565185953,9.458751926917309,5.0,0.3118834552805101
1757309027.9496393,-16.37101173400879,13.739192008972168,4.346174716949463,161.7,2.799416473026027,-0.023828125000000002,-0.7146392984510493,-0.3778729436396522,0.0,0.0357421875,-13.29746572919194,9.433135949772417,5.0,0.29044457760371056
1757309028.1016316,-16.37101173400879,13.739192008972168,4.346174716949463,161.7,2.7964161504748306,-0.025781250000000002,-0.7160760491851943,-0.3728576911903038,0.0,0.038671875,-13.36499518847191,9.408854257000698,5.0,0.27142869800880387
1757309028.250463,-16.37101173400879,13.739192008972168,4.346174716949463,161.7,2.795634900474831,-0.026562500000000003,-0.7181067316623613,-0.3669745982223138,0.0,0.039843750000000004,-13.428942991339824,9.385803992650853,5.0,0.2543082995994608
1757309028.4140859,-16.42206382751465,13.717988014221191,4.341403007507324,161.54,2.7929005254748307,-0.029296875,-0.7178079922118032,-0.366990996515516,0.0,0.0439453125,-13.491573713544009,9.363034777670567,5.0,0.2491323093081217
1757309028.556535,-16.825550079345703,13.561556816101074,4.307415008544922,161.04,2.7845644266992324,-0.037109375,-0.7025461225672108,-0.40560865143352715,0.0,0.0556640625,-13.56917043940049,9.334090126437614,5.0,0.3362424018839185
1757309028.7095723,-16.825550079345703,13.561556816101074,4.307415008544922,161.04,2.7679047899116678,-0.042773437500000004,-0.69865253858775,-0.4097048588028416,0.0,0.06416015625,-13.638454822676309,9.306922894150432,5.0,0.3159651978636635
1757309028.8509955,-16.825550079345703,13.561556816101074,4.307415008544922,161.04,2.7649751024116678,-0.045703125000000004,-0.7000940004847704,-0.4050627181084163,0.0,0.0685546875,-13.70350076785154,9.281197486568585,5.0,0.2979871548841073
1757309028.9941397,-16.825550079345703,13.561556816101074,4.307415008544922,161.04,2.7571626024116678,-0.053515625000000004,-0.6992046061581052,-0.40484325099020924,0.0,0.0802734375,-13.763242606985655,9.257028409379958,5.0,0.2826784739884767
1757309029.1601336,-17.113380432128906,13.441339492797852,4.290380954742432,160.62,2.767709477411668,-0.04296875,-0.6954764019353511,-0.4177327383464685,0.0,0.064453125,-13.837271308007544,9.227984190506673,5.0,0.3371578481900297
1757309029.2977195,-17.394851684570312,13.334527969360352,4.282912731170654,159.91,2.7713830426832784,-0.036328125,-0.6874655372072788,-0.43975796597367167,0.0,0.054492187500000004,-13.922608104452992,9.1948646106748,5.0,0.4030813618628475
1757309029.4596107,-17.394851684570312,13.334527969360352,4.282912731170654,159.91,2.7577528818641324,-0.033203125,-0.6851830236835516,-0.43973974620689615,0.0,0.0498046875,-14.000001726164781,9.163607500485375,5.0,0.3778791170652296
1757309029.598806,-17.394851684570312,13.334527969360352,4.282912731170654,159.91,2.762831006864132,-0.028125,-0.6908987478974777,-0.42748150023048015,0.0,0.0421875,-14.074886833678631,9.13380491094953,5.0,0.35427313690855566
1757309029.7680495,-17.394851684570312,13.334527969360352,4.282912731170654,159.91,2.7729872568641323,-0.017968750000000002,-0.6985016319022102,-0.41190696970298396,0.0,0.026953125,-14.148738222368504,9.105279101349868,5.0,0.3313974337931107
1757309029.906999,-17.82715606689453,13.161202430725098,4.29570198059082,155.51,2.7761122568641325,-0.014843750000000001,-0.684218219900213,-0.4504023612849084,0.0,0.022265625,-14.241474417696985,9.069791490861014,5.0,0.4402900996391299
1757309030.053422,-17.82715606689453,13.161202430725098,4.29570198059082,155.51,2.7695258292929923,-0.0029296875,-0.6857235314310111,-0.44340198018984095,0.0,0.00439453125,-14.327782500326053,9.036110380827743,5.0,0.4094361793558985
1757309030.1950183,-17.82715606689453,13.161202430725098,4.29570198059082,155.51,2.727035397091539,-0.000390625,-0.6697266838055276,-0.4642745248951276,0.0,0.0005859375000000001,-14.39832582824198,9.005067074267568,5.0,0.3879808747521061
1757309030.3528998,-17.82715606689453,13.161202430725098,4.29570198059082,155.51,2.7026380822763816,-0.0115234375,-0.6609568780326427,-0.4746054526360335,0.0,0.017285156250000003,-14.458857898492584,8.976647023732953,5.0,0.37177219411314066
1757309030.4946418,-17.82715606689453,13.161202430725098,4.29570198059082,155.51,2.7010755822763817,-0.0130859375,-0.6626846646706834,-0.4703976955030316,0.0,0.01962890625,-14.51595220586457,8.949732061940857,5.0,0.35728976969207693
1757309030.6497731,-18.406688690185547,12.844411849975586,4.291436195373535,154.24,2.6750659119848295,-0.024609375000000003,-0.6283720984995128,-0.5308698729245341,0.0,0.036914062500000004,-14.592903920799975,8.91097886171426,5.0,0.4787634864392345
1757309030.8019977,-18.406688690185547,12.844411849975586,4.291436195373535,154.24,2.6599438087012532,-0.0322265625,-0.6242815875090302,-0.5326416469859769,0.0,0.04833984375,-14.66193129836271,8.874897672510741,5.0,0.45712843249141244
1757309030.9506133,-18.406688690185547,12.844411849975586,4.291436195373535,154.24,2.6480505257760543,-0.0439453125,-0.6213088697880085,-0.533696810892418,0.0,0.06591796875,-14.72433967653965,8.841325294431202,5.0,0.4391539994266669
1757309031.1078641,-18.406688690185547,12.844411849975586,4.291436195373535,154.24,2.6318395882760544,-0.06015625,-0.6153605928220827,-0.5387169668659944,0.0,0.090234375,-14.779366863062586,8.810563195190658,5.0,0.4248869672310063
1757309031.260403,-18.471771240234375,12.803338050842285,4.289332389831543,154.59,2.624808338276054,-0.0671875,-0.611604851788104,-0.5429471510481295,0.0,0.10078124999999999,-14.833159353501026,8.779992934190888,5.0,0.4246476742697185
1757309031.4068995,-18.84740447998047,12.538849830627441,4.248519420623779,155.86,2.6242099175280487,-0.06953125,-0.6011627038041069,-0.5610907249676049,0.0,0.10429687500000001,-14.903978889114699,8.739690120836968,5.0,0.4757848653129422
1757309031.5507252,-18.84740447998047,12.538849830627441,4.248519420623779,155.86,2.652654674929972,-0.0646484375,-0.6217054004060986,-0.5346914670417452,0.0,0.09697265625000001,-14.97888548279669,8.699837959139302,5.0,0.4500872819615154
1757309031.7068334,-18.84740447998047,12.538849830627441,4.248519420623779,155.86,2.6679264221583625,-0.05234375,-0.6344785382510072,-0.5160042495700159,0.0,0.078515625,-15.054145812983393,8.661260511076541,5.0,0.4244363989122082
1757309031.8521802,-18.84740447998047,12.538849830627441,4.248519420623779,155.86,2.6778873596583623,-0.042382812500000006,-0.6440189544331115,-0.5007958495508689,0.0,0.06357421875000001,-15.12830891050109,8.624173614547024,5.0,0.399663112793875
1757309031.9956696,-19.18714141845703,12.253609657287598,4.2133259773254395,151.89,2.6913639221583625,-0.02890625,-0.6495688718102666,-0.49443091047740706,0.0,0.043359375000000006,-15.221716956396554,8.579026031100446,5.0,0.4062145712272969
1757309032.1447132,-19.18714141845703,12.253609657287598,4.2133259773254395,151.89,2.677962414177649,-0.0154296875,-0.6487471774401384,-0.49136582856243805,0.0,0.023144531250000003,-15.306846932255537,8.53646289149573,5.0,0.37344073923614207
1757309032.3078315,-19.18714141845703,12.253609657287598,4.2133259773254395,151.89,2.646683725854187,-0.004296875,-0.6377620232108416,-0.5027077128600557,0.0,0.0064453125000000005,-15.379414528685627,8.49729741348551,5.0,0.34870692224070954
1757309032.4948533,-19.18714141845703,12.253609657287598,4.2133259773254395,151.89,2.653324350854187,0.0023437500000000003,-0.6454778275256363,-0.49019367519201373,0.0,-0.0035156250000000005,-15.450097380784676,8.459753097901626,5.0,0.3253024076289286
1757309032.5937328,-19.18714141845703,12.253609657287598,4.2133259773254395,151.89,2.662699350854187,0.01171875,-0.6542046582461198,-0.4761092001249134,0.0,-0.017578125,-15.519697694215807,8.423616267032466,5.0,0.30273446816586613
1757309032.7708817,-19.565946578979492,11.947737693786621,4.209562301635742,146.54,2.666605600854187,0.015625,-0.6511086244938441,-0.48317728050807135,0.0,-0.0234375,-15.608033862606511,8.37818888523071,5.0,0.32979847340308677
1757309032.8960457,-19.719470977783203,11.822389602661133,4.205150127410889,146.54,2.598878452034385,0.008984375000000001,-0.6156798050061209,-0.5281843487949451,0.0,-0.0134765625,-15.682612724450323,8.333208501578753,5.0,0.33578572598752743
1757309033.0456119,-19.719470977783203,11.822389602661133,4.205150127410889,146.54,2.5437382983724905,-0.013867187500000001,-0.5895169862131975,-0.5556120911938225,0.0,0.02080078125,-15.739342225000527,8.294576192693436,5.0,0.31854231385586473
1757309033.201665,-19.719470977783203,11.822389602661133,4.205150127410889,146.54,2.53338673587249,-0.02421875,-0.5870150836991488,-0.5569722132986674,0.0,0.036328125,-15.790659471498895,8.258846470804723,5.0,0.3041869786530871
1757309033.3440964,-19.719470977783203,11.822389602661133,4.205150127410889,146.54,2.5208867358724905,-0.03671875,-0.5827085359866848,-0.5604880480319072,0.0,0.055078125000000006,-15.836350838932612,8.22617827421577,5.0,0.29257573697210315
1757309033.503446,-20.11687660217285,11.453042984008789,4.200569152832031,148.17,2.5177284730496843,-0.041796875000000004,-0.5704286098843467,-0.5769233399244,0.0,0.0626953125,-15.900840084760185,8.179761572304534,5.0,0.3375401746840021
1757309033.652154,-20.11687660217285,11.453042984008789,4.200569152832031,148.17,2.530722763376807,-0.052539062500000004,-0.5830933018425751,-0.562012878417587,0.0,0.07880859375,-15.965392091421995,8.134561323102265,5.0,0.3148042463271592
1757309033.801761,-20.11687660217285,11.453042984008789,4.200569152832031,148.17,2.526093415179998,-0.059960937500000006,-0.5850942567811263,-0.5581884231210735,0.0,0.08994140625000001,-16.02555264344747,8.092019626400933,5.0,0.2948474714221865
1757309033.9469361,-20.11687660217285,11.453042984008789,4.200569152832031,148.17,2.518476227679998,-0.067578125,-0.5848130677608696,-0.5570800656046637,0.0,0.10136718750000001,-16.080814709583183,8.0523069641826,5.0,0.2777647804120411
1757309034.0883858,-20.29422950744629,11.270942687988281,4.198539733886719,148.38,2.5110543526799978,-0.07500000000000001,0.0,0.0,0.0,0.0,-16.080814709583183,8.0523069641826,5.0,0.2777647804120411
1757309034.2368352,-20.574838638305664,10.989631652832031,4.180819511413574,148.27,2.504750310282391,-0.0833984375,0.0,0.0,0.0,0.0,-16.080814709583183,8.0523069641826,5.0,0.2777647804120411
1757309034.390959,-20.574838638305664,10.989631652832031,4.180819511413574,148.27,2.4960028069319926,-0.091796875,0.0,0.0,0.0,0.0,-16.080814709583183,8.0523069641826,5.0,0.2777647804120411
1757309034.5360708,-20.574838638305664,10.989631652832031,4.180819511413574,148.27,2.488971556931993,-0.098828125,0.0,0.0,0.0,0.0,-16.080814709583183,8.0523069641826,5.0,0.2777647804120411
1757309034.6882186,-20.574838638305664,10.989631652832031,4.180819511413574,148.27,2.488971556931993,-0.098828125,0.0,0.0,0.0,0.0,-16.080814709583183,8.0523069641826,5.0,0.2777647804120411
1757309034.842517,-21.006744384765625,10.576545715332031,4.1839280128479,147.36,2.4932684319319924,-0.09453125000000001,0.0,0.0,0.0,0.0,-16.080814709583183,8.0523069641826,5.0,0.2777647804120411
1757309034.9864733,-21.006744384765625,10.576545715332031,4.1839280128479,147.36,2.5011556763887732,-0.09257812500000001,0.0,0.0,0.0,0.0,-16.080814709583183,8.0523069641826,5.0,0.2777647804120411
1757309035.1369643,-21.006744384765625,10.576545715332031,4.1839280128479,147.36,2.4809015607388445,-0.091015625,0.0,0.0,0.0,0.0,-16.080814709583183,8.0523069641826,5.0,0.2777647804120411
1757309035.2875261,-21.006744384765625,10.576545715332031,4.1839280128479,147.36,2.480315623238844,-0.09160156250000001,0.0,0.0,0.0,0.0,-16.080814709583183,8.0523069641826,5.0,0.2777647804120411
1757309035.438406,-21.006744384765625,10.576545715332031,4.1839280128479,147.36,2.4781671857388443,-0.09375,0.0,0.0,0.0,0.0,-16.080814709583183,8.0523069641826,5.0,0.2777647804120411
1757309035.5860944,-21.33986473083496,10.3966703414917,4.469056606292725,146.28,2.472503123238844,-0.09941406250000001,0.0,0.0,0.0,0.0,-16.080814709583183,8.0523069641826,5.0,0.2777647804120411
1757309035.7361808,-21.33986473083496,10.3966703414917,4.469056606292725,146.28,2.460921688966906,-0.091796875,0.0,0.0,0.0,0.0,-16.080814709583183,8.0523069641826,5.0,0.2777647804120411
1757309035.886013,-21.33986473083496,10.3966703414917,4.469056606292725,146.28,2.4679113798173056,-0.08515625,0.0,0.0,0.0,0.0,-16.080814709583183,8.0523069641826,5.0,0.2777647804120411
1757309036.0365856,-21.33986473083496,10.3966703414917,4.469056606292725,146.28,2.4739660673173054,-0.0791015625,0.0,0.0,0.0,0.0,-16.080814709583183,8.0523069641826,5.0,0.2777647804120411
1757309036.1875417,-21.33986473083496,10.3966703414917,4.469056606292725,146.28,2.4743566923173055,-0.07871093750000001,0.0,0.0,0.0,0.0,-16.080814709583183,8.0523069641826,5.0,0.2777647804120411
1757309036.3368168,-21.57143211364746,10.450751304626465,5.1286540031433105,144.83,2.457580674407733,-0.087109375,0.0,0.0,0.0,0.0,-16.080814709583183,8.0523069641826,5.0,0.2777647804120411
1757309036.4884088,-21.57143211364746,10.450751304626465,5.1286540031433105,144.83,2.428932230663388,-0.098828125,0.0,0.0,0.0,0.0,-16.080814709583183,8.0523069641826,5.0,0.2777647804120411
1757309036.6437297,-21.57143211364746,10.450751304626465,5.1286540031433105,144.83,2.417213480663388,-0.110546875,0.0,0.0,0.0,0.0,-16.080814709583183,8.0523069641826,5.0,0.2777647804120411
1757309036.7874014,-21.57143211364746,10.450751304626465,5.1286540031433105,144.83,2.407447855663388,-0.1203125,0.0,0.0,0.0,0.0,-16.080814709583183,8.0523069641826,5.0,0.2777647804120411
1757309036.9374642,-21.68694496154785,10.559492111206055,5.9884233474731445,148.63,2.4013931681633878,-0.1263671875,0.0,0.0,0.0,0.0,-16.080814709583183,8.0523069641826,5.0,0.2777647804120411
1757309037.0872564,-21.705204010009766,10.606489181518555,6.3845906257629395,148.63,2.4073979226713647,-0.12734375,0.0,0.0,0.0,0.0,-16.080814709583183,8.0523069641826,5.0,0.2777647804120411
1757309037.2366233,-21.705204010009766,10.606489181518555,6.3845906257629395,148.63,2.4621098465579894,-0.1265625,0.0,0.0,0.0,0.0,-16.080814709583183,8.0523069641826,5.0,0.2777647804120411
1757309037.3866103,-21.705204010009766,10.606489181518555,6.3845906257629395,148.63,2.477676617239172,-0.11640625,0.0,0.0,0.0,0.0,-16.080814709583183,8.0523069641826,5.0,0.2777647804120411
1757309037.5370255,-21.705204010009766,10.606489181518555,6.3845906257629395,148.63,2.4843172422391717,-0.109765625,0.0,0.0,0.0,0.0,-16.080814709583183,8.0523069641826,5.0,0.2777647804120411
1757309037.6868503,-21.673297882080078,10.739293098449707,7.773941993713379,148.28,2.495450054739172,-0.0986328125,0.0,0.0,0.0,0.0,-16.080814709583183,8.0523069641826,5.0,0.2777647804120411
1757309037.8390064,-21.673297882080078,10.739293098449707,7.773941993713379,148.28,2.506391664144756,-0.09257812500000001,0.0,0.0,0.0,0.0,-16.080814709583183,8.0523069641826,5.0,0.2777647804120411
1757309037.9880497,-21.673297882080078,10.739293098449707,7.773941993713379,148.28,2.516099214857192,-0.07187500000000001,0.0,0.0,0.0,0.0,-16.080814709583183,8.0523069641826,5.0,0.2777647804120411
1757309038.1363988,-21.673297882080078,10.739293098449707,7.773941993713379,148.28,2.525278902357192,-0.0626953125,0.0,0.0,0.0,0.0,-16.080814709583183,8.0523069641826,5.0,0.2777647804120411
1757309038.2862234,-21.673297882080078,10.739293098449707,7.773941993713379,148.28,2.543052339857192,-0.044921875,0.0,0.0,0.0,0.0,-16.080814709583183,8.0523069641826,5.0,0.2777647804120411
1757309038.436139,-21.32312774658203,10.67126178741455,9.750965118408203,146.33,2.546958589857192,-0.041015625,0.0,0.0,0.0,0.0,-16.080814709583183,8.0523069641826,5.0,0.2777647804120411
1757309038.586431,-21.32312774658203,10.67126178741455,9.750965118408203,146.33,2.511744498116508,-0.040625,0.0,0.0,0.0,0.0,-16.080814709583183,8.0523069641826,5.0,0.2777647804120411
1757309038.73598,-21.32312774658203,10.67126178741455,9.750965118408203,146.33,2.5105809194433024,-0.043359375000000006,0.0,0.0,0.0,0.0,-16.080814709583183,8.0523069641826,5.0,0.2777647804120411
1757309038.8885472,-21.32312774658203,10.67126178741455,9.750965118408203,146.33,2.5105809194433024,-0.043359375000000006,0.0,0.0,0.0,0.0,-16.080814709583183,8.0523069641826,5.0,0.2777647804120411
1757309039.0383384,-21.32312774658203,10.67126178741455,9.750965118408203,146.33,2.5105809194433024,-0.043359375000000006,0.0,0.0,0.0,0.0,-16.080814709583183,8.0523069641826,5.0,0.2777647804120411
1757309039.189904,-20.91227912902832,10.347633361816406,11.369035720825195,146.32,2.5105809194433024,-0.043359375000000006,0.0,0.0,0.0,0.0,-16.080814709583183,8.0523069641826,5.0,0.2777647804120411
1757309039.336671,-20.91227912902832,10.347633361816406,11.369035720825195,146.32,2.5105809194433024,-0.043359375000000006,0.0,0.0,0.0,0.0,-16.080814709583183,8.0523069641826,5.0,0.2777647804120411
1757309039.4873698,-20.91227912902832,10.347633361816406,11.369035720825195,146.32,2.5105809194433024,-0.043359375000000006,0.0,0.0,0.0,0.0,-16.080814709583183,8.0523069641826,5.0,0.2777647804120411
1757309039.637508,-20.91227912902832,10.347633361816406,11.369035720825195,146.32,2.5105809194433024,-0.043359375000000006,0.0,0.0,0.0,0.0,-16.080814709583183,8.0523069641826,5.0,0.2777647804120411
1757309039.7882855,-20.870615005493164,10.145817756652832,12.84995174407959,144.03,2.5105809194433024,-0.043359375000000006,0.0,0.0,0.0,0.0,-16.080814709583183,8.0523069641826,5.0,0.2777647804120411
1757309039.9391875,-20.870615005493164,10.145817756652832,12.84995174407959,144.03,2.5105809194433024,-0.043359375000000006,0.0,0.0,0.0,0.0,-16.080814709583183,8.0523069641826,5.0,0.2777647804120411
1757309040.0873961,-20.870615005493164,10.145817756652832,12.84995174407959,144.03,2.5105809194433024,-0.043359375000000006,0.0,0.0,0.0,0.0,-16.080814709583183,8.0523069641826,5.0,0.2777647804120411
1757309040.2418253,-20.870615005493164,10.145817756652832,12.84995174407959,144.03,2.5105809194433024,-0.043359375000000006,0.0,0.0,0.0,0.0,-16.080814709583183,8.0523069641826,5.0,0.2777647804120411
1757309040.3872414,-20.870615005493164,10.145817756652832,12.84995174407959,144.03,2.5105809194433024,-0.043359375000000006,0.0,0.0,0.0,0.0,-16.080814709583183,8.0523069641826,5.0,0.2777647804120411
1757309040.5358465,-21.069263458251953,10.037117004394531,14.183486938476562,141.57,2.5105809194433024,-0.043359375000000006,0.0,0.0,0.0,0.0,-16.080814709583183,8.0523069641826,5.0,0.2777647804120411
1757309040.6865184,-21.069263458251953,10.037117004394531,14.183486938476562,141.57,2.5105809194433024,-0.043359375000000006,0.0,0.0,0.0,0.0,-16.080814709583183,8.0523069641826,5.0,0.2777647804120411
1757309040.8361034,-21.069263458251953,10.037117004394531,14.183486938476562,141.57,2.5105809194433024,-0.043359375000000006,0.0,0.0,0.0,0.0,-16.080814709583183,8.0523069641826,5.0,0.2777647804120411
1757309040.9883783,-21.069263458251953,10.037117004394531,14.183486938476562,141.57,2.5105809194433024,-0.043359375000000006,0.0,0.0,0.0,0.0,-16.080814709583183,8.0523069641826,5.0,0.2777647804120411
1757309041.136677,-21.069263458251953,10.037117004394531,14.183486938476562,141.57,2.5105809194433024,-0.043359375000000006,0.0,0.0,0.0,0.0,-16.080814709583183,8.0523069641826,5.0,0.2777647804120411
1757309041.2864127,-20.971290588378906,9.865615844726562,14.90078067779541,141.61,2.5105809194433024,-0.043359375000000006,0.0,0.0,0.0,0.0,-16.080814709583183,8.0523069641826,5.0,0.2777647804120411
1757309041.4373152,-20.971290588378906,9.865615844726562,14.90078067779541,141.61,2.5105809194433024,-0.043359375000000006,0.0,0.0,0.0,0.0,-16.080814709583183,8.0523069641826,5.0,0.2777647804120411
1757309041.5862072,-20.971290588378906,9.865615844726562,14.90078067779541,141.61,2.5105809194433024,-0.043359375000000006,0.0,0.0,0.0,0.0,-16.080814709583183,8.0523069641826,5.0,0.2777647804120411
1757309041.7371418,-20.971290588378906,9.865615844726562,14.90078067779541,141.61,2.5105809194433024,-0.043359375000000006,0.0,0.0,0.0,0.0,-16.080814709583183,8.0523069641826,5.0,0.2777647804120411
1757309041.8885412,-20.971290588378906,9.865615844726562,14.90078067779541,141.61,2.5105809194433024,-0.043359375000000006,0.0,0.0,0.0,0.0,-16.080814709583183,8.0523069641826,5.0,0.2777647804120411
1757309042.037507,-20.260173797607422,9.633233070373535,15.130748748779297,144.37,2.5105809194433024,-0.043359375000000006,0.0,0.0,0.0,0.0,-16.080814709583183,8.0523069641826,5.0,0.2777647804120411
1757309042.188107,-20.260173797607422,9.633233070373535,15.130748748779297,144.37,2.5105809194433024,-0.043359375000000006,0.0,0.0,0.0,0.0,-16.080814709583183,8.0523069641826,5.0,0.2777647804120411
1757309042.3363967,-20.260173797607422,9.633233070373535,15.130748748779297,144.37,2.5105809194433024,-0.043359375000000006,0.0,0.0,0.0,0.0,-16.080814709583183,8.0523069641826,5.0,0.2777647804120411
1757309042.4893608,-20.260173797607422,9.633233070373535,15.130748748779297,144.37,2.5105809194433024,-0.043359375000000006,0.0,0.0,0.0,0.0,-16.080814709583183,8.0523069641826,5.0,0.2777647804120411
1757309042.6409125,-19.030061721801758,9.310771942138672,15.089217185974121,146.93,2.5105809194433024,-0.043359375000000006,0.0,0.0,0.0,0.0,-16.080814709583183,8.0523069641826,5.0,0.2777647804120411
1757309042.7869678,-18.758777618408203,9.239946365356445,15.081449508666992,146.93,2.5105809194433024,-0.043359375000000006,0.0,0.0,0.0,0.0,-16.080814709583183,8.0523069641826,5.0,0.2777647804120411
1757309042.9378552,-18.758777618408203,9.239946365356445,15.081449508666992,146.93,2.5105809194433024,-0.043359375000000006,0.0,0.0,0.0,0.0,-16.080814709583183,8.0523069641826,5.0,0.2777647804120411
1757309043.0909429,-18.758777618408203,9.239946365356445,15.081449508666992,146.93,2.5105809194433024,-0.043359375000000006,0.0,0.0,0.0,0.0,-16.080814709583183,8.0523069641826,5.0,0.2777647804120411
1757309043.2424538,-18.758777618408203,9.239946365356445,15.081449508666992,146.93,2.5105809194433024,-0.043359375000000006,0.0,0.0,0.0,0.0,-16.080814709583183,8.0523069641826,5.0,0.2777647804120411
1757309043.390022,-16.305564880371094,8.593076705932617,15.119795799255371,148.99,2.5105809194433024,-0.043359375000000006,0.0,0.0,0.0,0.0,-16.080814709583183,8.0523069641826,5.0,0.2777647804120411
1757309043.5363677,-16.305564880371094,8.593076705932617,15.119795799255371,148.99,2.5105809194433024,-0.043359375000000006,0.0,0.0,0.0,0.0,-16.080814709583183,8.0523069641826,5.0,0.2777647804120411
1757309043.6861792,-16.305564880371094,8.593076705932617,15.119795799255371,148.99,2.5105809194433024,-0.043359375000000006,0.0,0.0,0.0,0.0,-16.080814709583183,8.0523069641826,5.0,0.2777647804120411
1757309043.8411937,-16.305564880371094,8.593076705932617,15.119795799255371,148.99,2.5105809194433024,-0.043359375000000006,0.0,0.0,0.0,0.0,-16.080814709583183,8.0523069641826,5.0,0.2777647804120411
1757309043.987461,-16.305564880371094,8.593076705932617,15.119795799255371,148.99,2.5105809194433024,-0.043359375000000006,0.0,0.0,0.0,0.0,-16.080814709583183,8.0523069641826,5.0,0.2777647804120411
1757309044.1374767,-13.262791633605957,7.529239177703857,15.222296714782715,145.0,2.5105809194433024,-0.043359375000000006,0.0,0.0,0.0,0.0,-16.080814709583183,8.0523069641826,5.0,0.2777647804120411
1757309044.2888167,-13.262791633605957,7.529239177703857,15.222296714782715,145.0,2.5105809194433024,-0.043359375000000006,0.0,0.0,0.0,0.0,-16.080814709583183,8.0523069641826,5.0,0.2777647804120411
1757309044.440125,-13.262791633605957,7.529239177703857,15.222296714782715,145.0,2.5105809194433024,-0.043359375000000006,0.0,0.0,0.0,0.0,-16.080814709583183,8.0523069641826,5.0,0.2777647804120411
1757309044.5876775,-13.262791633605957,7.529239177703857,15.222296714782715,145.0,2.5105809194433024,-0.043359375000000006,0.0,0.0,0.0,0.0,-16.080814709583183,8.0523069641826,5.0,0.2777647804120411
1757309044.744194,-12.827584266662598,7.3526835441589355,15.232903480529785,142.95,2.5105809194433024,-0.043359375000000006,0.0,0.0,0.0,0.0,-16.080814709583183,8.0523069641826,5.0,0.2777647804120411
1757309044.8864012,-10.528926849365234,6.30634880065918,15.327513694763184,141.69,2.5105809194433024,-0.043359375000000006,0.0,0.0,0.0,0.0,-16.080814709583183,8.0523069641826,5.0,0.2777647804120411
1757309045.0425615,-10.528926849365234,6.30634880065918,15.327513694763184,141.69,2.5105809194433024,-0.043359375000000006,0.0,0.0,0.0,0.0,-16.080814709583183,8.0523069641826,5.0,0.2777647804120411
1757309045.1868298,-10.528926849365234,6.30634880065918,15.327513694763184,141.69,2.5105809194433024,-0.043359375000000006,0.0,0.0,0.0,0.0,-16.080814709583183,8.0523069641826,5.0,0.2777647804120411
1757309045.3370624,-10.528926849365234,6.30634880065918,15.327513694763184,141.69,2.5105809194433024,-0.043359375000000006,0.0,0.0,0.0,0.0,-16.080814709583183,8.0523069641826,5.0,0.2777647804120411
1757309045.4866312,-7.4352264404296875,4.656121730804443,15.465435981750488,141.9,2.5105809194433024,-0.043359375000000006,0.0,0.0,0.0,0.0,-16.080814709583183,8.0523069641826,5.0,0.2777647804120411
1757309045.6363716,-7.4352264404296875,4.656121730804443,15.465435981750488,141.9,2.5105809194433024,-0.043359375000000006,0.0,0.0,0.0,0.0,-16.080814709583183,8.0523069641826,5.0,0.2777647804120411
1757309045.7859902,-7.4352264404296875,4.656121730804443,15.465435981750488,141.9,2.5105809194433024,-0.043359375000000006,0.0,0.0,0.0,0.0,-16.080814709583183,8.0523069641826,5.0,0.2777647804120411
1757309045.9382138,-7.4352264404296875,4.656121730804443,15.465435981750488,141.9,2.5105809194433024,-0.043359375000000006,0.0,0.0,0.0,0.0,-16.080814709583183,8.0523069641826,5.0,0.2777647804120411
1757309046.092258,-7.4352264404296875,4.656121730804443,15.465435981750488,141.9,2.5105809194433024,-0.043359375000000006,0.0,0.0,0.0,0.0,-16.080814709583183,8.0523069641826,5.0,0.2777647804120411
1757309046.2688756,-6.557587146759033,4.144396781921387,15.4677734375,142.5,2.5105809194433024,-0.043359375000000006,0.0,0.0,0.0,0.0,-16.080814709583183,8.0523069641826,5.0,0.2777647804120411
1757309046.3875465,-4.566649913787842,2.9521849155426025,15.417750358581543,144.5,2.5105809194433024,-0.043359375000000006,0.0,0.0,0.0,0.0,-16.080814709583183,8.0523069641826,5.0,0.2777647804120411
1757309046.5364285,-4.566649913787842,2.9521849155426025,15.417750358581543,144.5,2.5105809194433024,-0.043359375000000006,0.0,0.0,0.0,0.0,-16.080814709583183,8.0523069641826,5.0,0.2777647804120411
1757309046.6860673,-4.566649913787842,2.9521849155426025,15.417750358581543,144.5,2.5105809194433024,-0.043359375000000006,0.0,0.0,0.0,0.0,-16.080814709583183,8.0523069641826,5.0,0.2777647804120411
1757309046.8373432,-4.566649913787842,2.9521849155426025,15.417750358581543,144.5,2.5105809194433024,-0.043359375000000006,0.0,0.0,0.0,0.0,-16.080814709583183,8.0523069641826,5.0,0.2777647804120411
1757309046.9881704,-2.3193376064300537,1.4936888217926025,15.300175666809082,147.77,2.5105809194433024,-0.043359375000000006,0.0,0.0,0.0,0.0,-16.080814709583183,8.0523069641826,5.0,0.2777647804120411
1757309047.137344,-2.3193376064300537,1.4936888217926025,15.300175666809082,147.77,2.5105809194433024,-0.043359375000000006,0.0,0.0,0.0,0.0,-16.080814709583183,8.0523069641826,5.0,0.2777647804120411
1757309047.2868147,-2.3193376064300537,1.4936888217926025,15.300175666809082,147.77,2.5105809194433024,-0.043359375000000006,0.0,0.0,0.0,0.0,-16.080814709583183,8.0523069641826,5.0,0.2777647804120411
1757309047.4368043,-2.3193376064300537,1.4936888217926025,15.300175666809082,147.77,2.5105809194433024,-0.043359375000000006,0.0,0.0,0.0,0.0,-16.080814709583183,8.0523069641826,5.0,0.2777647804120411
1757309047.5875776,-2.166898488998413,1.373079538345337,15.281503677368164,150.03,2.5105809194433024,-0.043359375000000006,0.0,0.0,0.0,0.0,-16.080814709583183,8.0523069641826,5.0,0.2777647804120411
1757309047.736556,-1.0059338808059692,0.5120413303375244,15.129323959350586,152.12,2.5105809194433024,-0.043359375000000006,0.0,0.0,0.0,0.0,-16.080814709583183,8.0523069641826,5.0,0.2777647804120411
1757309047.8864288,-1.0059338808059692,0.5120413303375244,15.129323959350586,152.12,2.5105809194433024,-0.043359375000000006,0.0,0.0,0.0,0.0,-16.080814709583183,8.0523069641826,5.0,0.2777647804120411
1757309048.037829,-1.0059338808059692,0.5120413303375244,15.129323959350586,152.12,2.5105809194433024,-0.043359375000000006,0.0,0.0,0.0,0.0,-16.080814709583183,8.0523069641826,5.0,0.2777647804120411
1757309048.1861706,-1.0059338808059692,0.5120413303375244,15.129323959350586,152.12,2.5105809194433024,-0.043359375000000006,0.0,0.0,0.0,0.0,-16.080814709583183,8.0523069641826,5.0,0.2777647804120411
1757309048.336931,-0.48751699924468994,0.06898211687803268,15.004250526428223,148.49,2.5105809194433024,-0.043359375000000006,0.0,0.0,0.0,0.0,-16.080814709583183,8.0523069641826,5.0,0.2777647804120411
1757309048.4867814,-0.48751699924468994,0.06898211687803268,15.004250526428223,148.49,2.5105809194433024,-0.043359375000000006,0.0,0.0,0.0,0.0,-16.080814709583183,8.0523069641826,5.0,0.2777647804120411
1757309048.636269,-0.48751699924468994,0.06898211687803268,15.004250526428223,148.49,2.5105809194433024,-0.043359375000000006,0.0,0.0,0.0,0.0,-16.080814709583183,8.0523069641826,5.0,0.2777647804120411
1757309048.7867126,-0.48751699924468994,0.06898211687803268,15.004250526428223,148.49,2.5105809194433024,-0.043359375000000006,0.0,0.0,0.0,0.0,-16.080814709583183,8.0523069641826,5.0,0.2777647804120411
1757309048.9364676,-0.48751699924468994,0.06898211687803268,15.004250526428223,148.49,2.5105809194433024,-0.043359375000000006,0.0,0.0,0.0,0.0,-16.080814709583183,8.0523069641826,5.0,0.2777647804120411
1757309049.0863783,-0.3927169442176819,0.08788931369781494,15.007378578186035,145.13,2.5105809194433024,-0.043359375000000006,0.0,0.0,0.0,0.0,-16.080814709583183,8.0523069641826,5.0,0.2777647804120411
1757309049.2379124,-0.3927169442176819,0.08788931369781494,15.007378578186035,145.13,2.5105809194433024,-0.043359375000000006,0.0,0.0,0.0,0.0,-16.080814709583183,8.0523069641826,5.0,0.2777647804120411
1757309049.3936691,-0.3927169442176819,0.08788931369781494,15.007378578186035,145.13,2.5105809194433024,-0.043359375000000006,0.0,0.0,0.0,0.0,-16.080814709583183,8.0523069641826,5.0,0.2777647804120411
1757309049.5373712,-0.3927169442176819,0.08788931369781494,15.007378578186035,145.13,2.5105809194433024,-0.043359375000000006,0.0,0.0,0.0,0.0,-16.080814709583183,8.0523069641826,5.0,0.2777647804120411
1757309049.6867833,-0.3927169442176819,0.08788931369781494,15.007378578186035,145.13,2.5105809194433024,-0.043359375000000006,0.0,0.0,0.0,0.0,-16.080814709583183,8.0523069641826,5.0,0.2777647804120411
1757309049.836612,-0.3300645649433136,0.3432766795158386,15.08562183380127,146.1,2.5105809194433024,-0.043359375000000006,0.0,0.0,0.0,0.0,-16.080814709583183,8.0523069641826,5.0,0.2777647804120411
1757309049.9871566,-0.3300645649433136,0.3432766795158386,15.08562183380127,146.1,2.5105809194433024,-0.043359375000000006,0.0,0.0,0.0,0.0,-16.080814709583183,8.0523069641826,5.0,0.2777647804120411
1757309050.1362693,-0.3300645649433136,0.3432766795158386,15.08562183380127,146.1,2.5105809194433024,-0.043359375000000006,0.0,0.0,0.0,0.0,-16.080814709583183,8.0523069641826,5.0,0.2777647804120411
1757309050.2863812,-0.3300645649433136,0.3432766795158386,15.08562183380127,146.1,2.5105809194433024,-0.043359375000000006,0.0,0.0,0.0,0.0,-16.080814709583183,8.0523069641826,5.0,0.2777647804120411
1757309050.439199,-0.27038145065307617,0.46718502044677734,15.115821838378906,146.28,2.5105809194433024,-0.043359375000000006,0.0,0.0,0.0,0.0,-16.080814709583183,8.0523069641826,5.0,0.2777647804120411
1757309050.5862489,-0.1992243528366089,0.5990735292434692,15.142203330993652,146.06,2.5105809194433024,-0.043359375000000006,0.0,0.0,0.0,0.0,-16.080814709583183,8.0523069641826,5.0,0.2777647804120411
1757309050.736258,-0.1992243528366089,0.5990735292434692,15.142203330993652,146.06,2.5105809194433024,-0.043359375000000006,0.0,0.0,0.0,0.0,-16.080814709583183,8.0523069641826,5.0,0.2777647804120411
1757309050.8871572,-0.1992243528366089,0.5990735292434692,15.142203330993652,146.06,2.5105809194433024,-0.043359375000000006,0.0,0.0,0.0,0.0,-16.080814709583183,8.0523069641826,5.0,0.2777647804120411
1757309051.0366447,-0.1992243528366089,0.5990735292434692,15.142203330993652,146.06,2.5105809194433024,-0.043359375000000006,0.0,0.0,0.0,0.0,-16.080814709583183,8.0523069641826,5.0,0.2777647804120411
1757309051.191742,-0.11529184877872467,0.7849688529968262,15.117151260375977,148.1,2.5105809194433024,-0.043359375000000006,0.0,0.0,0.0,0.0,-16.080814709583183,8.0523069641826,5.0,0.2777647804120411
1757309051.3370714,-0.11529184877872467,0.7849688529968262,15.117151260375977,148.1,2.5105809194433024,-0.043359375000000006,0.0,0.0,0.0,0.0,-16.080814709583183,8.0523069641826,5.0,0.2777647804120411
1757309051.4931922,-0.11529184877872467,0.7849688529968262,15.117151260375977,148.1,2.5105809194433024,-0.043359375000000006,0.0,0.0,0.0,0.0,-16.080814709583183,8.0523069641826,5.0,0.2777647804120411
1757309051.6404653,-0.11529184877872467,0.7849688529968262,15.117151260375977,148.1,2.5105809194433024,-0.043359375000000006,0.0,0.0,0.0,0.0,-16.080814709583183,8.0523069641826,5.0,0.2777647804120411
1757309051.7882102,-0.11529184877872467,0.7849688529968262,15.117151260375977,148.1,2.5105809194433024,-0.043359375000000006,0.0,0.0,0.0,0.0,-16.080814709583183,8.0523069641826,5.0,0.2777647804120411
1757309051.9365172,-0.021164409816265106,0.9632543325424194,15.115721702575684,148.81,2.5105809194433024,-0.043359375000000006,0.0,0.0,0.0,0.0,-16.080814709583183,8.0523069641826,5.0,0.2777647804120411
1757309052.0870159,-0.021164409816265106,0.9632543325424194,15.115721702575684,148.81,2.5105809194433024,-0.043359375000000006,0.0,0.0,0.0,0.0,-16.080814709583183,8.0523069641826,5.0,0.2777647804120411
1757309052.2370489,-0.021164409816265106,0.9632543325424194,15.115721702575684,148.81,2.5105809194433024,-0.043359375000000006,0.0,0.0,0.0,0.0,-16.080814709583183,8.0523069641826,5.0,0.2777647804120411
1757309052.3870373,-0.021164409816265106,0.9632543325424194,15.115721702575684,148.81,2.5105809194433024,-0.043359375000000006,0.0,0.0,0.0,0.0,-16.080814709583183,8.0523069641826,5.0,0.2777647804120411
1757309052.538742,-0.021164409816265106,0.9632543325424194,15.115721702575684,148.81,2.5105809194433024,-0.043359375000000006,0.0,0.0,0.0,0.0,-16.080814709583183,8.0523069641826,5.0,0.2777647804120411
1757309052.6891706,0.01632809452712536,1.1401478052139282,15.212363243103027,146.83,2.5105809194433024,-0.043359375000000006,0.0,0.0,0.0,0.0,-16.080814709583183,8.0523069641826,5.0,0.2777647804120411
1757309052.8374226,0.01632809452712536,1.1401478052139282,15.212363243103027,146.83,2.5105809194433024,-0.043359375000000006,0.0,0.0,0.0,0.0,-16.080814709583183,8.0523069641826,5.0,0.2777647804120411
1757309052.9877172,0.01632809452712536,1.1401478052139282,15.212363243103027,146.83,2.5105809194433024,-0.043359375000000006,0.0,0.0,0.0,0.0,-16.080814709583183,8.0523069641826,5.0,0.2777647804120411
1757309053.1362867,0.01632809452712536,1.1401478052139282,15.212363243103027,146.83,2.5105809194433024,-0.043359375000000006,0.0,0.0,0.0,0.0,-16.080814709583183,8.0523069641826,5.0,0.2777647804120411
1757309053.2866294,0.09125952422618866,1.2506177425384521,15.335477828979492,143.81,2.5105809194433024,-0.043359375000000006,0.0,0.0,0.0,0.0,-16.080814709583183,8.0523069641826,5.0,0.2777647804120411
1757309053.4372625,0.12622623145580292,1.2575591802597046,15.375106811523438,143.81,2.5105809194433024,-0.043359375000000006,0.0,0.0,0.0,0.0,-16.080814709583183,8.0523069641826,5.0,0.2777647804120411
1757309053.5904915,0.12622623145580292,1.2575591802597046,15.375106811523438,143.81,2.5105809194433024,-0.043359375000000006,0.0,0.0,0.0,0.0,-16.080814709583183,8.0523069641826,5.0,0.2777647804120411
1757309053.736972,0.12622623145580292,1.2575591802597046,15.375106811523438,143.81,2.5105809194433024,-0.043359375000000006,0.0,0.0,0.0,0.0,-16.080814709583183,8.0523069641826,5.0,0.2777647804120411
1757309053.887474,0.12622623145580292,1.2575591802597046,15.375106811523438,143.81,2.5105809194433024,-0.043359375000000006,0.0,0.0,0.0,0.0,-16.080814709583183,8.0523069641826,5.0,0.2777647804120411
1757309054.035948,0.27709144353866577,1.1800148487091064,15.393293380737305,145.2,2.5105809194433024,-0.043359375000000006,0.0,0.0,0.0,0.0,-16.080814709583183,8.0523069641826,5.0,0.2777647804120411
1757309054.1893966,0.27709144353866577,1.1800148487091064,15.393293380737305,145.2,2.5105809194433024,-0.043359375000000006,0.0,0.0,0.0,0.0,-16.080814709583183,8.0523069641826,5.0,0.2777647804120411
1757309054.336285,0.27709144353866577,1.1800148487091064,15.393293380737305,145.2,2.5105809194433024,-0.043359375000000006,0.0,0.0,0.0,0.0,-16.080814709583183,8.0523069641826,5.0,0.2777647804120411
1757309054.4865475,0.27709144353866577,1.1800148487091064,15.393293380737305,145.2,2.5105809194433024,-0.043359375000000006,0.0,0.0,0.0,0.0,-16.080814709583183,8.0523069641826,5.0,0.2777647804120411
1757309054.6361892,0.27709144353866577,1.1800148487091064,15.393293380737305,145.2,2.5105809194433024,-0.043359375000000006,0.0,0.0,0.0,0.0,-16.080814709583183,8.0523069641826,5.0,0.2777647804120411
1757309054.7891138,0.4047238528728485,1.047353982925415,15.303370475769043,146.53,2.5105809194433024,-0.043359375000000006,0.0,0.0,0.0,0.0,-16.080814709583183,8.0523069641826,5.0,0.2777647804120411
1757309054.9363632,0.4047238528728485,1.047353982925415,15.303370475769043,146.53,2.5105809194433024,-0.043359375000000006,0.0,0.0,0.0,0.0,-16.080814709583183,8.0523069641826,5.0,0.2777647804120411
1757309055.0864093,0.4047238528728485,1.047353982925415,15.303370475769043,146.53,2.5105809194433024,-0.043359375000000006,0.0,0.0,0.0,0.0,-16.080814709583183,8.0523069641826,5.0,0.2777647804120411
1757309055.2377713,0.4047238528728485,1.047353982925415,15.303370475769043,146.53,2.5105809194433024,-0.043359375000000006,0.0,0.0,0.0,0.0,-16.080814709583183,8.0523069641826,5.0,0.2777647804120411
1757309055.387416,0.4047238528728485,1.047353982925415,15.303370475769043,146.53,2.5105809194433024,-0.043359375000000006,0.0,0.0,0.0,0.0,-16.080814709583183,8.0523069641826,5.0,0.2777647804120411
1757309055.53869,0.3975543975830078,0.9188140034675598,14.96076774597168,144.44,2.5105809194433024,-0.043359375000000006,0.0,0.0,0.0,0.0,-16.080814709583183,8.0523069641826,5.0,0.2777647804120411
1757309055.6869512,0.3975543975830078,0.9188140034675598,14.96076774597168,144.44,2.5105809194433024,-0.043359375000000006,0.0,0.0,0.0,0.0,-16.080814709583183,8.0523069641826,5.0,0.2777647804120411
1757309055.837382,0.3975543975830078,0.9188140034675598,14.96076774597168,144.44,2.5105809194433024,-0.043359375000000006,0.0,0.0,0.0,0.0,-16.080814709583183,8.0523069641826,5.0,0.2777647804120411
1757309055.9887066,0.3975543975830078,0.9188140034675598,14.96076774597168,144.44,2.5105809194433024,-0.043359375000000006,0.0,0.0,0.0,0.0,-16.080814709583183,8.0523069641826,5.0,0.2777647804120411
1757309056.1378083,0.38093236088752747,0.7323793768882751,14.166468620300293,142.61,2.5105809194433024,-0.043359375000000006,0.0,0.0,0.0,0.0,-16.080814709583183,8.0523069641826,5.0,0.2777647804120411
1757309056.2961743,0.38435956835746765,0.7129526138305664,14.008014678955078,142.61,2.5105809194433024,-0.043359375000000006,0.0,0.0,0.0,0.0,-16.080814709583183,8.0523069641826,5.0,0.2777647804120411
1757309056.43733,0.38435956835746765,0.7129526138305664,14.008014678955078,142.61,2.5105809194433024,-0.043359375000000006,0.0,0.0,0.0,0.0,-16.080814709583183,8.0523069641826,5.0,0.2777647804120411
1757309056.5865521,0.38435956835746765,0.7129526138305664,14.008014678955078,142.61,2.5105809194433024,-0.043359375000000006,0.0,0.0,0.0,0.0,-16.080814709583183,8.0523069641826,5.0,0.2777647804120411
1757309056.7374582,0.38435956835746765,0.7129526138305664,14.008014678955078,142.61,2.5105809194433024,-0.043359375000000006,0.0,0.0,0.0,0.0,-16.080814709583183,8.0523069641826,5.0,0.2777647804120411
1757309056.8863354,0.35254794359207153,0.6498913168907166,12.854333877563477,141.81,2.5105809194433024,-0.043359375000000006,0.0,0.0,0.0,0.0,-16.080814709583183,8.0523069641826,5.0,0.2777647804120411
1757309057.0366848,0.35254794359207153,0.6498913168907166,12.854333877563477,141.81,2.5105809194433024,-0.043359375000000006,0.0,0.0,0.0,0.0,-16.080814709583183,8.0523069641826,5.0,0.2777647804120411
1757309057.1885064,0.35254794359207153,0.6498913168907166,12.854333877563477,141.81,2.5105809194433024,-0.043359375000000006,0.0,0.0,0.0,0.0,-16.080814709583183,8.0523069641826,5.0,0.2777647804120411
1757309057.3376458,0.35254794359207153,0.6498913168907166,12.854333877563477,141.81,2.5105809194433024,-0.043359375000000006,0.0,0.0,0.0,0.0,-16.080814709583183,8.0523069641826,5.0,0.2777647804120411
1757309057.488219,0.35254794359207153,0.6498913168907166,12.854333877563477,141.81,2.5105809194433024,-0.043359375000000006,0.0,0.0,0.0,0.0,-16.080814709583183,8.0523069641826,5.0,0.2777647804120411
1757309057.6358023,0.19944441318511963,0.7020412683486938,12.073677062988281,145.97,2.5105809194433024,-0.043359375000000006,0.0,0.0,0.0,0.0,-16.080814709583183,8.0523069641826,5.0,0.2777647804120411
1757309057.786912,0.19944441318511963,0.7020412683486938,12.073677062988281,145.97,2.5105809194433024,-0.043359375000000006,0.0,0.0,0.0,0.0,-16.080814709583183,8.0523069641826,5.0,0.2777647804120411
1757309057.9376514,0.19944441318511963,0.7020412683486938,12.073677062988281,145.97,2.5105809194433024,-0.043359375000000006,0.0,0.0,0.0,0.0,-16.080814709583183,8.0523069641826,5.0,0.2777647804120411
1757309058.0905218,0.19944441318511963,0.7020412683486938,12.073677062988281,145.97,2.5105809194433024,-0.043359375000000006,0.0,0.0,0.0,0.0,-16.080814709583183,8.0523069641826,5.0,0.2777647804120411
1757309058.242388,0.16990473866462708,0.7284992337226868,11.887885093688965,145.97,2.5105809194433024,-0.043359375000000006,0.0,0.0,0.0,0.0,-16.080814709583183,8.0523069641826,5.0,0.2777647804120411
1757309058.3936434,-0.02223411202430725,0.9635328650474548,11.064738273620605,149.49,2.5105809194433024,-0.043359375000000006,0.0,0.0,0.0,0.0,-16.080814709583183,8.0523069641826,5.0,0.2777647804120411
1757309058.538662,-0.02223411202430725,0.9635328650474548,11.064738273620605,149.49,2.5105809194433024,-0.043359375000000006,0.0,0.0,0.0,0.0,-16.080814709583183,8.0523069641826,5.0,0.2777647804120411
1757309058.6863604,-0.02223411202430725,0.9635328650474548,11.064738273620605,149.49,2.5105809194433024,-0.043359375000000006,0.0,0.0,0.0,0.0,-16.080814709583183,8.0523069641826,5.0,0.2777647804120411
1757309058.8381345,-0.02223411202430725,0.9635328650474548,11.064738273620605,149.49,2.5105809194433024,-0.043359375000000006,0.0,0.0,0.0,0.0,-16.080814709583183,8.0523069641826,5.0,0.2777647804120411
1757309058.9870248,-0.14555339515209198,1.081443190574646,10.53244400024414,150.55,2.5105809194433024,-0.043359375000000006,0.0,0.0,0.0,0.0,-16.080814709583183,8.0523069641826,5.0,0.2777647804120411
1757309059.1363735,-0.14555339515209198,1.081443190574646,10.53244400024414,150.55,2.5105809194433024,-0.043359375000000006,0.0,0.0,0.0,0.0,-16.080814709583183,8.0523069641826,5.0,0.2777647804120411
1757309059.289725,-0.14555339515209198,1.081443190574646,10.53244400024414,150.55,2.5105809194433024,-0.043359375000000006,0.0,0.0,0.0,0.0,-16.080814709583183,8.0523069641826,5.0,0.2777647804120411
1757309059.4380765,-0.14555339515209198,1.081443190574646,10.53244400024414,150.55,2.5105809194433024,-0.043359375000000006,0.0,0.0,0.0,0.0,-16.080814709583183,8.0523069641826,5.0,0.2777647804120411
1757309059.5873382,-0.14555339515209198,1.081443190574646,10.53244400024414,150.55,2.5105809194433024,-0.043359375000000006,0.0,0.0,0.0,0.0,-16.080814709583183,8.0523069641826,5.0,0.2777647804120411
1757309059.736025,-0.10203689336776733,1.0059351921081543,10.222999572753906,146.97,2.5105809194433024,-0.043359375000000006,0.0,0.0,0.0,0.0,-16.080814709583183,8.0523069641826,5.0,0.2777647804120411
1757309059.8917356,-0.10203689336776733,1.0059351921081543,10.222999572753906,146.97,2.5105809194433024,-0.043359375000000006,0.0,0.0,0.0,0.0,-16.080814709583183,8.0523069641826,5.0,0.2777647804120411
1757309060.0385902,-0.10203689336776733,1.0059351921081543,10.222999572753906,146.97,2.5105809194433024,-0.043359375000000006,0.0,0.0,0.0,0.0,-16.080814709583183,8.0523069641826,5.0,0.2777647804120411
1757309060.1869113,-0.10203689336776733,1.0059351921081543,10.222999572753906,146.97,2.5105809194433024,-0.043359375000000006,0.0,0.0,0.0,0.0,-16.080814709583183,8.0523069641826,5.0,0.2777647804120411
1757309060.336142,-0.10203689336776733,1.0059351921081543,10.222999572753906,146.97,2.5105809194433024,-0.043359375000000006,0.0,0.0,0.0,0.0,-16.080814709583183,8.0523069641826,5.0,0.2777647804120411
1757309060.4871984,-0.05225459113717079,0.899458646774292,9.895434379577637,146.94,2.5105809194433024,-0.043359375000000006,0.0,0.0,0.0,0.0,-16.080814709583183,8.0523069641826,5.0,0.2777647804120411
1757309060.6377594,-0.05225459113717079,0.899458646774292,9.895434379577637,146.94,2.5105809194433024,-0.043359375000000006,0.0,0.0,0.0,0.0,-16.080814709583183,8.0523069641826,5.0,0.2777647804120411
1757309060.7863986,-0.05225459113717079,0.899458646774292,9.895434379577637,146.94,2.5105809194433024,-0.043359375000000006,0.0,0.0,0.0,0.0,-16.080814709583183,8.0523069641826,5.0,0.2777647804120411
1757309060.9384468,-0.05225459113717079,0.899458646774292,9.895434379577637,146.94,2.5105809194433024,-0.043359375000000006,0.0,0.0,0.0,0.0,-16.080814709583183,8.0523069641826,5.0,0.2777647804120411
1757309061.0867825,-0.08328819274902344,0.8060699105262756,9.693958282470703,149.57,2.5105809194433024,-0.043359375000000006,0.0,0.0,0.0,0.0,-16.080814709583183,8.0523069641826,5.0,0.2777647804120411
1757309061.2365036,-0.08480259776115417,0.7326562404632568,9.51333999633789,150.03,2.5105809194433024,-0.043359375000000006,0.0,0.0,0.0,0.0,-16.080814709583183,8.0523069641826,5.0,0.2777647804120411
1757309061.387138,-0.08480259776115417,0.7326562404632568,9.51333999633789,150.03,2.5105809194433024,-0.043359375000000006,0.0,0.0,0.0,0.0,-16.080814709583183,8.0523069641826,5.0,0.2777647804120411
1757309061.5363784,-0.08480259776115417,0.7326562404632568,9.51333999633789,150.03,2.5105809194433024,-0.043359375000000006,0.0,0.0,0.0,0.0,-16.080814709583183,8.0523069641826,5.0,0.2777647804120411
1757309061.6886332,-0.08480259776115417,0.7326562404632568,9.51333999633789,150.03,2.5105809194433024,-0.043359375000000006,0.0,0.0,0.0,0.0,-16.080814709583183,8.0523069641826,5.0,0.2777647804120411
1757309061.8519459,0.035800471901893616,0.7530011534690857,9.250509262084961,149.81,2.5105809194433024,-0.043359375000000006,0.0,0.0,0.0,0.0,-16.080814709583183,8.0523069641826,5.0,0.2777647804120411
1757309061.9891431,0.0815405398607254,0.8020548820495605,9.158586502075195,149.59,2.5105809194433024,-0.043359375000000006,0.0,0.0,0.0,0.0,-16.080814709583183,8.0523069641826,5.0,0.2777647804120411
1757309062.136287,0.0815405398607254,0.8020548820495605,9.158586502075195,149.59,2.5105809194433024,-0.043359375000000006,0.0,0.0,0.0,0.0,-16.080814709583183,8.0523069641826,5.0,0.2777647804120411
1757309062.2861571,0.0815405398607254,0.8020548820495605,9.158586502075195,149.59,2.5105809194433024,-0.043359375000000006,0.0,0.0,0.0,0.0,-16.080814709583183,8.0523069641826,5.0,0.2777647804120411
1757309062.4372597,0.0815405398607254,0.8020548820495605,9.158586502075195,149.59,2.5105809194433024,-0.043359375000000006,0.0,0.0,0.0,0.0,-16.080814709583183,8.0523069641826,5.0,0.2777647804120411
1757309062.5869083,0.19630134105682373,0.9732469916343689,8.70649242401123,150.59,2.5105809194433024,-0.043359375000000006,0.0,0.0,0.0,0.0,-16.080814709583183,8.0523069641826,5.0,0.2777647804120411
1757309062.7363214,0.19630134105682373,0.9732469916343689,8.70649242401123,150.59,2.5105809194433024,-0.043359375000000006,0.0,0.0,0.0,0.0,-16.080814709583183,8.0523069641826,5.0,0.2777647804120411
1757309062.8879588,0.19630134105682373,0.9732469916343689,8.70649242401123,150.59,2.5105809194433024,-0.043359375000000006,0.0,0.0,0.0,0.0,-16.080814709583183,8.0523069641826,5.0,0.2777647804120411
1757309063.0362616,0.19630134105682373,0.9732469916343689,8.70649242401123,150.59,2.5105809194433024,-0.043359375000000006,0.0,0.0,0.0,0.0,-16.080814709583183,8.0523069641826,5.0,0.2777647804120411
1757309063.1871018,0.19630134105682373,0.9732469916343689,8.70649242401123,150.59,2.5105809194433024,-0.043359375000000006,0.0,0.0,0.0,0.0,-16.080814709583183,8.0523069641826,5.0,0.2777647804120411
1757309063.3360946,0.1554231345653534,1.0941216945648193,8.396851539611816,148.7,2.5105809194433024,-0.043359375000000006,0.0,0.0,0.0,0.0,-16.080814709583183,8.0523069641826,5.0,0.2777647804120411
1757309063.4871202,0.1554231345653534,1.0941216945648193,8.396851539611816,148.7,2.5105809194433024,-0.043359375000000006,0.0,0.0,0.0,0.0,-16.080814709583183,8.0523069641826,5.0,0.2777647804120411
1757309063.6369636,0.1554231345653534,1.0941216945648193,8.396851539611816,148.7,2.5105809194433024,-0.043359375000000006,0.0,0.0,0.0,0.0,-16.080814709583183,8.0523069641826,5.0,0.2777647804120411
1757309063.7878242,0.1554231345653534,1.0941216945648193,8.396851539611816,148.7,2.5105809194433024,-0.043359375000000006,0.0,0.0,0.0,0.0,-16.080814709583183,8.0523069641826,5.0,0.2777647804120411
1757309063.9367068,0.06417597830295563,1.1352543830871582,8.240500450134277,146.84,2.5105809194433024,-0.043359375000000006,0.0,0.0,0.0,0.0,-16.080814709583183,8.0523069641826,5.0,0.2777647804120411
1757309064.0871027,0.04258422553539276,1.1346443891525269,8.192622184753418,146.84,2.5105809194433024,-0.043359375000000006,0.0,0.0,0.0,0.0,-16.080814709583183,8.0523069641826,5.0,0.2777647804120411
1757309064.2370741,0.04258422553539276,1.1346443891525269,8.192622184753418,146.84,2.5105809194433024,-0.043359375000000006,0.0,0.0,0.0,0.0,-16.080814709583183,8.0523069641826,5.0,0.2777647804120411
1757309064.3880017,0.04258422553539276,1.1346443891525269,8.192622184753418,146.84,2.5105809194433024,-0.043359375000000006,0.0,0.0,0.0,0.0,-16.080814709583183,8.0523069641826,5.0,0.2777647804120411
1757309064.5376942,0.04258422553539276,1.1346443891525269,8.192622184753418,146.84,2.5105809194433024,-0.043359375000000006,0.0,0.0,0.0,0.0,-16.080814709583183,8.0523069641826,5.0,0.2777647804120411
1757309064.6890485,-0.03339184448122978,1.0567513704299927,7.853281497955322,143.99,2.5105809194433024,-0.043359375000000006,0.0,0.0,0.0,0.0,-16.080814709583183,8.0523069641826,5.0,0.2777647804120411
1757309064.8419268,-0.03339184448122978,1.0567513704299927,7.853281497955322,143.99,2.5105809194433024,-0.043359375000000006,0.0,0.0,0.0,0.0,-16.080814709583183,8.0523069641826,5.0,0.2777647804120411
1757309064.9908586,-0.03339184448122978,1.0567513704299927,7.853281497955322,143.99,2.5105809194433024,-0.043359375000000006,0.0,0.0,0.0,0.0,-16.080814709583183,8.0523069641826,5.0,0.2777647804120411
1757309065.137541,-0.03339184448122978,1.0567513704299927,7.853281497955322,143.99,2.5105809194433024,-0.043359375000000006,0.0,0.0,0.0,0.0,-16.080814709583183,8.0523069641826,5.0,0.2777647804120411
1757309065.2885723,-0.03339184448122978,1.0567513704299927,7.853281497955322,143.99,2.5105809194433024,-0.043359375000000006,0.0,0.0,0.0,0.0,-16.080814709583183,8.0523069641826,5.0,0.2777647804120411
1757309065.4361742,-0.04760151356458664,0.9475933313369751,7.482282638549805,141.99,2.5105809194433024,-0.043359375000000006,0.0,0.0,0.0,0.0,-16.080814709583183,8.0523069641826,5.0,0.2777647804120411
1757309065.5863035,-0.04760151356458664,0.9475933313369751,7.482282638549805,141.99,2.5105809194433024,-0.043359375000000006,0.0,0.0,0.0,0.0,-16.080814709583183,8.0523069641826,5.0,0.2777647804120411
1757309065.7422001,-0.04760151356458664,0.9475933313369751,7.482282638549805,141.99,2.5105809194433024,-0.043359375000000006,0.0,0.0,0.0,0.0,-16.080814709583183,8.0523069641826,5.0,0.2777647804120411
1757309065.8878691,-0.04760151356458664,0.9475933313369751,7.482282638549805,141.99,2.5105809194433024,-0.043359375000000006,0.0,0.0,0.0,0.0,-16.080814709583183,8.0523069641826,5.0,0.2777647804120411
1757309066.0379443,-0.04760151356458664,0.9475933313369751,7.482282638549805,141.99,2.5105809194433024,-0.043359375000000006,0.0,0.0,0.0,0.0,-16.080814709583183,8.0523069641826,5.0,0.2777647804120411
1757309066.1913035,-0.07707538455724716,0.8951664566993713,7.171257972717285,150.42,2.5105809194433024,-0.043359375000000006,0.0,0.0,0.0,0.0,-16.080814709583183,8.0523069641826,5.0,0.2777647804120411
1757309066.3387287,-0.07707538455724716,0.8951664566993713,7.171257972717285,150.42,2.5105809194433024,-0.043359375000000006,0.0,0.0,0.0,0.0,-16.080814709583183,8.0523069641826,5.0,0.2777647804120411
1757309066.4871762,-0.07707538455724716,0.8951664566993713,7.171257972717285,150.42,2.5105809194433024,-0.043359375000000006,0.0,0.0,0.0,0.0,-16.080814709583183,8.0523069641826,5.0,0.2777647804120411
1757309066.6378047,-0.07707538455724716,0.8951664566993713,7.171257972717285,150.42,2.5105809194433024,-0.043359375000000006,0.0,0.0,0.0,0.0,-16.080814709583183,8.0523069641826,5.0,0.2777647804120411
1757309066.7862897,-0.10224206000566483,1.0135101079940796,6.791505336761475,152.23,2.5105809194433024,-0.043359375000000006,0.0,0.0,0.0,0.0,-16.080814709583183,8.0523069641826,5.0,0.2777647804120411
1757309066.9364882,-0.10224206000566483,1.0135101079940796,6.791505336761475,152.23,2.5105809194433024,-0.043359375000000006,0.0,0.0,0.0,0.0,-16.080814709583183,8.0523069641826,5.0,0.2777647804120411
1757309067.0914016,-0.10224206000566483,1.0135101079940796,6.791505336761475,152.23,2.5105809194433024,-0.043359375000000006,0.0,0.0,0.0,0.0,-16.080814709583183,8.0523069641826,5.0,0.2777647804120411
1757309067.240286,-0.10224206000566483,1.0135101079940796,6.791505336761475,152.23,2.5105809194433024,-0.043359375000000006,0.0,0.0,0.0,0.0,-16.080814709583183,8.0523069641826,5.0,0.2777647804120411
1757309067.3906968,-0.10224206000566483,1.0135101079940796,6.791505336761475,152.23,2.5105809194433024,-0.043359375000000006,0.0,0.0,0.0,0.0,-16.080814709583183,8.0523069641826,5.0,0.2777647804120411
1757309067.537523,-0.06807251274585724,0.9903597235679626,6.477087497711182,149.49,2.5105809194433024,-0.043359375000000006,0.0,0.0,0.0,0.0,-16.080814709583183,8.0523069641826,5.0,0.2777647804120411
1757309067.68633,-0.06807251274585724,0.9903597235679626,6.477087497711182,149.49,2.5105809194433024,-0.043359375000000006,0.0,0.0,0.0,0.0,-16.080814709583183,8.0523069641826,5.0,0.2777647804120411
1757309067.8382428,-0.06807251274585724,0.9903597235679626,6.477087497711182,149.49,2.5105809194433024,-0.043359375000000006,0.0,0.0,0.0,0.0,-16.080814709583183,8.0523069641826,5.0,0.2777647804120411
1757309067.9878867,-0.06807251274585724,0.9903597235679626,6.477087497711182,149.49,2.5105809194433024,-0.043359375000000006,0.0,0.0,0.0,0.0,-16.080814709583183,8.0523069641826,5.0,0.2777647804120411
1757309068.137637,-0.06807251274585724,0.9903597235679626,6.477087497711182,149.49,2.5105809194433024,-0.043359375000000006,0.0,0.0,0.0,0.0,-16.080814709583183,8.0523069641826,5.0,0.2777647804120411
1757309068.2895024,-0.136363223195076,1.0064030885696411,6.081297397613525,157.24,2.5105809194433024,-0.043359375000000006,0.0,0.0,0.0,0.0,-16.080814709583183,8.0523069641826,5.0,0.2777647804120411
1757309068.442591,-0.136363223195076,1.0064030885696411,6.081297397613525,157.24,2.5105809194433024,-0.043359375000000006,0.0,0.0,0.0,0.0,-16.080814709583183,8.0523069641826,5.0,0.2777647804120411
1757309068.5866365,-0.136363223195076,1.0064030885696411,6.081297397613525,157.24,2.5105809194433024,-0.043359375000000006,0.0,0.0,0.0,0.0,-16.080814709583183,8.0523069641826,5.0,0.2777647804120411
1757309068.7385104,-0.136363223195076,1.0064030885696411,6.081297397613525,157.24,2.5105809194433024,-0.043359375000000006,0.0,0.0,0.0,0.0,-16.080814709583183,8.0523069641826,5.0,0.2777647804120411
1757309068.889494,-0.12920831143856049,0.9959443807601929,5.905470371246338,159.32,2.5105809194433024,-0.043359375000000006,0.0,0.0,0.0,0.0,-16.080814709583183,8.0523069641826,5.0,0.2777647804120411
1757309069.0373883,-0.13739976286888123,0.9967769980430603,5.661290168762207,165.81,2.5105809194433024,-0.043359375000000006,0.0,0.0,0.0,0.0,-16.080814709583183,8.0523069641826,5.0,0.2777647804120411
1757309069.1888428,-0.13739976286888123,0.9967769980430603,5.661290168762207,165.81,2.5105809194433024,-0.043359375000000006,0.0,0.0,0.0,0.0,-16.080814709583183,8.0523069641826,5.0,0.2777647804120411
1757309069.3381546,-0.13739976286888123,0.9967769980430603,5.661290168762207,165.81,2.5105809194433024,-0.043359375000000006,0.0,0.0,0.0,0.0,-16.080814709583183,8.0523069641826,5.0,0.2777647804120411
1757309069.486504,-0.13739976286888123,0.9967769980430603,5.661290168762207,165.81,2.5105809194433024,-0.043359375000000006,0.0,0.0,0.0,0.0,-16.080814709583183,8.0523069641826,5.0,0.2777647804120411
1757309069.6363368,-0.054993510246276855,0.914523720741272,5.447536468505859,148.91,2.5105809194433024,-0.043359375000000006,0.0,0.0,0.0,0.0,-16.080814709583183,8.0523069641826,5.0,0.2777647804120411
1757309069.7878015,-0.054993510246276855,0.914523720741272,5.447536468505859,148.91,2.5105809194433024,-0.043359375000000006,0.0,0.0,0.0,0.0,-16.080814709583183,8.0523069641826,5.0,0.2777647804120411
1757309069.9365847,-0.054993510246276855,0.914523720741272,5.447536468505859,148.91,2.5105809194433024,-0.043359375000000006,0.0,0.0,0.0,0.0,-16.080814709583183,8.0523069641826,5.0,0.2777647804120411
1757309070.08609,-0.054993510246276855,0.914523720741272,5.447536468505859,148.91,2.5105809194433024,-0.043359375000000006,0.0,0.0,0.0,0.0,-16.080814709583183,8.0523069641826,5.0,0.2777647804120411
1757309070.23776,-0.054993510246276855,0.914523720741272,5.447536468505859,148.91,2.5105809194433024,-0.043359375000000006,0.0,0.0,0.0,0.0,-16.080814709583183,8.0523069641826,5.0,0.2777647804120411
1757309070.3861918,0.04032449424266815,0.5516624450683594,5.142575740814209,141.99,2.5105809194433024,-0.043359375000000006,0.0,0.0,0.0,0.0,-16.080814709583183,8.0523069641826,5.0,0.2777647804120411
1757309070.5374742,0.04032449424266815,0.5516624450683594,5.142575740814209,141.99,2.5105809194433024,-0.043359375000000006,0.0,0.0,0.0,0.0,-16.080814709583183,8.0523069641826,5.0,0.2777647804120411
1757309070.6870987,0.04032449424266815,0.5516624450683594,5.142575740814209,141.99,2.5105809194433024,-0.043359375000000006,0.0,0.0,0.0,0.0,-16.080814709583183,8.0523069641826,5.0,0.2777647804120411
1757309070.8372953,0.04032449424266815,0.5516624450683594,5.142575740814209,141.99,2.5105809194433024,-0.043359375000000006,0.0,0.0,0.0,0.0,-16.080814709583183,8.0523069641826,5.0,0.2777647804120411
1757309070.9871075,0.04032449424266815,0.5516624450683594,5.142575740814209,141.99,2.5105809194433024,-0.043359375000000006,0.0,0.0,0.0,0.0,-16.080814709583183,8.0523069641826,5.0,0.2777647804120411
1757309071.1374853,0.16202478110790253,0.4227486252784729,4.680160045623779,146.08,2.5105809194433024,-0.043359375000000006,0.0,0.0,0.0,0.0,-16.080814709583183,8.0523069641826,5.0,0.2777647804120411
1757309071.2881687,0.16202478110790253,0.4227486252784729,4.680160045623779,146.08,2.5105809194433024,-0.043359375000000006,0.0,0.0,0.0,0.0,-16.080814709583183,8.0523069641826,5.0,0.2777647804120411
1757309071.436457,0.16202478110790253,0.4227486252784729,4.680160045623779,146.08,2.5105809194433024,-0.043359375000000006,0.0,0.0,0.0,0.0,-16.080814709583183,8.0523069641826,5.0,0.2777647804120411
1757309071.5860815,0.16202478110790253,0.4227486252784729,4.680160045623779,146.08,2.5105809194433024,-0.043359375000000006,0.0,0.0,0.0,0.0,-16.080814709583183,8.0523069641826,5.0,0.2777647804120411
1757309071.7377553,0.14096081256866455,0.48097002506256104,4.500244140625,145.88,2.5105809194433024,-0.043359375000000006,0.0,0.0,0.0,0.0,-16.080814709583183,8.0523069641826,5.0,0.2777647804120411
1757309071.8873308,0.1291525959968567,0.5422869920730591,4.39723014831543,145.88,2.5105809194433024,-0.043359375000000006,0.0,0.0,0.0,0.0,-16.080814709583183,8.0523069641826,5.0,0.2777647804120411
1757309072.0392437,0.1291525959968567,0.5422869920730591,4.39723014831543,145.88,2.5105809194433024,-0.043359375000000006,0.0,0.0,0.0,0.0,-16.080814709583183,8.0523069641826,5.0,0.2777647804120411
1757309072.1878796,0.1291525959968567,0.5422869920730591,4.39723014831543,145.88,2.5105809194433024,-0.043359375000000006,0.0,0.0,0.0,0.0,-16.080814709583183,8.0523069641826,5.0,0.2777647804120411
1757309072.33811,0.1291525959968567,0.5422869920730591,4.39723014831543,145.88,2.5105809194433024,-0.043359375000000006,0.0,0.0,0.0,0.0,-16.080814709583183,8.0523069641826,5.0,0.2777647804120411
1757309072.4898498,0.001008886843919754,0.745620608329773,3.9912760257720947,145.91,2.5105809194433024,-0.043359375000000006,0.0,0.0,0.0,0.0,-16.080814709583183,8.0523069641826,5.0,0.2777647804120411
1757309072.636145,0.001008886843919754,0.745620608329773,3.9912760257720947,145.91,2.5105809194433024,-0.043359375000000006,0.0,0.0,0.0,0.0,-16.080814709583183,8.0523069641826,5.0,0.2777647804120411
1757309072.7882278,0.001008886843919754,0.745620608329773,3.9912760257720947,145.91,2.5105809194433024,-0.043359375000000006,0.0,0.0,0.0,0.0,-16.080814709583183,8.0523069641826,5.0,0.2777647804120411
1757309072.9380994,0.001008886843919754,0.745620608329773,3.9912760257720947,145.91,2.5105809194433024,-0.043359375000000006,0.0,0.0,0.0,0.0,-16.080814709583183,8.0523069641826,5.0,0.2777647804120411
1757309073.0884743,0.001008886843919754,0.745620608329773,3.9912760257720947,145.91,2.5105809194433024,-0.043359375000000006,0.0,0.0,0.0,0.0,-16.080814709583183,8.0523069641826,5.0,0.2777647804120411
1757309073.2387776,-0.024304144084453583,0.862547755241394,3.5388600826263428,148.92,2.5105809194433024,-0.043359375000000006,0.0,0.0,0.0,0.0,-16.080814709583183,8.0523069641826,5.0,0.2777647804120411
1757309073.390289,-0.024304144084453583,0.862547755241394,3.5388600826263428,148.92,2.5105809194433024,-0.043359375000000006,0.0,0.0,0.0,0.0,-16.080814709583183,8.0523069641826,5.0,0.2777647804120411
1757309073.5375407,-0.024304144084453583,0.862547755241394,3.5388600826263428,148.92,2.5105809194433024,-0.043359375000000006,0.0,0.0,0.0,0.0,-16.080814709583183,8.0523069641826,5.0,0.2777647804120411
1757309073.686891,-0.024304144084453583,0.862547755241394,3.5388600826263428,148.92,2.5105809194433024,-0.043359375000000006,0.0,0.0,0.0,0.0,-16.080814709583183,8.0523069641826,5.0,0.2777647804120411
1757309073.844804,-0.02465256303548813,0.8687748908996582,3.516188383102417,148.92,2.5105809194433024,-0.043359375000000006,0.0,0.0,0.0,0.0,-16.080814709583183,8.0523069641826,5.0,0.2777647804120411
1757309073.9885318,-0.0269121415913105,0.9438822865486145,3.2990920543670654,146.74,2.5105809194433024,-0.043359375000000006,0.0,0.0,0.0,0.0,-16.080814709583183,8.0523069641826,5.0,0.2777647804120411
1757309074.1386044,-0.0269121415913105,0.9438822865486145,3.2990920543670654,146.74,2.5105809194433024,-0.043359375000000006,0.0,0.0,0.0,0.0,-16.080814709583183,8.0523069641826,5.0,0.2777647804120411
1757309074.2867587,-0.0269121415913105,0.9438822865486145,3.2990920543670654,146.74,2.5105809194433024,-0.043359375000000006,0.0,0.0,0.0,0.0,-16.080814709583183,8.0523069641826,5.0,0.2777647804120411
1757309074.4383092,-0.0269121415913105,0.9438822865486145,3.2990920543670654,146.74,2.5105809194433024,-0.043359375000000006,0.0,0.0,0.0,0.0,-16.080814709583183,8.0523069641826,5.0,0.2777647804120411
1757309074.5877068,0.051195621490478516,0.9413914680480957,2.9396462440490723,146.01,2.5105809194433024,-0.043359375000000006,0.0,0.0,0.0,0.0,-16.080814709583183,8.0523069641826,5.0,0.2777647804120411
1757309074.742266,0.051195621490478516,0.9413914680480957,2.9396462440490723,146.01,2.5105809194433024,-0.043359375000000006,0.0,0.0,0.0,0.0,-16.080814709583183,8.0523069641826,5.0,0.2777647804120411
1757309074.8943517,0.051195621490478516,0.9413914680480957,2.9396462440490723,146.01,2.5105809194433024,-0.043359375000000006,0.0,0.0,0.0,0.0,-16.080814709583183,8.0523069641826,5.0,0.2777647804120411
1757309075.0362606,0.051195621490478516,0.9413914680480957,2.9396462440490723,146.01,2.5105809194433024,-0.043359375000000006,0.0,0.0,0.0,0.0,-16.080814709583183,8.0523069641826,5.0,0.2777647804120411
1757309075.1875598,0.051195621490478516,0.9413914680480957,2.9396462440490723,146.01,2.5105809194433024,-0.043359375000000006,0.0,0.0,0.0,0.0,-16.080814709583183,8.0523069641826,5.0,0.2777647804120411
1757309075.3371856,0.07789305597543716,0.8755465745925903,2.430734872817993,149.09,2.5105809194433024,-0.043359375000000006,0.0,0.0,0.0,0.0,-16.080814709583183,8.0523069641826,5.0,0.2777647804120411
1757309075.4893246,0.07789305597543716,0.8755465745925903,2.430734872817993,149.09,2.5105809194433024,-0.043359375000000006,0.0,0.0,0.0,0.0,-16.080814709583183,8.0523069641826,5.0,0.2777647804120411
1757309075.6364613,0.07789305597543716,0.8755465745925903,2.430734872817993,149.09,2.5105809194433024,-0.043359375000000006,0.0,0.0,0.0,0.0,-16.080814709583183,8.0523069641826,5.0,0.2777647804120411
1757309075.7871883,0.07789305597543716,0.8755465745925903,2.430734872817993,149.09,2.5105809194433024,-0.043359375000000006,0.0,0.0,0.0,0.0,-16.080814709583183,8.0523069641826,5.0,0.2777647804120411
1757309075.9362187,0.07789305597543716,0.8755465745925903,2.430734872817993,149.09,2.5105809194433024,-0.043359375000000006,0.0,0.0,0.0,0.0,-16.080814709583183,8.0523069641826,5.0,0.2777647804120411
1757309076.0865355,0.043793369084596634,0.870112955570221,2.0189766883850098,150.07,2.5105809194433024,-0.043359375000000006,0.0,0.0,0.0,0.0,-16.080814709583183,8.0523069641826,5.0,0.2777647804120411
1757309076.2374082,0.043793369084596634,0.870112955570221,2.0189766883850098,150.07,2.5105809194433024,-0.043359375000000006,0.0,0.0,0.0,0.0,-16.080814709583183,8.0523069641826,5.0,0.2777647804120411
1757309076.3909433,0.043793369084596634,0.870112955570221,2.0189766883850098,150.07,2.5105809194433024,-0.043359375000000006,0.0,0.0,0.0,0.0,-16.080814709583183,8.0523069641826,5.0,0.2777647804120411
1757309076.5383065,0.043793369084596634,0.870112955570221,2.0189766883850098,150.07,2.5105809194433024,-0.043359375000000006,0.0,0.0,0.0,0.0,-16.080814709583183,8.0523069641826,5.0,0.2777647804120411
1757309076.689303,0.033813927322626114,0.8721684813499451,1.923174262046814,148.94,2.5105809194433024,-0.043359375000000006,0.0,0.0,0.0,0.0,-16.080814709583183,8.0523069641826,5.0,0.2777647804120411
1757309076.838388,0.05371183156967163,0.8661462664604187,1.6833078861236572,148.26,2.5105809194433024,-0.043359375000000006,0.0,0.0,0.0,0.0,-16.080814709583183,8.0523069641826,5.0,0.2777647804120411
1757309076.9865336,0.05371183156967163,0.8661462664604187,1.6833078861236572,148.26,2.5105809194433024,-0.043359375000000006,0.0,0.0,0.0,0.0,-16.080814709583183,8.0523069641826,5.0,0.2777647804120411
1757309077.1366575,0.05371183156967163,0.8661462664604187,1.6833078861236572,148.26,2.5105809194433024,-0.043359375000000006,0.0,0.0,0.0,0.0,-16.080814709583183,8.0523069641826,5.0,0.2777647804120411
1757309077.2877605,0.05371183156967163,0.8661462664604187,1.6833078861236572,148.26,2.5105809194433024,-0.043359375000000006,0.0,0.0,0.0,0.0,-16.080814709583183,8.0523069641826,5.0,0.2777647804120411
1757309077.440397,0.08393308520317078,0.9437186121940613,1.463178038597107,146.67,2.5105809194433024,-0.043359375000000006,0.0,0.0,0.0,0.0,-16.080814709583183,8.0523069641826,5.0,0.2777647804120411
1757309077.5872576,0.0702744871377945,0.9880064725875854,1.3505380153656006,145.98,2.5105809194433024,-0.043359375000000006,0.0,0.0,0.0,0.0,-16.080814709583183,8.0523069641826,5.0,0.2777647804120411
1757309077.7377548,0.0702744871377945,0.9880064725875854,1.3505380153656006,145.98,2.5105809194433024,-0.043359375000000006,0.0,0.0,0.0,0.0,-16.080814709583183,8.0523069641826,5.0,0.2777647804120411
1757309077.8866458,0.0702744871377945,0.9880064725875854,1.3505380153656006,145.98,2.5105809194433024,-0.043359375000000006,0.0,0.0,0.0,0.0,-16.080814709583183,8.0523069641826,5.0,0.2777647804120411
1757309078.036827,0.0702744871377945,0.9880064725875854,1.3505380153656006,145.98,2.5105809194433024,-0.043359375000000006,0.0,0.0,0.0,0.0,-16.080814709583183,8.0523069641826,5.0,0.2777647804120411
1757309078.1862915,-0.0025157183408737183,1.0564677715301514,1.0274553298950195,143.79,2.5105809194433024,-0.043359375000000006,0.0,0.0,0.0,0.0,-16.080814709583183,8.0523069641826,5.0,0.2777647804120411
1757309078.3374603,-0.0025157183408737183,1.0564677715301514,1.0274553298950195,143.79,2.5105809194433024,-0.043359375000000006,0.0,0.0,0.0,0.0,-16.080814709583183,8.0523069641826,5.0,0.2777647804120411
1757309078.486325,-0.0025157183408737183,1.0564677715301514,1.0274553298950195,143.79,2.5105809194433024,-0.043359375000000006,0.0,0.0,0.0,0.0,-16.080814709583183,8.0523069641826,5.0,0.2777647804120411
1757309078.6363611,-0.0025157183408737183,1.0564677715301514,1.0274553298950195,143.79,2.5105809194433024,-0.043359375000000006,0.0,0.0,0.0,0.0,-16.080814709583183,8.0523069641826,5.0,0.2777647804120411
1757309078.7871413,-0.0025157183408737183,1.0564677715301514,1.0274553298950195,143.79,2.5105809194433024,-0.043359375000000006,0.0,0.0,0.0,0.0,-16.080814709583183,8.0523069641826,5.0,0.2777647804120411
1757309078.9371428,-0.06155528873205185,1.0192182064056396,0.6858335733413696,140.26,2.5105809194433024,-0.043359375000000006,0.0,0.0,0.0,0.0,-16.080814709583183,8.0523069641826,5.0,0.2777647804120411
1757309079.087799,-0.06155528873205185,1.0192182064056396,0.6858335733413696,140.26,2.5105809194433024,-0.043359375000000006,0.0,0.0,0.0,0.0,-16.080814709583183,8.0523069641826,5.0,0.2777647804120411
1757309079.2366576,-0.06155528873205185,1.0192182064056396,0.6858335733413696,140.26,2.5105809194433024,-0.043359375000000006,0.0,0.0,0.0,0.0,-16.080814709583183,8.0523069641826,5.0,0.2777647804120411
1757309079.386329,-0.06155528873205185,1.0192182064056396,0.6858335733413696,140.26,2.5105809194433024,-0.043359375000000006,0.0,0.0,0.0,0.0,-16.080814709583183,8.0523069641826,5.0,0.2777647804120411
1757309079.5400488,-0.04914245381951332,1.0022215843200684,0.6939030289649963,139.56,2.5105809194433024,-0.043359375000000006,0.0,0.0,0.0,0.0,-16.080814709583183,8.0523069641826,5.0,0.2777647804120411
1757309079.6880066,-0.04644118994474411,0.9990954995155334,0.6965612769126892,139.56,2.5105809194433024,-0.043359375000000006,0.0,0.0,0.0,0.0,-16.080814709583183,8.0523069641826,5.0,0.2777647804120411
1757309079.837672,-0.04644118994474411,0.9990954995155334,0.6965612769126892,139.56,2.5105809194433024,-0.043359375000000006,0.0,0.0,0.0,0.0,-16.080814709583183,8.0523069641826,5.0,0.2777647804120411
1757309079.9873397,-0.04644118994474411,0.9990954995155334,0.6965612769126892,139.56,2.5105809194433024,-0.043359375000000006,0.0,0.0,0.0,0.0,-16.080814709583183,8.0523069641826,5.0,0.2777647804120411
1757309080.1382926,-0.04644118994474411,0.9990954995155334,0.6965612769126892,139.56,2.5105809194433024,-0.043359375000000006,0.0,0.0,0.0,0.0,-16.080814709583183,8.0523069641826,5.0,0.2777647804120411
1757309080.2871056,-0.046697162091732025,1.0181962251663208,0.6643754839897156,139.51,2.5105809194433024,-0.043359375000000006,0.0,0.0,0.0,0.0,-16.080814709583183,8.0523069641826,5.0,0.2777647804120411
1757309080.4408686,-0.046697162091732025,1.0181962251663208,0.6643754839897156,139.51,2.5105809194433024,-0.043359375000000006,0.0,0.0,0.0,0.0,-16.080814709583183,8.0523069641826,5.0,0.2777647804120411
1757309080.5872114,-0.046697162091732025,1.0181962251663208,0.6643754839897156,139.51,2.5105809194433024,-0.043359375000000006,0.0,0.0,0.0,0.0,-16.080814709583183,8.0523069641826,5.0,0.2777647804120411
1757309080.7365465,-0.046697162091732025,1.0181962251663208,0.6643754839897156,139.51,2.5105809194433024,-0.043359375000000006,0.0,0.0,0.0,0.0,-16.080814709583183,8.0523069641826,5.0,0.2777647804120411
1757309080.8918655,-0.046697162091732025,1.0181962251663208,0.6643754839897156,139.51,2.5105809194433024,-0.043359375000000006,0.0,0.0,0.0,0.0,-16.080814709583183,8.0523069641826,5.0,0.2777647804120411
1757309081.037829,-0.047570206224918365,1.0500966310501099,0.6343716382980347,139.51,2.5105809194433024,-0.043359375000000006,0.0,0.0,0.0,0.0,-16.080814709583183,8.0523069641826,5.0,0.2777647804120411
1757309081.1952312,-0.047570206224918365,1.0500966310501099,0.6343716382980347,139.51,2.5105809194433024,-0.043359375000000006,0.0,0.0,0.0,0.0,-16.080814709583183,8.0523069641826,5.0,0.2777647804120411
1757309081.3367703,-0.047570206224918365,1.0500966310501099,0.6343716382980347,139.51,2.5105809194433024,-0.043359375000000006,0.0,0.0,0.0,0.0,-16.080814709583183,8.0523069641826,5.0,0.2777647804120411
1757309081.4859955,-0.047570206224918365,1.0500966310501099,0.6343716382980347,139.51,2.5105809194433024,-0.043359375000000006,0.0,0.0,0.0,0.0,-16.080814709583183,8.0523069641826,5.0,0.2777647804120411
1757309081.6471448,-0.047570206224918365,1.0500966310501099,0.6343716382980347,139.51,2.5105809194433024,-0.043359375000000006,0.0,0.0,0.0,0.0,-16.080814709583183,8.0523069641826,5.0,0.2777647804120411
1757309081.7880404,-0.05688197910785675,1.0884435176849365,0.5999719500541687,139.75,2.5105809194433024,-0.043359375000000006,0.0,0.0,0.0,0.0,-16.080814709583183,8.0523069641826,5.0,0.2777647804120411
1757309081.9368725,-0.05688197910785675,1.0884435176849365,0.5999719500541687,139.75,2.5105809194433024,-0.043359375000000006,0.0,0.0,0.0,0.0,-16.080814709583183,8.0523069641826,5.0,0.2777647804120411
1757309082.0876117,-0.05688197910785675,1.0884435176849365,0.5999719500541687,139.75,2.5105809194433024,-0.043359375000000006,0.0,0.0,0.0,0.0,-16.080814709583183,8.0523069641826,5.0,0.2777647804120411
1757309082.2370732,-0.05688197910785675,1.0884435176849365,0.5999719500541687,139.75,2.5105809194433024,-0.043359375000000006,0.0,0.0,0.0,0.0,-16.080814709583183,8.0523069641826,5.0,0.2777647804120411
1757309082.3968432,-0.060229022055864334,1.0960638523101807,0.5948464870452881,139.81,2.5105809194433024,-0.043359375000000006,0.0,0.0,0.0,0.0,-16.080814709583183,8.0523069641826,5.0,0.2777647804120411
1757309082.5365589,-0.06458736211061478,1.1114225387573242,0.5701917409896851,139.92,2.5105809194433024,-0.043359375000000006,0.0,0.0,0.0,0.0,-16.080814709583183,8.0523069641826,5.0,0.2777647804120411
1757309082.6887279,-0.06458736211061478,1.1114225387573242,0.5701917409896851,139.92,2.5105809194433024,-0.043359375000000006,0.0,0.0,0.0,0.0,-16.080814709583183,8.0523069641826,5.0,0.2777647804120411
1757309082.8364809,-0.06458736211061478,1.1114225387573242,0.5701917409896851,139.92,2.5105809194433024,-0.043359375000000006,0.0,0.0,0.0,0.0,-16.080814709583183,8.0523069641826,5.0,0.2777647804120411
1757309082.9865093,-0.06458736211061478,1.1114225387573242,0.5701917409896851,139.92,2.5105809194433024,-0.043359375000000006,0.0,0.0,0.0,0.0,-16.080814709583183,8.0523069641826,5.0,0.2777647804120411
1757309083.1364608,-0.07029840350151062,1.1479377746582031,0.5538951754570007,140.12,2.5105809194433024,-0.043359375000000006,0.0,0.0,0.0,0.0,-16.080814709583183,8.0523069641826,5.0,0.2777647804120411
1757309083.2866817,-0.07029840350151062,1.1479377746582031,0.5538951754570007,140.12,2.5105809194433024,-0.043359375000000006,0.0,0.0,0.0,0.0,-16.080814709583183,8.0523069641826,5.0,0.2777647804120411
1757309083.4377441,-0.07029840350151062,1.1479377746582031,0.5538951754570007,140.12,2.5105809194433024,-0.043359375000000006,0.0,0.0,0.0,0.0,-16.080814709583183,8.0523069641826,5.0,0.2777647804120411
1757309083.5869954,-0.07029840350151062,1.1479377746582031,0.5538951754570007,140.12,2.5105809194433024,-0.043359375000000006,0.0,0.0,0.0,0.0,-16.080814709583183,8.0523069641826,5.0,0.2777647804120411
1757309083.7389405,-0.07029840350151062,1.1479377746582031,0.5538951754570007,140.12,2.5105809194433024,-0.043359375000000006,0.0,0.0,0.0,0.0,-16.080814709583183,8.0523069641826,5.0,0.2777647804120411
1757309083.8859305,-0.07055492699146271,1.1726576089859009,0.5467418432235718,140.33,2.5105809194433024,-0.043359375000000006,0.0,0.0,0.0,0.0,-16.080814709583183,8.0523069641826,5.0,0.2777647804120411
1757309084.0371838,-0.07055492699146271,1.1726576089859009,0.5467418432235718,140.33,2.5105809194433024,-0.043359375000000006,0.0,0.0,0.0,0.0,-16.080814709583183,8.0523069641826,5.0,0.2777647804120411
1757309084.1870432,-0.07055492699146271,1.1726576089859009,0.5467418432235718,140.33,2.5105809194433024,-0.043359375000000006,0.0,0.0,0.0,0.0,-16.080814709583183,8.0523069641826,5.0,0.2777647804120411
1757309084.3361583,-0.07055492699146271,1.1726576089859009,0.5467418432235718,140.33,2.5105809194433024,-0.043359375000000006,0.0,0.0,0.0,0.0,-16.080814709583183,8.0523069641826,5.0,0.2777647804120411
1757309084.4876566,-0.07038841396570206,1.1764707565307617,0.5480031371116638,140.39,2.5105809194433024,-0.043359375000000006,0.0,0.0,0.0,0.0,-16.080814709583183,8.0523069641826,5.0,0.2777647804120411
1757309084.6378186,-0.07445628941059113,1.1965020895004272,0.5341199636459351,140.54,2.5105809194433024,-0.043359375000000006,0.0,0.0,0.0,0.0,-16.080814709583183,8.0523069641826,5.0,0.2777647804120411
1757309084.7877436,-0.07445628941059113,1.1965020895004272,0.5341199636459351,140.54,2.5105809194433024,-0.043359375000000006,0.0,0.0,0.0,0.0,-16.080814709583183,8.0523069641826,5.0,0.2777647804120411
1757309084.937206,-0.07445628941059113,1.1965020895004272,0.5341199636459351,140.54,2.5105809194433024,-0.043359375000000006,0.0,0.0,0.0,0.0,-16.080814709583183,8.0523069641826,5.0,0.2777647804120411
1757309085.086476,-0.07445628941059113,1.1965020895004272,0.5341199636459351,140.54,2.5105809194433024,-0.043359375000000006,0.0,0.0,0.0,0.0,-16.080814709583183,8.0523069641826,5.0,0.2777647804120411
1757309085.2444477,-0.08905521035194397,1.2050182819366455,0.5157591104507446,140.72,2.5105809194433024,-0.043359375000000006,0.0,0.0,0.0,0.0,-16.080814709583183,8.0523069641826,5.0,0.2777647804120411
1757309085.386285,-0.0922437533736229,1.2073643207550049,0.511634111404419,140.75,2.5105809194433024,-0.043359375000000006,0.0,0.0,0.0,0.0,-16.080814709583183,8.0523069641826,5.0,0.2777647804120411
1757309085.536433,-0.0922437533736229,1.2073643207550049,0.511634111404419,140.75,2.5105809194433024,-0.043359375000000006,0.0,0.0,0.0,0.0,-16.080814709583183,8.0523069641826,5.0,0.2777647804120411
1757309085.686885,-0.0922437533736229,1.2073643207550049,0.511634111404419,140.75,2.5105809194433024,-0.043359375000000006,0.0,0.0,0.0,0.0,-16.080814709583183,8.0523069641826,5.0,0.2777647804120411
